Modality,Importance
Expression,0.04970636180464855
Mutation,0.0013360352121775231
CRISPR,0.03264480330809534
