Feature,MI
EXP_CTDNEP1 (23399),0.17698992106362876
EXP_SCYL1 (57410),0.17615330313530908
EXP_CTSZ (1522),0.1757721620773438
EXP_MAP2K6 (5608),0.17563031055661238
EXP_TTC4 (7268),0.17504964654725086
EXP_C2orf68 (388969),0.17502008409903347
EXP_CD79B (974),0.1747985302945425
EXP_FADS3 (3995),0.17473719609037985
EXP_HADHA (3030),0.17469659415154748
EXP_TNFSF12 (8742),0.17464302031102008
EXP_WASHC2C (253725),0.17460281007702783
EXP_ENO2 (2026),0.1744841799914152
EXP_IFIT2 (3433),0.17401917473686623
EXP_ABHD4 (63874),0.17401427504139466
EXP_USP1 (7398),0.17378352731215507
EXP_VEGFC (7424),0.17367252713170434
EXP_NFKB1 (4790),0.17351094533618738
EXP_F2R (2149),0.17350195555681758
EXP_ASIC1 (41),0.17347278896632723
EXP_PTGES (9536),0.17341950141590257
EXP_NADK2 (133686),0.17337468614992702
EXP_MEA1 (4201),0.17332866948593573
EXP_RALGDS (5900),0.173308447122003
EXP_UNC119 (9094),0.17329594861976716
EXP_C9orf72 (203228),0.1731491176450639
EXP_SLC22A14 (9389),0.1731489153373138
EXP_RIN2 (54453),0.17312657092337957
EXP_TAGLN3 (29114),0.17309147255845403
EXP_ZDHHC17 (23390),0.17305304244844422
EXP_TBL1XR1 (79718),0.17301383714893603
EXP_CAMK2N2 (94032),0.17300510211134768
EXP_FAM53B (9679),0.17289967015946406
EXP_TGFBI (7045),0.17288658629790632
EXP_MOCS3 (27304),0.17287129728405404
EXP_CRCP (27297),0.17285077283587924
EXP_ZNF394 (84124),0.17281879448915838
EXP_MAP1LC3B (81631),0.17280636116474568
EXP_CCNT2 (905),0.17279843057593514
EXP_NSMF (26012),0.17275806239186942
EXP_KHK (3795),0.17268167836728843
EXP_VAC14 (55697),0.17266905839647784
EXP_WDR43 (23160),0.17266268676573304
EXP_PPCDC (60490),0.17265126104379735
EXP_TMPRSS3 (64699),0.1726261287906219
EXP_PPP6R2 (9701),0.17253279947753075
EXP_GK5 (256356),0.1725310727528102
EXP_TADA3 (10474),0.17253091426041678
EXP_DDX50 (79009),0.17252910358213036
EXP_SAYSD1 (55776),0.17244338955162952
EXP_ROM1 (6094),0.17244170310042328
EXP_HHIP (64399),0.1724386097080579
EXP_MICAL1 (64780),0.17239775820940562
EXP_ACTR5 (79913),0.1723608257095668
EXP_PRPF3 (9129),0.1723523111139622
EXP_PICALM (8301),0.17233314230662966
EXP_AOX1 (316),0.17231068467337085
EXP_CASP10 (843),0.1723076402857311
EXP_GOSR2 (9570),0.1722962479785375
EXP_NPEPL1 (79716),0.1722903348507403
EXP_ZNF480 (147657),0.17228082006455114
EXP_SLC37A1 (54020),0.1722556810164244
EXP_POGK (57645),0.1722512948681123
EXP_NMB (4828),0.17225033843292703
EXP_MAP3K4 (4216),0.17224753787766112
EXP_CCT6B (10693),0.1722408288766406
EXP_ANKRD39 (51239),0.17224059781541445
EXP_ZNF12 (7559),0.17222321664565143
EXP_LRIF1 (55791),0.1722139511301135
EXP_BMPR2 (659),0.1722038193761959
EXP_PKD2L2 (27039),0.17217519132530068
EXP_LURAP1 (541468),0.17217096251648023
EXP_SPTBN4 (57731),0.17216812999008457
EXP_TMA16 (55319),0.17214575166782176
EXP_MCRS1 (10445),0.17212087349673144
EXP_ZMYM5 (9205),0.172074389850299
EXP_LETM1 (3954),0.17205841445725945
EXP_VPS41 (27072),0.17199834374709955
EXP_CLEC2B (9976),0.1719804083136376
EXP_MZF1 (7593),0.1719697134276874
EXP_HMGXB3 (22993),0.17196968582612193
EXP_GCA (25801),0.17195721218043492
EXP_SORD (6652),0.17193496798010877
EXP_ROBO1 (6091),0.17191488187597326
EXP_JAG1 (182),0.17191251271983443
EXP_SF3B5 (83443),0.1719081697633822
EXP_DNAJC3 (5611),0.17190794465961812
EXP_NELFB (25920),0.1719009621140284
EXP_UST (10090),0.17189703315232485
EXP_PRRC2A (7916),0.17189478496573773
EXP_PPP1R15A (23645),0.1718934573002988
EXP_VPS72 (6944),0.17187677125246115
EXP_PPP1R13B (23368),0.1718716107761029
EXP_PPIG (9360),0.17186041890607662
EXP_IL12A (3592),0.17185593436922098
EXP_COL6A1 (1291),0.1718368316017278
EXP_GTF2IRD2B (389524),0.171835666537695
EXP_RHPN2 (85415),0.1718299864599908
EXP_CHST12 (55501),0.17180891813905674
EXP_POMGNT2 (84892),0.17180519081260837
EXP_MOSPD3 (64598),0.17179152694246813
EXP_GID4 (79018),0.17179040443523697
EXP_AOC3 (8639),0.17177707197264258
EXP_COMMD2 (51122),0.17176977125605486
EXP_FURIN (5045),0.17176725231197754
EXP_SLC44A1 (23446),0.17176112318310466
EXP_MICU1 (10367),0.17175200988293415
EXP_EFHD2 (79180),0.1717433039485199
EXP_TMED4 (222068),0.1717395105406876
EXP_CCDC18 (343099),0.17172190145450372
EXP_REXO5 (81691),0.17172128048620383
EXP_DHTKD1 (55526),0.1716998776134533
EXP_CNIH3 (149111),0.1716475581819754
EXP_FGD4 (121512),0.17164688824077512
EXP_BPNT2 (54928),0.17163509946013633
EXP_TCP1 (6950),0.1716208470545384
EXP_IDE (3416),0.17161936817254375
EXP_CHCHD5 (84269),0.1716163543475071
EXP_BBS7 (55212),0.17160940424176818
EXP_NCALD (83988),0.17160603679918118
EXP_STARD4 (134429),0.171597598967705
EXP_CUL1 (8454),0.1715661384909124
EXP_RNF139 (11236),0.17156560336559767
EXP_CNNM2 (54805),0.17156483987885096
EXP_PNPLA4 (8228),0.1715549247356556
EXP_DSC2 (1824),0.17154863235590234
EXP_JAK2 (3717),0.17153015099703683
EXP_MTRFR (91574),0.17150437147886688
EXP_TNFRSF21 (27242),0.17150225363727412
EXP_ADM5 (199800),0.17149149329218982
EXP_IFT20 (90410),0.17148433271838126
EXP_ZNG1E (220869),0.17147852855557222
EXP_ANKRD1 (27063),0.17147603570079273
EXP_FGD6 (55785),0.17147254661129008
EXP_TADA1 (117143),0.17145424433891154
EXP_PARP9 (83666),0.17139297638392392
EXP_WDR97 (340390),0.17138622684217086
EXP_NUDC (10726),0.17135758315829097
EXP_BOC (91653),0.17134545374606258
EXP_DPH2 (1802),0.1713193045456114
EXP_TRAPPC4 (51399),0.17130990099351084
EXP_BCAS1 (8537),0.17130556408489994
EXP_FBXW11 (23291),0.17130137330730655
EXP_ATIC (471),0.17129294905529768
EXP_RBM47 (54502),0.17128295162674156
EXP_RAB38 (23682),0.1712820428321189
EXP_BUD23 (114049),0.17126407573255786
EXP_RBFA (79863),0.1712552816041848
EXP_UBLCP1 (134510),0.17125242196276513
EXP_SEMA6B (10501),0.17124774063739245
EXP_BAIAP2L1 (55971),0.1712459197117795
EXP_TMEM69 (51249),0.17124505127767709
EXP_CUTC (51076),0.1712323269045566
EXP_TYMS (7298),0.17122196056911587
EXP_ACD (65057),0.17122058239026394
EXP_TATDN1 (83940),0.17121610477530247
EXP_LRRC3 (81543),0.17121110304737908
EXP_PAXBP1 (94104),0.17120358862584162
EXP_DISC1 (27185),0.17118440312961525
EXP_PIGM (93183),0.17116909894958976
EXP_RAB5B (5869),0.17115950825214288
EXP_HPCA (3208),0.1711500629216136
EXP_CCNB3 (85417),0.1711365364477775
EXP_STXBP5 (134957),0.17113298564328794
EXP_AKT1 (207),0.17113212045658166
EXP_CACTIN (58509),0.17112853049300725
EXP_CD14 (929),0.17111660311286592
EXP_SLC52A3 (113278),0.17111246449475814
EXP_DIABLO (56616),0.17111053464012205
EXP_EVPL (2125),0.171107649251808
EXP_RASEF (158158),0.17110666921731532
EXP_LRIG3 (121227),0.17110611572385448
EXP_EVA1C (59271),0.17110183789179967
EXP_ADO (84890),0.17110082152714323
EXP_WTAP (9589),0.17109547947264403
EXP_LSM4 (25804),0.17108109104976776
EXP_CCND1 (595),0.17107649781855727
EXP_LRRC40 (55631),0.1710755064441125
EXP_NDOR1 (27158),0.1710749278262007
EXP_KRT16 (3868),0.17106255041377683
EXP_GATAD2B (57459),0.17106091350904862
EXP_MED10 (84246),0.171057712438067
EXP_DCAF4 (26094),0.17104500098842568
EXP_MEX3D (399664),0.17103722515252517
EXP_NR1D2 (9975),0.17103716265240365
EXP_SOWAHC (65124),0.17103225379054
EXP_DNAAF19 (388389),0.17102608897329574
EXP_ABHD17C (58489),0.1710222369287937
EXP_SRGAP1 (57522),0.17102205589487873
EXP_SLC26A9 (115019),0.17101338605250938
EXP_FCHSD2 (9873),0.17100910136232184
EXP_PRMT9 (90826),0.1710085758349713
EXP_ATP9A (10079),0.17100427139873275
EXP_SMIM20 (389203),0.17100197384239113
EXP_DGLUCY (80017),0.1709898098251461
EXP_TNFRSF1B (7133),0.1709862424370625
EXP_SULF2 (55959),0.17098083342664605
EXP_CD34 (947),0.17097772365277297
EXP_USP40 (55230),0.17097338304647813
EXP_ILRUN (64771),0.17095979052310462
EXP_TCF20 (6942),0.1709586629898876
EXP_CRIM1 (51232),0.17095398938265305
EXP_IPO13 (9670),0.1709526817279663
EXP_LGALS8 (3964),0.17093937396876857
EXP_NAP1L4 (4676),0.17093912822379043
EXP_ZMYND15 (84225),0.17093043218204151
EXP_ZFP3 (124961),0.17092857699219532
EXP_LDAF1 (57146),0.1709265325008973
EXP_ARMH3 (79591),0.17091988174103445
EXP_RANBP3 (8498),0.17091475022462888
EXP_TMEM134 (80194),0.17091412569225195
EXP_DCUN1D2 (55208),0.17090942995668978
EXP_URGCP (55665),0.1709063784657312
EXP_KAT14 (57325),0.17090559618615586
EXP_RHOBTB1 (9886),0.17089880622336917
EXP_NSDHL (50814),0.17089679362932042
EXP_PLCE1 (51196),0.17089662265676253
EXP_UBE2L5 (171222),0.17089612883008254
EXP_BLTP3B (23074),0.170893460050749
EXP_MAP3K21 (84451),0.17089229757439828
EXP_PTPN3 (5774),0.17088659356663438
EXP_ASF1A (25842),0.17088121866137929
EXP_CDC42SE2 (56990),0.1708798160224374
EXP_PIGZ (80235),0.1708796384401765
EXP_MNT (4335),0.1708782935421791
EXP_PEAK1 (79834),0.17087390769350375
EXP_TMOD3 (29766),0.17087266137917556
EXP_CHKA (1119),0.17087046535022488
EXP_DHX9 (1660),0.1708645689544701
EXP_CCSAP (126731),0.17086195755601974
EXP_SLC18B1 (116843),0.17085676077904655
EXP_SGMS2 (166929),0.17084271182668953
EXP_PSMG2 (56984),0.17083817174691074
EXP_BYSL (705),0.1708358572771198
EXP_CYP26A1 (1592),0.17083463307525282
EXP_DNAJC5 (80331),0.17082841163451778
EXP_MECR (51102),0.17082624396267576
EXP_EFNA4 (1945),0.17082062983832902
EXP_GATA2 (2624),0.17081459404495636
EXP_KIZ (55857),0.17081109985529874
EXP_RND2 (8153),0.17080961910056125
EXP_SLC35F5 (80255),0.1708081735850051
EXP_RNF122 (79845),0.17080512920180269
EXP_ARHGEF19 (128272),0.17079755783160167
EXP_ISCA1 (81689),0.17079421166746567
EXP_EIF2B3 (8891),0.17079343877862652
EXP_SOX6 (55553),0.17076225962392133
EXP_PLEKHB1 (58473),0.17076146858919916
EXP_FUOM (282969),0.170759014701642
EXP_XXYLT1 (152002),0.17075363244903574
EXP_EYA3 (2140),0.1707522846994003
EXP_RASAL1 (8437),0.17075151812131395
EXP_SLC25A13 (10165),0.1707470181560513
EXP_ZNF488 (118738),0.17074514582753153
EXP_APOL3 (80833),0.1707280595174261
EXP_EML3 (256364),0.17072239896578978
EXP_ATPSCKMT (134145),0.17071807427921915
EXP_CLDND1 (56650),0.17071621363288525
EXP_PEDS1 (387521),0.170713795611257
EXP_CEP95 (90799),0.1707002508792268
EXP_PDE10A (10846),0.170699712458938
EXP_U2AF1 (7307),0.17069954336962034
EXP_DR1 (1810),0.1706954785010133
EXP_FLYWCH2 (114984),0.1706919063625323
EXP_BCAP29 (55973),0.17067747799536903
EXP_MAPKAPK3 (7867),0.17067273459754517
EXP_MRPS27 (23107),0.17066864093660783
EXP_ARRB1 (408),0.1706639436122126
EXP_PIP5K1C (23396),0.1706602488158353
EXP_TCTN3 (26123),0.17065766107738334
EXP_IGF1R (3480),0.1706568002772988
EXP_ABI1 (10006),0.17064926082674514
EXP_COX4I1 (1327),0.170641272858159
EXP_ANXA6 (309),0.1706300440611228
EXP_SELPLG (6404),0.17062213492616607
EXP_FLOT1 (10211),0.17061058386857653
EXP_CGAS (115004),0.17060188409282162
EXP_B3GNTL1 (146712),0.17060143495227376
EXP_ALG11 (440138),0.1705975314834216
EXP_TESK2 (10420),0.17059701616384615
EXP_CUL2 (8453),0.1705955167862241
EXP_CRACD (57482),0.17059395088392204
EXP_PCBP1 (5093),0.1705890243863566
EXP_SCG2 (7857),0.1705805941409011
EXP_TRIM25 (7706),0.1705731428380135
EXP_LRCH1 (23143),0.17057043140460948
EXP_DNAJC13 (23317),0.1705702925133643
EXP_SLC31A1 (1317),0.1705694575153025
EXP_PKDREJ (10343),0.17055495966194023
EXP_DHX33 (56919),0.17054800064904452
EXP_ATP7A (538),0.17054525120155262
EXP_CD37 (951),0.17053593433332637
EXP_CUL3 (8452),0.17052155388897727
EXP_HID1 (283987),0.17050256555097043
EXP_NUP188 (23511),0.17049848268414358
EXP_ARHGAP45 (23526),0.17049612524436153
EXP_CAMLG (819),0.17049545762517937
EXP_H3C2 (8358),0.1704941713693202
EXP_DENND4A (10260),0.17048436499979758
EXP_TMEM35B (100506144),0.17048316844393785
EXP_POLA1 (5422),0.17048107291978187
EXP_CREB1 (1385),0.1704694368721018
EXP_HCN3 (57657),0.1704642597098207
EXP_DCLRE1C (64421),0.17046381830059065
EXP_MED15 (51586),0.17046111584240453
EXP_KIF5A (3798),0.1704446539037212
EXP_DNAJC25 (548645),0.17044420192807852
EXP_APOL2 (23780),0.1704439125585937
EXP_MYH11 (4629),0.17043442152123678
EXP_LAPTM4A (9741),0.17042619484476962
EXP_RAB3GAP1 (22930),0.17040817113010664
EXP_TCEA2 (6919),0.17040394118396218
EXP_RASSF8 (11228),0.17040360846714186
EXP_LIG1 (3978),0.17040355866349355
EXP_MTFMT (123263),0.17039855391871228
EXP_SEC16A (9919),0.17039190478713984
EXP_CDC16 (8881),0.17039187187091276
EXP_INPP5E (56623),0.17038805867049422
EXP_RBM43 (375287),0.17038570642570594
EXP_CORO6 (84940),0.17038510455835
EXP_UBXN1 (51035),0.17038082390580112
EXP_MIER3 (166968),0.17037743920455206
EXP_TRIM29 (23650),0.17037733963079482
EXP_NFE2L2 (4780),0.17037183726482397
EXP_PHPT1 (29085),0.1703701468828802
EXP_SLC16A14 (151473),0.1703679075150175
EXP_RPS3A (6189),0.17036706612835495
EXP_KIAA0040 (9674),0.17036523393975944
EXP_RBM27 (54439),0.17035658895454997
EXP_MGAT2 (4247),0.17035631596136636
EXP_ZFYVE9 (9372),0.17035197580694206
EXP_POC1B (282809),0.17034559155518814
EXP_TMEM221 (100130519),0.17034263214816203
EXP_OSCP1 (127700),0.170338164559511
EXP_CABLES1 (91768),0.17033722386440342
EXP_PIGN (23556),0.17033353825447062
EXP_SSC4D (136853),0.17033286787999824
EXP_PLPP3 (8613),0.1703323091421165
EXP_SOX7 (83595),0.17032677283302977
EXP_RPGR (6103),0.1703167065093858
EXP_PROCR (10544),0.1703118317491743
EXP_PRKD2 (25865),0.1702841681828824
EXP_POLE4 (56655),0.17028226300490967
EXP_EEF2K (29904),0.1702810054226367
EXP_ATP6V1E1 (529),0.1702764963322494
EXP_ACOT4 (122970),0.17027345751495915
EXP_CLIC1 (1192),0.1702666126114405
EXP_ZNF827 (152485),0.17026253379801748
EXP_ZNF395 (55893),0.17025959788874268
EXP_NT5E (4907),0.17024494546813962
EXP_LMNA (4000),0.17023992737061278
EXP_NKIRAS1 (28512),0.17023818049181028
EXP_PLXNA2 (5362),0.17023117064740312
EXP_CARM1 (10498),0.17021975770725728
EXP_POLR3D (661),0.17021793600124724
EXP_ASPH (444),0.1702175890751425
EXP_ECT2L (345930),0.17021150196656265
EXP_ALDH1B1 (219),0.17020812816473896
EXP_TPCN1 (53373),0.17020206646835323
EXP_TMEM184A (202915),0.17020117886082176
EXP_ACSL4 (2182),0.17019741537380106
EXP_CEP164 (22897),0.17018290937062286
EXP_ACAP2 (23527),0.1701814062188749
EXP_ESAM (90952),0.17017450409286639
EXP_NOB1 (28987),0.17016491130991085
EXP_ZNF557 (79230),0.17016024548130737
EXP_SPRED2 (200734),0.17015929989004341
EXP_PIP4P2 (55529),0.17014967230572786
EXP_PRRT1 (80863),0.17014815277771866
EXP_VAMP2 (6844),0.17014764490966972
EXP_ADI1 (55256),0.17012885205405492
EXP_PCYT1A (5130),0.17012661805931995
EXP_KIF18B (146909),0.17012027152364695
EXP_CHPT1 (56994),0.17011418563294534
EXP_RPRD2 (23248),0.17011152104492666
EXP_PTCD2 (79810),0.17010520146972663
EXP_BRF1 (2972),0.17008929046156673
EXP_ZNF263 (10127),0.17008727077566466
EXP_CPSF2 (53981),0.17008499003388078
EXP_SLC35A5 (55032),0.1700795388035301
EXP_WNT11 (7481),0.1700736107269103
EXP_LAGE3 (8270),0.1700733053291028
EXP_FAM83A (84985),0.1700678132884299
EXP_NGRN (51335),0.17006776784749356
EXP_MOB4 (25843),0.1700604913582504
EXP_GPRC5D (55507),0.1700578098554697
EXP_LAMTOR1 (55004),0.17005761484839788
EXP_BACC1 (124944),0.17005070470791228
EXP_ZNF587B (100293516),0.1700448939181145
EXP_CDKL3 (51265),0.17004457111242566
EXP_SNRPD2 (6633),0.17003600821624953
EXP_FMOD (2331),0.17003404684392986
EXP_MAPK8IP3 (23162),0.17002697586941906
EXP_IGSF9B (22997),0.1700235007675115
EXP_MAST2 (23139),0.1700194140545559
EXP_RHPN1 (114822),0.1700091967860562
EXP_SBNO1 (55206),0.17000828992477146
EXP_DENND1B (163486),0.17000683469149713
EXP_SLC30A7 (148867),0.17000621217480916
EXP_VPS26C (10311),0.17000601138235538
EXP_SERINC1 (57515),0.17000554809396906
EXP_BDKRB2 (624),0.17000361008674503
EXP_FBP1 (2203),0.17000278279494196
EXP_PRRC1 (133619),0.169972383127865
EXP_RBM38 (55544),0.16995692099911786
EXP_UBALD1 (124402),0.16995183174665218
EXP_TIMP4 (7079),0.1699513095475309
EXP_ACY3 (91703),0.16994863351548162
EXP_SNRPF (6636),0.16994749611229487
EXP_TCOF1 (6949),0.1699357631425631
EXP_SETDB2 (83852),0.16993432776483797
EXP_MST1 (4485),0.16992705486796744
EXP_DCP1A (55802),0.16991782644602882
EXP_BCL7A (605),0.1699094174334821
EXP_SLC39A11 (201266),0.16990504386571548
EXP_GTF3A (2971),0.16989926576743297
EXP_CIZ1 (25792),0.16989729429896983
EXP_CDK2AP1 (8099),0.1698931534068162
EXP_CD53 (963),0.1698925236867046
EXP_KCNMA1 (3778),0.16989203675942033
EXP_PPP2R5B (5526),0.1698870047054566
EXP_PIGV (55650),0.16988662208477923
EXP_TUG1 (55000),0.1698827498097435
EXP_TRA2A (29896),0.1698770414476325
EXP_FMN1 (342184),0.169872575344292
EXP_GDA (9615),0.169870157751717
EXP_ITGB1BP2 (26548),0.1698578116566507
EXP_PIP5K1A (8394),0.16985620361379183
EXP_MVD (4597),0.16985603157123563
EXP_TBCD (6904),0.16984832049254805
EXP_MBD6 (114785),0.16984677892067612
EXP_CHLSN (84310),0.16984638644222727
EXP_ZSWIM4 (65249),0.1698402453275305
EXP_TSPAN14 (81619),0.1698391869017959
EXP_NEK7 (140609),0.16983155343849443
EXP_HIF1A (3091),0.1698259785282481
EXP_MTERF4 (130916),0.16982149636617994
EXP_TRMT10C (54931),0.16981404631302421
EXP_PROX2 (283571),0.16981309277157752
EXP_SLC49A4 (84925),0.16980888405899996
EXP_SIL1 (64374),0.1698056779087178
EXP_MBD5 (55777),0.16980440675334751
EXP_FNDC11 (79025),0.16980013529904792
EXP_FRAT2 (23401),0.16979909691448647
EXP_HES1 (3280),0.1697979509779799
EXP_CALM1 (801),0.1697913067136767
EXP_PLEKHH1 (57475),0.16978958026882918
EXP_YIF1A (10897),0.16978453653999548
EXP_TPGS1 (91978),0.16977024472634472
EXP_GPR3 (2827),0.16976990828099936
EXP_MLLT1 (4298),0.16976835321109895
EXP_METTL26 (84326),0.16976743399091632
EXP_DENR (8562),0.1697671041620925
EXP_FTSJ3 (117246),0.16976645413237534
EXP_DHX29 (54505),0.16976488562476977
EXP_BCLAF3 (256643),0.16976169965246157
EXP_PTPN7 (5778),0.16976085935022578
EXP_BET1 (10282),0.16975798563411626
EXP_NOTCH1 (4851),0.16975549359751518
EXP_DOT1L (84444),0.16974546442666671
EXP_FAM83F (113828),0.16974167578513466
EXP_SH3TC2 (79628),0.16973882140738006
EXP_LIF (3976),0.16973744006682967
EXP_ENTPD6 (955),0.1697373515128353
EXP_BLZF1 (8548),0.1697260951830586
EXP_SLC25A32 (81034),0.16972548805069376
EXP_LYPD6 (130574),0.16972054000898318
EXP_FANCD2OS (115795),0.16971939925746682
EXP_POLE3 (54107),0.16971771164853955
EXP_PMAIP1 (5366),0.1697172157940665
EXP_ZNF75A (7627),0.16971539305958494
EXP_EIF2S2 (8894),0.1697067103278398
EXP_CD160 (11126),0.16970306925652867
EXP_RNF215 (200312),0.1697018778041013
EXP_LAP3 (51056),0.16969905845639932
EXP_TPM4 (7171),0.16968977814398922
EXP_VTA1 (51534),0.169686599651933
EXP_MSANTD2 (79684),0.16967787048185645
EXP_MEAF6 (64769),0.1696761938301421
EXP_KMT5A (387893),0.1696677357734906
EXP_LYPD3 (27076),0.16966457579609795
EXP_PWWP2B (170394),0.16966409510562475
EXP_DOK4 (55715),0.16966228525333715
EXP_RAD9B (144715),0.16966038348931622
EXP_PARD3B (117583),0.16965810263940373
EXP_WDR46 (9277),0.16965771150604603
EXP_ZNF276 (92822),0.1696517656150407
EXP_CCDC88C (440193),0.1696499260743991
EXP_TBPL1 (9519),0.16964626004297223
EXP_CDKL2 (8999),0.16964460856946673
EXP_PPP1R7 (5510),0.16964301743903754
EXP_DBNDD1 (79007),0.16964235232508784
EXP_SERPINI1 (5274),0.1696364293982855
EXP_ACTL10 (170487),0.16963273675672763
EXP_SPIDR (23514),0.1696325886683976
EXP_TIPARP (25976),0.1696300180670729
EXP_ARVCF (421),0.1696203567907153
EXP_DNM3 (26052),0.16961742647632416
EXP_MMP13 (4322),0.16961156400297828
EXP_FCGR2A (2212),0.1696106021117414
EXP_NLRC3 (197358),0.1696074750775285
EXP_NCOA2 (10499),0.1696067864156552
EXP_EHHADH (1962),0.16960203646201233
EXP_UBE2V1 (7335),0.16959706108860573
EXP_DNAJB1 (3337),0.16959419771193218
EXP_LRCH4 (4034),0.1695914520841164
EXP_FAM227B (196951),0.16959070338272486
EXP_MFSD11 (79157),0.16959061791787278
EXP_L1CAM (3897),0.16958948165932508
EXP_GPX4 (2879),0.16958079925445624
EXP_AAGAB (79719),0.1695800038840991
EXP_JRKL (8690),0.1695782061114013
EXP_LDLR (3949),0.1695637848682212
EXP_CFAP263 (29070),0.1695580347388317
EXP_FGFR1 (2260),0.16955568368647356
EXP_ZSWIM6 (57688),0.16955364859035615
EXP_C5orf15 (56951),0.16955238358970703
EXP_SUDS3 (64426),0.16955038578278092
EXP_RPS6KA3 (6197),0.16954832398974595
EXP_MRPS18A (55168),0.16954602670673946
EXP_FLT3LG (2323),0.16954465647919914
EXP_MYD88 (4615),0.16953414989928106
EXP_TGIF2 (60436),0.16953370320833816
EXP_RPUSD2 (27079),0.16952965672879472
EXP_TRPT1 (83707),0.16952184169738072
EXP_NFATC3 (4775),0.16952031725706895
EXP_NCAPH (23397),0.16951306814148026
EXP_ZNF506 (440515),0.1695089175384874
EXP_G6PD (2539),0.16950579266728028
EXP_NUP210 (23225),0.16950367305479297
EXP_EXOC7 (23265),0.1695023379134133
EXP_SERPINA1 (5265),0.1695005476660283
EXP_RBM18 (92400),0.1695004993332363
EXP_PRRX1 (5396),0.16949902544139306
EXP_COLQ (8292),0.1694972687330143
EXP_TMEM181 (57583),0.16949349664720526
EXP_PNO1 (56902),0.16948900919999144
EXP_NDUFB5 (4711),0.16948768303662298
EXP_CYP4F11 (57834),0.16948542502189223
EXP_STAT1 (6772),0.16948410323057317
EXP_TK2 (7084),0.16948314175834955
EXP_SIKE1 (80143),0.16947159334276485
EXP_CLBA1 (122616),0.1694710149535359
EXP_DRAM1 (55332),0.1694703643031632
EXP_ARFGAP2 (84364),0.16946699594961867
EXP_SYNE2 (23224),0.16946488540048232
EXP_NDUFAF8 (284184),0.16946353288282978
EXP_ZNHIT1 (10467),0.16946080452727852
EXP_SPINDOC (144097),0.1694606091316011
EXP_DENND11 (57189),0.1694600246848159
EXP_KATNBL1 (79768),0.16945568343977158
EXP_PRXL2A (84293),0.16945466119865138
EXP_PHLDA1 (22822),0.16945438160229198
EXP_THEM4 (117145),0.16945429196977013
EXP_NFKBIL1 (4795),0.16945026925076423
EXP_VWA7 (80737),0.16944778621813317
EXP_SLC27A5 (10998),0.1694444188748312
EXP_C6orf47 (57827),0.16944317869017222
EXP_PPM1H (57460),0.16944277106003813
EXP_SLC35A2 (7355),0.1694389680025825
EXP_TSHZ1 (10194),0.16943852888418487
EXP_RHOT2 (89941),0.1694385153998743
EXP_BHLHA15 (168620),0.16943833649248763
EXP_USPL1 (10208),0.16943464770626981
EXP_BDNF (627),0.1694301862707963
EXP_GPR156 (165829),0.1694269758518443
EXP_TOMM5 (401505),0.1694231041275378
EXP_CLTCL1 (8218),0.16942156541843278
EXP_AGTRAP (57085),0.1694200237543626
EXP_ZNF398 (57541),0.16941528024867214
EXP_MSRB2 (22921),0.16941423403050138
EXP_UBE2O (63893),0.1694124618710786
EXP_AMER1 (139285),0.1694058355222392
EXP_GOLGB1 (2804),0.16939809549762241
EXP_TIFA (92610),0.1693972034505764
EXP_TIMMDC1 (51300),0.16939690862436851
EXP_NUP153 (9972),0.16939167383698628
EXP_ZFTA (65998),0.16938484204233095
EXP_CCDC69 (26112),0.16938072460783715
EXP_SMAD7 (4092),0.1693784197918058
EXP_TANGO2 (128989),0.16937833958206738
EXP_DHRS11 (79154),0.16937552049495075
EXP_RPS2 (6187),0.16937545014596367
EXP_CDR2L (30850),0.16937416728429433
EXP_AK2 (204),0.16937368018004406
EXP_CDV3 (55573),0.16937313457934433
EXP_ATP5PB (515),0.1693727220872976
EXP_ALYREF (10189),0.16937160355645098
EXP_PHC2 (1912),0.16936560851486426
EXP_DHX36 (170506),0.16936440762825988
EXP_TNNC2 (7125),0.16936076150963952
EXP_FAM98A (25940),0.1693588068790275
EXP_PIGY (84992),0.16935718501822183
EXP_SPOCD1 (90853),0.16935509928186754
EXP_WHR1 (8859),0.16935422202614792
EXP_MRPS2 (51116),0.1693494997866507
EXP_CTHRC1 (115908),0.16934941841404338
EXP_TMOD1 (7111),0.16934867887588467
EXP_TMC5 (79838),0.1693445554839741
EXP_EDEM2 (55741),0.16934426032119454
EXP_SPC24 (147841),0.1693418116149985
EXP_KRTCAP3 (200634),0.1693378551677025
EXP_VPS51 (738),0.16933391267702547
EXP_KDM1A (23028),0.16933320582008626
EXP_CCDC192 (728586),0.16933024087640636
EXP_NAA16 (79612),0.16932931130138584
EXP_RGS9BP (388531),0.16932712847511144
EXP_IFT70B (150737),0.16932664284943666
EXP_RFX2 (5990),0.16932471334150279
EXP_ANO9 (338440),0.16931809667645759
EXP_ATP6V1F (9296),0.16931685236713978
EXP_C2orf81 (388963),0.16931449693208034
EXP_PRDM15 (63977),0.16931326188904983
EXP_ARMC2 (84071),0.16930578916774053
EXP_TMEM25 (84866),0.16929138607541194
EXP_CNFN (84518),0.16928926486501794
EXP_RPS27 (6232),0.1692884325183055
EXP_CDRT4 (284040),0.1692840902858288
EXP_CHSY1 (22856),0.16928353080237457
EXP_TMEM68 (137695),0.16927885803163
EXP_PHF8 (23133),0.16927288165588372
EXP_MCTS2 (100101490),0.1692728583281209
EXP_ZNF362 (149076),0.16927100342978996
EXP_THAP10 (56906),0.16926977104126362
EXP_TBRG1 (84897),0.16926547957491067
EXP_ZNF142 (7701),0.16925912507298158
EXP_RPF1 (80135),0.1692590390845634
EXP_CENPM (79019),0.1692583359094515
EXP_PIGS (94005),0.1692582239964011
EXP_RRBP1 (6238),0.16925782640423748
EXP_FRAS1 (80144),0.1692570424075477
EXP_TSSK4 (283629),0.16925466118904442
EXP_ICAM2 (3384),0.1692543492131584
EXP_TIMM17B (10245),0.16925203180522796
EXP_ZBTB6 (10773),0.16925201774451715
EXP_TOP2B (7155),0.16924964192725067
EXP_MAGEA4 (4103),0.1692487810726977
EXP_RALGPS2 (55103),0.16924698778385228
EXP_CARD19 (84270),0.16924652654404682
EXP_EDEM3 (80267),0.1692438182725473
EXP_MRPL51 (51258),0.16924356797477724
EXP_ZNF565 (147929),0.16924281165765365
EXP_DPCD (25911),0.16923828173445088
EXP_PGBD4 (161779),0.16923579002548728
EXP_NPM1 (4869),0.16923552532567232
EXP_SPATA33 (124045),0.16923535215426622
EXP_ICAM5 (7087),0.16923523030990673
EXP_C5AR1 (728),0.16923461106674154
EXP_TTC12 (54970),0.1692341366971304
EXP_PSTPIP2 (9050),0.1692328722814711
EXP_AGR2 (10551),0.1692327178134141
EXP_ESCO1 (114799),0.16922620133232602
EXP_HERPUD2 (64224),0.1692250096456016
EXP_GNG10 (2790),0.16922248793991201
EXP_SUSD1 (64420),0.16922109041657762
EXP_COTL1 (23406),0.16921932810090912
EXP_ATF7IP2 (80063),0.169214425765551
EXP_CCDC122 (160857),0.1692140422512729
EXP_CFAP300 (85016),0.16921171526359746
EXP_RRAD (6236),0.1692056462946141
EXP_NFATC4 (4776),0.1691986840043569
EXP_NSG1 (27065),0.16919780697882203
EXP_RTP4 (64108),0.16919715582562844
EXP_PYROXD2 (84795),0.1691968746332302
EXP_RBBP6 (5930),0.16919582876934403
EXP_ACADSB (36),0.16919367091371562
EXP_ZNF491 (126069),0.1691933466559572
EXP_HSD17B13 (345275),0.16918960763886393
EXP_CEACAM6 (4680),0.16918828984815448
EXP_PDE4DIP (9659),0.1691877641209727
EXP_ZNF385C (201181),0.16918593000625837
EXP_SLC26A11 (284129),0.1691829168903798
EXP_ATP5ME (521),0.16917946844995946
EXP_SESN1 (27244),0.16917301810259744
EXP_ACTR3B (57180),0.1691729313838426
EXP_TMEM17 (200728),0.1691726094646686
EXP_SH3PXD2A (9644),0.16917114365729624
EXP_TMEM33 (55161),0.16917106384785807
EXP_C6orf141 (135398),0.16916799640233915
EXP_KCNK5 (8645),0.16916516945575566
EXP_CDAN1 (146059),0.1691633126910821
EXP_ZNF706 (51123),0.16915847885135005
EXP_DHX30 (22907),0.16915720345521557
EXP_CTSE (1510),0.16915640908373497
EXP_RTCA (8634),0.1691545530557157
EXP_USP48 (84196),0.16914923852933672
EXP_TCIRG1 (10312),0.16914909328978212
EXP_SLC19A1 (6573),0.1691490414286161
EXP_ZNF233 (353355),0.169141967908101
EXP_SIN3B (23309),0.16913892945290954
EXP_ERP44 (23071),0.16913513591678164
EXP_AKT1S1 (84335),0.16913358733474748
EXP_GPRASP2 (114928),0.16913021794294725
EXP_SH2B3 (10019),0.16912766071569063
EXP_HDAC3 (8841),0.16912758584641452
EXP_BRIX1 (55299),0.16911956488646407
EXP_PUS3 (83480),0.1691185018973238
EXP_TMPRSS5 (80975),0.16911846215029414
EXP_ZSWIM9 (374920),0.16911786885096358
EXP_BCL6 (604),0.16911531118562984
EXP_RP9 (6100),0.16911251879798517
EXP_WDR37 (22884),0.16911160792680846
EXP_PSMB10 (5699),0.16911122554274183
EXP_ETHE1 (23474),0.1691073125367044
EXP_MYO1E (4643),0.16910613409141906
EXP_ZNF768 (79724),0.16910061199775672
EXP_RNPS1 (10921),0.16909893553394895
EXP_RGS14 (10636),0.16909521115646609
EXP_RARG (5916),0.16909387487999972
EXP_HOXA6 (3203),0.1690919533204429
EXP_DNAJC11 (55735),0.16909150389534844
EXP_CERK (64781),0.16908386069956904
EXP_DNASE1 (1773),0.16908161347619988
EXP_ZNF282 (8427),0.16907211271163103
EXP_HMSD (284293),0.16907111954667897
EXP_DCTN6 (10671),0.1690710428166149
EXP_ZBTB39 (9880),0.16906702165938636
EXP_ZFYVE27 (118813),0.1690642447376538
EXP_ANKRD22 (118932),0.16906075996726777
EXP_TRNAU1AP (54952),0.16906039107497683
EXP_INPP5K (51763),0.16905979017566963
EXP_SLC7A8 (23428),0.16905306602737546
EXP_PACSIN3 (29763),0.169052630870147
EXP_SMIM3 (85027),0.1690470000974864
EXP_PCOLCE2 (26577),0.16904501679979056
EXP_CD40 (958),0.16904125024034933
EXP_TBC1D16 (125058),0.16903988241204448
EXP_AVL9 (23080),0.1690398328853746
EXP_USF2 (7392),0.16903696685270386
EXP_DNAL4 (10126),0.1690349485246445
EXP_SELENON (57190),0.16903437462652438
EXP_RPL4 (6124),0.1690332710148752
EXP_WDR7 (23335),0.16903059317393065
EXP_UBA7 (7318),0.1690300682526189
EXP_DENND6B (414918),0.16902174085026278
EXP_CRPPA (729920),0.16901777611960078
EXP_EDA (1896),0.1690145536247849
EXP_RABGEF1 (27342),0.1690110493492165
EXP_CLHC1 (130162),0.16900216631812803
EXP_RTL5 (340526),0.1690004031810588
EXP_LDLRAP1 (26119),0.16899945699538144
EXP_RGPD5 (84220),0.16899871225639984
EXP_MMP17 (4326),0.16899787285030232
EXP_SFTPD (6441),0.16899595857824679
EXP_MTG1 (92170),0.1689929709626803
EXP_MFSD6 (54842),0.16899282852096142
EXP_ITGA7 (3679),0.1689874515402794
EXP_ELP5 (23587),0.16898594228818808
EXP_GSTK1 (373156),0.1689826613508032
EXP_SAA2 (6289),0.16897991751041186
EXP_GALK1 (2584),0.168979135888911
EXP_LOX (4015),0.16897764015951378
EXP_MCF2L2 (23101),0.16897556155524374
EXP_PIK3CA (5290),0.1689742369890519
EXP_KIRREL1 (55243),0.16897118460484695
EXP_MAP4K5 (11183),0.16897109242952446
EXP_ABHD2 (11057),0.16896767377751498
EXP_MRPS33 (51650),0.16896626312179208
EXP_KLK1 (3816),0.16896561222140782
EXP_RSAD2 (91543),0.16896449996690244
EXP_FAM234B (57613),0.1689615692513069
EXP_FANCG (2189),0.1689591379158042
EXP_MTSS2 (92154),0.16895650711299304
EXP_SLC12A6 (9990),0.16895474063123217
EXP_ARHGEF10L (55160),0.16894679367346033
EXP_DNM1L (10059),0.16894558500499635
EXP_PPHLN1 (51535),0.16894300220278957
EXP_NAPRT (93100),0.1689416318238841
EXP_SSH1 (54434),0.16893807859877796
EXP_ZNF250 (58500),0.16893040542524407
EXP_MYSM1 (114803),0.1689300086397516
EXP_DLG2 (1740),0.1689295636397672
EXP_ZNF407 (55628),0.16892942901853658
EXP_C2CD2 (25966),0.16892891928599063
EXP_SUB1 (10923),0.16892866454672184
EXP_ST7L (54879),0.16892772764727937
EXP_DBI (1622),0.16892624132796463
EXP_CRTC2 (200186),0.16892595275749667
EXP_FCER1G (2207),0.16892502364313167
EXP_CHMP6 (79643),0.16892119402876205
EXP_TXNDC11 (51061),0.16891857805114885
EXP_MAP3K5 (4217),0.1689152162665417
EXP_RCOR2 (283248),0.16891290999945152
EXP_TMCO6 (55374),0.16890940569487256
EXP_MLLT3 (4300),0.1689091053580576
EXP_GINM1 (116254),0.16890652604556333
EXP_TOX2 (84969),0.16890580580998815
EXP_TMEM125 (128218),0.1689016735069231
EXP_TRPV4 (59341),0.16890131845885836
EXP_GGN (199720),0.168900774973876
EXP_ZNF684 (127396),0.16889865819750138
EXP_POLR1B (84172),0.16889653539417449
EXP_DUSP18 (150290),0.16889557524069598
EXP_GTF2F1 (2962),0.16889377029548935
EXP_PLA2G12A (81579),0.16889350756081623
EXP_FAM200C (63920),0.1688888621872131
EXP_WDR45 (11152),0.16888593198550605
EXP_KIF21A (55605),0.16887900702274372
EXP_TNS1 (7145),0.16887873234326012
EXP_AAMDC (28971),0.16887755843673347
EXP_MX2 (4600),0.1688760744240385
EXP_LYPLA1 (10434),0.1688712364060061
EXP_DDX51 (317781),0.1688698782601321
EXP_DGCR6 (8214),0.1688678437028983
EXP_PRR5 (55615),0.1688673900973976
EXP_SNAP23 (8773),0.16886709971107905
EXP_TGDS (23483),0.1688651017449967
EXP_UNC13D (201294),0.1688609077400658
EXP_SEC63 (11231),0.16885828246803491
EXP_POLN (353497),0.16885685662481364
EXP_BLOC1S5 (63915),0.1688567166189463
EXP_IGFBP2 (3485),0.16885444993471754
EXP_EIF2D (1939),0.16885085929200017
EXP_IRF1 (3659),0.1688489861888831
EXP_EIF1AX (1964),0.16884895910608666
EXP_CRYL1 (51084),0.16884379817217532
EXP_IRAK1 (3654),0.16883926532478277
EXP_TTC9 (23508),0.1688341897597221
EXP_RPL3 (6122),0.16882877219819736
EXP_DDX6 (1656),0.16882569389447433
EXP_ANAPC5 (51433),0.16882519626778514
EXP_LRRC8E (80131),0.16882512756634593
EXP_OSTM1 (28962),0.16882452311604368
EXP_SIGLEC16 (400709),0.16882262004301563
EXP_ISCU (23479),0.16882227848186737
EXP_EIF4ENIF1 (56478),0.16881559380070232
EXP_COA6 (388753),0.16881536718226986
EXP_SORBS2 (8470),0.16881536255480434
EXP_FIBP (9158),0.16881317279471197
EXP_GPNMB (10457),0.16881309395326127
EXP_ZDHHC23 (254887),0.16881300061060944
EXP_LENG8 (114823),0.16880964448523983
EXP_OTUB2 (78990),0.1688082533749693
EXP_FBXO2 (26232),0.16880819229494115
EXP_ARMC3 (219681),0.16880134766319088
EXP_ZBTB1 (22890),0.16879957679630841
EXP_HSBP1 (3281),0.16879879137367748
EXP_FAM210B (116151),0.16879233546622352
EXP_GSN (2934),0.16879175997292784
EXP_ATAD1 (84896),0.1687900109237539
EXP_MGST1 (4257),0.1687892026043496
EXP_ASB13 (79754),0.1687866459123324
EXP_CASTOR2 (729438),0.1687864525350964
EXP_ZNF860 (344787),0.16878551469265624
EXP_SYCP2 (10388),0.16878458875674074
EXP_CDCA7 (83879),0.16878164073127877
EXP_ZNF79 (7633),0.1687782558645825
EXP_CMTM4 (146223),0.16877800841081214
EXP_MTRES1 (51250),0.16877613344521158
EXP_WDR70 (55100),0.168764393010437
EXP_NCAPH2 (29781),0.16876413629522258
EXP_FSCN1 (6624),0.16876271616951044
EXP_NXN (64359),0.168761398958158
EXP_PGS1 (9489),0.16875880940856014
EXP_DCAF13 (25879),0.16875831171940803
EXP_PDK3 (5165),0.16875642959595982
EXP_IGFBP3 (3486),0.16875510311388542
EXP_MARCHF5 (54708),0.16875468442639274
EXP_OGDH (4967),0.1687539582331956
EXP_TSN (7247),0.16875371545953133
EXP_NCKIPSD (51517),0.16874996298084977
EXP_TNFRSF14 (8764),0.16874991860737598
EXP_SLC48A1 (55652),0.16874913748142184
EXP_DENND1A (57706),0.1687486557695861
EXP_CPSF7 (79869),0.16874710522898173
EXP_TMEM171 (134285),0.16873642123881716
EXP_SOS1 (6654),0.16873599979605203
EXP_RNGTT (8732),0.1687319903637361
EXP_CRYBG2 (55057),0.16872664729906894
EXP_SMOX (54498),0.168725603047303
EXP_PLEKHG4 (25894),0.16872083976441754
EXP_C1orf216 (127703),0.16871925188518677
EXP_C15orf48 (84419),0.16871624550888598
EXP_ADCK5 (203054),0.16871417660442134
EXP_BMERB1 (89927),0.16871411318182883
EXP_GPRC5B (51704),0.16871173681628804
EXP_CLU (1191),0.16870839342758082
EXP_SNRNP200 (23020),0.16870812414439573
EXP_PHF19 (26147),0.16870586264752774
EXP_RAE1 (8480),0.16870409822249588
EXP_UVRAG (7405),0.1686999271697074
EXP_ACOT7 (11332),0.16869716662688194
EXP_DMBT1 (1755),0.1686970658670921
EXP_RAD51B (5890),0.1686960189649067
EXP_GPX2 (2877),0.16869566928306945
EXP_CREBBP (1387),0.16869191450333432
EXP_MISP3 (113230),0.16868577517294447
EXP_FAM120AOS (158293),0.16868575152758325
EXP_TAB1 (10454),0.16868495396261007
EXP_MADD (8567),0.16868315113301158
EXP_HAS2 (3037),0.1686781122105243
EXP_AP3M1 (26985),0.1686750675897981
EXP_NLRC4 (58484),0.16867245342870696
EXP_ATG2B (55102),0.16866962204593605
EXP_RITA1 (84934),0.16866536519389097
EXP_RPN1 (6184),0.16865818460113324
EXP_SLC66A2 (80148),0.16865101983750375
EXP_AP2S1 (1175),0.16864903491659078
EXP_SCIN (85477),0.16864827373503388
EXP_SLC2A8 (29988),0.16864768804499342
EXP_HEPHL1 (341208),0.16864723084025623
EXP_WASHC5 (9897),0.16864476194835998
EXP_TAS2R5 (54429),0.16864419769426853
EXP_NUTM2B (729262),0.16864384253650666
EXP_ENO1 (2023),0.1686420400633022
EXP_SYNPO (11346),0.16864011692812486
EXP_ENG (2022),0.16863983884580236
EXP_RPS25 (6230),0.16863847081332484
EXP_ZNF283 (284349),0.16863637590004998
EXP_TCF7L2 (6934),0.1686356133547715
EXP_F8A1 (8263),0.1686341633182522
EXP_RTCB (51493),0.16863302319817208
EXP_SLC12A4 (6560),0.16863253197045847
EXP_DDX31 (64794),0.16863174775551215
EXP_NNT (23530),0.16863066621328304
EXP_CHST3 (9469),0.16862797106326255
EXP_NLRC5 (84166),0.16861995201059088
EXP_LGR4 (55366),0.16861990232046953
EXP_NAGA (4668),0.16861854401581233
EXP_SLC25A15 (10166),0.1686124573718688
EXP_KATNAL2 (83473),0.16861231375119523
EXP_PNPO (55163),0.16860738376757212
EXP_RXYLT1 (10329),0.16860712759140561
EXP_TCP11L2 (255394),0.16860703339270344
EXP_UBA1 (7317),0.16860190336894565
EXP_SLC12A8 (84561),0.16860061340170152
EXP_COLGALT1 (79709),0.1685975155557582
EXP_LMAN2 (10960),0.16859742339099082
EXP_CWC22 (57703),0.16859534291338463
EXP_TMEM209 (84928),0.16859440105946089
EXP_DMAC2L (27109),0.16859396058013942
EXP_ANKRD49 (54851),0.1685938482692695
EXP_TET1 (80312),0.16859014000962524
EXP_ANKAR (150709),0.16858776345308435
EXP_FIZ1 (84922),0.16858759197158424
EXP_SLC52A2 (79581),0.16858562393758447
EXP_EPC1 (80314),0.16858033114533733
EXP_AUH (549),0.16857946030173476
EXP_RAB40C (57799),0.16857850716409395
EXP_AIG1 (51390),0.16857598419872222
EXP_APBA3 (9546),0.16857488348199912
EXP_SLC9A3 (6550),0.16857288993174802
EXP_RRP36 (88745),0.1685703423463698
EXP_GOT2 (2806),0.1685686950487124
EXP_IQCE (23288),0.16856849472951296
EXP_ABRAXAS1 (84142),0.16856293714036763
EXP_CKS1B (1163),0.1685624946880715
EXP_EIF3E (3646),0.16856028787494104
EXP_ATP5MC2 (517),0.16855738518802355
EXP_COA7 (65260),0.1685566062781545
EXP_LRRC41 (10489),0.16855658480711355
EXP_NCKAP1 (10787),0.168545723994443
EXP_SDR42E1 (93517),0.16854297389577422
EXP_ZSWIM1 (90204),0.16854195258379434
EXP_KIAA2013 (90231),0.16853939668692242
EXP_ARFGEF2 (10564),0.16853406826830675
EXP_ACBD6 (84320),0.1685333563915865
EXP_TPD52L1 (7164),0.1685316256450733
EXP_IQSEC1 (9922),0.1685264313665389
EXP_GMPR2 (51292),0.16852468342003224
EXP_FAM210A (125228),0.1685230754862701
EXP_ENOX2 (10495),0.16852287227963014
EXP_ELP3 (55140),0.1685212242944374
EXP_MTHFD2 (10797),0.16851980254736
EXP_ZNF609 (23060),0.16851756776060345
EXP_CHRNA5 (1138),0.16851214098880263
EXP_STARD3NL (83930),0.16850980362223922
EXP_PIK3R2 (5296),0.16850948282107225
EXP_TRIM68 (55128),0.16850872834604758
EXP_C2orf76 (130355),0.1685082911090383
EXP_KCTD18 (130535),0.168505661850471
EXP_ERGIC3 (51614),0.16850205846368116
EXP_MTIF3 (219402),0.16850161871657754
EXP_PWWP2A (114825),0.1685001113229898
EXP_CYTH4 (27128),0.16849718639788414
EXP_TENT5C (54855),0.16849471636340674
EXP_GFPT1 (2673),0.1684928237903538
EXP_CEP43 (11116),0.16849185128167044
EXP_LUC7L3 (51747),0.16849013594924056
EXP_MDH2 (4191),0.1684879360845457
EXP_ZNF185 (7739),0.16848778902921246
EXP_BTF3L4 (91408),0.16848764804824778
EXP_PIP4K2C (79837),0.16848745814776578
EXP_TMX3 (54495),0.16848683081651572
EXP_POFUT2 (23275),0.16848672497948414
EXP_CSRP2 (1466),0.16848463738507213
EXP_TM9SF3 (56889),0.16848444197451062
EXP_GSTZ1 (2954),0.16848375226897616
EXP_BICRAL (23506),0.16848102603260617
EXP_VPS45 (11311),0.16847962561994123
EXP_FOS (2353),0.1684770419866224
EXP_HOXA4 (3201),0.1684762602898271
EXP_CSGALNACT1 (55790),0.16847278504851726
EXP_DNAJB14 (79982),0.16847262097020899
EXP_PHLDB2 (90102),0.1684721807463605
EXP_MPDU1 (9526),0.16846968209846924
EXP_BAHCC1 (57597),0.1684687477362603
EXP_SDHD (6392),0.1684679517985277
EXP_LYPD1 (116372),0.16846692253830575
EXP_ALMS1 (7840),0.1684668191220524
EXP_NSA2 (10412),0.16846644935116117
EXP_TOP6BL (79703),0.16846305678654172
EXP_SIK2 (23235),0.1684619477384688
EXP_SMAD1 (4086),0.16846158507550513
EXP_GAS6 (2621),0.16845779307086683
EXP_CFL2 (1073),0.16845682734360334
EXP_MBTPS2 (51360),0.16845394943829284
EXP_ITFG1 (81533),0.16845226889704534
EXP_TMTC2 (160335),0.1684513392600362
EXP_TRIM22 (10346),0.16845060471529116
EXP_SLC2A4RG (56731),0.1684503455893296
EXP_NCOA4 (8031),0.16844770342751492
EXP_ACO1 (48),0.16844706252346064
EXP_PHF3 (23469),0.16844648812915253
EXP_LRATD2 (157638),0.1684458531273405
EXP_LRRC27 (80313),0.16844476139742692
EXP_GATD1 (347862),0.16844212535305036
EXP_MFHAS1 (9258),0.168441944630497
EXP_CENPB (1059),0.16844084522103753
EXP_GNPTG (84572),0.16844069229598446
EXP_PBLD (64081),0.16844020298430706
EXP_MAMDC4 (158056),0.1684371959907045
EXP_CARHSP1 (23589),0.16843456635873544
EXP_FZD3 (7976),0.16843025333018158
EXP_SF3B2 (10992),0.1684282694409891
EXP_SLC2A11 (66035),0.16842691276789612
EXP_FITM2 (128486),0.16842416260259174
EXP_HTRA2 (27429),0.16842326199664726
EXP_GPANK1 (7918),0.16842310081902312
EXP_DNTTIP2 (30836),0.16842285587181127
EXP_TMEM185A (84548),0.16841603598189092
EXP_IRF5 (3663),0.16841421103709386
EXP_GAS7 (8522),0.16841098884981331
EXP_CUL4B (8450),0.16841089319634328
EXP_LGALS3BP (3959),0.1684105131884941
EXP_PRC1 (9055),0.1684095485141759
EXP_ZNF584 (201514),0.1684090545667356
EXP_MPHOSPH9 (10198),0.1684083192848309
EXP_STAM2 (10254),0.16840620558263453
EXP_HNRNPL (3191),0.16840237865529595
EXP_DNAH2 (146754),0.16839819530272582
EXP_SSUH2 (51066),0.1683952787654528
EXP_IPP (3652),0.1683949636976374
EXP_ADCK2 (90956),0.16839195700082144
EXP_OTUB1 (55611),0.1683853146923262
EXP_NUDT9 (53343),0.16838482023109158
EXP_PIGU (128869),0.1683840135634771
EXP_GDPD5 (81544),0.1683832277527877
EXP_GAMT (2593),0.16837936929102248
EXP_VASN (114990),0.16837871266769078
EXP_TCHP (84260),0.16837838836304986
EXP_PRPF38A (84950),0.1683772808795556
EXP_PNRC2 (55629),0.16837654245032052
EXP_HSPA1B (3304),0.16837524820490835
EXP_VMA22 (84317),0.16837208820097604
EXP_CSRNP3 (80034),0.16836595773351615
EXP_SIDT2 (51092),0.168365590660712
EXP_PLXNB2 (23654),0.1683613422639807
EXP_FZD4 (8322),0.1683593259771019
EXP_CD7 (924),0.1683574860886088
EXP_RPL35A (6165),0.16835720864670645
EXP_STK36 (27148),0.16835676323906767
EXP_ALPK1 (80216),0.16835432281696416
EXP_FRMD8 (83786),0.16835236467840442
EXP_HMG20A (10363),0.1683507713783765
EXP_FOXP4 (116113),0.16834969255126442
EXP_CTNNA1 (1495),0.1683487678729172
EXP_IVD (3712),0.1683382012418715
EXP_RPS18 (6222),0.16833731319216838
EXP_TSPAN15 (23555),0.1683358083876838
EXP_BATF (10538),0.1683326311205997
EXP_ORC2 (4999),0.16833154200217493
EXP_STC1 (6781),0.16833135296225343
EXP_ANKRD12 (23253),0.16833094055267495
EXP_PLPP1 (8611),0.16833021236975476
EXP_OTUD3 (23252),0.16832843310367362
EXP_NDUFAF6 (137682),0.16832369024304494
EXP_GNG5 (2787),0.16832195603139422
EXP_WDR5 (11091),0.16832127408050646
EXP_CASP7 (840),0.16832115049456586
EXP_TMEM191C (645426),0.1683178372145786
EXP_HNRNPR (10236),0.1683137906087575
EXP_SLC25A26 (115286),0.1683132595820256
EXP_ZFYVE21 (79038),0.16830869957291217
EXP_MPV17L2 (84769),0.16830329167885605
EXP_IL11 (3589),0.16830121355334882
EXP_ATP5PF (522),0.16829858410466958
EXP_RFWD3 (55159),0.1682961114780568
EXP_UQCRC2 (7385),0.16829147915420606
EXP_YIPF3 (25844),0.16828964373763
EXP_KCNIP2 (30819),0.16828731144278652
EXP_KLHL8 (57563),0.16828659148488967
EXP_SLC7A6OS (84138),0.16828512492729963
EXP_TTC32 (130502),0.16828290348544162
EXP_ANO10 (55129),0.168281270781927
EXP_CDC14C (168448),0.16827989099981266
EXP_MXRA7 (439921),0.1682768211714869
EXP_MAP7D2 (256714),0.1682760116974551
EXP_MOB2 (81532),0.16827333485116824
EXP_ADD3 (120),0.16827125627078665
EXP_TMED9 (54732),0.1682710611484941
EXP_EIF3L (51386),0.16827016852767773
EXP_NPIPB15 (440348),0.16827012017838072
EXP_PARD6G (84552),0.16826702909402513
EXP_ADAT2 (134637),0.16826631884387755
EXP_IER5 (51278),0.1682660312346096
EXP_NRBF2 (29982),0.16826117778476135
EXP_CACNG6 (59285),0.16825947405260955
EXP_CHRNA10 (57053),0.16825903382574126
EXP_SIAE (54414),0.16825568393627055
EXP_PEG10 (23089),0.16825408971631717
EXP_RIC8A (60626),0.16825253276849672
EXP_RPS21 (6227),0.1682478418362514
EXP_DDX27 (55661),0.16824733603344644
EXP_KYAT3 (56267),0.16824581091788726
EXP_FAM78B (149297),0.16824244299699753
EXP_IKZF4 (64375),0.16824209403849633
EXP_ARMCX4 (100131755),0.16824086314987596
EXP_RNF24 (11237),0.16823921731670577
EXP_ABL1 (25),0.16823645526364484
EXP_VPS37A (137492),0.1682349228247384
EXP_EIF4A3 (9775),0.16823419396990946
EXP_CADPS2 (93664),0.16823281125679213
EXP_CCDC186 (55088),0.16823273010216333
EXP_GDI1 (2664),0.16823187293359432
EXP_STPG1 (90529),0.16823077377630735
EXP_CNTNAP3C (100289279),0.16823040830826397
EXP_STK31 (56164),0.16822547838798396
EXP_SLC9A8 (23315),0.16822473835375362
EXP_NIPSNAP3A (25934),0.1682236731416058
EXP_AGMAT (79814),0.16822265035340767
EXP_EEF1AKMT4 (110599564),0.16822209769059437
EXP_SLC22A1 (6580),0.1682217308670504
EXP_RALGAPB (57148),0.16822022484777044
EXP_POLG (5428),0.16821835562210463
EXP_SP6 (80320),0.16821715000924975
EXP_TSPYL2 (64061),0.16821688475388274
EXP_MAML2 (84441),0.1682168654935694
EXP_FIS1 (51024),0.16821621302153122
EXP_EFCAB2 (84288),0.16821552844677967
EXP_KDM4A (9682),0.16821158205986197
EXP_VHL (7428),0.1682105134857954
EXP_TUBA1A (7846),0.16820820128104508
EXP_TIMM22 (29928),0.16820811676968006
EXP_PQBP1 (10084),0.16820793055555328
EXP_STX12 (23673),0.16820562553397345
EXP_UBE2D3 (7323),0.16820348852906353
EXP_RABL2B (11158),0.16820232655010958
EXP_TMEM44 (93109),0.16820150873463025
EXP_DNAJC17 (55192),0.16820133580527763
EXP_TIGD6 (81789),0.16820079927643672
EXP_NDUFA5 (4698),0.16819626130974008
EXP_GPR108 (56927),0.16819544095388128
EXP_DHX15 (1665),0.16819502674972675
EXP_CABIN1 (23523),0.16819435303478603
EXP_CTCF (10664),0.1681941991718423
EXP_SMIM30 (401397),0.16818878900730283
EXP_FTO (79068),0.16818800056980532
EXP_PDZD11 (51248),0.1681865864397265
EXP_RBM28 (55131),0.1681828622426389
EXP_CEMIP (57214),0.16818252699489644
EXP_BTG1 (694),0.16818098745997823
EXP_MLST8 (64223),0.16817838067899782
EXP_CLDN3 (1365),0.16817798536438833
EXP_TMEM201 (199953),0.16817662249247078
EXP_KCNJ13 (3769),0.1681755295951639
EXP_ACSL1 (2180),0.16817408661691502
EXP_F8 (2157),0.1681722115646851
EXP_MAFK (7975),0.16816550361327742
EXP_ARFGAP1 (55738),0.16816545391797888
EXP_SLC36A1 (206358),0.1681650158700405
EXP_PRR5L (79899),0.16816441237453894
EXP_DCTN5 (84516),0.16816277027841764
EXP_ARHGAP24 (83478),0.16816252629048556
EXP_NKAPD1 (55216),0.16816198446697594
EXP_MDH1 (4190),0.16816078374952514
EXP_ACVR2B (93),0.16816024094681215
EXP_PTK2B (2185),0.16815977758638745
EXP_ERAP1 (51752),0.16815915986185992
EXP_UQCR10 (29796),0.16815756297334516
EXP_TSPAN6 (7105),0.1681551664837171
EXP_COQ4 (51117),0.16815507623900405
EXP_NOPCHAP1 (121053),0.16815359233063187
EXP_HAUS2 (55142),0.1681528174163116
EXP_ZNF146 (7705),0.1681520801249734
EXP_GALNT11 (63917),0.16815023363489967
EXP_ATP1A1 (476),0.16814981474990276
EXP_ATP6V1B2 (526),0.1681469892061056
EXP_DPY19L3 (147991),0.16814571061677253
EXP_FHL3 (2275),0.1681455800877769
EXP_DSEL (92126),0.16814283295305632
EXP_PPP1R8 (5511),0.16814280647269175
EXP_MT-ND2 (4536),0.16814119175460718
EXP_MYL6 (4637),0.16814026840341523
EXP_ADCY9 (115),0.1681402446814051
EXP_RYBP (23429),0.16814023347364504
EXP_AMD1 (262),0.16813703443343986
EXP_KLHDC7A (127707),0.16813515659736122
EXP_PAFAH1B1 (5048),0.16813507311788012
EXP_ANKRD23 (200539),0.168134941546203
EXP_TOGARAM2 (165186),0.1681344028699847
EXP_PRKCZ (5590),0.16813433374263997
EXP_ADAM17 (6868),0.16813331075993165
EXP_ENPP1 (5167),0.16813005814547743
EXP_ZNF573 (126231),0.16812953950643728
EXP_CCDC90B (60492),0.1681291843091044
EXP_ZBTB5 (9925),0.16812805235731254
EXP_VTI1A (143187),0.1681279647740368
EXP_THAP4 (51078),0.16812674163025765
EXP_FAM186A (121006),0.1681261201675195
EXP_MYO1B (4430),0.16811970950762145
EXP_UQCC4 (283951),0.1681185520319337
EXP_PCGF5 (84333),0.16811647237849758
EXP_NDUFA12 (55967),0.1681144717569092
EXP_PHLPP1 (23239),0.16811337807495175
EXP_KRBOX5 (124411),0.16811131238417154
EXP_DDX41 (51428),0.168109936703841
EXP_S100A16 (140576),0.16810624754566383
EXP_BICDL1 (92558),0.1681058456259148
EXP_DHX16 (8449),0.168103201103885
EXP_ATF6B (1388),0.1681007475944849
EXP_PBK (55872),0.16809874466948393
EXP_BMP8B (656),0.1680974465755396
EXP_FBXW9 (84261),0.16809725198434755
EXP_PITPNM1 (9600),0.16809652377711437
EXP_LMO7 (4008),0.16809631765167055
EXP_NAA25 (80018),0.16809414488047114
EXP_ZNF517 (340385),0.16809403725895056
EXP_FRAT1 (10023),0.16809349033805
EXP_JUND (3727),0.1680916754110271
EXP_LRRC47 (57470),0.1680865272584473
EXP_ADH5 (128),0.16808640528294738
EXP_HSCB (150274),0.16808425173446295
EXP_TMEM9 (252839),0.16808326059495915
EXP_OTULIN (90268),0.1680822301656697
EXP_MATCAP1 (653319),0.16808194333785575
EXP_TRMT2A (27037),0.1680816208883522
EXP_LY6G5C (80741),0.168081346483425
EXP_PABPC1 (26986),0.1680759163097365
EXP_MARCKS (4082),0.16807532705458872
EXP_LAIR1 (3903),0.16807522117803142
EXP_SCAMP3 (10067),0.16807463860562422
EXP_AGAP4 (119016),0.16807385716180967
EXP_SSR1 (6745),0.1680732492086241
EXP_PSMB7 (5695),0.1680690694108442
EXP_NOL12 (79159),0.1680690470451669
EXP_CRBN (51185),0.1680686402309277
EXP_IL1A (3552),0.16806674699947788
EXP_EPM2A (7957),0.16806435453944424
EXP_FEM1C (56929),0.16806279230226995
EXP_UBE2Q1 (55585),0.16806228271532042
EXP_ZNF678 (339500),0.16806033398759723
EXP_UBR1 (197131),0.1680589547224809
EXP_RAB11FIP4 (84440),0.16805890716617
EXP_CCL20 (6364),0.16805577244167402
EXP_ZNF322 (79692),0.1680529272100575
EXP_WBP1L (54838),0.1680522371189106
EXP_CARD10 (29775),0.16805069429288455
EXP_METTL23 (124512),0.16804985156057928
EXP_LRRC7 (57554),0.16804850028372176
EXP_ANAPC2 (29882),0.16804750590785922
EXP_HNRNPCL1 (343069),0.16804624133553947
EXP_ANKRD13A (88455),0.16804500447247772
EXP_CAPG (822),0.16804431777002637
EXP_SPA17 (53340),0.16804103644704593
EXP_HAT1 (8520),0.16804081525184156
EXP_BLOC1S1 (2647),0.16803872749235094
EXP_FJX1 (24147),0.16803872566484124
EXP_DNAJA2 (10294),0.16803476302246256
EXP_GCDH (2639),0.16803470943934506
EXP_P2RY2 (5029),0.16803356111532697
EXP_TMEM131L (23240),0.16803116140861007
EXP_ZNF703 (80139),0.16803105314116706
EXP_SP1 (6667),0.16803084006289826
EXP_FAM53C (51307),0.16802899033326568
EXP_MAPK7 (5598),0.16802630609775715
EXP_DMBX1 (127343),0.16802562111799713
EXP_CD44 (960),0.1680246674765744
EXP_CREB3L4 (148327),0.16802392377234643
EXP_PDIA4 (9601),0.16802306246779164
EXP_EEF1G (1937),0.1680226520505821
EXP_TERF2 (7014),0.1680205179588814
EXP_ABCC5 (10057),0.16801699761812916
EXP_MTRF1 (9617),0.16801588057126526
EXP_COX15 (1355),0.16801487310023067
EXP_MRPL54 (116541),0.16801423339811272
EXP_PMP22 (5376),0.16801324942949325
EXP_SMIM26 (388789),0.1680123868387131
EXP_ZBTB20 (26137),0.16801165719791644
EXP_FKBP1C (642489),0.1680109636561058
EXP_ZNF22 (7570),0.16800887347934967
EXP_SLC4A11 (83959),0.16800779835775437
EXP_KIF9 (64147),0.1680067768389435
EXP_PELO (53918),0.16800571424456212
EXP_ABCB10 (23456),0.1680042512365567
EXP_UBAC2 (337867),0.16800411037913143
EXP_KIAA0232 (9778),0.16800187032523706
EXP_AACS (65985),0.16800060337525036
EXP_BMP4 (652),0.16799809073189653
EXP_TMEM216 (51259),0.16799707195971347
EXP_PRSS12 (8492),0.1679950483362873
EXP_SPRTN (83932),0.16799174825203256
EXP_PPP3CC (5533),0.16798993726137113
EXP_ZNF277 (11179),0.16798538834460341
EXP_FOXRED1 (55572),0.16798493945806392
EXP_NNAT (4826),0.167982048184121
EXP_C8orf33 (65265),0.16798077421073643
EXP_PFDN4 (5203),0.16797998581357465
EXP_PMM1 (5372),0.167979689948619
EXP_ITGB2 (3689),0.16797725691925702
EXP_SOCS3 (9021),0.16797708478354068
EXP_GPSM3 (63940),0.16797559567634224
EXP_PIGB (9488),0.16797526568070076
EXP_DNAL1 (83544),0.16797513652015628
EXP_NANOS1 (340719),0.1679747308176225
EXP_MFGE8 (4240),0.16797311433192164
EXP_KLHL23 (151230),0.16796891374650968
EXP_ITPRIP (85450),0.16796829891129939
EXP_IL4I1 (259307),0.16796804577664926
EXP_PCIF1 (63935),0.16796342943960063
EXP_GIPC1 (10755),0.16796257699777772
EXP_IL20RB (53833),0.16796185539255326
EXP_INPP5B (3633),0.16796057545398746
EXP_STK17B (9262),0.16796012506570346
EXP_METTL18 (92342),0.1679577038139488
EXP_DRC12 (283152),0.16795763368163552
EXP_DNMT3A (1788),0.16795693881316964
EXP_FAT4 (79633),0.16795659644297078
EXP_CDK8 (1024),0.16795518878598248
EXP_JDP2 (122953),0.16795490142041913
EXP_ELK1 (2002),0.16795482880406265
EXP_GTF2E2 (2961),0.16795468821666049
EXP_RABIF (5877),0.1679512559542804
EXP_PLCG1 (5335),0.16794971348881393
EXP_PRDM4 (11108),0.1679491549809491
EXP_GRHL3 (57822),0.16794896395721093
EXP_MICU2 (221154),0.16794658296237497
EXP_ZNF302 (55900),0.1679431018300237
EXP_FZD2 (2535),0.16793966940038096
EXP_THAP12 (5612),0.1679384036083782
EXP_CBLL1 (79872),0.1679363598030914
EXP_LPIN1 (23175),0.16793509468790635
EXP_PKP1 (5317),0.16793374993484989
EXP_NIPA2 (81614),0.16792967563033212
EXP_C12orf57 (113246),0.16792908567352072
EXP_GREP1 (283875),0.16792539504417903
EXP_PNMA1 (9240),0.1679248534208595
EXP_RTL8C (8933),0.16792484898060067
EXP_FAM89B (23625),0.16792483852836781
EXP_CALD1 (800),0.16792129354516394
EXP_MAP7D1 (55700),0.16792002186257005
EXP_KATNA1 (11104),0.1679188206652631
EXP_PRORP (9692),0.16791827176478957
EXP_ZEB2 (9839),0.1679173687382809
EXP_GLE1 (2733),0.1679172042262449
EXP_ZCCHC14 (23174),0.16791576743408143
EXP_NDC1 (55706),0.16791441720737055
EXP_SRSF3 (6428),0.1679126937017985
EXP_MXD4 (10608),0.1679125242013466
EXP_LMBRD1 (55788),0.16791146567816995
EXP_POLR1F (221830),0.16790909450723923
EXP_PABPC4 (8761),0.1679083542314883
EXP_PIGA (5277),0.167907939956482
EXP_SCO1 (6341),0.16790258731743446
EXP_PRR29 (92340),0.16789961475801096
EXP_CPNE2 (221184),0.16789848496091242
EXP_PTEN (5728),0.16789847390640578
EXP_CES2 (8824),0.1678945168683228
EXP_ZNF106 (64397),0.167891483433384
EXP_AGPAT2 (10555),0.16788658099748321
EXP_TUBE1 (51175),0.1678856465508849
EXP_KCTD13 (253980),0.16788542026943798
EXP_TRAPPC8 (22878),0.16788188397946868
EXP_ATG5 (9474),0.1678797102216043
EXP_AAMP (14),0.1678796504549256
EXP_ZBED5 (58486),0.16787905841955553
EXP_MLKL (197259),0.1678762856251872
EXP_USP27X (389856),0.16787420710343337
EXP_PFKP (5214),0.16787296201484203
EXP_NOD1 (10392),0.16787145495976752
EXP_MARCHF3 (115123),0.16786995713325137
EXP_TXNRD3 (114112),0.167869431886567
EXP_KANSL3 (55683),0.1678683299159358
EXP_CCZ1B (221960),0.16786821749605796
EXP_EGR3 (1960),0.16786705008780345
EXP_GPN1 (11321),0.1678657766914906
EXP_CA13 (377677),0.16786498353220392
EXP_BEAN1 (146227),0.1678648090538557
EXP_IDH1 (3417),0.16786476513999649
EXP_TUBA1C (84790),0.16786450668710717
EXP_CHRNB1 (1140),0.16786230771490196
EXP_EVI5L (115704),0.1678613362742576
EXP_SMARCAD1 (56916),0.16785961467210697
EXP_EEF1A1 (1915),0.16785710824159406
EXP_ARF4 (378),0.16785457760341682
EXP_RAB3B (5865),0.1678542143299575
EXP_CLK4 (57396),0.1678538100297784
EXP_ABHD6 (57406),0.1678508669696459
EXP_ANKRD9 (122416),0.1678476797332209
EXP_MRC2 (9902),0.16784485935576932
EXP_PPP1CA (5499),0.16784479343563596
EXP_C9orf85 (138241),0.16784240869170475
EXP_ZNF525 (170958),0.16784061242096815
EXP_GOLGA4 (2803),0.16783977098705893
EXP_FLCN (201163),0.16783876010157162
EXP_DDX19B (11269),0.1678321047985607
EXP_DNPH1 (10591),0.16783142439568
EXP_ADAM21 (8747),0.16782878924764955
EXP_TIAM2 (26230),0.16782805730185757
EXP_PRSS53 (339105),0.16782723577330128
EXP_EID1 (23741),0.16782381530527513
EXP_LYSET (26175),0.16782312670164057
EXP_FKBP8 (23770),0.16782289877802015
EXP_MPP1 (4354),0.16782214855285105
EXP_ZDHHC24 (254359),0.16781948771830546
EXP_PER2 (8864),0.16781931352515578
EXP_EFR3A (23167),0.167819200654856
EXP_GPR176 (11245),0.1678186514141471
EXP_HTRA1 (5654),0.1678185681564388
EXP_MAP4 (4134),0.16781591807111695
EXP_RNF5 (6048),0.16781577152554217
EXP_ADGRF3 (165082),0.16781398327205288
EXP_ZNF33B (7582),0.16781273828121268
EXP_STOML1 (9399),0.16781118927190164
EXP_ZNF780A (284323),0.16781061042551038
EXP_PITRM1 (10531),0.1678104584718909
EXP_ANKMY2 (57037),0.16780862283731235
EXP_SLC38A9 (153129),0.16780674881919388
EXP_LYRM2 (57226),0.1678060274768507
EXP_CCDC40 (55036),0.16780381725119664
EXP_PHB1 (5245),0.16780086217883028
EXP_GNG13 (51764),0.1678005149573778
EXP_PDGFB (5155),0.16780002265659988
EXP_KLHDC7B (113730),0.1677996340306569
EXP_HMCN1 (83872),0.16779925818141894
EXP_PROS1 (5627),0.1677992463468021
EXP_MRPL22 (29093),0.16779763064265119
EXP_SMIM27 (100129250),0.16779716469308958
EXP_CPSF4 (10898),0.16779386652584805
EXP_TBCC (6903),0.16779125249582716
EXP_ACAD11 (84129),0.16779005139827863
EXP_PNMT (5409),0.16778905856181403
EXP_SH2D2A (9047),0.167787897179009
EXP_NKAP (79576),0.16778714459575994
EXP_TANGO6 (79613),0.16778663884870948
EXP_C12orf75 (387882),0.16778554729024808
EXP_CHD6 (84181),0.16778554548691194
EXP_GPAT3 (84803),0.1677852599812475
EXP_MRGBP (55257),0.16778494810135314
EXP_ATAD3B (83858),0.1677846753508936
EXP_AGBL2 (79841),0.1677829641342381
EXP_SCAMP4 (113178),0.16778186541036266
EXP_ZNF484 (83744),0.16778163554888703
EXP_C1GALT1 (56913),0.16777906933598086
EXP_UBTD1 (80019),0.16777786459145982
EXP_SBDS (51119),0.16777332262093125
EXP_EMC1 (23065),0.1677729038337823
EXP_NIT2 (56954),0.1677708712164403
EXP_TIMM44 (10469),0.1677706104146477
EXP_MAT2B (27430),0.1677670164944054
EXP_NSUN6 (221078),0.1677665455895836
EXP_CDC5L (988),0.1677644221684833
EXP_SLC1A5 (6510),0.16776231307666034
EXP_MILR1 (284021),0.16775846205080924
EXP_GPR39 (2863),0.1677583297491454
EXP_TXNDC17 (84817),0.16775798845334844
EXP_TTLL11 (158135),0.16775793190104515
EXP_MSANTD4 (84437),0.16775774638170127
EXP_SUMO2 (6613),0.16775679184052983
EXP_CD22 (933),0.16775622078239838
EXP_ADIPOR2 (79602),0.1677561541624879
EXP_PRPSAP2 (5636),0.16775577683984277
EXP_HARS2 (23438),0.16775485587146122
EXP_SMIM12 (113444),0.16775461484418575
EXP_SPARCL1 (8404),0.16775266816627
EXP_ARHGEF35 (445328),0.1677522585772584
EXP_C11orf24 (53838),0.16775216156597939
EXP_CITED2 (10370),0.16775153250444763
EXP_GSTO1 (9446),0.1677499488775469
EXP_NPAS2 (4862),0.16774962943419158
EXP_TRMO (51531),0.1677493690694849
EXP_EIF4E3 (317649),0.16774936601732637
EXP_BBX (56987),0.16774902193770025
EXP_SPDYE2B (100310812),0.1677479122240575
EXP_AKIRIN2 (55122),0.16774662134183238
EXP_GABBR1 (2550),0.16774423014352902
EXP_PANX1 (24145),0.16774400396449884
EXP_SLC51A (200931),0.16774108230575013
EXP_PEF1 (553115),0.16773955776545524
EXP_ACTR3C (653857),0.16773665461055032
EXP_ZNF264 (9422),0.16773648184601697
EXP_SLC6A8 (6535),0.16773592272950033
EXP_ZBTB8A (653121),0.16773504770777503
EXP_GNA12 (2768),0.16773446538180536
EXP_SASH1 (23328),0.1677319909034507
EXP_ZNF112 (7771),0.16772675596170217
EXP_GAA (2548),0.16772531872207797
EXP_CYB5R4 (51167),0.16772416880121543
EXP_FKBP1B (2281),0.16772372150537773
EXP_SYNJ2 (8871),0.16772365699148306
EXP_COMMD1 (150684),0.1677226976475037
EXP_KCTD10 (83892),0.1677219559262051
EXP_SLC25A11 (8402),0.16772050001462535
EXP_DDX47 (51202),0.16772019308638697
EXP_CINP (51550),0.16771797800827493
EXP_UGT8 (7368),0.16771719274783692
EXP_FADD (8772),0.1677171418590513
EXP_WDR82 (80335),0.16771327720390072
EXP_MAGOHB (55110),0.16771190453054796
EXP_ZBTB40 (9923),0.16771174618936957
EXP_H3C6 (8353),0.1677069968977749
EXP_IDH2 (3418),0.16770648591441883
EXP_HIBADH (11112),0.16770627118449255
EXP_BRME1 (79173),0.16770560448392402
EXP_TRIM59 (286827),0.167701854326479
EXP_EIF2S3B (255308),0.16769985676172983
EXP_PTBP2 (58155),0.16769926921910194
EXP_PAX6 (5080),0.1676978856989484
EXP_ICA1L (130026),0.16769473843202753
EXP_RAB32 (10981),0.16769409930823187
EXP_BBS2 (583),0.16769395344630844
EXP_TMEM94 (9772),0.16769092790869244
EXP_RNF43 (54894),0.16768957544698448
EXP_PITPNM3 (83394),0.1676891313618194
EXP_PYGM (5837),0.1676890826566657
EXP_MIIP (60672),0.16768892731741136
EXP_RPL32 (6161),0.16768652134002693
EXP_N4BP2L2 (10443),0.16768430189376726
EXP_GALNT16 (57452),0.16768248484499093
EXP_GLYCTK (132158),0.1676797548507194
EXP_TNFAIP2 (7127),0.16767916884377154
EXP_FBXO10 (26267),0.1676789840277788
EXP_PTBP3 (9991),0.16767881176016708
EXP_SRR (63826),0.16767856264769687
EXP_MARS2 (92935),0.1676781265334073
EXP_RBBP7 (5931),0.1676780064157457
EXP_NUFIP2 (57532),0.16767677129437164
EXP_REC8 (9985),0.16767625928553276
EXP_GABPB2 (126626),0.16767595046168093
EXP_ZNF28 (7576),0.16767555950788093
EXP_ACOX2 (8309),0.16767463086258694
EXP_SYDE2 (84144),0.16767324206424128
EXP_PTPN4 (5775),0.16767175851034288
EXP_MAPK12 (6300),0.1676711571861036
EXP_ARHGAP19 (84986),0.16766905499091678
EXP_PPRC1 (23082),0.16766892695425373
EXP_EBP (10682),0.16766313314182035
EXP_PEX5 (5830),0.16766140403795848
EXP_DYNLL1 (8655),0.16765912273887285
EXP_RHOBTB3 (22836),0.1676588654766169
EXP_IMPDH2 (3615),0.16765739152662995
EXP_ZGLP1 (100125288),0.1676561329517181
EXP_AAAS (8086),0.16765482892966777
EXP_MCM3 (4172),0.16765448514785675
EXP_ESRRA (2101),0.1676517991041626
EXP_PTCD1 (26024),0.1676516785034643
EXP_CBLN3 (643866),0.16765164525382126
EXP_FAM131C (348487),0.1676506616160296
EXP_ZBTB4 (57659),0.16765041344223608
EXP_YRDC (79693),0.1676501453572108
EXP_VEGFA (7422),0.1676499712385633
EXP_SBF1 (6305),0.16764983517762033
EXP_SGPL1 (8879),0.16764946081892607
EXP_CITED4 (163732),0.16764806170483926
EXP_H2AC20 (8338),0.16764776138061865
EXP_HNRNPH1 (3187),0.1676475966543558
EXP_SLC35C2 (51006),0.16764550893634755
EXP_COG1 (9382),0.1676439589523273
EXP_IFIT3 (3437),0.16764365562573058
EXP_PHYKPL (85007),0.1676434539637759
EXP_SERPINB5 (5268),0.16764344066696246
EXP_HOMER2 (9455),0.16764236456079473
EXP_SLC35B4 (84912),0.16764139427754277
EXP_SGF29 (112869),0.1676397514444652
EXP_WDFY3 (23001),0.1676392040155017
EXP_MAN2C1 (4123),0.1676371764117519
EXP_TMEM74B (55321),0.16763419704567717
EXP_INO80E (283899),0.1676337606479903
EXP_ALDH4A1 (8659),0.1676330664852843
EXP_ZNF717 (100131827),0.1676314375270369
EXP_SCAMP1 (9522),0.16763014239946372
EXP_RSPH3 (83861),0.16762922494474441
EXP_SND1 (27044),0.16762351436260214
EXP_TMTC3 (160418),0.16762343727254958
EXP_TCF25 (22980),0.16762299096614175
EXP_ACBD4 (79777),0.16762271341970614
EXP_RNF144B (255488),0.16761113092010582
EXP_MID1IP1 (58526),0.1676105960796388
EXP_IKBIP (121457),0.16760984405148882
EXP_C1orf35 (79169),0.16760678889211356
EXP_RHOB (388),0.16760618120785864
EXP_SMPDL3B (27293),0.16760544887962237
EXP_C15orf61 (145853),0.1676049579389982
EXP_COA8 (84334),0.16760486778667616
EXP_ZNF154 (7710),0.1676046756290681
EXP_MATN1 (4146),0.1676044487177144
EXP_STAT4 (6775),0.16760433000971542
EXP_RGS5 (8490),0.1676034651205649
EXP_PARP1 (142),0.16760235114415067
EXP_SIRT6 (51548),0.16759474723042178
EXP_FAM114A1 (92689),0.1675918919763708
EXP_STOM (2040),0.16759116106486616
EXP_PRSS16 (10279),0.1675904218391313
EXP_EIF2B4 (8890),0.16758912975177953
EXP_TRIB1 (10221),0.1675872843926749
EXP_BBC3 (27113),0.1675860763671615
EXP_UTRN (7402),0.1675860528231885
EXP_SQLE (6713),0.16758584263966458
EXP_KRT17 (3872),0.16758378689597553
EXP_OMG (4974),0.16758342911883783
EXP_GRK5 (2869),0.16757679953325066
EXP_ZNF561 (93134),0.1675755103519858
EXP_SYDE1 (85360),0.1675746876373898
EXP_NUTM2D (728130),0.16757299513142954
EXP_ZNF655 (79027),0.1675717019786509
EXP_HPX (3263),0.1675702438119666
EXP_PATZ1 (23598),0.1675695022156134
EXP_SNN (8303),0.1675673035551437
EXP_MT2A (4502),0.16756527533253607
EXP_SLC44A3 (126969),0.16756484861592114
EXP_IREB2 (3658),0.16756433117935465
EXP_ATP8B3 (148229),0.1675636846187425
EXP_PBXIP1 (57326),0.16756340333446218
EXP_PLEKHA4 (57664),0.1675623047466237
EXP_NEDD9 (4739),0.1675576825984919
EXP_DGKD (8527),0.16755553956558167
EXP_TPD52L2 (7165),0.1675555097821091
EXP_EFTUD2 (9343),0.16755542133614032
EXP_PLEKHG5 (57449),0.16755374484736052
EXP_TEX22 (647310),0.16755173377388033
EXP_FAAH (2166),0.16755133365645936
EXP_PALD1 (27143),0.16754937424509464
EXP_GGACT (87769),0.16754864429037664
EXP_EIF2AK3 (9451),0.16754836055692124
EXP_NICOL1 (401115),0.16754662245848007
EXP_MEGF8 (1954),0.1675458285523037
EXP_RASAL2 (9462),0.1675452283245269
EXP_PPP1R18 (170954),0.16754333213018313
EXP_CHN1 (1123),0.16754246904100611
EXP_MMP19 (4327),0.16754097801521883
EXP_PPIH (10465),0.1675404493744681
EXP_AK4 (205),0.16753939953301433
EXP_PDXDC1 (23042),0.16753848829731854
EXP_APLF (200558),0.1675353943364124
EXP_MUL1 (79594),0.16753416865310822
EXP_TRA2B (6434),0.16753310904928664
EXP_SWSAP1 (126074),0.1675306163689836
EXP_RBM3 (5935),0.16752960348421286
EXP_CBX5 (23468),0.16752725327892026
EXP_GPAT4 (137964),0.1675270993145226
EXP_RAB2B (84932),0.16752391328444638
EXP_TMEM63A (9725),0.16752260818111608
EXP_DDTL (100037417),0.16752132607246217
EXP_CNIH4 (29097),0.1675209173038077
EXP_APOBEC3D (140564),0.1675204763580629
EXP_CDA (978),0.16751797822217984
EXP_VEGFB (7423),0.1675178988937791
EXP_ATPAF2 (91647),0.16751751928380898
EXP_PRR22 (163154),0.16751746216355556
EXP_TIRAP (114609),0.16751733771062494
EXP_ARG2 (384),0.16751320293817518
EXP_NRBP1 (29959),0.16751258059168972
EXP_PIGG (54872),0.167510524963026
EXP_APOO (79135),0.16750817434556975
EXP_GPR61 (83873),0.1675073574026893
EXP_PTPN14 (5784),0.16750439754768287
EXP_BCAS2 (10286),0.1675037120185321
EXP_ZNF747 (65988),0.16750218846593068
EXP_CASK (8573),0.1675002078933634
EXP_E2F3 (1871),0.16749723192582167
EXP_XPO1 (7514),0.1674964987901122
EXP_RPS4X (6191),0.16749579363390676
EXP_GSS (2937),0.16749553746793655
EXP_ZNF709 (163051),0.16749515620803646
EXP_NYAP1 (222950),0.1674947439052481
EXP_MCIDAS (345643),0.1674912120278842
EXP_NFIX (4784),0.1674901109767104
EXP_KBTBD2 (25948),0.1674872719306526
EXP_SYT12 (91683),0.1674831473255276
EXP_FAHD2B (151313),0.16747879844130154
EXP_KDSR (2531),0.16747859355164163
EXP_XAGE1A (653220),0.16747776186068197
EXP_RPL10 (6134),0.16747663645772715
EXP_MED17 (9440),0.1674755164912307
EXP_HOXB7 (3217),0.16747127394258055
EXP_PRKAA1 (5562),0.16746953903386874
EXP_TTLL5 (23093),0.16746876667120691
EXP_RSKR (124923),0.16746785013831378
EXP_TMEM254 (80195),0.16746550941107596
EXP_RILPL2 (196383),0.16746515746045532
EXP_DNAJC4 (3338),0.1674647805846261
EXP_PCGF1 (84759),0.16746359604410888
EXP_ABCA7 (10347),0.1674627566124629
EXP_SINHCAF (58516),0.16746247830677063
EXP_SPATA6L (55064),0.16746235399473264
EXP_FOSL2 (2355),0.16745892296876175
EXP_SNED1 (25992),0.16745890890853143
EXP_PPM1L (151742),0.1674587912046901
EXP_ZMAT5 (55954),0.16745789307730607
EXP_TRRAP (8295),0.16745767083433805
EXP_ZSCAN9 (7746),0.16745268697623583
EXP_RIN1 (9610),0.1674522185829126
EXP_PRPF39 (55015),0.16745062900358487
EXP_ID2 (3398),0.1674494631243144
EXP_RPL35 (11224),0.16744910429233073
EXP_MTPAP (55149),0.16744884636986512
EXP_ARID4B (51742),0.1674482783140956
EXP_OCEL1 (79629),0.1674482201869445
EXP_WDR83 (84292),0.16744757038434788
EXP_LCN2 (3934),0.16744710296063836
EXP_POLE (5426),0.16744474063345294
EXP_SDHAF3 (57001),0.16744329363409793
EXP_FMNL3 (91010),0.1674427162573533
EXP_CREG2 (200407),0.16744151401892982
EXP_PPP1R2B (153743),0.1674388315005828
EXP_MSH3 (4437),0.1674380918022056
EXP_RIBC1 (158787),0.1674378858623191
EXP_BICD1 (636),0.1674360449403327
EXP_AK3 (50808),0.16743582261416812
EXP_MSN (4478),0.16743369716780432
EXP_LMO4 (8543),0.16743278475542933
EXP_ESYT3 (83850),0.167431363769583
EXP_NOSIP (51070),0.1674303201424019
EXP_UNG (7374),0.16743009070768444
EXP_AIFM2 (84883),0.16742688217359714
EXP_KCNQ4 (9132),0.1674265651362532
EXP_ATP5F1C (509),0.16742518629524117
EXP_DBN1 (1627),0.1674236543747254
EXP_DLD (1738),0.16742315942539232
EXP_NPIPB8 (728734),0.16742113535878111
EXP_ANGEL2 (90806),0.1674193754122406
EXP_GATAD1 (57798),0.16741723179115287
EXP_SETX (23064),0.16741695240851673
EXP_TET3 (200424),0.16741691004198245
EXP_VAMP3 (9341),0.1674167707440919
EXP_ZZEF1 (23140),0.167416479439078
EXP_TNFSF13 (8741),0.1674144520444596
EXP_LRRC37A3 (374819),0.16741404431339557
EXP_UXS1 (80146),0.16741375831109373
EXP_ZCWPW1 (55063),0.1674134162922032
EXP_TGFB1I1 (7041),0.16741296097272684
EXP_C16orf46 (123775),0.16741295576220683
EXP_PPARD (5467),0.16741265124733395
EXP_DNAJB12 (54788),0.16741030890625463
EXP_SYPL1 (6856),0.16740873146433266
EXP_RFK (55312),0.1674074511521999
EXP_MKS1 (54903),0.1674070245653354
EXP_ATP8B4 (79895),0.1674058007102568
EXP_PLAGL2 (5326),0.16740547950087414
EXP_LRRC8C (84230),0.16740441544629192
EXP_CLPX (10845),0.16740420241624587
EXP_RTRAF (51637),0.16740358727995908
EXP_MRPS11 (64963),0.1674017998655959
EXP_EPHA2 (1969),0.1674011486517486
EXP_TMEM151B (441151),0.1674009396623335
EXP_OVOL2 (58495),0.16740022363077856
EXP_VPS11 (55823),0.16739666468369752
EXP_INTS11 (54973),0.16739603784787338
EXP_CHFR (55743),0.1673957753558426
EXP_CCDC163 (126661),0.1673929277478976
EXP_MRPS30 (10884),0.16739130610133035
EXP_F8A3 (474384),0.16739114330260385
EXP_ANKRD34A (284615),0.16739089339488267
EXP_SGK2 (10110),0.16739078102675542
EXP_LIMD2 (80774),0.16739075704726147
EXP_TOMM34 (10953),0.1673881256718941
EXP_PURB (5814),0.16738748446810003
EXP_PLBD2 (196463),0.16738606567945258
EXP_ZCCHC3 (85364),0.16738600518777513
EXP_MZB1 (51237),0.16738495658620867
EXP_ATF6 (22926),0.1673823256730813
EXP_BTBD10 (84280),0.16738218592713405
EXP_PARP11 (57097),0.16738204279672608
EXP_PARP14 (54625),0.16737988488660793
EXP_NPHP4 (261734),0.1673795546786403
EXP_BACH1 (571),0.16737660561915835
EXP_CLIC5 (53405),0.16737618586671665
EXP_SPTLC3 (55304),0.16737529573492704
EXP_TPRG1L (127262),0.16737489028481622
EXP_GRB7 (2886),0.16737364120847786
EXP_ARRB2 (409),0.16737312148680772
EXP_DCTPP1 (79077),0.1673726596389713
EXP_GALNT12 (79695),0.1673723827220126
EXP_TNC (3371),0.16737219499327782
EXP_SPINT2 (10653),0.16737093781108392
EXP_CRAT (1384),0.1673689901442863
EXP_SAMM50 (25813),0.16736786797649472
EXP_MAP10 (54627),0.16736727901353277
EXP_ANKRD61 (100310846),0.16736711462702836
EXP_STMP1 (647087),0.16736707037342402
EXP_UBL4A (8266),0.16736674601441504
EXP_CYLD (1540),0.1673656487039894
EXP_TENT2 (167153),0.16736393049895426
EXP_BTN2A1 (11120),0.16736386535239323
EXP_RABGAP1L (9910),0.1673621982122908
EXP_OR7C1 (26664),0.16736110342610555
EXP_RDH11 (51109),0.1673599211229142
EXP_ZFYVE26 (23503),0.16735660895166404
EXP_MOSPD1 (56180),0.16735560416970685
EXP_TUBG2 (27175),0.16735380358879492
EXP_ACOXL (55289),0.16735307315052772
EXP_OPA1 (4976),0.16735112974670585
EXP_EEF1AKMT1 (221143),0.16735007627586107
EXP_NUDT14 (256281),0.16734839928462542
EXP_RHOA (387),0.16734724278369928
EXP_ZNF593OS (118568799),0.16734569700846436
EXP_GALNT1 (2589),0.16734482801386186
EXP_EPCAM (4072),0.16734382346380539
EXP_EIF1 (10209),0.167343804143691
EXP_DYNLT2 (6991),0.16734076373725326
EXP_COA5 (493753),0.16734043116044894
EXP_TXNL4B (54957),0.16733757067646948
EXP_ZNF385A (25946),0.16733578269109106
EXP_TMEM62 (80021),0.16733528909062922
EXP_ACY1 (95),0.1673352376819226
EXP_CD99L2 (83692),0.16733512928576832
EXP_UBE3C (9690),0.16733360385304952
EXP_IFT57 (55081),0.1673329105884358
EXP_SAPCD1 (401251),0.16733141896388126
EXP_ZNF519 (162655),0.1673279329625572
EXP_PCBD1 (5092),0.16732649583621662
EXP_CDKN2C (1031),0.16732517331585584
EXP_RTN4 (57142),0.16732440315292507
EXP_CIAO2A (84191),0.1673222274259274
EXP_WFDC3 (140686),0.16732061954009314
EXP_TBL3 (10607),0.16731995877296146
EXP_GCC1 (79571),0.16731505776087907
EXP_UPK3BL1 (100134938),0.16731449614188865
EXP_ADGRA3 (166647),0.16731448164522966
EXP_CCNB1IP1 (57820),0.1673135919404496
EXP_TSPAN11 (441631),0.16731341188251747
EXP_ZNF543 (125919),0.16731197030437173
EXP_MEF2D (4209),0.16731014915406917
EXP_TMEM177 (80775),0.1673099556786788
EXP_CRIPT (9419),0.16730914953441012
EXP_ZEB1 (6935),0.16730896841900567
EXP_NTPCR (84284),0.16730891289341088
EXP_TPMT (7172),0.1673070327730608
EXP_MLEC (9761),0.16730569508977222
EXP_SS18L2 (51188),0.1673027240372944
EXP_SPEG (10290),0.16730008412376485
EXP_PPM1G (5496),0.1672968725615105
EXP_LYSMD4 (145748),0.16729356450173327
EXP_CDKN1B (1027),0.1672915267752293
EXP_RAB36 (9609),0.16728930117660568
EXP_YEATS4 (8089),0.16728744346936342
EXP_ILK (3611),0.16728709062596803
EXP_CNOT6 (57472),0.1672870378905431
EXP_NOTCH3 (4854),0.16728571563557537
EXP_LYAR (55646),0.1672840894176364
EXP_ZYG11B (79699),0.16728194635911908
EXP_ZGPAT (84619),0.16728107185089947
EXP_ARID5A (10865),0.16728088418377585
EXP_TFPI (7035),0.1672804079314325
EXP_SS18 (6760),0.1672758884643013
EXP_BRSK2 (9024),0.16727316925407365
EXP_CEP97 (79598),0.16727288799354412
EXP_LBX2 (85474),0.16727270329766508
EXP_CKMT2 (1160),0.1672721843488052
EXP_FBXL22 (283807),0.16726915423045696
EXP_ZSWIM3 (140831),0.16726827462720895
EXP_ZNF444 (55311),0.1672673040688597
EXP_ZNF701 (55762),0.167266694037151
EXP_SPAG16 (79582),0.16726641681077492
EXP_CAPN7 (23473),0.16726313854792796
EXP_MEX3A (92312),0.16726250687664646
EXP_MAPRE3 (22924),0.16726224324485361
EXP_SF3A3 (10946),0.16726003504735232
EXP_TOR1A (1861),0.16726000758342696
EXP_GTPBP1 (9567),0.16725977385313673
EXP_PPP4R4 (57718),0.16725899953765744
EXP_TACSTD2 (4070),0.16725806483942574
EXP_ALDH18A1 (5832),0.16725763077252065
EXP_GLB1L2 (89944),0.16725456901801738
EXP_GLUD1 (2746),0.16725169066136925
EXP_KMT5C (84787),0.1672511604928415
EXP_BBS10 (79738),0.16724725894876524
EXP_SPATA17 (128153),0.16724631811853907
EXP_DET1 (55070),0.16724355950229963
EXP_WDPCP (51057),0.16724217706480093
EXP_RNF227 (284023),0.1672420193986719
EXP_TECR (9524),0.16724034909859586
EXP_STX6 (10228),0.16723868437141043
EXP_GID8 (54994),0.16723643270881272
EXP_AATK (9625),0.16723457755102267
EXP_RPL36 (25873),0.16722980776280938
EXP_GEMIN6 (79833),0.16722790735450044
EXP_EPHA10 (284656),0.16722780787016234
EXP_UCP2 (7351),0.1672262379788636
EXP_SERINC4 (619189),0.1672249830605237
EXP_PDLIM5 (10611),0.1672238662617156
EXP_HSDL2 (84263),0.16722273592349257
EXP_SLX9 (85395),0.16722158197687698
EXP_NAB2 (4665),0.1672186188140179
EXP_NAA35 (60560),0.16721822676778864
EXP_PLPP2 (8612),0.16721739290897641
EXP_BLVRA (644),0.16721593298767967
EXP_G3BP2 (9908),0.16721574236445313
EXP_ZC3H12C (85463),0.1672154383654041
EXP_TBC1D3B (414059),0.16721537517766283
EXP_EVI5 (7813),0.16721523271993188
EXP_FAM136A (84908),0.1672145545673267
EXP_TIAL1 (7073),0.1672131772330525
EXP_PLA2G6 (8398),0.16721296157924304
EXP_RAB5IF (55969),0.16720992379863642
EXP_CELSR2 (1952),0.1672094869777112
EXP_FBXL20 (84961),0.16720889824166463
EXP_ZNF629 (23361),0.16720721610976508
EXP_ZNF251 (90987),0.1672010339762533
EXP_ADPRM (56985),0.1672003790328196
EXP_NDST1 (3340),0.16719955653711782
EXP_TMEM144 (55314),0.167198822231029
EXP_SC5D (6309),0.16719818810346254
EXP_CNEP1R1 (255919),0.16719759921549393
EXP_INSIG2 (51141),0.16719581102946446
EXP_TBX3 (6926),0.16719558945154844
EXP_FBXO41 (150726),0.16719182304987523
EXP_B4GALT5 (9334),0.1671917557516256
EXP_PRKCA (5578),0.16719015389227998
EXP_PIF1 (80119),0.16718973707151097
EXP_FTL (2512),0.16718843433706976
EXP_MAGT1 (84061),0.1671873891045612
EXP_NOL8 (55035),0.16718633026519925
EXP_GSTP1 (2950),0.16718529020783812
EXP_CCNA2 (890),0.1671843818333274
EXP_ABCC1 (4363),0.16718193186537889
EXP_SNX19 (399979),0.1671801977385705
EXP_CDC14A (8556),0.1671795998945944
EXP_ZNF335 (63925),0.16717835735211128
EXP_RHOG (391),0.1671777245600783
EXP_OTUD5 (55593),0.16717672567161124
EXP_ALDH1A1 (216),0.16717657503150019
EXP_HEATR1 (55127),0.1671749053349867
EXP_ANKRD13C (81573),0.1671740514458877
EXP_INPP5A (3632),0.16717382873408315
EXP_RASGEF1B (153020),0.16717251319573645
EXP_ZNF117 (51351),0.16717220861676996
EXP_ZNF846 (162993),0.167171072269916
EXP_JRK (8629),0.1671708331202364
EXP_METTL15 (196074),0.1671692296716163
EXP_MGAT1 (4245),0.16716694638542595
EXP_SP140 (11262),0.1671667890389621
EXP_TDRKH (11022),0.1671663832770811
EXP_RASA4B (100271927),0.16716567336671773
EXP_MEGF9 (1955),0.16716545692405127
EXP_CSKMT (751071),0.16716528290288934
EXP_YIPF6 (286451),0.167163059958928
EXP_TREX1 (11277),0.1671624689127933
EXP_RPL5 (6125),0.16716169222728539
EXP_CIAPIN1 (57019),0.16716141861913503
EXP_ZNF550 (162972),0.16716114399130788
EXP_SARAF (51669),0.16715982996475987
EXP_DEPP1 (11067),0.16715960513371098
EXP_ZNF100 (163227),0.16715956418155287
EXP_NDUFV2 (4729),0.16715708676262686
EXP_PPP2R5D (5528),0.16715644685394082
EXP_TDRD3 (81550),0.1671558189619713
EXP_CCT2 (10576),0.16715548869276198
EXP_HMGA1 (3159),0.16715531135498907
EXP_MCFD2 (90411),0.16715483559810274
EXP_C5orf34 (375444),0.16715361831186826
EXP_NLN (57486),0.16715272423859773
EXP_ADNP (23394),0.1671525281969206
EXP_BTNL9 (153579),0.16715167126668717
EXP_NPDC1 (56654),0.16714845831749248
EXP_KIAA1614 (57710),0.16714767756541704
EXP_FPGS (2356),0.1671472002700325
EXP_COPS3 (8533),0.1671449085382184
EXP_CLK3 (1198),0.1671438849087652
EXP_DECR2 (26063),0.16713907494856528
EXP_UBE2W (55284),0.1671386288315686
EXP_TUBB6 (84617),0.16713785059178488
EXP_PCYOX1 (51449),0.16713755187179657
EXP_OGA (10724),0.1671374884190513
EXP_NCF2 (4688),0.16713742835738543
EXP_ZNF724 (440519),0.16713438365256383
EXP_NR1H3 (10062),0.16713176160243748
EXP_ARL2BP (23568),0.1671316563986327
EXP_NFKBIZ (64332),0.1671314781791553
EXP_SESN2 (83667),0.1671313152169951
EXP_ZNF217 (7764),0.167129415946615
EXP_SPTSSB (165679),0.16712912069382657
EXP_S1PR3 (1903),0.16712762010376014
EXP_ZDHHC14 (79683),0.16712417130199242
EXP_RNF146 (81847),0.16712338113576308
EXP_CEP68 (23177),0.1671233258448428
EXP_SHROOM1 (134549),0.16711994585082568
EXP_SLU7 (10569),0.16711909207477937
EXP_SPATA2L (124044),0.16711801012037864
EXP_PALLD (23022),0.1671170779561315
EXP_BBS4 (585),0.16711706877748878
EXP_POGLUT2 (79070),0.167114886223926
EXP_CARS1 (833),0.16711442658106979
EXP_COL7A1 (1294),0.16711285763004557
EXP_AQR (9716),0.1671125656902266
EXP_MTERF2 (80298),0.16711092186533438
EXP_ARHGAP12 (94134),0.16710989014044486
EXP_SRSF9 (8683),0.1671079394362085
EXP_ACSBG1 (23205),0.16710716004355852
EXP_C1orf174 (339448),0.16710706012942378
EXP_GART (2618),0.16710665705664596
EXP_ALDH7A1 (501),0.16710548325390384
EXP_CMPK1 (51727),0.1671050440861812
EXP_SLC25A36 (55186),0.16710293948445631
EXP_TTBK2 (146057),0.1671024615531751
EXP_TRIM62 (55223),0.16710209783448615
EXP_PAK4 (10298),0.16710089298451347
EXP_CBX2 (84733),0.16710022055736928
EXP_ZNF337 (26152),0.16710015506317166
EXP_BCKDK (10295),0.1670999699217237
EXP_EHD1 (10938),0.16709916301040817
EXP_ATAD3C (219293),0.16709300344304712
EXP_ATXN7L2 (127002),0.16709100700408008
EXP_PCGF2 (7703),0.16709025500060903
EXP_NDUFAF3 (25915),0.16709005267462906
EXP_ZNHIT2 (741),0.16708996999397208
EXP_WDR33 (55339),0.1670895395888019
EXP_C2orf74 (339804),0.16708746233461635
EXP_CDC37L1 (55664),0.1670868965587058
EXP_ARF6 (382),0.1670847516545768
EXP_ZNF852 (285346),0.16708241995217232
EXP_ORC1 (4998),0.16708094772114634
EXP_RIC1 (57589),0.16708046898268591
EXP_EIF4G2 (1982),0.16707894319055594
EXP_PPP1R12C (54776),0.16707836683182808
EXP_TMT1A (25840),0.16707814526938414
EXP_MT1E (4493),0.16707535080075964
EXP_E2F7 (144455),0.16707433581744358
EXP_NR2F6 (2063),0.16707221667881544
EXP_MTMR4 (9110),0.1670720387224982
EXP_PRKCE (5581),0.16707174664867086
EXP_LAMC1 (3915),0.16707169495247065
EXP_SFI1 (9814),0.1670697036710065
EXP_LYPD6B (130576),0.16706887406511317
EXP_NHEJ1 (79840),0.16706826019785392
EXP_CCNE2 (9134),0.16706751658802244
EXP_ZXDA (7789),0.16706725897350605
EXP_GLOD4 (51031),0.16706694022067747
EXP_ZNF516 (9658),0.16706420684149492
EXP_TRIM69 (140691),0.16706341918272116
EXP_ZNF281 (23528),0.16706196294691367
EXP_CMTM7 (112616),0.16706124259225064
EXP_RIMS3 (9783),0.16706085488728473
EXP_NUDT22 (84304),0.1670606617878576
EXP_MT-ATP8 (4509),0.16705966943685713
EXP_PXYLP1 (92370),0.16705933472969914
EXP_C2orf69 (205327),0.16705889850880773
EXP_CEP295 (85459),0.16705888333404584
EXP_THSD8 (111644133),0.16705694776719326
EXP_FBXO9 (26268),0.16705623133451208
EXP_TTC7B (145567),0.16705610439865293
EXP_ILF3 (3609),0.16705534214302986
EXP_ZNF763 (284390),0.16705170452855533
EXP_CLIP2 (7461),0.16705021371955553
EXP_ZNF85 (7639),0.16704937544963094
EXP_MKRN1 (23608),0.16704700973301456
EXP_ACTR2 (10097),0.16704651944001014
EXP_H2AC25 (92815),0.16704636440102139
EXP_RETSAT (54884),0.16704556408287274
EXP_SPOCK1 (6695),0.16704544405221444
EXP_TTC39C (125488),0.16704415059237565
EXP_UCKL1 (54963),0.1670434837794712
EXP_DPAGT1 (1798),0.167040913636189
EXP_WASF1 (8936),0.1670404335878679
EXP_XYLT2 (64132),0.1670393945370705
EXP_DUOX2 (50506),0.1670388278092867
EXP_FBXW8 (26259),0.16703800071229846
EXP_H2BC18 (440689),0.1670374211628527
EXP_RANBP2 (5903),0.1670355811093902
EXP_TFG (10342),0.16703266035214082
EXP_PMFBP1 (83449),0.16703244994303112
EXP_CMAS (55907),0.16703205715856395
EXP_ELF2 (1998),0.16703013689174728
EXP_TECPR2 (9895),0.16703009386782686
EXP_RFXAP (5994),0.1670295829021473
EXP_WWC3 (55841),0.16702813807646955
EXP_RPS8 (6202),0.16702655405165778
EXP_TMEM53 (79639),0.16702577476266978
EXP_RNF222 (643904),0.1670249961788821
EXP_GNPAT (8443),0.16702361478644878
EXP_PLA2R1 (22925),0.16702329458214926
EXP_AXL (558),0.1670231927355088
EXP_FAM47E (100129583),0.1670229800730123
EXP_SPSB2 (84727),0.16702278027115813
EXP_LRRC37A (9884),0.16702238345494624
EXP_FRMD4A (55691),0.16702106491111834
EXP_FRRS1 (391059),0.16702040968263976
EXP_PCNP (57092),0.167019913766147
EXP_CHAF1B (8208),0.16701874031731467
EXP_GNB3 (2784),0.16701810125884542
EXP_DYNC2H1 (79659),0.1670180773127452
EXP_RBM17 (84991),0.16701684062226452
EXP_HIVEP1 (3096),0.1670164627834776
EXP_CEP83 (51134),0.16701622792764148
EXP_ZNF318 (24149),0.16701538763899482
EXP_RNF214 (257160),0.16701481430879994
EXP_PCMTD2 (55251),0.16701470775016336
EXP_TPK1 (27010),0.16701456549282856
EXP_TMEM256 (254863),0.16701441679348505
EXP_B3GALT6 (126792),0.16701415311125434
EXP_TMEM138 (51524),0.16701329024350553
EXP_CPED1 (79974),0.16701251572358533
EXP_MRPL49 (740),0.16701194627459337
EXP_MRFAP1L2 (93622),0.16701191406308702
EXP_EPSTI1 (94240),0.16701146531712663
EXP_GLRX2 (51022),0.1670111018309388
EXP_ARV1 (64801),0.16701078878426845
EXP_NPRL3 (8131),0.16700984203463332
EXP_CDC42EP5 (148170),0.16700579706002383
EXP_PPP1R12A (4659),0.16700320537600355
EXP_PGD (5226),0.16700145234450936
EXP_SLC25A37 (51312),0.16700132967198478
EXP_ATXN7L3B (552889),0.1669990356348645
EXP_MERTK (10461),0.16699710582160865
EXP_ACOX1 (51),0.16699674845388035
EXP_DCLRE1B (64858),0.16699402319580692
EXP_PSMD14 (10213),0.16699114492649691
EXP_DDX17 (10521),0.16698803385260952
EXP_NCS1 (23413),0.16698752048304755
EXP_FAXDC2 (10826),0.16698742490308138
EXP_GLA (2717),0.1669865970772264
EXP_CTPS2 (56474),0.16698648666413085
EXP_ZKSCAN4 (387032),0.16698511942865668
EXP_SPTLC1 (10558),0.16698465682485075
EXP_ABHD10 (55347),0.16698418381067448
EXP_PITX1 (5307),0.16698352566539665
EXP_EDARADD (128178),0.16698258821514322
EXP_MAP3K13 (9175),0.1669823714770997
EXP_PRIMPOL (201973),0.1669817213060627
EXP_PRKAB1 (5564),0.16698081841934442
EXP_TUBD1 (51174),0.1669775950584258
EXP_SENP7 (57337),0.1669769102155394
EXP_MCM6 (4175),0.16697686486948982
EXP_RHEB (6009),0.16697675610802865
EXP_ACAD8 (27034),0.16697629311916007
EXP_VCPKMT (79609),0.16697295503593867
EXP_GLS2 (27165),0.16697194591848508
EXP_RWDD2A (112611),0.166970270905483
EXP_RBIS (401466),0.16696979242534216
EXP_ME2 (4200),0.166969790487002
EXP_PHACTR4 (65979),0.16696953216781907
EXP_VAMP7 (6845),0.16696925157859077
EXP_ZC3H6 (376940),0.16696900088899902
EXP_NOP16 (51491),0.16696777228603565
EXP_TCAF2 (285966),0.16696469874999842
EXP_TPCN2 (219931),0.1669618859681936
EXP_HLA-B (3106),0.1669608001408589
EXP_ZNF468 (90333),0.1669595228506049
EXP_RBM39 (9584),0.16695923131313695
EXP_STRAP (11171),0.16695902587066058
EXP_SHISA4 (149345),0.16695647711931105
EXP_ZPR1 (8882),0.1669551844228856
EXP_GSPT1 (2935),0.16695382928813096
EXP_CDH23 (64072),0.1669532423620943
EXP_FDFT1 (2222),0.16695300363580845
EXP_SNX4 (8723),0.16695119727998264
EXP_HILPDA (29923),0.1669501614475042
EXP_KCMF1 (56888),0.16694976720617127
EXP_NDUFC1 (4717),0.16694944000063394
EXP_ZNF384 (171017),0.16694917725927905
EXP_CCNO (10309),0.1669471683372663
EXP_SFSWAP (6433),0.16694659548370616
EXP_PECR (55825),0.16694638066638934
EXP_CRB2 (286204),0.16694628040905002
EXP_ZNF850 (342892),0.16694550190578727
EXP_USP46 (64854),0.16694471876237227
EXP_SLAMF8 (56833),0.16694425949415148
EXP_TMUB1 (83590),0.16694373192950884
EXP_MOAP1 (64112),0.1669433136658114
EXP_ZNF236 (7776),0.1669431429757049
EXP_CKAP4 (10970),0.1669405907125654
EXP_CDNF (441549),0.16694056350192632
EXP_MGA (23269),0.16693925986720082
EXP_MEGF6 (1953),0.16693924894232115
EXP_SPACA9 (11092),0.16693896362322747
EXP_ABCC11 (85320),0.16693795360098562
EXP_PCM1 (5108),0.16693576054082815
EXP_PLXND1 (23129),0.166934056276701
EXP_EMC6 (83460),0.16693391671516533
EXP_MYO10 (4651),0.16693384698455382
EXP_DDIAS (220042),0.16693312644276936
EXP_ATP6V0B (533),0.16693274561786176
EXP_CNPY3 (10695),0.16693148152519566
EXP_BRCA1 (672),0.16693105365542582
EXP_PDCL (5082),0.16693080389144743
EXP_H2AZ1 (3015),0.1669300678943051
EXP_TFDP2 (7029),0.1669266618238856
EXP_INO80C (125476),0.16692636370840663
EXP_POP5 (51367),0.16692477225732727
EXP_LMO2 (4005),0.16692352261855792
EXP_MCU (90550),0.1669232389646753
EXP_ZNF485 (220992),0.16692178044543393
EXP_HNRNPA3 (220988),0.16692150458188948
EXP_ZNF710 (374655),0.16692033479442347
EXP_PNPLA6 (10908),0.16692022682658347
EXP_NPIPB2 (729978),0.16691917524343225
EXP_CPE (1363),0.16691906777174204
EXP_PDCD11 (22984),0.16691751799946353
EXP_LIPE (3991),0.16691375079508752
EXP_DPP3 (10072),0.16691337382936222
EXP_RAP1B (5908),0.16691262372226756
EXP_KATNAL1 (84056),0.166912601568038
EXP_IFI44L (10964),0.16691076343198485
EXP_SUSD6 (9766),0.16690994296352812
EXP_MLXIP (22877),0.16690984191621983
EXP_NIP7 (51388),0.16690932537252934
EXP_CZIB (54987),0.16690916525160837
EXP_TMEM182 (130827),0.16690498322244096
EXP_VPS16 (64601),0.16690496471764327
EXP_RMDN1 (51115),0.16690153992272272
EXP_SP140L (93349),0.16690124406153828
EXP_WDR77 (79084),0.16689899932003271
EXP_HIRIP3 (8479),0.16689808321264987
EXP_CXCL1 (2919),0.16689714168667003
EXP_TTC23 (64927),0.1668953516528946
EXP_PRELID3B (51012),0.1668950824341957
EXP_ARHGEF28 (64283),0.16689380499171502
EXP_TBC1D17 (79735),0.16689176033669373
EXP_FZD5 (7855),0.16689118324512986
EXP_PRXL2B (127281),0.16689099002156382
EXP_AP1S1 (1174),0.1668909107848613
EXP_ZNF304 (57343),0.1668904571424017
EXP_CCDC102A (92922),0.1668895652971294
EXP_OLR1 (4973),0.16688949861861246
EXP_AFTPH (54812),0.1668890949311761
EXP_RAPGEF1 (2889),0.16688803805657582
EXP_SFMBT1 (51460),0.16688796626354918
EXP_PKD2 (5311),0.16688768200628346
EXP_RGS3 (5998),0.16688755651075038
EXP_DTX3 (196403),0.1668869781404423
EXP_TRIQK (286144),0.1668869678606928
EXP_MTA2 (9219),0.16688660504089903
EXP_ABHD17A (81926),0.16688588775364455
EXP_DNAJC8 (22826),0.16688497069369213
EXP_SELENOF (9403),0.16688473567007378
EXP_AGRN (375790),0.16688328181790713
EXP_MAPRE1 (22919),0.16688312812736505
EXP_VCPIP1 (80124),0.1668824804850111
EXP_SFXN5 (94097),0.16688217971263963
EXP_ZNF837 (116412),0.16688019597169568
EXP_SERTAD2 (9792),0.16687978518545155
EXP_KCTD5 (54442),0.1668790094623569
EXP_TEAD2 (8463),0.1668771178069104
EXP_ITGB3BP (23421),0.1668732201137102
EXP_SMCO2 (341346),0.16687223908106485
EXP_MSRB3 (253827),0.16687097235282433
EXP_PSMA2 (5683),0.1668691448323516
EXP_CILP2 (148113),0.1668689001482191
EXP_ZNF140 (7699),0.1668679725964477
EXP_RNFT2 (84900),0.16686792429856556
EXP_LOXL4 (84171),0.1668675080263009
EXP_SMARCC2 (6601),0.1668668870863783
EXP_ALDH1A3 (220),0.1668667888474049
EXP_GPI (2821),0.16686643699535786
EXP_LNX1 (84708),0.16686453978882643
EXP_CIITA (4261),0.16686434279205198
EXP_TRAF3IP2 (10758),0.16686405075374644
EXP_PTPN6 (5777),0.16686223053883076
EXP_MFSD14A (64645),0.16686171707066233
EXP_KPNA2 (3838),0.1668603987248911
EXP_AARS2 (57505),0.16685920907695007
EXP_BCAP31 (10134),0.1668579258364229
EXP_SLC41A3 (54946),0.16685755157754212
EXP_ZNF687 (57592),0.16685744586262796
EXP_RCOR1 (23186),0.16685738338694645
EXP_TMC6 (11322),0.16685722114135437
EXP_RNF7 (9616),0.16685608918123673
EXP_NVL (4931),0.16685591966531277
EXP_DLK2 (65989),0.16685583677180293
EXP_TAF1A (9015),0.16685373215297084
EXP_MT-ATP6 (4508),0.16685368388092758
EXP_CLDN4 (1364),0.16685267898714873
EXP_ANAPC1 (64682),0.16684916944245742
EXP_PLEKHG2 (64857),0.1668491613518599
EXP_REV3L (5980),0.1668489453343911
EXP_MYLK4 (340156),0.16684730739626463
EXP_XYLB (9942),0.16684710131126224
EXP_JCHAIN (3512),0.16684560892700784
EXP_GALC (2581),0.16684428705656096
EXP_SLC2A10 (81031),0.16684174811964425
EXP_YIPF5 (81555),0.1668403568115684
EXP_SNRPN (6638),0.1668389937676027
EXP_ESYT2 (57488),0.16683839832161507
EXP_MIB2 (142678),0.1668382997599558
EXP_UBE2Z (65264),0.1668351455651349
EXP_ARHGEF37 (389337),0.16683472306884983
EXP_SNRNP27 (11017),0.16683425362832072
EXP_PPFIBP1 (8496),0.16683352518470507
EXP_WNT4 (54361),0.1668334219553671
EXP_GMEB1 (10691),0.16683260003913425
EXP_TSPAN12 (23554),0.1668310171917673
EXP_OGFRL1 (79627),0.16683085479958937
EXP_GSK3A (2931),0.16682935463867743
EXP_CDK17 (5128),0.16682561555420783
EXP_MT-CYB (4519),0.16682522581546078
EXP_IL9R (3581),0.1668232361796722
EXP_BRD3OS (266655),0.16682088652330673
EXP_POLR2J3 (548644),0.16682042404068387
EXP_TRAF5 (7188),0.1668200624308085
EXP_RFX5 (5993),0.1668197655091781
EXP_SMG5 (23381),0.16681919461978278
EXP_ZNF124 (7678),0.16681818615582777
EXP_SLC3A1 (6519),0.16681694350151055
EXP_FBXL4 (26235),0.1668148769694504
EXP_EPN2 (22905),0.16681323501404322
EXP_CREB3 (10488),0.1668128054655007
EXP_GPM6A (2823),0.16681254978413484
EXP_NKX3-1 (4824),0.16681206356084743
EXP_PDE4B (5142),0.16681053694029035
EXP_RNF185 (91445),0.16680899370471458
EXP_CC2D1B (200014),0.16680783202381022
EXP_SLTM (79811),0.16680729270046246
EXP_WWC1 (23286),0.16680635052867832
EXP_GTSE1 (51512),0.16680383592226455
EXP_SPRN (503542),0.16680229798969393
EXP_METTL9 (51108),0.16680228530995933
EXP_HSPG2 (3339),0.1668006590920479
EXP_ME3 (10873),0.16680055582060938
EXP_DHCR24 (1718),0.1667986295651147
EXP_OAS2 (4939),0.16679762030218015
EXP_TNFAIP1 (7126),0.16679684910085957
EXP_ZBTB38 (253461),0.16679556257098316
EXP_ZNF490 (57474),0.16679320964525512
EXP_SDAD1 (55153),0.16679291271205088
EXP_BTBD8 (284697),0.16679223895408768
EXP_GTF2H5 (404672),0.166790227898999
EXP_BATF2 (116071),0.16678952543577985
EXP_ZNHIT6 (54680),0.1667891151276759
EXP_EPRS1 (2058),0.16678831666248684
EXP_TNPO3 (23534),0.16678780798266946
EXP_WDR13 (64743),0.16678759542381894
EXP_TMEM214 (54867),0.16678689646410927
EXP_PPP4C (5531),0.16678346037925085
EXP_CHCHD2 (51142),0.1667831695955968
EXP_DUSP10 (11221),0.16678021694798506
EXP_USP31 (57478),0.16677987218865908
EXP_TKT (7086),0.16677932027453846
EXP_MITF (4286),0.1667790900624322
EXP_POLR2J (5439),0.16677778923309816
EXP_MFSD5 (84975),0.1667773754750952
EXP_MTBP (27085),0.16677669808714235
EXP_SNUPN (10073),0.16677437018143326
EXP_TATDN2 (9797),0.16677319753386222
EXP_ARL8B (55207),0.16677118386525258
EXP_TIAM1 (7074),0.16677112761372737
EXP_TRABD (80305),0.1667710930585642
EXP_PABIR3 (159091),0.16677105054645658
EXP_NPFF (8620),0.16677084909525153
EXP_MTHFR (4524),0.16677036765808761
EXP_ZC3H10 (84872),0.16676990981970352
EXP_UBQLN4 (56893),0.16676979151599713
EXP_KRT10 (3858),0.16676949992540369
EXP_INCA1 (388324),0.16676949782789663
EXP_ZNF558 (148156),0.16676938056094137
EXP_USP42 (84132),0.16676911838317654
EXP_EIF3D (8664),0.16676846207122686
EXP_SIPA1 (6494),0.16676767177358975
EXP_CREM (1390),0.16676758142788461
EXP_CDC42SE1 (56882),0.16676573893505253
EXP_PUS7 (54517),0.16676484968439187
EXP_NDUFS7 (374291),0.16676413359753184
EXP_TIGD2 (166815),0.1667640169058071
EXP_OSBPL5 (114879),0.1667614428474158
EXP_GRHPR (9380),0.1667606358842617
EXP_IDNK (414328),0.16675907947969204
EXP_SCARB1 (949),0.1667581034811132
EXP_TBC1D25 (4943),0.16675786651692892
EXP_CELF1 (10658),0.16675758014701447
EXP_RABGAP1 (23637),0.16675739173265924
EXP_GLCE (26035),0.1667564736684426
EXP_ESCO2 (157570),0.16675557230772498
EXP_ARSB (411),0.16675443763403486
EXP_TRIAP1 (51499),0.16675322632804868
EXP_MRPL30 (51263),0.16675142415741107
EXP_UBL5 (59286),0.16675134983624762
EXP_STEAP1 (26872),0.1667499859783872
EXP_GRK4 (2868),0.16674744528056618
EXP_NUBPL (80224),0.16674604186002995
EXP_FBXL15 (79176),0.16674572596810933
EXP_SLC25A14 (9016),0.16674570918901743
EXP_LEAP2 (116842),0.1667445777288501
EXP_RNF2 (6045),0.1667411341000351
EXP_PIH1D2 (120379),0.16673752964736632
EXP_NUMB (8650),0.1667359090371603
EXP_PELI1 (57162),0.16673484302926234
EXP_SDF4 (51150),0.166733782829378
EXP_HLTF (6596),0.16673133110446514
EXP_TMEM167B (56900),0.1667312966229817
EXP_MT1F (4494),0.16673085379263686
EXP_PPP1R14C (81706),0.16673083625176588
EXP_DHX37 (57647),0.1667296617717824
EXP_ZBTB3 (79842),0.16672922025145098
EXP_HECA (51696),0.16672874658312775
EXP_HCN2 (610),0.16672739443934592
EXP_KIF2C (11004),0.16672698978736467
EXP_CLDN11 (5010),0.1667256365398968
EXP_CYP2U1 (113612),0.1667234154003232
EXP_SP2 (6668),0.16672306466277398
EXP_C6orf62 (81688),0.166722805811526
EXP_IRF4 (3662),0.1667224746222864
EXP_FIP1L1 (81608),0.16672097047701584
EXP_KDM2A (22992),0.16671926578081298
EXP_CARD16 (114769),0.16671687264472634
EXP_B3GNT2 (10678),0.16671664562667132
EXP_MTREX (23517),0.16671650855834486
EXP_AMDHD1 (144193),0.16671264708898725
EXP_GNPDA2 (132789),0.16671096711929323
EXP_KRT83 (3889),0.16670941706546927
EXP_CNTD1 (124817),0.16670859294313267
EXP_ENSA (2029),0.1667070298800022
EXP_SIAH2 (6478),0.1667046796188867
EXP_RBPMS2 (348093),0.16670419599506747
EXP_CA2 (760),0.16670384663199656
EXP_SLC35D2 (11046),0.16670314008596776
EXP_NBPF12 (149013),0.16670255278243307
EXP_C17orf67 (339210),0.1667022190398546
EXP_CDC42BPG (55561),0.16670002383538218
EXP_SDHAF1 (644096),0.16669923944789833
EXP_YWHAQ (10971),0.1666990163715436
EXP_HDAC11 (79885),0.16669889921538772
EXP_CTDSPL2 (51496),0.1666986351683839
EXP_TRIM37 (4591),0.1666986054167765
EXP_SHOX2 (6474),0.16669836241682834
EXP_BAG3 (9531),0.1666975190775375
EXP_FHOD3 (80206),0.1666973039495332
EXP_SLCO3A1 (28232),0.16669686041367537
EXP_GSTM3 (2947),0.1666957239697071
EXP_SWT1 (54823),0.16669392445312248
EXP_PFKFB4 (5210),0.16669290983363272
EXP_C4orf33 (132321),0.16669244433460673
EXP_SGK3 (23678),0.1666924219879231
EXP_MXD1 (4084),0.16669221283625646
EXP_LRIT3 (345193),0.16669211293981068
EXP_ZNF778 (197320),0.16668921078666177
EXP_PHOSPHO2 (493911),0.16668869566916023
EXP_DMC1 (11144),0.16668656406190951
EXP_GPLD1 (2822),0.1666858839393095
EXP_TTC9C (283237),0.16668581768474766
EXP_PLK3 (1263),0.16668484729155963
EXP_KRR1 (11103),0.1666838854869077
EXP_FBN1 (2200),0.16668370763260754
EXP_MED14OS (100873985),0.16668230231285097
EXP_EEF1E1 (9521),0.16668204123428865
EXP_RAB33A (9363),0.1666815073546557
EXP_NDE1 (54820),0.1666788472681997
EXP_WDR47 (22911),0.16667830392133887
EXP_OXSR1 (9943),0.16667637634012422
EXP_AK6 (102157402),0.16667540249738977
EXP_KCTD2 (23510),0.16667518214615384
EXP_NAALAD2 (10003),0.16667266726329633
EXP_ARL16 (339231),0.16666764068379258
EXP_VOPP1 (81552),0.16666659444853504
EXP_FNDC10 (643988),0.16666521626999042
EXP_REPIN1 (29803),0.16666487557367482
EXP_GPD2 (2820),0.16666404346825203
EXP_DEDD (9191),0.16666330382967143
EXP_AFG2B (79029),0.16666312084363089
EXP_MIEN1 (84299),0.16666204866193102
EXP_GNG12 (55970),0.16666164303976672
EXP_NR1H2 (7376),0.16665998702748208
EXP_NMI (9111),0.16665957485319716
EXP_HCFC1 (3054),0.16665762540922646
EXP_H2BC4 (8347),0.16665755455542985
EXP_ELAVL1 (1994),0.16665419026891115
EXP_ZNF766 (90321),0.16665294350528725
EXP_PHF21A (51317),0.1666526155604684
EXP_RAD1 (5810),0.16664659452200592
EXP_TMEM248 (55069),0.16664652309209593
EXP_ZNF772 (400720),0.16664641267084956
EXP_TESMIN (9633),0.16664636601752836
EXP_NF2 (4771),0.16664629252005358
EXP_CFAP57 (149465),0.16664606349710187
EXP_NDUFS2 (4720),0.1666441807418595
EXP_RBM4 (5936),0.16664255539162998
EXP_TAF4 (6874),0.16664196807046583
EXP_STK35 (140901),0.16664093689338078
EXP_TIGD1 (200765),0.1666404579972749
EXP_ADRB1 (153),0.16663957875742952
EXP_PC (5091),0.1666389671272901
EXP_AXIN1 (8312),0.1666381818523126
EXP_MAPK8 (5599),0.16663763604973525
EXP_ARTN (9048),0.16663750109037867
EXP_LEKR1 (389170),0.1666366667091994
EXP_TLE3 (7090),0.16663454757509477
EXP_RBM25 (58517),0.16663389127562667
EXP_RIOK1 (83732),0.16663385772012962
EXP_CSK (1445),0.16663385109889717
EXP_SMPD1 (6609),0.16663341913446583
EXP_MSS51 (118490),0.16663135506379767
EXP_ADAM10 (102),0.16662990146776568
EXP_MEX3C (51320),0.1666295569612597
EXP_PCGF6 (84108),0.1666288800979876
EXP_KLHDC9 (126823),0.16662623292723566
EXP_ITGB7 (3695),0.16662573350184928
EXP_ARAP1 (116985),0.16662548727598558
EXP_SETD6 (79918),0.1666241799627688
EXP_VPS37B (79720),0.16662242224039137
EXP_KHDRBS3 (10656),0.16662107261112347
EXP_PTCD3 (55037),0.16661845597944414
EXP_CPS1 (1373),0.16661813702432848
EXP_CDK13 (8621),0.16661517494456746
EXP_CYTH1 (9267),0.16661451275632544
EXP_STMN1 (3925),0.1666124092762411
EXP_TBC1D9 (23158),0.16660770265195435
EXP_ZNF503 (84858),0.16660715952092442
EXP_CALCRL (10203),0.1666071246886327
EXP_RRP8 (23378),0.16660685845453216
EXP_RNH1 (6050),0.16660564627551544
EXP_TUT1 (64852),0.16660409108161023
EXP_CBX6 (23466),0.1666035435172306
EXP_NQO1 (1728),0.1666031225048883
EXP_PAPOLG (64895),0.1666020697329147
EXP_UTP4 (84916),0.16659972383534427
EXP_ZNF462 (58499),0.16659966566303286
EXP_HELLS (3070),0.16659932062394667
EXP_TNKS (8658),0.1665991119823964
EXP_RGS10 (6001),0.1665990899311236
EXP_PRADC1 (84279),0.16659891390335524
EXP_ASAP2 (8853),0.16659885494978965
EXP_ZNF391 (346157),0.16659834670282336
EXP_NBPF9 (400818),0.16659805826036234
EXP_TPR (7175),0.16659693124610442
EXP_ZNRF3 (84133),0.16659678431806046
EXP_UGP2 (7360),0.16659422276333125
EXP_TRNT1 (51095),0.1665939448309981
EXP_TUBGCP2 (10844),0.16659335018150667
EXP_ULBP2 (80328),0.1665924246412649
EXP_HDAC4 (9759),0.1665918192639051
EXP_AGPS (8540),0.16659151512483117
EXP_FUBP3 (8939),0.16659106366704712
EXP_AGGF1 (55109),0.16658887863647198
EXP_TOR3A (64222),0.16658760215074953
EXP_ICA1 (3382),0.16658565542600012
EXP_CPAMD8 (27151),0.16658425248653597
EXP_FAM110C (642273),0.16658422447811017
EXP_TBC1D10B (26000),0.16658228402700193
EXP_SLC25A24 (29957),0.16658212245002701
EXP_RAB11A (8766),0.16658054402481604
EXP_LZIC (84328),0.16657961526599951
EXP_DHX38 (9785),0.1665791546076152
EXP_C12orf60 (144608),0.16657852626189218
EXP_ENTR1 (10807),0.166577192278905
EXP_BAZ1B (9031),0.1665771172308128
EXP_ANLN (54443),0.16657458403747327
EXP_IZUMO4 (113177),0.16657166835513326
EXP_CEBPZ (10153),0.16656883472733863
EXP_YEATS2 (55689),0.16656841023495872
EXP_TXNDC5 (81567),0.16656625303294081
EXP_RBM6 (10180),0.16656344875981688
EXP_DXO (1797),0.16656234468206943
EXP_SKA1 (220134),0.16656185427017967
EXP_KDELR1 (10945),0.16656174081893216
EXP_MRPL28 (10573),0.16656088495862686
EXP_POLR3C (10623),0.16656064308275464
EXP_TEDC2 (80178),0.16656051443414288
EXP_PRDX3 (10935),0.16656035847420547
EXP_ALG3 (10195),0.16655982266016434
EXP_ECPAS (23392),0.16655875284070376
EXP_FOXO1 (2308),0.1665571440248481
EXP_TRANK1 (9881),0.16655530696881815
EXP_BRAF (673),0.16655492992864307
EXP_ALAS1 (211),0.16655328461902297
EXP_PAXIP1 (22976),0.16655141751005687
EXP_CENPF (1063),0.166550858739841
EXP_KEAP1 (9817),0.16654985213818474
EXP_SLC25A38 (54977),0.16654837802328792
EXP_PDCD1LG2 (80380),0.16654818592152676
EXP_TAOK3 (51347),0.1665471305868751
EXP_HCAR1 (27198),0.16654686691129506
EXP_DOCK7 (85440),0.16654672867531772
EXP_OGFOD1 (55239),0.1665456039454014
EXP_FUBP1 (8880),0.1665453826893568
EXP_PUM3 (9933),0.16654536197328884
EXP_PTPRR (5801),0.16654371012821656
EXP_SCN5A (6331),0.1665417048217961
EXP_ANKRD36 (375248),0.1665409097406645
EXP_NOMO1 (23420),0.16654088958727709
EXP_LARGE2 (120071),0.1665402854150626
EXP_ZFAND5 (7763),0.1665398828708069
EXP_NICN1 (84276),0.16653983891402024
EXP_PDXP (57026),0.1665391064865167
EXP_PFKL (5211),0.16653874811498603
EXP_DIPK2A (205428),0.16653702468596254
EXP_PAAF1 (80227),0.1665367680944616
EXP_KLHL11 (55175),0.16653566277467924
EXP_MECP2 (4204),0.1665341198454069
EXP_BTBD1 (53339),0.16653308853081938
EXP_SLC35E2B (728661),0.16653163011212158
EXP_GJC1 (10052),0.166531373509895
EXP_C1orf116 (79098),0.16653041333669982
EXP_PHACTR2 (9749),0.1665271491687017
EXP_STK11IP (114790),0.16652683951800995
EXP_MAD2L1BP (9587),0.1665266696021348
EXP_SCNN1A (6337),0.16652199322178074
EXP_ARRDC4 (91947),0.16652188536850066
EXP_HELZ (9931),0.1665215827373867
EXP_OSBPL11 (114885),0.16652093852110816
EXP_TP53INP2 (58476),0.16651978778421928
EXP_SRSF2 (6427),0.16651920496788097
EXP_HERC3 (8916),0.16651813169634977
EXP_CXCL3 (2921),0.16651660052094552
EXP_FAM89A (375061),0.16651537556228213
EXP_NAIP (4671),0.16651242308450165
EXP_CHD7 (55636),0.16651153068424662
EXP_NBPF3 (84224),0.16651123402565737
EXP_USP47 (55031),0.16650997567014336
EXP_RPAP2 (79871),0.16650988519460608
EXP_MBD1 (4152),0.16650974101836535
EXP_HPS1 (3257),0.16650960692824324
EXP_TBC1D7 (51256),0.1665091414569142
EXP_SNRPE (6635),0.1665087436501631
EXP_ATP2B4 (493),0.16650868065501268
EXP_PGGT1B (5229),0.16650785545097158
EXP_ALKBH2 (121642),0.16650607615850443
EXP_IRGQ (126298),0.16650547689432393
EXP_RPS6KC1 (26750),0.166505455732886
EXP_PDPR (55066),0.16650459024869235
EXP_SRGAP2 (23380),0.1665035269503008
EXP_RAB6A (5870),0.16650342839190557
EXP_ZNF445 (353274),0.16650186085498841
EXP_UBAP2 (55833),0.16649505917789664
EXP_NIBAN3 (199786),0.16649476076821657
EXP_UBR2 (23304),0.16649471774761704
EXP_PARG (8505),0.16649341364207526
EXP_CBX8 (57332),0.16649313397340748
EXP_DOP1A (23033),0.1664907664516182
EXP_ERI3 (79033),0.16648980319783924
EXP_TSNAX (7257),0.16648796699839874
EXP_CYP26B1 (56603),0.16648776326332015
EXP_ERG28 (11161),0.1664871505825083
EXP_MFN2 (9927),0.16648708322678019
EXP_ITGBL1 (9358),0.1664857798991628
EXP_H3-5 (440093),0.16648517089140658
EXP_XKR8 (55113),0.16648268308123715
EXP_SNAPIN (23557),0.1664819692841153
EXP_L3MBTL2 (83746),0.16648186224966377
EXP_ZNF420 (147923),0.1664796222221936
EXP_WFDC2 (10406),0.16647915784639178
EXP_DHDDS (79947),0.16647911717331976
EXP_WDSUB1 (151525),0.16647909641094571
EXP_RPL24 (6152),0.1664789588479474
EXP_POLH (5429),0.16647819287067822
EXP_GNG2 (54331),0.16647394931488968
EXP_ANKRD42 (338699),0.1664728963575346
EXP_OARD1 (221443),0.16647196354593596
EXP_SENP3 (26168),0.16647092513914163
EXP_RBM22 (55696),0.1664706007672132
EXP_DDAH1 (23576),0.16647043102302828
EXP_MMUT (4594),0.16647042930389766
EXP_LSG1 (55341),0.1664696391884437
EXP_RAB11FIP5 (26056),0.16646958737887374
EXP_ETF1 (2107),0.16646868708143447
EXP_BSPRY (54836),0.1664681198182265
EXP_PCSK9 (255738),0.166467621378108
EXP_FNIP2 (57600),0.16646683972717824
EXP_GFOD1 (54438),0.1664662750117749
EXP_PHF20 (51230),0.16646582606212235
EXP_AP2M1 (1173),0.16646519974767227
EXP_CDCA7L (55536),0.16646466742960264
EXP_TRUB2 (26995),0.16646046212733268
EXP_H3-3B (3021),0.1664600705913104
EXP_PPP1R12B (4660),0.16645961620814287
EXP_TCF19 (6941),0.16645908991228442
EXP_SAMD9L (219285),0.1664590586815713
EXP_TRIM23 (373),0.1664588408561718
EXP_UIMC1 (51720),0.1664563977204896
EXP_CSRP1 (1465),0.16645570906258023
EXP_VPS39 (23339),0.16645531713121464
EXP_CCDC32 (90416),0.16645525833892272
EXP_ZNF593 (51042),0.16645380801617193
EXP_SCYL3 (57147),0.16645351165274036
EXP_PNMA2 (10687),0.1664527169853791
EXP_ACO2 (50),0.16645267815256126
EXP_ALG2 (85365),0.1664523053728999
EXP_CLCN6 (1185),0.1664512227471695
EXP_SMARCD3 (6604),0.16645058278313574
EXP_CNST (163882),0.16645055220935223
EXP_TRABD2A (129293),0.16644991426607803
EXP_PRDM2 (7799),0.1664495431011268
EXP_TMEM267 (64417),0.16644609787396902
EXP_TERF2IP (54386),0.16644606711589383
EXP_PSMA6 (5687),0.1664433786023496
EXP_RBM15B (29890),0.1664423921007634
EXP_PNRC1 (10957),0.16643956652326342
EXP_VIM (7431),0.16643861728725184
EXP_DBR1 (51163),0.16643825109272736
EXP_ELFN2 (114794),0.1664381693303829
EXP_LRBA (987),0.16643575548744316
EXP_MRPL55 (128308),0.1664354556475356
EXP_SNRK (54861),0.1664348810326972
EXP_MINDY4 (84182),0.1664332709468992
EXP_ARCN1 (372),0.1664331759478861
EXP_CAMK2G (818),0.1664314711500463
EXP_PKD1 (5310),0.166430027783405
EXP_KCTD11 (147040),0.16642917326997875
EXP_ZNF875 (284459),0.16642844628529474
EXP_CYBRD1 (79901),0.1664282334147522
EXP_B3GNT9 (84752),0.1664277122277884
EXP_MORC2 (22880),0.16642652569660754
EXP_COQ9 (57017),0.16642483022516075
EXP_KRCC1 (51315),0.1664230106135136
EXP_LARS1 (51520),0.16642204479593747
EXP_CD151 (977),0.16641691424262728
EXP_MEAK7 (57707),0.16641678086819933
EXP_ATAD2 (29028),0.16641424864952636
EXP_CNTNAP3 (79937),0.16641414676762434
EXP_BCOR (54880),0.1664137200073439
EXP_ATP2A3 (489),0.1664135100549613
EXP_ITGB5 (3693),0.16641333740727493
EXP_TTC39B (158219),0.16641057413886884
EXP_NPAS1 (4861),0.16641055419300077
EXP_ZMYND12 (84217),0.16640974844179546
EXP_OAZ1 (4946),0.16640922719969886
EXP_MCOLN1 (57192),0.16640903350027259
EXP_IFIH1 (64135),0.16640755754321823
EXP_FOXD4L1 (200350),0.16640715259138616
EXP_SLC45A3 (85414),0.16640671495008608
EXP_CNIH2 (254263),0.1664061088388351
EXP_FBLN2 (2199),0.16640516262451488
EXP_CBL (867),0.16640494815434348
EXP_PCNX3 (399909),0.1664047029588538
EXP_ZNF426 (79088),0.16640393322246094
EXP_TRMT10A (93587),0.16639989553368206
EXP_BAG1 (573),0.1663996329999824
EXP_CSNK2A3 (283106),0.16639895753986078
EXP_FRMD3 (257019),0.16639750186973234
EXP_ZNF253 (56242),0.16639714003823158
EXP_UNK (85451),0.16639713644008758
EXP_H2BC11 (8970),0.16639516488122208
EXP_BIRC2 (329),0.1663950329000512
EXP_ANAPC16 (119504),0.16639251920258324
EXP_NOS1AP (9722),0.16639184766688775
EXP_DHRS12 (79758),0.16639143798756617
EXP_IPO5 (3843),0.16639120680278463
EXP_BMP1 (649),0.1663885764194717
EXP_RASA1 (5921),0.16638822019706012
EXP_GPBP1 (65056),0.16638804456985223
EXP_GOLGA7B (401647),0.16638754132856182
EXP_CHRNA3 (1136),0.16638536725709763
EXP_PHF12 (57649),0.1663850674267815
EXP_PCNX2 (80003),0.16638492428804508
EXP_RAD51C (5889),0.16638415944781126
EXP_CYP11A1 (1583),0.16638369307676815
EXP_PHRF1 (57661),0.16637979523030033
EXP_ATF7IP (55729),0.16637843964502963
EXP_IL37 (27178),0.16637815782683774
EXP_DRC3 (83450),0.1663778219339509
EXP_SAP130 (79595),0.16637734045804642
EXP_RELT (84957),0.1663766110216125
EXP_ZRANB2 (9406),0.16637573918021253
EXP_C17orf100 (388327),0.16637494612361525
EXP_CENPC (1060),0.16637464344121344
EXP_ZNF460 (10794),0.16636933577958146
EXP_ZNF267 (10308),0.1663688967364214
EXP_ISL2 (64843),0.1663685910710564
EXP_MTOR (2475),0.16636660959907967
EXP_MAP3K7 (6885),0.1663655035881817
EXP_CHD3 (1107),0.16636539181118426
EXP_HSPA4L (22824),0.16636519805519967
EXP_MYEOV (26579),0.16636503126626767
EXP_MEF2B (100271849),0.166363570792047
EXP_CAPZA2 (830),0.16636211780364007
EXP_RNF113A (7737),0.16636130581501174
EXP_SHF (90525),0.16636113006858633
EXP_SLC39A7 (7922),0.16636079627435674
EXP_ANGEL1 (23357),0.16636037433913842
EXP_KLF2 (10365),0.16635835537818267
EXP_PGAP1 (80055),0.166357731339291
EXP_FOXK2 (3607),0.1663560677339131
EXP_TSPAN8 (7103),0.16635586309937178
EXP_PLPPR2 (64748),0.16635323758766862
EXP_NME3 (4832),0.16635178936638972
EXP_FAM24B (196792),0.1663515806896907
EXP_SIGMAR1 (10280),0.16635122829739046
EXP_MORC3 (23515),0.1663506970740789
EXP_MED25 (81857),0.16635034567098828
EXP_SYTL3 (94120),0.16634973190817526
EXP_AVPI1 (60370),0.1663484561423232
EXP_CERS5 (91012),0.16634766810362134
EXP_PITHD1 (57095),0.16634633284420008
EXP_TUSC2 (11334),0.16634526378443226
EXP_HADHB (3032),0.16634507855167424
EXP_NXNL2 (158046),0.16634380732640697
EXP_RMP64 (25871),0.16634316068348554
EXP_GPR35 (2859),0.16634262527576915
EXP_CCNH (902),0.16634170323982023
EXP_TMEM243 (79161),0.16634084671622063
EXP_AIDA (64853),0.1663404733861089
EXP_SEPTIN9 (10801),0.16633967269728345
EXP_STEAP3 (55240),0.1663394597844574
EXP_GBP2 (2634),0.1663373772936838
EXP_BCL10 (8915),0.16633720232701243
EXP_KIFC1 (3833),0.16633695678966376
EXP_CCDC78 (124093),0.16633616507353732
EXP_SGMS1 (259230),0.16633549412957382
EXP_NHLRC2 (374354),0.16633539904401662
EXP_RGL2 (5863),0.16633515211019745
EXP_TMEM45B (120224),0.16633012319113494
EXP_HIRA (7290),0.1663262705360271
EXP_ABHD15 (116236),0.16632583875195017
EXP_MRPL9 (65005),0.16632550571159221
EXP_AKAP12 (9590),0.16632538409483288
EXP_FLRT1 (23769),0.16632472592406433
EXP_ZG16B (124220),0.1663239885463783
EXP_HOXA11 (3207),0.16632396614519607
EXP_MSL3B (151507),0.16632351917121646
EXP_EIF3K (27335),0.1663230720375095
EXP_SUMO3 (6612),0.1663229483078572
EXP_TAF11 (6882),0.16632279180172382
EXP_CAPRIN2 (65981),0.16632226319892407
EXP_ZNF594 (84622),0.16632121177316517
EXP_VPS9D1 (9605),0.16632089168362452
EXP_ADAMTSL4 (54507),0.16632079346632622
EXP_SPIN2A (54466),0.16631999447961654
EXP_FAM199X (139231),0.16631792693539982
EXP_TUSC3 (7991),0.1663178068753437
EXP_LRRC37A2 (474170),0.16631687691950336
EXP_TRMT5 (57570),0.1663142745281272
EXP_TM9SF2 (9375),0.16631282067776798
EXP_SCAMP2 (10066),0.16631258515454395
EXP_TMEM250 (90120),0.16631244269457301
EXP_WFS1 (7466),0.1663122019700305
EXP_CRK (1398),0.1663113872898787
EXP_ATP11A (23250),0.16631007520050378
EXP_MAP3K11 (4296),0.1663094641001326
EXP_CRTC1 (23373),0.1663093202575876
EXP_FBXO34 (55030),0.16630820369697208
EXP_PDP1 (54704),0.16630749461948025
EXP_PCNX1 (22990),0.1663053900457081
EXP_SLC26A6 (65010),0.16630524066065444
EXP_TMPRSS2 (7113),0.16630513521792079
EXP_CHPF (79586),0.1663036451540476
EXP_SOX9 (6662),0.1663009470765875
EXP_FBXO48 (554251),0.1663007895740387
EXP_EEA1 (8411),0.16629941780025437
EXP_ZNF431 (170959),0.16629745232674065
EXP_RPL13A (23521),0.16629704263835254
EXP_TMEM183A (92703),0.1662965524414668
EXP_RNF6 (6049),0.16629498547516786
EXP_TAF5 (6877),0.16629474937464295
EXP_SRP68 (6730),0.16629359186225212
EXP_SEPTIN1 (1731),0.16629088060614805
EXP_LAMTOR4 (389541),0.16629054905207408
EXP_C2orf15 (150590),0.1662904520928432
EXP_MCCC2 (64087),0.16628774821743342
EXP_TLCD5 (219902),0.16628711463252088
EXP_ANAPC13 (25847),0.16628512817943975
EXP_C6orf15 (29113),0.1662841588354329
EXP_IDI1 (3422),0.16628234039511725
EXP_TXNDC9 (10190),0.16628023951149906
EXP_KIAA1671 (85379),0.1662789969829772
EXP_LAD1 (3898),0.1662773659351764
EXP_SLC5A6 (8884),0.16627632029314032
EXP_MICB (4277),0.1662754627605585
EXP_KLHL22 (84861),0.16627509982329602
EXP_COMMD5 (28991),0.1662750183839563
EXP_MRPS34 (65993),0.16627495717492025
EXP_PPP4R3B (57223),0.16627475877349873
EXP_KIF3A (11127),0.16627431182415986
EXP_SARNP (84324),0.16627347817663551
EXP_UROD (7389),0.16627335157556367
EXP_CFAP410 (755),0.1662724002723479
EXP_GNB1L (54584),0.16627116672199893
EXP_ZNF611 (81856),0.16626933918215148
EXP_BRD7 (29117),0.1662667551110797
EXP_HSPBP1 (23640),0.16626443838921823
EXP_PARP2 (10038),0.1662632074896404
EXP_ATP1B1 (481),0.16626300785945336
EXP_FBXO25 (26260),0.16626232863313994
EXP_CLCN4 (1183),0.1662615730933057
EXP_MAGED2 (10916),0.16626146025318356
EXP_FAM193B (54540),0.16626100015584377
EXP_FBXO44 (93611),0.16625890773147667
EXP_OAS1 (4938),0.16625729262866518
EXP_ZBTB26 (57684),0.16625619063762276
EXP_SMAP1 (60682),0.16625577200884845
EXP_CSNK2A1 (1457),0.16625238999504433
EXP_SPSB1 (80176),0.16625185435508083
EXP_LSS (4047),0.1662508538730174
EXP_GCC2 (9648),0.16625063731685685
EXP_CCDC138 (165055),0.16624998791566092
EXP_STAP2 (55620),0.16624921676376747
EXP_DCAF15 (90379),0.16624799990052797
EXP_LMLN (89782),0.16624725191485812
EXP_ORAI1 (84876),0.16624633139611067
EXP_SFR1 (119392),0.1662458811538512
EXP_UCK1 (83549),0.1662446730224696
EXP_SARDH (1757),0.1662441810599029
EXP_KIF4B (285643),0.16624417190637342
EXP_KIDINS220 (57498),0.16624299027786993
EXP_TMED6 (146456),0.16624161770540535
EXP_NUF2 (83540),0.16624145327032736
EXP_METAP2 (10988),0.16624092839453475
EXP_TMEM158 (25907),0.16624089361728434
EXP_PPOX (5498),0.1662396032887763
EXP_MMP2 (4313),0.1662389456864659
EXP_C1S (716),0.16623886341413474
EXP_RAB24 (53917),0.16623719378750312
EXP_SLC4A1AP (22950),0.1662362343343391
EXP_CMPK2 (129607),0.16623533663429946
EXP_ZNF354A (6940),0.16623495753714934
EXP_PSMB8 (5696),0.16623476134308124
EXP_SPECC1L (23384),0.16623388137540918
EXP_FBXO46 (23403),0.1662320972778213
EXP_ARHGAP33 (115703),0.16623106680095923
EXP_DNAJA3 (9093),0.16622904679763906
EXP_SLC37A4 (2542),0.16622883804404154
EXP_RAB3A (5864),0.16622785470861245
EXP_LRRC69 (100130742),0.16622556243953568
EXP_WIPI2 (26100),0.16622542705042243
EXP_DYNC1I2 (1781),0.16622430311070868
EXP_ARC (23237),0.16622346175288527
EXP_CAMK1 (8536),0.16622135064205867
EXP_DMAC2 (55101),0.1662201705016253
EXP_OSBPL2 (9885),0.16621942860838512
EXP_ADSS2 (159),0.16621793448396183
EXP_TMEM80 (283232),0.16621768369411605
EXP_ZNF639 (51193),0.16621741605001716
EXP_KDM5B (10765),0.1662161743335675
EXP_RASGRF1 (5923),0.166214006242142
EXP_SMC3 (9126),0.1662139948284036
EXP_NPW (283869),0.1662133365631071
EXP_LGALSL (29094),0.1662131354658163
EXP_GTF2H3 (2967),0.16621305362987293
EXP_C5orf22 (55322),0.16621280819528206
EXP_UQCRH (7388),0.16621215204142725
EXP_SMARCA5 (8467),0.16621076503457033
EXP_KMT2C (58508),0.1662105829438767
EXP_RNF4 (6047),0.16621031445476842
EXP_ALDH3A2 (224),0.16621017457662202
EXP_EHD4 (30844),0.16620985151332945
EXP_FBXW7 (55294),0.166209374805808
EXP_LRPAP1 (4043),0.16620916233336125
EXP_INHA (3623),0.16620850538670418
EXP_DNAJB6 (10049),0.16620796578863128
EXP_ZNF451 (26036),0.16620694173656592
EXP_NSRP1 (84081),0.1662057777749988
EXP_IER2 (9592),0.1662057184126544
EXP_RHBDD3 (25807),0.1662048233817357
EXP_HPGD (3248),0.1662038058406008
EXP_LPAR1 (1902),0.1662007678370836
EXP_CDH6 (1004),0.16619956474244812
EXP_SCARB2 (950),0.1661993988545971
EXP_MT-ND1 (4535),0.1661992349840844
EXP_LRP12 (29967),0.1661983603524293
EXP_ALS2 (57679),0.16619722397314085
EXP_NAPSA (9476),0.16619657187622927
EXP_IL17RA (23765),0.16619630781269734
EXP_RPL18 (6141),0.16619529251263288
EXP_PLEKHB2 (55041),0.16619312431929956
EXP_SMC5 (23137),0.16619215082420435
EXP_SMIM5 (643008),0.16619120479332672
EXP_BAG6 (7917),0.16619090249385948
EXP_ERCC8 (1161),0.1661903066144843
EXP_TMOD2 (29767),0.1661901176847831
EXP_AMPD2 (271),0.16618977177767924
EXP_RNF145 (153830),0.1661892563242846
EXP_TGFBR3L (100507588),0.1661883777170834
EXP_PMF1 (11243),0.16618781395464577
EXP_C11orf98 (102288414),0.16618759351048062
EXP_CAMKMT (79823),0.16618679220371213
EXP_NYNRIN (57523),0.16618592835284396
EXP_CPT1C (126129),0.1661852628368008
EXP_TSNAXIP1 (55815),0.16618509613833865
EXP_FHL2 (2274),0.1661839136954999
EXP_NECTIN2 (5819),0.16618373677109766
EXP_RPS3 (6188),0.16618237786863865
EXP_GMPPB (29925),0.1661812581131068
EXP_EPS8L3 (79574),0.1661808014916284
EXP_GOLGA6L4 (643707),0.1661806096803824
EXP_KDELR2 (11014),0.1661795798511445
EXP_KLF12 (11278),0.1661795454591255
EXP_TTC5 (91875),0.16617855115372748
EXP_GLO1 (2739),0.1661781229925996
EXP_BAP1 (8314),0.1661767416700215
EXP_LACC1 (144811),0.16617668348799253
EXP_PGAM5 (192111),0.16617559880482347
EXP_POU6F1 (5463),0.1661748394840057
EXP_MED20 (9477),0.16617269228212894
EXP_NRAS (4893),0.16617250303031916
EXP_PUM2 (23369),0.16617136151554224
EXP_ICE1 (23379),0.1661675417067041
EXP_SURF2 (6835),0.16616364543285922
EXP_VMAC (400673),0.16616287790066409
EXP_ZBTB48 (3104),0.1661628336055454
EXP_DCPS (28960),0.16616109198475026
EXP_MEF2A (4205),0.16616107159464644
EXP_NPAT (4863),0.16616003322127604
EXP_NR2F1 (7025),0.16615980740948277
EXP_BTN3A3 (10384),0.16615971829984488
EXP_IL6R (3570),0.16615794645408233
EXP_ID3 (3399),0.16615740045349625
EXP_GLB1L (79411),0.1661567311525216
EXP_NPR3 (4883),0.1661559168662201
EXP_ENTPD7 (57089),0.1661539423906726
EXP_KALRN (8997),0.16615332637373292
EXP_CSNK2B (1460),0.1661529497419636
EXP_DRG1 (4733),0.16615226692560459
EXP_KRBA2 (124751),0.16615062537517744
EXP_ZNF726 (730087),0.16614952547014816
EXP_NT5C2 (22978),0.16614938025773895
EXP_PJA1 (64219),0.16614923894521905
EXP_ACP1 (52),0.16614661568832023
EXP_RELL2 (285613),0.16614376743157866
EXP_WWOX (51741),0.16614209587191553
EXP_C15orf62 (643338),0.16614183136009952
EXP_RNF170 (81790),0.16614161886908985
EXP_POP4 (10775),0.16614146985533296
EXP_CAV2 (858),0.1661407000052435
EXP_MLLT11 (10962),0.16614033180975962
EXP_NACA2 (342538),0.16613773927386966
EXP_VSIG10L (147645),0.1661375748196967
EXP_PDE4A (5141),0.16613566517126532
EXP_LSM11 (134353),0.16613325555240532
EXP_TUBGCP6 (85378),0.16613106406239808
EXP_ACTB (60),0.16613099722232416
EXP_RRP1B (23076),0.1661298219800802
EXP_COPZ2 (51226),0.1661288227716371
EXP_ZNF430 (80264),0.1661275415225747
EXP_APPL2 (55198),0.16612435633885436
EXP_DLG4 (1742),0.1661242232320177
EXP_EDF1 (8721),0.16612319715067247
EXP_PPP2R2C (5522),0.16612190844813668
EXP_MSTO1 (55154),0.16612152346521114
EXP_TOGARAM1 (23116),0.166121251871151
EXP_UBE2B (7320),0.1661207751127547
EXP_LSM14B (149986),0.16611950531217445
EXP_MTCL1 (23255),0.16611879712874877
EXP_TSPAN10 (83882),0.16611847503714383
EXP_EPS15 (2060),0.16611776612445173
EXP_MTG2 (26164),0.1661176263231514
EXP_LHX1 (3975),0.16611718743834736
EXP_CHST6 (4166),0.16611686336979314
EXP_ZNF589 (51385),0.16611493569565372
EXP_SVIL (6840),0.16611416689810188
EXP_ATF1 (466),0.16611332795339617
EXP_SH3D19 (152503),0.16611235272507585
EXP_ZNF160 (90338),0.16610798570984908
EXP_CBX3 (11335),0.16610719839794363
EXP_ZNF66 (7617),0.16610717000336273
EXP_RFC1 (5981),0.1661059694496103
EXP_PTPN1 (5770),0.1661046284747174
EXP_TET2 (54790),0.1661019122235432
EXP_KLLN (100144748),0.16610160202102797
EXP_MSH6 (2956),0.16610159224630916
EXP_USHBP1 (83878),0.16610155485047962
EXP_MECOM (2122),0.16610125616176763
EXP_ASXL2 (55252),0.16610117198108476
EXP_GRIN2D (2906),0.1661006249489887
EXP_TMED8 (283578),0.16609958709412886
EXP_EGLN3 (112399),0.16609746740511433
EXP_GRINA (2907),0.16609711964962326
EXP_BICRA (29998),0.16609672006211795
EXP_MRM3 (55178),0.16609645709108367
EXP_ANKS1B (56899),0.16609553360875662
EXP_SLC29A4 (222962),0.16609531136718392
EXP_EMB (133418),0.16609467750901707
EXP_SMAD5 (4090),0.16609401846323113
EXP_UBE2T (29089),0.16609372581547
EXP_FEZ2 (9637),0.16609237188193493
EXP_CDS1 (1040),0.16609127687059733
EXP_SRA1 (10011),0.16608986279395221
EXP_RIPK1 (8737),0.16608700287535783
EXP_CCDC17 (149483),0.16608563451235803
EXP_TUFM (7284),0.1660844195071398
EXP_UBE2I (7329),0.16608386935098896
EXP_CCZ1 (51622),0.16608315132485796
EXP_SSX2IP (117178),0.16608151960630924
EXP_ZNF527 (84503),0.16607956790129297
EXP_EDN1 (1906),0.1660777853234281
EXP_SNX27 (81609),0.16607752448359037
EXP_SLFN12 (55106),0.16607740796617776
EXP_CCNDBP1 (23582),0.1660773124196071
EXP_GSTCD (79807),0.16607717972066105
EXP_SCYL2 (55681),0.16607290197543723
EXP_WDHD1 (11169),0.1660723567658673
EXP_SPCS2 (9789),0.16607182278174104
EXP_MATR3 (9782),0.1660716553838526
EXP_ZNF500 (26048),0.1660714399725105
EXP_ABCA10 (10349),0.16606998208261015
EXP_TNFRSF1A (7132),0.16606899245501516
EXP_EFCAB10 (100130771),0.1660678842363037
EXP_RPS10 (6204),0.16606672639108222
EXP_MVB12B (89853),0.16606588459080918
EXP_CD226 (10666),0.16606568538178834
EXP_FAM168A (23201),0.16606557676356815
EXP_YBX1 (4904),0.16606431829530344
EXP_MACO1 (55219),0.16606424778204687
EXP_CDC25B (994),0.1660632497570429
EXP_TRIM65 (201292),0.1660621554288504
EXP_GTF3C5 (9328),0.16606198739828137
EXP_ELOVL6 (79071),0.1660615673585415
EXP_IL32 (9235),0.16606070725031596
EXP_INO80B (83444),0.16606054155478045
EXP_SPMIP1 (100130705),0.1660593158822925
EXP_C1orf52 (148423),0.1660571121417469
EXP_MARCHF6 (10299),0.1660546247471224
EXP_SNX30 (401548),0.1660540055198041
EXP_CRTAP (10491),0.1660537240076847
EXP_MORF4L1 (10933),0.16605350522447893
EXP_KBTBD7 (84078),0.16605214037661398
EXP_FAM222B (55731),0.1660516957099345
EXP_CKAP2 (26586),0.16605102280122797
EXP_CAMKK2 (10645),0.16604871034081192
EXP_MRPL50 (54534),0.1660485667592173
EXP_ZNF19 (7567),0.16604774838409053
EXP_HOXA5 (3202),0.16604681138141952
EXP_ZNF76 (7629),0.16604629923971537
EXP_SUN2 (25777),0.166046122330056
EXP_OASL (8638),0.166042813427425
EXP_DUSP4 (1846),0.16604185831567175
EXP_UQCR11 (10975),0.1660398255505724
EXP_HEMK2 (29104),0.166039272612859
EXP_ACTA1 (58),0.1660387025320551
EXP_PMCH (5367),0.16603823644597693
EXP_ZBTB24 (9841),0.16603799416346643
EXP_TP73 (7161),0.16603798732122677
EXP_ZNF212 (7988),0.16603719529956518
EXP_CHD9 (80205),0.16603684159775955
EXP_PRTFDC1 (56952),0.16603662548575926
EXP_TWF1 (5756),0.1660356217504786
EXP_PRSS23 (11098),0.16603550469841277
EXP_SNPH (9751),0.16603397949370446
EXP_MRPL42 (28977),0.16603390721761624
EXP_SMARCC1 (6599),0.16603362062433114
EXP_GTPBP4 (23560),0.16603340705417224
EXP_UBAP1 (51271),0.16603331115762643
EXP_ZBTB7B (51043),0.16603125569469945
EXP_COL11A2 (1302),0.16603027783394175
EXP_KIF24 (347240),0.16602941536738758
EXP_MYO15B (80022),0.1660289157642456
EXP_SYNE3 (161176),0.16602822268028827
EXP_EEF1A2 (1917),0.1660278409242384
EXP_PLPP5 (84513),0.16602649543277082
EXP_GJB3 (2707),0.16602530474656874
EXP_MTO1 (25821),0.16602452330848738
EXP_VAV1 (7409),0.16602365552011467
EXP_SHANK1 (50944),0.16602226669705722
EXP_LIFR (3977),0.16602159638903924
EXP_ARFGAP3 (26286),0.16602097204778588
EXP_RRAGB (10325),0.16602006588677565
EXP_SURF6 (6838),0.16601837217250104
EXP_POLR2B (5431),0.16601747925564858
EXP_NUP42 (11097),0.1660166016934621
EXP_DGAT2 (84649),0.16601394933965263
EXP_COPS2 (9318),0.16601371414173638
EXP_EEF1D (1936),0.16601328704676277
EXP_GLIPR1L2 (144321),0.166012904431593
EXP_ELMOD3 (84173),0.16601279791674095
EXP_CSNK1A1 (1452),0.16601273783714277
EXP_SYCE1L (100130958),0.16601230935194344
EXP_ELOVL1 (64834),0.16600972477562514
EXP_RAB33B (83452),0.166008648681923
EXP_TMEM81 (388730),0.1660083221909998
EXP_C5orf63 (401207),0.16600739230464612
EXP_CDC23 (8697),0.1660063190498171
EXP_GNE (10020),0.16600557461777132
EXP_LRGUK (136332),0.16600528687000082
EXP_SERBP1 (26135),0.1660044965645069
EXP_THOC2 (57187),0.1660042955044112
EXP_PPARG (5468),0.16600405988189415
EXP_N4BP2 (55728),0.16600401227662864
EXP_ARPIN (348110),0.16600385901443904
EXP_SLC39A1 (27173),0.166003382356684
EXP_C14orf93 (60686),0.16600201935000225
EXP_XPOT (11260),0.16599846113443384
EXP_FNDC3A (22862),0.1659979656194217
EXP_PDGFRB (5159),0.16599778091522133
EXP_NFIC (4782),0.16599729019101517
EXP_C4A (720),0.165997203138172
EXP_PLSCR4 (57088),0.16599642717293506
EXP_HIF1AN (55662),0.16599533730061466
EXP_PRKAA2 (5563),0.16599494685192795
EXP_DAP3 (7818),0.16599480530609156
EXP_GFPT2 (9945),0.1659941543646939
EXP_DCLRE1A (9937),0.16599399556285466
EXP_CYREN (78996),0.1659937794143218
EXP_PSKH1 (5681),0.1659937140453076
EXP_IL6ST (3572),0.1659934669949461
EXP_ARHGEF1 (9138),0.16599328710064132
EXP_CBARP (255057),0.16599311168021647
EXP_ALKBH5 (54890),0.16599232992536184
EXP_ADAMTS7 (11173),0.165991909280911
EXP_VPS53 (55275),0.16599062280937726
EXP_TSPAN5 (10098),0.1659900570867725
EXP_RFC5 (5985),0.16599002528876028
EXP_SYT13 (57586),0.16598987158598
EXP_GBP1 (2633),0.1659881939568395
EXP_NEURL2 (140825),0.16598747544811143
EXP_ZER1 (10444),0.16598679553815998
EXP_YOD1 (55432),0.16598667253817112
EXP_ASCC3 (10973),0.16598356808848624
EXP_ZSCAN26 (7741),0.1659818298032958
EXP_S100A1 (6271),0.1659814360835128
EXP_HEBP1 (50865),0.16598122529955894
EXP_SELENOW (6415),0.1659810641627555
EXP_RPS6KA5 (9252),0.16598055796906586
EXP_PYURF (100996939),0.16597981535233242
EXP_SHARPIN (81858),0.16597816465026938
EXP_KMO (8564),0.1659769944573668
EXP_PODXL (5420),0.16597620414333303
EXP_INTS3 (65123),0.1659757318443038
EXP_PWP1 (11137),0.16597501371811685
EXP_GLIPR1 (11010),0.16597173143803623
EXP_DGKG (1608),0.16597056747002537
EXP_WDR72 (256764),0.16597015459934994
EXP_NEFL (4747),0.16597015453175779
EXP_PHC1 (1911),0.1659700250091536
EXP_NATD1 (256302),0.16596882989081774
EXP_HMGB2 (3148),0.16596618996613888
EXP_PSMC1 (5700),0.1659660874245814
EXP_NPR1 (4881),0.16596499905417783
EXP_RPS16 (6217),0.16596421695742425
EXP_GAS8 (2622),0.1659637103964693
EXP_POLR2K (5440),0.16596314417768188
EXP_DISP1 (84976),0.16596288296295114
EXP_MAGI1 (9223),0.16596277736463527
EXP_SPTBN5 (51332),0.16596248559877846
EXP_DPYSL2 (1808),0.16596192856999004
EXP_TBXAS1 (6916),0.16596072815453144
EXP_ALG6 (29929),0.16596049245111644
EXP_TMA7 (51372),0.16595966633184123
EXP_SNX5 (27131),0.16595951730881975
EXP_CRLS1 (54675),0.16595875778906954
EXP_ZXDB (158586),0.1659574357511424
EXP_EIF3C (8663),0.1659571769757715
EXP_ODF2 (4957),0.16595597388688432
EXP_C15orf40 (123207),0.16595525598888639
EXP_FOXA1 (3169),0.1659549563918885
EXP_SYNC (81493),0.16595395557843595
EXP_EGR2 (1959),0.16595213539494225
EXP_GNG11 (2791),0.1659519125950002
EXP_MLYCD (23417),0.16595099929344226
EXP_ZC3H12A (80149),0.16595043885512872
EXP_SNX15 (29907),0.16594958629982326
EXP_CASP8 (841),0.1659486611657206
EXP_ABAT (18),0.1659485397702678
EXP_SYBU (55638),0.1659480718023234
EXP_INPP4A (3631),0.16594562160473547
EXP_PLCD3 (113026),0.16594542012752722
EXP_CLTB (1212),0.1659442102796902
EXP_ITPKC (80271),0.16594374456003624
EXP_ZDHHC8 (29801),0.165940194900994
EXP_CRYGS (1427),0.1659397235344029
EXP_AREL1 (9870),0.16593942126441608
EXP_DESI2 (51029),0.1659384408140454
EXP_RPS26 (6231),0.16593839582251668
EXP_ABI3BP (25890),0.1659381489271059
EXP_SENP6 (26054),0.16593764107786235
EXP_PDSS2 (57107),0.1659369643514923
EXP_RNF8 (9025),0.16593668004036388
EXP_MGLL (11343),0.1659365155549608
EXP_PDE8B (8622),0.16593627920961218
EXP_TACC3 (10460),0.16593391949476466
EXP_RIPOR3 (140876),0.1659335695658699
EXP_MAPDA (161823),0.16593301558539508
EXP_FARSB (10056),0.16593192266385248
EXP_YJU2B (81576),0.16593180674083463
EXP_NCOA7 (135112),0.1659317851655624
EXP_ARMH4 (145407),0.16593131543153383
EXP_XRCC6 (2547),0.1659310723121621
EXP_SNRNP70 (6625),0.16592956090085575
EXP_SPTB (6710),0.16592942132080246
EXP_COBL (23242),0.16592892243047785
EXP_CRABP2 (1382),0.16592660383790037
EXP_SIRT1 (23411),0.1659265802507015
EXP_CTNNBL1 (56259),0.16592475856955424
EXP_SLC35F3 (148641),0.16592455810461537
EXP_ZNF200 (7752),0.16592384473344524
EXP_MICA (100507436),0.1659233594249745
EXP_SUPT4H1 (6827),0.16592305624197046
EXP_HR (55806),0.16592298900107227
EXP_PDCD2L (84306),0.1659229149370205
EXP_BCAM (4059),0.16592220625490395
EXP_GIGYF2 (26058),0.16592218996164743
EXP_CHMP2A (27243),0.16592137993840783
EXP_MROH6 (642475),0.16592125704377025
EXP_HBP1 (26959),0.16592109235851282
EXP_RPL26 (6154),0.1659207446166464
EXP_IBA57 (200205),0.16591995614400812
EXP_CD2AP (23607),0.16591966169812178
EXP_TMEM238 (388564),0.1659177075459688
EXP_KLHL5 (51088),0.16591715440797827
EXP_IQCD (115811),0.16591683975547689
EXP_OCIAD2 (132299),0.16591547220277914
EXP_C1orf43 (25912),0.16591538823275975
EXP_EPHA4 (2043),0.16591536768872928
EXP_ADGRE5 (976),0.1659148772792438
EXP_TMEM128 (85013),0.16591455384409137
EXP_DPM1 (8813),0.1659134355293732
EXP_GLDC (2731),0.1659132383028572
EXP_LLGL1 (3996),0.1659121263364174
EXP_RASL10B (91608),0.1659107177958239
EXP_CCDC171 (203238),0.1659083749681347
EXP_RSBN1 (54665),0.16590833820510742
EXP_SEC22B (9554),0.1659074489543526
EXP_SNRPB2 (6629),0.16590540691524502
EXP_BUD31 (8896),0.16590539528070014
EXP_OGFR (11054),0.16590502503190852
EXP_CEP170B (283638),0.1659049754665709
EXP_APOL6 (80830),0.16590448531453372
EXP_RAB26 (25837),0.16590391159412654
EXP_CDKN3 (1033),0.16590292406287155
EXP_PSD (5662),0.1659010098247462
EXP_FOSB (2354),0.16590055496468992
EXP_ZSWIM8 (23053),0.16590005450674905
EXP_NHLRC4 (283948),0.1658998354600998
EXP_AMN1 (196394),0.16589891106893528
EXP_AP1B1 (162),0.16589862086861018
EXP_TBL2 (26608),0.16589836637717248
EXP_BANK1 (55024),0.16589677642753742
EXP_ACTBL2 (345651),0.1658966608732637
EXP_STPG4 (285051),0.16589645081012083
EXP_AHI1 (54806),0.16589555420719648
EXP_HERC6 (55008),0.16589455457248903
EXP_MRS2 (57380),0.1658931084682358
EXP_ZWINT (11130),0.16589028580504817
EXP_ARHGAP5 (394),0.16588558888369676
EXP_PDCD7 (10081),0.16588441600903447
EXP_IL21R (50615),0.16588396621257395
EXP_PRRX2 (51450),0.16588385218132728
EXP_ARPC5 (10092),0.1658833009138201
EXP_GDF15 (9518),0.1658821507200514
EXP_ADARB1 (104),0.16587905256089996
EXP_PDCD2 (5134),0.16587863110302425
EXP_JTB (10899),0.16587833276220998
EXP_RICTOR (253260),0.16587700952049023
EXP_CDK16 (5127),0.16587663183867107
EXP_PDCL3 (79031),0.16587597227853568
EXP_CD27 (939),0.16587560861267558
EXP_TARS3 (123283),0.16587453627962745
EXP_FER (2241),0.16587453312441625
EXP_TFAM (7019),0.16587188683953435
EXP_IMPDH1 (3614),0.16587165027818251
EXP_SHISA5 (51246),0.16587154675365579
EXP_KIAA1143 (57456),0.1658714695773913
EXP_FN3K (64122),0.16587129039208293
EXP_STARD10 (10809),0.16586980527437412
EXP_RAI14 (26064),0.16586715828788368
EXP_ZNF425 (155054),0.16586457647813457
EXP_SLC43A2 (124935),0.165864217057206
EXP_GNB2 (2783),0.16586373660059017
EXP_HDDC2 (51020),0.16586335632878235
EXP_TMEM79 (84283),0.16586289467339999
EXP_RNFT1 (51136),0.1658625485328793
EXP_EXOC3L1 (283849),0.16586253576185683
EXP_DPP7 (29952),0.16586200091521253
EXP_EBAG9 (9166),0.16586143392440977
EXP_DUSP1 (1843),0.16586091251194368
EXP_ETFBKMT (254013),0.16586051113571632
EXP_MIEF1 (54471),0.1658603664622662
EXP_UQCRHL (440567),0.16585843025205804
EXP_PPP1R3D (5509),0.16585766995067885
EXP_EXO5 (64789),0.16585667280923388
EXP_FLYWCH1 (84256),0.16585623918286974
EXP_DESI1 (27351),0.16585472970595116
EXP_MORC4 (79710),0.16585327280052642
EXP_CYP2W1 (54905),0.16585294040493714
EXP_TSPAN1 (10103),0.1658523602553741
EXP_FNDC5 (252995),0.16585186951595787
EXP_RPL19 (6143),0.16585065180230885
EXP_ASIC3 (9311),0.16584879068375002
EXP_FBXO22 (26263),0.1658487549447294
EXP_FSCN2 (25794),0.1658477353870147
EXP_COG2 (22796),0.16584652019264823
EXP_ATP5F1D (513),0.1658461309977053
EXP_PYGO2 (90780),0.16584564857159378
EXP_COX18 (285521),0.16584183212461046
EXP_NEU3 (10825),0.16584127986550268
EXP_HNRNPLL (92906),0.16584097636585238
EXP_TAGLN2 (8407),0.16584097411418597
EXP_LPIN2 (9663),0.16584095304103652
EXP_LUZP1 (7798),0.16584052428117424
EXP_FAM234A (83986),0.16583971088125438
EXP_PBRM1 (55193),0.16583964946234975
EXP_BCL2L13 (23786),0.16583782524622492
EXP_RPLP0 (6175),0.16583721363619564
EXP_IQGAP1 (8826),0.16583594430603021
EXP_RAVER2 (55225),0.16583548059952413
EXP_CRKL (1399),0.16583481148286516
EXP_NOXRED1 (122945),0.1658341656616562
EXP_PTGR1 (22949),0.16583374740030798
EXP_MMEL1 (79258),0.16583203043366623
EXP_MGME1 (92667),0.16583095564370165
EXP_DNAJC28 (54943),0.1658309467536565
EXP_GANAB (23193),0.16582972735885182
EXP_ACER2 (340485),0.16582788261758274
EXP_ATP6AP1 (537),0.16582734972878832
EXP_DMKN (93099),0.16582619279875654
EXP_DYNLT3 (6990),0.16582591983623818
EXP_SNX32 (254122),0.16582580431255511
EXP_ASH2L (9070),0.1658256001395637
EXP_TMEM63B (55362),0.16582411713042156
EXP_EFCAB13 (124989),0.1658219874347182
EXP_TAF12 (6883),0.16582099818852924
EXP_NES (10763),0.165820806587333
EXP_SLC16A3 (9123),0.16582058002117606
EXP_PET100 (100131801),0.1658191933384181
EXP_DYNLT4 (343521),0.16581876954814057
EXP_MTMR6 (9107),0.16581805856611176
EXP_ZNF222 (7673),0.1658174984888614
EXP_MTF2 (22823),0.1658148559834327
EXP_POLDIP3 (84271),0.16581457673149913
EXP_TTC17 (55761),0.16581407610581245
EXP_EXOSC4 (54512),0.16581360808338097
EXP_CASTOR1 (652968),0.16581127938317408
EXP_FCRLB (127943),0.16581110400771948
EXP_CAND1 (55832),0.16581096529276085
EXP_ERCC6L2 (375748),0.16581040403207936
EXP_TSPAN9 (10867),0.165809152761347
EXP_CSDC2 (27254),0.1658072541028135
EXP_SLC39A8 (64116),0.16580274759541958
EXP_CCDC28B (79140),0.16580268417958877
EXP_CD9 (928),0.1658014023874701
EXP_IARS2 (55699),0.16580109235080265
EXP_KCNJ14 (3770),0.1658008600064651
EXP_HECTD2 (143279),0.16580084307909804
EXP_TMEM102 (284114),0.16579859125214913
EXP_TMEM18 (129787),0.1657977097318417
EXP_RASL10A (10633),0.16579729558021938
EXP_CCDC152 (100129792),0.1657971031276242
EXP_FUT11 (170384),0.1657968413590165
EXP_DDX20 (11218),0.1657957573956148
EXP_SHLD1 (149840),0.16579549962545137
EXP_PPIF (10105),0.16579486560342183
EXP_DNAJB11 (51726),0.16579361948654636
EXP_APBB1 (322),0.16579233519415482
EXP_MYBL1 (4603),0.16579220933944772
EXP_BICD2 (23299),0.1657885936727146
EXP_SKI (6497),0.16578817688246517
EXP_PRKRIP1 (79706),0.16578688312104983
EXP_SLC25A42 (284439),0.16578680584851035
EXP_FARP1 (10160),0.1657867670845361
EXP_RBM41 (55285),0.16578599631958646
EXP_TIPIN (54962),0.16578470151531466
EXP_LYZ (4069),0.165783481796983
EXP_MLH1 (4292),0.16578165167128933
EXP_MYC (4609),0.16577960677181025
EXP_CALM3 (808),0.1657785733296624
EXP_EHMT2 (10919),0.16577822998992708
EXP_STK39 (27347),0.16577781959671523
EXP_CALML6 (163688),0.16577707720922508
EXP_KIAA1328 (57536),0.16577669897537906
EXP_TAB3 (257397),0.16577456047478556
EXP_GIT2 (9815),0.16577453120076147
EXP_TSPAN31 (6302),0.16577387350586292
EXP_ENAH (55740),0.1657734022630013
EXP_PABPN1 (8106),0.16577196775408165
EXP_DIAPH3 (81624),0.16577126853122426
EXP_TOMM22 (56993),0.16577018152227563
EXP_ZNF184 (7738),0.1657692362955574
EXP_ZNF621 (285268),0.16576916709341738
EXP_SDCBP (6386),0.16576891922068082
EXP_TCEANC2 (127428),0.16576833819892212
EXP_GPR153 (387509),0.16576793039028548
EXP_KCTD20 (222658),0.1657676768382439
EXP_SLC25A25 (114789),0.1657675874227813
EXP_TBX6 (6911),0.16576656215229058
EXP_RNF121 (55298),0.16576629495197093
EXP_THOC5 (8563),0.16576600401304997
EXP_MORF4L2 (9643),0.16576567881861326
EXP_HACL1 (26061),0.16576545756154637
EXP_FAM229A (100128071),0.16576541920725507
EXP_PTX3 (5806),0.1657648686714488
EXP_HMGN2 (3151),0.1657638062497897
EXP_OGFOD2 (79676),0.16576288123279515
EXP_HSPA13 (6782),0.1657627891153215
EXP_KLHL42 (57542),0.16576258680377176
EXP_IFI6 (2537),0.1657625283777513
EXP_RBMS2 (5939),0.16576139024515957
EXP_RALY (22913),0.1657601684225991
EXP_SYT11 (23208),0.16575969959362524
EXP_TAFA2 (338811),0.16575756252528695
EXP_A4GALT (53947),0.16575706733033968
EXP_PAK1IP1 (55003),0.1657558013603344
EXP_HINT3 (135114),0.1657549752849965
EXP_LIMS1 (3987),0.16575339100003195
EXP_FLAD1 (80308),0.16575255851045956
EXP_HSD17B8 (7923),0.16575118975572867
EXP_LCA5L (150082),0.1657498852596575
EXP_CTSO (1519),0.16574962779278923
EXP_ZNF581 (51545),0.1657488053363787
EXP_VAT1 (10493),0.16574735397752605
EXP_FRY (10129),0.16574567765882176
EXP_DKK3 (27122),0.16574511433510075
EXP_LRP1 (4035),0.16574349396565413
EXP_RFESD (317671),0.165741671136308
EXP_PHKA2 (5256),0.16574015165637146
EXP_MAN1B1 (11253),0.16574006226873195
EXP_NDUFA1 (4694),0.16573886801030024
EXP_UPRT (139596),0.16573844036667218
EXP_LIN54 (132660),0.16573838938232388
EXP_DHPS (1725),0.16573838879441283
EXP_GSPT2 (23708),0.16573825033356826
EXP_ZNF530 (348327),0.16573798397560857
EXP_ARHGEF9 (23229),0.1657368478816723
EXP_TAF7 (6879),0.16573574881194109
EXP_AFMID (125061),0.16573555950512908
EXP_PSCA (8000),0.1657343182558133
EXP_STX1A (6804),0.16573224596573688
EXP_METTL6 (131965),0.1657319226343299
EXP_LONRF1 (91694),0.16572952687172204
EXP_PPP1R2 (5504),0.16572895397595389
EXP_RAB11FIP1 (80223),0.16572811777980867
EXP_TFIP11 (24144),0.1657280034970512
EXP_COL1A1 (1277),0.1657277154178569
EXP_FANCE (2178),0.16572769098718076
EXP_INAFM1 (255783),0.16572696957399558
EXP_TSC22D2 (9819),0.1657262560238939
EXP_FAAP100 (80233),0.16572608238039788
EXP_RABL3 (285282),0.16572582450289008
EXP_NXT1 (29107),0.165724880451398
EXP_SUPT16H (11198),0.16572229157518326
EXP_BRCC3 (79184),0.16572213805817526
EXP_CHST15 (51363),0.16572192151689258
EXP_HSPB6 (126393),0.1657211839839059
EXP_CDK7 (1022),0.16572085447445062
EXP_POMP (51371),0.16572080636984143
EXP_ADAR (103),0.16571983500413445
EXP_TOR1B (27348),0.16571973883518076
EXP_TNNI3 (7137),0.16571744157071588
EXP_JUP (3728),0.16571726973112355
EXP_DPP4 (1803),0.16571666449259403
EXP_FAM83E (54854),0.1657157765417372
EXP_ACIN1 (22985),0.16571520258801087
EXP_VARS2 (57176),0.1657137487494218
EXP_KRTCAP2 (200185),0.16571137472958064
EXP_DYNC1LI2 (1783),0.1657105576682767
EXP_SPDEF (25803),0.1657104511332097
EXP_ZNF551 (90233),0.1657098303912976
EXP_STK38L (23012),0.16570692327124448
EXP_RPL29 (6159),0.16570586730799075
EXP_EIF5AL1 (143244),0.16570519405444895
EXP_SLC35E4 (339665),0.16570493460270885
EXP_SLAMF7 (57823),0.16570455425937336
EXP_TRAM1 (23471),0.16570338049887567
EXP_RB1 (5925),0.16570336145024633
EXP_RINT1 (60561),0.16570312760228845
EXP_MARVELD1 (83742),0.1657030730908664
EXP_DNAJC16 (23341),0.1657020948908139
EXP_SH3BP2 (6452),0.16570199257727847
EXP_KIF18A (81930),0.1657019788301053
EXP_TGOLN2 (10618),0.1657018766404983
EXP_TNFSF9 (8744),0.1657014214942798
EXP_GAPDH (2597),0.16570100284932554
EXP_POGLUT1 (56983),0.16569987882356418
EXP_MOB3C (148932),0.1656985133477109
EXP_TANK (10010),0.16569793746523676
EXP_EPAS1 (2034),0.1656973728281388
EXP_PWP2 (5822),0.16569712853975815
EXP_PROCA1 (147011),0.16569673033048016
EXP_ZNG1B (150472),0.1656964001450394
EXP_PLEKHM2 (23207),0.16569499162945966
EXP_HEXB (3074),0.1656943122510972
EXP_PLAC1 (10761),0.16569426776569962
EXP_PELP1 (27043),0.16569421406683382
EXP_GARIN1A (346653),0.16569413898790764
EXP_AZI2 (64343),0.16569402290945856
EXP_TNFSF13B (10673),0.16569317877389267
EXP_CFAP119 (90835),0.16569299601518317
EXP_NR2F2 (7026),0.16569220279950958
EXP_RPS15A (6210),0.16569131930381342
EXP_UBE2A (7319),0.16569129883408618
EXP_NEDD4L (23327),0.1656906450283815
EXP_SUPT6H (6830),0.1656904698529038
EXP_HS2ST1 (9653),0.16568937704625064
EXP_RBMX2 (51634),0.16568896093462904
EXP_TBC1D20 (128637),0.16568896045048032
EXP_H4C15 (554313),0.16568725834033504
EXP_SRM (6723),0.165685612713121
EXP_KPNA1 (3836),0.16568548025749674
EXP_CAMSAP3 (57662),0.1656844927478467
EXP_BTBD3 (22903),0.1656843845631677
EXP_SLC25A22 (79751),0.1656839958723033
EXP_GTF2F2 (2963),0.1656833465564409
EXP_AMBRA1 (55626),0.16568329116477365
EXP_RBM7 (10179),0.16568244825826728
EXP_ZNF132 (7691),0.16568229298649317
EXP_NAGLU (4669),0.1656822681667851
EXP_PPP1R35 (221908),0.16568115286790963
EXP_OSGEPL1 (64172),0.1656804413268329
EXP_SPDYE3 (441272),0.1656794572280198
EXP_MAP3K10 (4294),0.16567929448578056
EXP_ZNF92 (168374),0.16567915203042283
EXP_DFFB (1677),0.1656774805650274
EXP_GSTT2B (653689),0.16567722523341466
EXP_RLN2 (6019),0.16567722442376898
EXP_LRFN4 (78999),0.16567631642336345
EXP_PRPF40B (25766),0.16567441432079644
EXP_FNBP1L (54874),0.16567383257180168
EXP_SRGN (5552),0.16567347888910966
EXP_RANGAP1 (5905),0.1656731294010365
EXP_NBPF19 (101060226),0.1656725305420057
EXP_MTMR1 (8776),0.16567152870269197
EXP_TSR3 (115939),0.16567129278004789
EXP_MYG1 (60314),0.16567122075913154
EXP_PBX3 (5090),0.16567116967111684
EXP_IGFBPL1 (347252),0.16567104108687047
EXP_RPS14 (6208),0.16567009993715232
EXP_TTC38 (55020),0.16566971971763333
EXP_KATNIP (23247),0.1656687654589195
EXP_LRRC14 (9684),0.16566866991075813
EXP_PGAP6 (58986),0.16566759450014867
EXP_DNAJC12 (56521),0.16566363749563706
EXP_CCNG2 (901),0.16566360803417446
EXP_PPP3R1 (5534),0.16566349934106217
EXP_DUSP14 (11072),0.16566310755328661
EXP_IL17D (53342),0.165662622687897
EXP_ZNF235 (9310),0.1656612045864554
EXP_SPRED3 (399473),0.16566118561779763
EXP_IL18R1 (8809),0.16565953451927662
EXP_PTPN2 (5771),0.16565894854490626
EXP_RBPJ (3516),0.16565190210327874
EXP_WDR5B (54554),0.16565160727277117
EXP_NAP1L1 (4673),0.16564996820839983
EXP_CMBL (134147),0.16564920002101946
EXP_MSANTD3 (91283),0.16564917064871398
EXP_H4C16 (121504),0.16564880752858002
EXP_NAA30 (122830),0.16564854206358515
EXP_XPO7 (23039),0.16564712314334695
EXP_CAD (790),0.1656460555320356
EXP_ZNF830 (91603),0.1656432124006022
EXP_SDC1 (6382),0.1656429413679552
EXP_VPS33B (26276),0.1656413561375194
EXP_TPBG (7162),0.16564084483906694
EXP_NOD2 (64127),0.16564024319259474
EXP_ZNF383 (163087),0.16563903798322954
EXP_DUSP12 (11266),0.16563827018012134
EXP_ISL1 (3670),0.16563792367261065
EXP_TYRO3 (7301),0.1656377238130906
EXP_ABHD12B (145447),0.1656368107273014
EXP_METTL13 (51603),0.16563679748935556
EXP_BIRC5 (332),0.16563602375082453
EXP_ATL2 (64225),0.16563594391917835
EXP_CGGBP1 (8545),0.16563426778284462
EXP_OSTF1 (26578),0.16563345407888264
EXP_H4C3 (8364),0.165632993752042
EXP_HPF1 (54969),0.16563279921992358
EXP_TRIOBP (11078),0.165632672420033
EXP_NIM1K (167359),0.16563209563186376
EXP_MAT2A (4144),0.16563094535003042
EXP_HIGD2A (192286),0.16562703604607432
EXP_DONSON (29980),0.1656265645459314
EXP_RAPGEF6 (51735),0.16562553545955172
EXP_BLOC1S2 (282991),0.16562524484657004
EXP_SNTB2 (6645),0.16562475621665307
EXP_ATF5 (22809),0.16562434518383373
EXP_SPICE1 (152185),0.1656234914342134
EXP_SESN3 (143686),0.16562158718275466
EXP_NCKAP1L (3071),0.1656208513819033
EXP_NCR3LG1 (374383),0.16561923398166822
EXP_CHMP3 (51652),0.16561905396595922
EXP_TMEM121B (27439),0.1656181385139801
EXP_KLF4 (9314),0.16561809032065522
EXP_CCDC9B (388115),0.1656174273722506
EXP_BCL2L1 (598),0.16561386066054862
EXP_AGPAT4 (56895),0.1656129207359056
EXP_KHDC4 (22889),0.1656129045743553
EXP_HDAC7 (51564),0.16561218773844466
EXP_SLC15A3 (51296),0.16561166550306794
EXP_JPH2 (57158),0.16561030619297323
EXP_HES6 (55502),0.16561014095815363
EXP_NAE1 (8883),0.1656095172721086
EXP_PLEKHM1 (9842),0.16560861584747766
EXP_VPS37D (155382),0.16560818858366844
EXP_SF3B6 (51639),0.1656080372542359
EXP_STXBP1 (6812),0.16560747705391243
EXP_PLOD3 (8985),0.16560730969995063
EXP_PRPF31 (26121),0.1656068068062666
EXP_FAM133B (257415),0.1656063786798052
EXP_UBXN6 (80700),0.16560571480953623
EXP_RAD54L2 (23132),0.16560415088193903
EXP_RPL30 (6156),0.16560377330698284
EXP_COX10 (1352),0.165601015106704
EXP_DNAH3 (55567),0.16559822285340964
EXP_CAPN12 (147968),0.1655969599607756
EXP_ANKIB1 (54467),0.16559600511544748
EXP_PPIA (5478),0.16559571928822958
EXP_INSL3 (3640),0.16559470260267606
EXP_BTF3 (689),0.1655946779023898
EXP_VPS33A (65082),0.1655936561424447
EXP_SLC29A2 (3177),0.16559326850862277
EXP_LLGL2 (3993),0.16559282433799716
EXP_LCOR (84458),0.16559250946358084
EXP_SLC50A1 (55974),0.16559131243909864
EXP_RO60 (6738),0.1655900751336734
EXP_FHIP2A (57700),0.16558960611820606
EXP_SLC38A1 (81539),0.16558945435892536
EXP_POU5F1 (5460),0.16558928449725574
EXP_PTGDS (5730),0.16558922154651956
EXP_SNX21 (90203),0.16558815291692586
EXP_ZNF823 (55552),0.16558308868278893
EXP_LTB (4050),0.16558259737672643
EXP_TTC27 (55622),0.16558120956046807
EXP_ANXA5 (308),0.16558034685616896
EXP_PTPRE (5791),0.16557985664963937
EXP_WNT10B (7480),0.16557879346621807
EXP_ARHGEF39 (84904),0.165578737554247
EXP_SLC35A3 (23443),0.16557819749586766
EXP_PNN (5411),0.1655773604686388
EXP_NANS (54187),0.1655753089998644
EXP_ASGR1 (432),0.16557409839506754
EXP_ZDHHC4 (55146),0.16557196491050696
EXP_MYL12A (10627),0.1655709499990179
EXP_DNAAF1 (123872),0.16556920973298528
EXP_ACP6 (51205),0.16556682266006195
EXP_CEP19 (84984),0.16556521673638525
EXP_LNX2 (222484),0.16556501818094382
EXP_ZNF211 (10520),0.16556497318964958
EXP_RPS24 (6229),0.16556446041999706
EXP_RFTN2 (130132),0.16556273022568746
EXP_C11orf65 (160140),0.1655626541862274
EXP_KCNK1 (3775),0.16556241434094687
EXP_METTL25 (84190),0.16556073041353425
EXP_MICOS10 (440574),0.16555951098147492
EXP_PLAG1 (5324),0.1655579724164653
EXP_SH3YL1 (26751),0.16555659248318122
EXP_TNFRSF18 (8784),0.1655556518935608
EXP_DNAJC30 (84277),0.16555564500129982
EXP_ZNF518A (9849),0.1655550634290739
EXP_MRPL11 (65003),0.16555467938016477
EXP_GABARAPL2 (11345),0.16555446798092532
EXP_SAE1 (10055),0.16555277009777303
EXP_TENT4A (11044),0.16555264124291913
EXP_RBM42 (79171),0.16555244140293368
EXP_KRIT1 (889),0.16555241683525157
EXP_MRPL34 (64981),0.16555178621089972
EXP_CCDC39 (339829),0.16555090979044707
EXP_MRPS23 (51649),0.16555068236104997
EXP_LMAN1 (3998),0.16555021872275155
EXP_RABGGTA (5875),0.16555003301385796
EXP_APOL1 (8542),0.16554958477902915
EXP_MED24 (9862),0.16554889475773304
EXP_LPCAT2 (54947),0.16554833112158285
EXP_CLDN12 (9069),0.1655479861152429
EXP_TBC1D30 (23329),0.16554780169861072
EXP_SIGLEC10 (89790),0.16554767341365384
EXP_SMIM45 (339674),0.1655475380452085
EXP_ZNF17 (7565),0.1655458672805059
EXP_MIF (4282),0.16554579638092193
EXP_LGMN (5641),0.16554437440551162
EXP_EPS15L1 (58513),0.16554327772103772
EXP_USP49 (25862),0.1655417684803311
EXP_FMO4 (2329),0.1655414518052858
EXP_APH1A (51107),0.16554139047806338
EXP_CCDC24 (149473),0.16553909206103423
EXP_ZNF8 (7554),0.16553713379397905
EXP_BATF3 (55509),0.16553598805005
EXP_ATP2A1 (487),0.1655354487515952
EXP_DDX56 (54606),0.16553476445430082
EXP_MTARC1 (64757),0.16553404963419727
EXP_AKR1C3 (8644),0.16553321813489674
EXP_LDB3 (11155),0.16553318725548216
EXP_FSD1L (83856),0.1655322630974121
EXP_CCDC92 (80212),0.165531687265557
EXP_CDS2 (8760),0.16553137777208438
EXP_GAS2 (2620),0.1655311280129368
EXP_MACIR (90355),0.16553053186832134
EXP_MRPS24 (64951),0.1655301256074999
EXP_SH3BP1 (23616),0.16552778544548374
EXP_ENY2 (56943),0.1655274960499824
EXP_DDX11 (1663),0.16552701491642718
EXP_SLC25A44 (9673),0.16552664267528439
EXP_TMEM154 (201799),0.1655250191458757
EXP_SAMD10 (140700),0.16552363346557541
EXP_ACADVL (37),0.1655227381840394
EXP_IRAK1BP1 (134728),0.1655196664674614
EXP_CAPZB (832),0.1655194983824151
EXP_SKA3 (221150),0.16551928326298881
EXP_AAR2 (25980),0.1655192511345316
EXP_LRFN3 (79414),0.16551809665813
EXP_ABHD5 (51099),0.16551782425116102
EXP_NCL (4691),0.1655170900281684
EXP_EIF2B5 (8893),0.16551700391613178
EXP_RPS6KA2 (6196),0.16551687295178752
EXP_PSMA7 (5688),0.1655163343600039
EXP_SSRP1 (6749),0.1655154465377393
EXP_ERAP2 (64167),0.16551507684072497
EXP_USP19 (10869),0.1655142292414009
EXP_RFC3 (5983),0.16551196416918046
EXP_MLANA (2315),0.16551147718751125
EXP_ETV1 (2115),0.16551105415656586
EXP_CCN3 (4856),0.16551104356843815
EXP_UBE2J1 (51465),0.1655102310108747
EXP_ATG2A (23130),0.16550826111785
EXP_POLR3E (55718),0.1655079005568183
EXP_PHF10 (55274),0.16550748377408908
EXP_NOL9 (79707),0.1655070817854103
EXP_DCAF8 (50717),0.16550518361535627
EXP_LNPEP (4012),0.1655045029822242
EXP_TEX2 (55852),0.16550307870928727
EXP_TAF1C (9013),0.16550255097421207
EXP_TRERF1 (55809),0.16550167248849323
EXP_VGLL4 (9686),0.1654985918185119
EXP_SPG7 (6687),0.1654985633406545
EXP_HSPB8 (26353),0.16549594886708796
EXP_ATP6V1H (51606),0.16549389015369087
EXP_ZNF765 (91661),0.16549263963315664
EXP_TTC1 (7265),0.1654915657267333
EXP_EIF5A2 (56648),0.16549074323535162
EXP_NBEA (26960),0.16549000634765054
EXP_BARD1 (580),0.16548992298044585
EXP_FAM83H (286077),0.16548733913552383
EXP_H2BC12 (85236),0.1654831984322369
EXP_SLC25A35 (399512),0.16548266396019073
EXP_FAM219A (203259),0.16548148355769143
EXP_OPN3 (23596),0.1654810137113678
EXP_INTS4 (92105),0.16547992674920486
EXP_LDB1 (8861),0.16547922494315426
EXP_LGR6 (59352),0.16547889283382133
EXP_TSC2 (7249),0.165478669910188
EXP_SERPINB6 (5269),0.1654772042052528
EXP_CENPT (80152),0.16547708941617945
EXP_SNX33 (257364),0.16547687933867294
EXP_SLA2 (84174),0.16547526720106465
EXP_ERVW-1 (30816),0.16547460058978025
EXP_KBTBD8 (84541),0.16547208234842792
EXP_TUBB4B (10383),0.16547125000810592
EXP_C21orf91 (54149),0.1654703785907179
EXP_LYPLAL1 (127018),0.165470352451905
EXP_LAMP2 (3920),0.165470347862259
EXP_NIPSNAP3B (55335),0.1654702871818845
EXP_RAPH1 (65059),0.16547015666969767
EXP_TOM1L2 (146691),0.16547008262820562
EXP_SPDYE6 (729597),0.16546990411200913
EXP_CCDC200 (100874261),0.16546960749679052
EXP_DNAJC14 (85406),0.16546928449386922
EXP_BIN1 (274),0.16546919288897666
EXP_HCCS (3052),0.16546904074247148
EXP_SPTBN1 (6711),0.16546880863354385
EXP_SSR4 (6748),0.16546787176372657
EXP_G2E3 (55632),0.16546763343502668
EXP_RAB42 (115273),0.16546658924371282
EXP_MMP14 (4323),0.1654658801009372
EXP_NFYB (4801),0.16546344791573997
EXP_LTO1 (220064),0.16545782405226817
EXP_GPRC5C (55890),0.16545761469582576
EXP_ITPRID2 (6744),0.16545680737052315
EXP_GHITM (27069),0.16545628314749639
EXP_CCDC13 (152206),0.16545560737738096
EXP_CNNM1 (26507),0.16545358589501724
EXP_HSD17B12 (51144),0.16545327463978143
EXP_FRMD5 (84978),0.16545265581967428
EXP_DNLZ (728489),0.1654524044673389
EXP_LCAT (3931),0.16545057260163798
EXP_LAMP3 (27074),0.16545048352777236
EXP_MSRA (4482),0.16544889363095194
EXP_ASAP3 (55616),0.16544640972402735
EXP_TBC1D13 (54662),0.1654455839155098
EXP_PPP1CB (5500),0.1654432299750832
EXP_CEP350 (9857),0.16544296366271638
EXP_SPAG4 (6676),0.1654408729004535
EXP_SSBP2 (23635),0.1654393993415244
EXP_ATF7 (11016),0.16543853372750128
EXP_MBOAT7 (79143),0.16543694852677415
EXP_ZNF670 (93474),0.16543571416349057
EXP_IL2RG (3561),0.16543455104373628
EXP_TNFAIP8L1 (126282),0.16543251095858302
EXP_KSR1 (8844),0.16543210734402614
EXP_C22orf23 (84645),0.1654319162820972
EXP_ARID4A (5926),0.16543151054810412
EXP_SPEF2 (79925),0.16543134603902931
EXP_LRRC23 (10233),0.16543066187684463
EXP_LMBRD2 (92255),0.16543050323114983
EXP_LMNTD2 (256329),0.16543043785902967
EXP_RAD17 (5884),0.16542739148212338
EXP_CNBD2 (140894),0.16542654797898937
EXP_DNAJA4 (55466),0.165425315747056
EXP_TCAP (8557),0.16542279990037922
EXP_ABTB2 (25841),0.1654222478921641
EXP_GOT1 (2805),0.16542200954386121
EXP_SCRN1 (9805),0.1654210119543027
EXP_UBE2D1 (7321),0.1654209520504626
EXP_PDIA3 (2923),0.16542060222352184
EXP_ARHGAP4 (393),0.1654196726568955
EXP_OGFOD3 (79701),0.16541882203062475
EXP_CCDC127 (133957),0.16541782959725992
EXP_PARP15 (165631),0.165416922451894
EXP_GOLGA8R (101059918),0.1654168997446117
EXP_MFSD4B (91749),0.165414409389526
EXP_HEXD (284004),0.1654115452943481
EXP_XPC (7508),0.1654097153586065
EXP_ATG3 (64422),0.16540805346959342
EXP_ACAT1 (38),0.16540804699214018
EXP_CTNNB1 (1499),0.16540747481183082
EXP_MYH14 (79784),0.16540746615085045
EXP_P2RY1 (5028),0.16540687896721362
EXP_NRSN2 (80023),0.16540662310933207
EXP_BFAR (51283),0.16540572662267294
EXP_IL3RA (3563),0.1654057170547265
EXP_RNF10 (9921),0.16540569539947292
EXP_TTC7A (57217),0.16540505668845817
EXP_TCTN2 (79867),0.16540350906012247
EXP_HGS (9146),0.16540349294975343
EXP_PFN4 (375189),0.16540244483443267
EXP_ZNF20 (7568),0.16540097929285036
EXP_GDE1 (51573),0.1653985305861383
EXP_COX5A (9377),0.16538919433268617
EXP_MT-ND5 (4540),0.16538892884197942
EXP_NAALADL2 (254827),0.165386668741057
EXP_GOLGA1 (2800),0.1653864622995167
EXP_ARNT (405),0.16538432192308505
EXP_RAMP1 (10267),0.1653839751859154
EXP_TBCA (6902),0.16538284189876862
EXP_CNIH1 (10175),0.16538278909878823
EXP_ORC3 (23595),0.16537831895077826
EXP_DNAI4 (79819),0.16537784467344618
EXP_YKT6 (10652),0.16537547569597244
EXP_SMIM14 (201895),0.165375183738818
EXP_SRRM5 (100170229),0.16537480785945036
EXP_CD47 (961),0.1653745179140813
EXP_CSDE1 (7812),0.1653727610808451
EXP_SMYD5 (10322),0.16537251477484727
EXP_BAG5 (9529),0.1653719696866256
EXP_HSPA6 (3310),0.16537189118379292
EXP_MCM9 (254394),0.1653710530491761
EXP_GKAP1 (80318),0.1653695807415696
EXP_ZNF319 (57567),0.1653694596339541
EXP_SLC17A7 (57030),0.16536878302201163
EXP_ST6GALNAC2 (10610),0.16536747437971844
EXP_MARVELD2 (153562),0.16536690222796757
EXP_KHSRP (8570),0.16536678299029361
EXP_HOXB3 (3213),0.16536671805474779
EXP_DYNLT1 (6993),0.16536580926351974
EXP_VLDLR (7436),0.16536516800605128
EXP_COA4 (51287),0.16536385514350282
EXP_CCDC191 (57577),0.16536331924572867
EXP_YES1 (7525),0.165361589702961
EXP_ZNF808 (388558),0.16535838101382971
EXP_TMEM208 (29100),0.16535811885760854
EXP_SETSIP (646817),0.16535803900365753
EXP_CSNK2A2 (1459),0.16535789693706793
EXP_ZC3H4 (23211),0.16535775902157823
EXP_INTS10 (55174),0.16535700162406464
EXP_CNOT7 (29883),0.16535567578516908
EXP_PSMD2 (5708),0.1653539169012328
EXP_STX7 (8417),0.16535316528654231
EXP_SKA2 (348235),0.16535282431352805
EXP_ANXA7 (310),0.16534993430065104
EXP_IGF2BP3 (10643),0.1653497826236645
EXP_MAML3 (55534),0.1653495961051279
EXP_CCDC7 (79741),0.16534916774012753
EXP_MAP3K8 (1326),0.16534873501192315
EXP_NEK6 (10783),0.16534835239386325
EXP_SCARF2 (91179),0.16534829297837117
EXP_CLIC3 (9022),0.16534819920842114
EXP_TMEM185B (79134),0.16534734999832512
EXP_RASSF6 (166824),0.16534733946459035
EXP_LRRC75B (388886),0.1653468550882451
EXP_MSH5 (4439),0.16534620256684818
EXP_CANT1 (124583),0.165344862185135
EXP_SLC44A2 (57153),0.16534402483428234
EXP_CDK10 (8558),0.16534352022094811
EXP_TFPI2 (7980),0.16534215048330214
EXP_XPNPEP3 (63929),0.16534140038116885
EXP_MRPL16 (54948),0.16534118612398174
EXP_SAMTOR (154743),0.16534110475591035
EXP_PDRG1 (81572),0.16534103452263427
EXP_RNF31 (55072),0.1653393357818027
EXP_MOCOS (55034),0.1653381865215966
EXP_ANKRD17 (26057),0.1653373227954793
EXP_MED8 (112950),0.1653363127403642
EXP_SLC43A3 (29015),0.1653359730168038
EXP_GFM2 (84340),0.165335604775243
EXP_ZNF782 (158431),0.1653353354865068
EXP_MTARC2 (54996),0.16533442191074776
EXP_ARAP2 (116984),0.16533378127046827
EXP_RAB37 (326624),0.1653337627458349
EXP_PIM1 (5292),0.1653336234703433
EXP_CXCR4 (7852),0.1653328211919769
EXP_PDIK1L (149420),0.16532985295653368
EXP_GEM (2669),0.16532903528112186
EXP_AK7 (122481),0.16532854560042143
EXP_CCDC62 (84660),0.16532786893588725
EXP_TYW3 (127253),0.16532661277135574
EXP_SDC2 (6383),0.1653265090858378
EXP_MED9 (55090),0.1653264370904317
EXP_BTN3A1 (11119),0.1653260667421943
EXP_GLIPR2 (152007),0.1653248267143086
EXP_GPATCH11 (253635),0.16532222726388746
EXP_SPEN (23013),0.16532188733040432
EXP_RAP1GAP2 (23108),0.165321329273727
EXP_REPS1 (85021),0.16532099002516532
EXP_PTPRB (5787),0.16531951305193537
EXP_SERPINF1 (5176),0.16531802866218825
EXP_TRPV3 (162514),0.16531637013859246
EXP_MRPL3 (11222),0.16531571858528427
EXP_TPRG1 (285386),0.16531545992130958
EXP_SMC2 (10592),0.16531510251784365
EXP_THOC1 (9984),0.1653146103838159
EXP_NRL (4901),0.16531420015355902
EXP_HNRNPDL (9987),0.16531369786137518
EXP_FHIT (2272),0.16531341059601967
EXP_DYNLT2B (255758),0.16531262249751766
EXP_ARHGEF38 (54848),0.16531075656031557
EXP_TIMP2 (7077),0.1653095385523473
EXP_NPIPB3 (23117),0.16530949855045662
EXP_SDE2 (163859),0.16530865772370085
EXP_RPL10A (4736),0.16530711487271876
EXP_GALK2 (2585),0.16530674155422975
EXP_TMEM131 (23505),0.16530450739204472
EXP_THRAP3 (9967),0.16530429925026535
EXP_CEP70 (80321),0.16530393118569986
EXP_L3MBTL1 (26013),0.16530297257743598
EXP_TMEM126A (84233),0.16530249353039395
EXP_CNNM3 (26505),0.16530101803157837
EXP_GRTP1 (79774),0.16530047773040568
EXP_CHCHD10 (400916),0.1652998711749536
EXP_MCTS1 (28985),0.16529975199723612
EXP_SERF2 (10169),0.16529958563758118
EXP_ZBTB9 (221504),0.1652995536301427
EXP_CYB561D1 (284613),0.16529872792529332
EXP_CCS (9973),0.1652982042542206
EXP_IL11RA (3590),0.16529813154502637
EXP_DPP8 (54878),0.16529804343834087
EXP_HTATSF1 (27336),0.16529789529716954
EXP_CDYL (9425),0.16529544062320767
EXP_CD46 (4179),0.16529335020210656
EXP_ARHGEF5 (7984),0.16529257220126414
EXP_CHD1L (9557),0.16529246123530061
EXP_CCDC150 (284992),0.16529211389524168
EXP_ISOC1 (51015),0.16529121040437555
EXP_DNAH17 (8632),0.16529083311859427
EXP_ARL2 (402),0.1652907927136038
EXP_TAB2 (23118),0.16528971000024395
EXP_TRIM8 (81603),0.16528966093737996
EXP_ZNF254 (9534),0.1652887998259489
EXP_AIMP2 (7965),0.16528828216677738
EXP_DCAF7 (10238),0.1652880020030567
EXP_KREMEN2 (79412),0.16528740073731552
EXP_TMEM115 (11070),0.16528669095868853
EXP_C19orf33 (64073),0.16528643642330376
EXP_GMFB (2764),0.16528641680385814
EXP_ASAP1 (50807),0.16528586788969513
EXP_ANXA2 (302),0.1652846979757081
EXP_COA3 (28958),0.16528423255485958
EXP_DSCC1 (79075),0.16528406433516007
EXP_TNFRSF10D (8793),0.16528083177317665
EXP_TMSB15C (122394733),0.16527980026594324
EXP_MRPL44 (65080),0.1652796828821348
EXP_RUSC1 (23623),0.16527960340837744
EXP_SAT1 (6303),0.16527891444377918
EXP_RPL12 (6136),0.1652785224872888
EXP_CPA4 (51200),0.16527717593558933
EXP_RASSF2 (9770),0.16527614692880288
EXP_DYNC2I2 (89891),0.1652754963522689
EXP_SYNGR2 (9144),0.16527525344205252
EXP_FUT3 (2525),0.1652751144117186
EXP_JOSD2 (126119),0.16527462990362274
EXP_ZFP36L2 (678),0.1652745076613531
EXP_UBE2E2 (7325),0.1652728465886959
EXP_PRKCB (5579),0.1652705617863406
EXP_NOTUM (147111),0.16527023952742592
EXP_USP3 (9960),0.16526912430659824
EXP_TBRG4 (9238),0.16526858096182018
EXP_USP20 (10868),0.1652681275823955
EXP_FLVCR1 (28982),0.16526721007557565
EXP_C1orf167 (284498),0.16526594602420364
EXP_PDE2A (5138),0.1652651424770859
EXP_DNAJC6 (9829),0.1652643546236625
EXP_CPLX1 (10815),0.16526275064759233
EXP_MEMO1 (51072),0.1652610120453053
EXP_GSDME (1687),0.165260781862683
EXP_ITPRIPL2 (162073),0.1652604140174807
EXP_SCAF8 (22828),0.16526022767466397
EXP_SLC9B2 (133308),0.16525975419517636
EXP_CLNS1A (1207),0.1652595939755619
EXP_WDR62 (284403),0.16525813013324342
EXP_RTF1 (23168),0.1652577492869014
EXP_RALGAPA2 (57186),0.16525694631656496
EXP_ARMC7 (79637),0.16525679722513953
EXP_FAM229B (619208),0.16525538943801443
EXP_ARRDC3 (57561),0.1652540446405686
EXP_GADD45GIP1 (90480),0.16525253054796352
EXP_TRIP11 (9321),0.16525232599141138
EXP_ABCA1 (19),0.165250896854503
EXP_C3 (718),0.1652504648319697
EXP_SMS (6611),0.16525005581264907
EXP_SZRD1 (26099),0.16524998441862593
EXP_RANBP9 (10048),0.16524824629857804
EXP_NMT2 (9397),0.16524823373959308
EXP_POLR2E (5434),0.16524700630318634
EXP_CAMSAP1 (157922),0.1652456162193099
EXP_WNK2 (65268),0.1652451596148481
EXP_CLDN22 (53842),0.16524250397800433
EXP_IGBP1 (3476),0.16524067795206676
EXP_FZD7 (8324),0.1652395836463869
EXP_ZNG1A (55871),0.1652366193256789
EXP_TSNARE1 (203062),0.16523490675932884
EXP_ELF1 (1997),0.16523445194803976
EXP_RPL41 (6171),0.1652338375606055
EXP_TTI1 (9675),0.16523340768180894
EXP_NAV3 (89795),0.16523279172253247
EXP_NR6A1 (2649),0.16523276430681744
EXP_CCDC134 (79879),0.16523209341620237
EXP_MTCP1 (4515),0.16523197713195525
EXP_C2CD3 (26005),0.16523143238426385
EXP_KLF13 (51621),0.1652309645181287
EXP_ISYNA1 (51477),0.16523009487127283
EXP_MED28 (80306),0.16522865421479604
EXP_RAG1 (5896),0.16522843239665885
EXP_GLI4 (2738),0.1652278044332247
EXP_EML2 (24139),0.16522709243792377
EXP_CASP6 (839),0.16522498190132406
EXP_SH3D21 (79729),0.16522417410316947
EXP_AKR7L (246181),0.16522389448031571
EXP_GNB1 (2782),0.16522378716886088
EXP_NUP58 (9818),0.1652222047170886
EXP_ZRANB1 (54764),0.1652211818656486
EXP_ATP7B (540),0.16522010730387926
EXP_ZMIZ1 (57178),0.16521922027525449
EXP_GNL2 (29889),0.1652188581626408
EXP_SMG1 (23049),0.1652187394044402
EXP_KDM8 (79831),0.16521867848848348
EXP_MYO1C (4641),0.16521751422805053
EXP_KDM3A (55818),0.16521613170585336
EXP_BAG2 (9532),0.16521485312183337
EXP_TCAF1 (9747),0.1652142924248574
EXP_CD72 (971),0.16521404612251978
EXP_OLFML2B (25903),0.16521334717209957
EXP_LOXL2 (4017),0.165213335782056
EXP_SFT2D2 (375035),0.16521296503128635
EXP_MED7 (9443),0.16521272751447924
EXP_RAB8B (51762),0.1652120617405073
EXP_NHLH1 (4807),0.16521202867706908
EXP_RPUSD4 (84881),0.16521110636008274
EXP_ZNF133 (7692),0.16521108429357945
EXP_SLC23A3 (151295),0.16521102600514936
EXP_MAPKAP1 (79109),0.16521095925137352
EXP_ZNF692 (55657),0.16521052348062426
EXP_HEG1 (57493),0.16521045462071093
EXP_RPN2 (6185),0.1652103461579788
EXP_KLHDC1 (122773),0.1652100856784271
EXP_ACSS2 (55902),0.1652090747521502
EXP_TMEM179B (374395),0.16520852975734002
EXP_CRYBG1 (202),0.16520850475309512
EXP_LPAR2 (9170),0.16520811026837645
EXP_RTN4RL2 (349667),0.16520742701253877
EXP_FAF1 (11124),0.16520560511220594
EXP_CD48 (962),0.1652045146024479
EXP_RMND1 (55005),0.16520399573566724
EXP_CD320 (51293),0.16520291955004573
EXP_SPAG7 (9552),0.16520278484860906
EXP_FAM98B (283742),0.16520240823318755
EXP_CEMIP2 (23670),0.16520196854795266
EXP_TMEM106B (54664),0.1652013636218097
EXP_TMEM191B (728229),0.16520066075137407
EXP_RNASEL (6041),0.16520046591110127
EXP_ZFP62 (643836),0.16519914463655194
EXP_SNAPC4 (6621),0.16519878648340214
EXP_EWSR1 (2130),0.16519625975681862
EXP_UBE2E1 (7324),0.1651959862470047
EXP_TLK2 (11011),0.1651955072618092
EXP_PCCA (5095),0.16519497913066417
EXP_CCDC112 (153733),0.16519490411537152
EXP_PSMC5 (5705),0.16519463157389502
EXP_RAB13 (5872),0.16519441134871293
EXP_FAM120A (23196),0.16519403366490337
EXP_PYGB (5834),0.16519295938888678
EXP_CEP250 (11190),0.1651928737693087
EXP_CAPS (828),0.16519262909691967
EXP_CFAP418 (157657),0.16519229767477128
EXP_ZBTB49 (166793),0.16519188671843832
EXP_KCNH2 (3757),0.16519126535635742
EXP_FASTKD1 (79675),0.16519094157966485
EXP_RNF220 (55182),0.16519028193070007
EXP_ERCC5 (2073),0.16518957349301733
EXP_TSACC (128229),0.1651890458451586
EXP_CFAP92 (57501),0.16518903359683712
EXP_SOCS6 (9306),0.16518890594331914
EXP_SEMA6A (57556),0.16518522038103622
EXP_ZFAT (57623),0.16518516816578366
EXP_XKRX (402415),0.1651848690349711
EXP_UBOX5 (22888),0.16518440569694715
EXP_F3 (2152),0.16518430128392048
EXP_ZNF776 (284309),0.1651836312052506
EXP_PLAU (5328),0.1651815110687096
EXP_ZRSR2 (8233),0.16517944612921642
EXP_PEX3 (8504),0.16517907655001896
EXP_WDR83OS (51398),0.16517879035503924
EXP_SMAD3 (4088),0.16517837829257598
EXP_EMC7 (56851),0.16517835232323463
EXP_ZFP41 (286128),0.1651776790125119
EXP_BTG3 (10950),0.1651767429946318
EXP_HAL (3034),0.16517673885223427
EXP_RPS6KL1 (83694),0.16517667537804304
EXP_SPAG5 (10615),0.16517574824517123
EXP_ZNF597 (146434),0.16517563738600494
EXP_RPL36AL (6166),0.16517520609395042
EXP_EHD2 (30846),0.16517361775504646
EXP_CYP4V2 (285440),0.1651725771563548
EXP_LAMA4 (3910),0.16517171816418763
EXP_PAOX (196743),0.16517137692938633
EXP_TPI1 (7167),0.1651712008265962
EXP_SBK3 (100130827),0.16516965226178915
EXP_LFNG (3955),0.16516864275011756
EXP_ALDH6A1 (4329),0.1651653193973841
EXP_MYO1D (4642),0.16516484034346757
EXP_GNAL (2774),0.1651629407359012
EXP_BCKDHA (593),0.16516290258976696
EXP_UBALD2 (283991),0.16516279249776744
EXP_SAP25 (100316904),0.1651616567181673
EXP_DNAJC15 (29103),0.16515976986263947
EXP_ASB9 (140462),0.16515905510858175
EXP_ZNF483 (158399),0.16515763588349586
EXP_ELOB (6923),0.16515376331107845
EXP_DMPK (1760),0.16515371556874392
EXP_PRR3 (80742),0.16515371006715185
EXP_SH3BGRL (6451),0.16515197141795657
EXP_NCBP2AS2 (152217),0.1651513066879513
EXP_NKPD1 (284353),0.16515085289539844
EXP_RCN2 (5955),0.16515009151856574
EXP_PIERCE1 (138162),0.16514710705475277
EXP_MEF2C (4208),0.1651466568769555
EXP_E2F2 (1870),0.16514591653939004
EXP_CACNB2 (783),0.16514402295930442
EXP_RUVBL2 (10856),0.16514328392491695
EXP_NBPF15 (284565),0.1651426599376844
EXP_ZNF354B (117608),0.16514029555857412
EXP_PDCD4 (27250),0.16513893482223452
EXP_NCOR2 (9612),0.1651381286876905
EXP_RBL2 (5934),0.16513795767775363
EXP_DARS2 (55157),0.1651375493535996
EXP_IL18 (3606),0.16513569375552706
EXP_CLUAP1 (23059),0.1651345804124258
EXP_RMND5A (64795),0.16513398283603653
EXP_IFT22 (64792),0.16513366234637505
EXP_ZCCHC7 (84186),0.16513171384451653
EXP_FNBP1 (23048),0.16513160993528597
EXP_ELOA (6924),0.16513153814821102
EXP_TMEM129 (92305),0.16513105833705932
EXP_NPIPB4 (440345),0.16513099756727279
EXP_GLI2 (2736),0.16513096832647722
EXP_GOLGA8N (643699),0.16513052708187814
EXP_PKN1 (5585),0.1651295867316085
EXP_CFDP1 (10428),0.16512904813910012
EXP_METTL21A (151194),0.1651290066318163
EXP_MRPL24 (79590),0.16512837282354464
EXP_ZNF564 (163050),0.1651279958834131
EXP_FAM186B (84070),0.1651269686036212
EXP_RPL6 (6128),0.16512688710635182
EXP_KMT2E (55904),0.1651256414275064
EXP_KIAA1549 (57670),0.16512289541905467
EXP_EXOSC3 (51010),0.16512230164741748
EXP_CEP72 (55722),0.16512195158507037
EXP_SPRY1 (10252),0.16512162865212598
EXP_FKBP1A (2280),0.1651212458479563
EXP_C1GALT1C1 (29071),0.16512054216125627
EXP_RAF1 (5894),0.165120451173431
EXP_TCTA (6988),0.16511964010196234
EXP_PHB2 (11331),0.165119467788033
EXP_SAFB2 (9667),0.1651189371622479
EXP_CRADD (8738),0.1651187350365877
EXP_ZNF354C (30832),0.1651183193614738
EXP_RWDD3 (25950),0.16511694072265026
EXP_OLA1 (29789),0.16511626216904673
EXP_DNA2 (1763),0.16511612028336486
EXP_WDR1 (9948),0.16511581880529658
EXP_DUSP3 (1845),0.1651157291807177
EXP_AP2A1 (160),0.16511551437722893
EXP_GMCL1 (64395),0.1651141463615753
EXP_BTD (686),0.16511229425384855
EXP_SNX10 (29887),0.16511200978261975
EXP_DENND10 (404636),0.1651106777735114
EXP_FAM171A2 (284069),0.16511012731938468
EXP_DNAJB2 (3300),0.16510731834868686
EXP_CACNA1A (773),0.16510688042220778
EXP_LTBP4 (8425),0.16510589955124022
EXP_DENND6A (201627),0.16510480756931845
EXP_NPIPA5 (100288332),0.16510374154390828
EXP_CYP39A1 (51302),0.16510236060358707
EXP_USP34 (9736),0.16510178042299373
EXP_TRMT44 (152992),0.16510174605114614
EXP_GAREM1 (64762),0.1651006647690494
EXP_PRR14L (253143),0.16509801265332413
EXP_MBLAC2 (153364),0.16509672134825237
EXP_HIP1R (9026),0.16509587038262463
EXP_FDXR (2232),0.1650948227971032
EXP_MINK1 (50488),0.16509339876776874
EXP_SHROOM2 (357),0.16509185527144954
EXP_AKR1C1 (1645),0.16509103731350994
EXP_TLR5 (7100),0.16509046848901932
EXP_KLHDC8B (200942),0.16509019251547574
EXP_PAK1 (5058),0.16508873390189294
EXP_NDUFS8 (4728),0.1650851619146989
EXP_MCTP1 (79772),0.16508437141589827
EXP_PLEKHH3 (79990),0.16508309542468425
EXP_SPATS2 (65244),0.16508236360871553
EXP_YDJC (150223),0.16508226551719662
EXP_AKR1E2 (83592),0.16508222561249042
EXP_TBC1D15 (64786),0.1650817083588505
EXP_MT-CO3 (4514),0.16508168780589738
EXP_PHKA1 (5255),0.16507998073186325
EXP_SLC9A1 (6548),0.16507737659890775
EXP_CCDC159 (126075),0.16507723435189803
EXP_RPA1 (6117),0.16507670899499516
EXP_SLC17A9 (63910),0.16507605844036544
EXP_EPOP (100170841),0.16507427891008675
EXP_OTULINL (54491),0.16507356417644914
EXP_TRIP10 (9322),0.16507350118658692
EXP_PLCB2 (5330),0.1650731185303691
EXP_PLEKHA3 (65977),0.16507077652867608
EXP_CORO2A (7464),0.16507043320504788
EXP_SOX13 (9580),0.1650697892030415
EXP_EXOC1 (55763),0.16506896014484163
EXP_GPR161 (23432),0.16506845192802544
EXP_EPHB4 (2050),0.16506745690614988
EXP_SLC25A30 (253512),0.16506689764574656
EXP_PSME4 (23198),0.165066833747062
EXP_PECAM1 (5175),0.16506540618543397
EXP_TMEM165 (55858),0.16506523776550974
EXP_VSIR (64115),0.16506501141324303
EXP_HIVEP3 (59269),0.16506445156801153
EXP_MGAT5 (4249),0.16506436006221836
EXP_MYEF2 (50804),0.1650630725768698
EXP_ERN1 (2081),0.16506287822357724
EXP_SRSF11 (9295),0.1650628328224899
EXP_EFCAB5 (374786),0.16506241629580298
EXP_ANO8 (57719),0.16506197694816827
EXP_USP36 (57602),0.165061142677577
EXP_TM9SF1 (10548),0.16506013770052608
EXP_TFF1 (7031),0.16505979507220037
EXP_LETM2 (137994),0.16505966672817518
EXP_PFDN2 (5202),0.16505963560113468
EXP_IFT81 (28981),0.16505847442168786
EXP_NOC3L (64318),0.16505782835307414
EXP_GNPDA1 (10007),0.16505570928770918
EXP_ZNRF1 (84937),0.16505533594563815
EXP_FTSJ1 (24140),0.16505460587921394
EXP_HIPK2 (28996),0.1650539859448612
EXP_GJA3 (2700),0.16505241515367608
EXP_KLF16 (83855),0.16505100368799663
EXP_AKAP8L (26993),0.16505031250883295
EXP_AGK (55750),0.16505013824182768
EXP_POMZP3 (22932),0.16504887643155364
EXP_HIC2 (23119),0.16504853982605372
EXP_DTYMK (1841),0.16504811195788793
EXP_DNAJC19 (131118),0.165048068974742
EXP_MPV17 (4358),0.16504791131171714
EXP_OAT (4942),0.16504750059588869
EXP_SPRY2 (10253),0.16504749189327406
EXP_SLC31A2 (1318),0.1650474589367894
EXP_NUDT13 (25961),0.16504713738379628
EXP_TAOK2 (9344),0.16504693805369364
EXP_WWC2 (80014),0.16504692887920847
EXP_CHKB (1120),0.16504538910207422
EXP_HGH1 (51236),0.1650450184277661
EXP_RPP38 (10557),0.16504484326891067
EXP_SCRIB (23513),0.1650426880822451
EXP_EIF5 (1983),0.16504131819356704
EXP_XPO6 (23214),0.16504042231823401
EXP_ISM2 (145501),0.16504034892354014
EXP_CDKN2D (1032),0.1650400802142915
EXP_RPEL1 (729020),0.16503890619177763
EXP_TRIM5 (85363),0.16503772481151113
EXP_TP63 (8626),0.16503743262129067
EXP_FKBP7 (51661),0.16503723381870739
EXP_STRADB (55437),0.16503706309757415
EXP_FAM3A (60343),0.16503675746763236
EXP_TNIP2 (79155),0.16503513136207815
EXP_TNIK (23043),0.16503326251005124
EXP_ZNF34 (80778),0.16503202993458732
EXP_NNMT (4837),0.1650318448858723
EXP_KANK1 (23189),0.16503177908312594
EXP_SLC11A2 (4891),0.16502810248553068
EXP_DYNLL2 (140735),0.165027492536435
EXP_COX11 (1353),0.1650271259947358
EXP_MFSD10 (10227),0.1650266383724297
EXP_PPTC7 (160760),0.1650261706047642
EXP_RDH5 (5959),0.16502553061886704
EXP_ARL14 (80117),0.16502512783065448
EXP_LCLAT1 (253558),0.16502391787842363
EXP_ALG9 (79796),0.16502340017715778
EXP_EMC9 (51016),0.16502228414629538
EXP_PRELID2 (153768),0.16501978252495153
EXP_NBPF26 (101060684),0.1650194481067384
EXP_ZNF585A (199704),0.165019194268603
EXP_SLC6A12 (6539),0.16501918665663862
EXP_MPP2 (4355),0.16501893456065897
EXP_APMAP (57136),0.16501860856218364
EXP_ATF3 (467),0.16501607990610534
EXP_ARAF (369),0.16501603885229432
EXP_SYTL1 (84958),0.16501562614399123
EXP_TFEB (7942),0.16501161656287966
EXP_C11orf68 (83638),0.1650114007244463
EXP_SMARCD1 (6602),0.1650109126768058
EXP_ALDH3A1 (218),0.1650107091620976
EXP_DHDH (27294),0.1650103333432522
EXP_ZNF696 (79943),0.1650076870966135
EXP_IL10RA (3587),0.1650074661223746
EXP_LRRC56 (115399),0.16500657916938977
EXP_PYM1 (84305),0.16500656163714478
EXP_ZNF141 (7700),0.16500605419989434
EXP_AIFM1 (9131),0.16500548256949177
EXP_SNX7 (51375),0.1650052528804844
EXP_RCL1 (10171),0.16500388331179305
EXP_TMBIM4 (51643),0.16500256246098832
EXP_CTU1 (90353),0.16500231631656614
EXP_SLC39A10 (57181),0.16500213200991087
EXP_PNPT1 (87178),0.1650018177926711
EXP_HASPIN (83903),0.16500132982088545
EXP_FBXL14 (144699),0.16500096173315182
EXP_PRRT3 (285368),0.1650009371303387
EXP_GTF2IRD1 (9569),0.16499987271275174
EXP_PRKDC (5591),0.1649997168974222
EXP_SIRT5 (23408),0.16499832944238157
EXP_MRGPRF (116535),0.1649980956720496
EXP_ABI2 (10152),0.1649980463518652
EXP_LEPROTL1 (23484),0.16499753299325004
EXP_LRR1 (122769),0.16499700126327443
EXP_POLD2 (5425),0.16499695368833667
EXP_MRPL15 (29088),0.16499497517808148
EXP_CLINT1 (9685),0.16499473383764762
EXP_CYB5B (80777),0.16499272940062149
EXP_PDHX (8050),0.16499079594538113
EXP_BUB3 (9184),0.164988727401866
EXP_NBPF20 (100288142),0.16498868201822248
EXP_DIS3 (22894),0.16498811036080063
EXP_EGF (1950),0.16498730245186977
EXP_NOL4L (140688),0.16498709093052266
EXP_OSGIN2 (734),0.16498690158905838
EXP_ARL6IP5 (10550),0.16498684001690656
EXP_CSAD (51380),0.16498422382160438
EXP_NMRK1 (54981),0.164983859277684
EXP_ZNF275 (10838),0.16498326479241943
EXP_EXD3 (54932),0.16498155090900113
EXP_ZNF614 (80110),0.1649810723649363
EXP_ZHX1 (11244),0.16497910525185056
EXP_SCAMP5 (192683),0.1649785101056196
EXP_ACYP1 (97),0.16497789431370435
EXP_C9orf43 (257169),0.16497785123558195
EXP_ERP29 (10961),0.16497677619885653
EXP_HSP90AB1 (3326),0.1649762964090531
EXP_MRTFA (57591),0.1649754617272663
EXP_ZNF428 (126299),0.1649749346663798
EXP_C1orf54 (79630),0.1649745998248111
EXP_CUL9 (23113),0.16497399743028307
EXP_TTC33 (23548),0.16497158959648228
EXP_ITGAX (3687),0.16497158645012
EXP_NME7 (29922),0.16497003976938718
EXP_NOCT (25819),0.16496877929624354
EXP_FAM91A1 (157769),0.16496858338826126
EXP_TBC1D8B (54885),0.16496852679498275
EXP_FASTK (10922),0.16496753965056143
EXP_B3GALT5 (10317),0.16496698905775986
EXP_CHCHD1 (118487),0.16496486592981707
EXP_DDT (1652),0.16496462691804847
EXP_RNF125 (54941),0.1649644547875555
EXP_HSPA9 (3313),0.1649609268771428
EXP_CHAD (1101),0.16496060014232938
EXP_PLEKHA1 (59338),0.16496056075349497
EXP_SNAI3 (333929),0.16496047531930724
EXP_ABHD17B (51104),0.16496002837907842
EXP_CEP290 (80184),0.16495996595182927
EXP_PMPCA (23203),0.16495930912396517
EXP_PHIP (55023),0.164959259933247
EXP_TNS4 (84951),0.16495805154720067
EXP_TNFRSF10A (8797),0.16495784979199346
EXP_FITM1 (161247),0.16495773844693584
EXP_TIGD3 (220359),0.164957433837702
EXP_UPF2 (26019),0.16495741160973676
EXP_NUBP2 (10101),0.16495624594330227
EXP_RSU1 (6251),0.16495572801216074
EXP_FSD1 (79187),0.16495564635334325
EXP_AKR1A1 (10327),0.16495529647452756
EXP_DSN1 (79980),0.16495354564625586
EXP_SART1 (9092),0.16495311270560808
EXP_MTHFD2L (441024),0.1649530254566587
EXP_RARS1 (5917),0.16495291690387415
EXP_HSD17B4 (3295),0.16495283646522996
EXP_SNRPA (6626),0.16495188049202447
EXP_EXOC4 (60412),0.1649509985692017
EXP_NRG2 (9542),0.16495085683299493
EXP_SLC10A7 (84068),0.1649460440718844
EXP_EGFL8 (80864),0.16494564029528025
EXP_TMEM54 (113452),0.1649453072575895
EXP_C10orf143 (387723),0.16494196922216542
EXP_HOXB9 (3219),0.16494072311084995
EXP_CMC1 (152100),0.16494064867540015
EXP_FUT8 (2530),0.16493903133574417
EXP_PDE8A (5151),0.16493890684926882
EXP_FBXL16 (146330),0.16493881578645553
EXP_SLC5A3 (6526),0.164937952514145
EXP_MALT1 (10892),0.16493788655690533
EXP_SHOC2 (8036),0.16493742385257537
EXP_AASDHPPT (60496),0.16493717450205647
EXP_IQGAP3 (128239),0.16493682833591272
EXP_FAM204A (63877),0.16493677575922838
EXP_DLEC1 (9940),0.1649349712486181
EXP_PAQR7 (164091),0.16493492625817296
EXP_VIRMA (25962),0.16493456761091618
EXP_RTF2 (51507),0.16493454668244212
EXP_TMEM263 (90488),0.16493248638718505
EXP_ZNF510 (22869),0.16493247323399451
EXP_DUSP16 (80824),0.1649324006156485
EXP_MCAM (4162),0.1649321056783437
EXP_SLC30A9 (10463),0.16493081337643378
EXP_SEC24B (10427),0.16493003894976432
EXP_STX2 (2054),0.16492979456569756
EXP_YWHAZ (7534),0.16492923569973783
EXP_RBBP8 (5932),0.1649288453116613
EXP_MRPS17 (51373),0.16492844876092683
EXP_G6PC3 (92579),0.16492799265021318
EXP_KLHL28 (54813),0.16492742468218768
EXP_ANKEF1 (63926),0.16492722091299417
EXP_CYB5R3 (1727),0.16492607704257
EXP_SLC38A10 (124565),0.16492566722773372
EXP_RSL1D1 (26156),0.16492555431368583
EXP_NBDY (550643),0.16492540436739933
EXP_NARS2 (79731),0.16492376090999716
EXP_SRD5A1 (6715),0.16491994276971145
EXP_UBE2G1 (7326),0.1649198393233764
EXP_TOM1L1 (10040),0.16491910421090505
EXP_PURA (5813),0.16491900864663922
EXP_MBNL2 (10150),0.1649183000899459
EXP_GABPB1 (2553),0.16491785727914365
EXP_RIPOR1 (79567),0.1649162839870817
EXP_AZGP1 (563),0.16491575071385167
EXP_CHTOP (26097),0.1649130624762405
EXP_COL17A1 (1308),0.1649127380065023
EXP_ATG10 (83734),0.16491241892189112
EXP_GFAP (2670),0.16491203936794463
EXP_LPCAT3 (10162),0.1649116506340329
EXP_METAP1D (254042),0.16491121799172603
EXP_POLR1H (30834),0.1649111324737227
EXP_CEBPB (1051),0.16491069657596746
EXP_ZNF449 (203523),0.16490868636356826
EXP_NOG (9241),0.1649084491043613
EXP_CEP104 (9731),0.164906544831517
EXP_BOD1 (91272),0.1649060094281083
EXP_COL13A1 (1305),0.16490558081927453
EXP_MARCHF9 (92979),0.1649055706233007
EXP_COPE (11316),0.1649049584657254
EXP_TRMT1L (81627),0.16490335748169294
EXP_MREG (55686),0.16490320710360873
EXP_DPM2 (8818),0.1649030300921046
EXP_ATP5IF1 (93974),0.1649026682887751
EXP_IFIT1 (3434),0.16490260801362577
EXP_IFNLR1 (163702),0.16490226638054128
EXP_PIK3AP1 (118788),0.1649022458414544
EXP_ITGA5 (3678),0.16490154575273852
EXP_ROR1 (4919),0.164899682273278
EXP_LIAS (11019),0.16489961709262335
EXP_TAF8 (129685),0.1648995513034368
EXP_FUT4 (2526),0.16489848524575912
EXP_APOE (348),0.1648977582202953
EXP_LARS2 (23395),0.16489572221814708
EXP_UPF3A (65110),0.16489529813517034
EXP_HESX1 (8820),0.1648944405996664
EXP_ZFP36L1 (677),0.16489348687561112
EXP_HCAR3 (8843),0.16489317239552292
EXP_MGMT (4255),0.16489263933508358
EXP_CC2D1A (54862),0.16489169766270706
EXP_RBP5 (83758),0.16488956838022073
EXP_IL13RA2 (3598),0.16488790478179105
EXP_COL16A1 (1307),0.16488578777425555
EXP_TBCB (1155),0.1648847310245456
EXP_CFAP20DC (200844),0.16488406484485285
EXP_IGLON5 (402665),0.16488254457060503
EXP_CD68 (968),0.16488044875778485
EXP_WDFY2 (115825),0.16488008472657967
EXP_CCDC28A (25901),0.16487964146347966
EXP_ZNF487 (642819),0.164878097822994
EXP_PLS3 (5358),0.16487649483310474
EXP_CFAP44 (55779),0.16487561984394183
EXP_STKLD1 (169436),0.1648750788420168
EXP_KLHL17 (339451),0.16487496063842233
EXP_MARCHF8 (220972),0.16487456883623608
EXP_SPDYE5 (442590),0.16487394204841
EXP_NPIPA6 (131675794),0.1648697080139243
EXP_CCT7 (10574),0.16486967658990714
EXP_ATP6V0A1 (535),0.16486890355831996
EXP_DYNC2LI1 (51626),0.16486819336398373
EXP_MNX1 (3110),0.16486699411070482
EXP_ORC4 (5000),0.16486547460747314
EXP_FDXACB1 (91893),0.1648651399646308
EXP_ACTRT3 (84517),0.16486504537545166
EXP_ESS2 (8220),0.16486502297759564
EXP_IMMP2L (83943),0.16486462680859582
EXP_SASS6 (163786),0.16486452762688764
EXP_ATXN10 (25814),0.16486437988537972
EXP_POLR2A (5430),0.16486155737771924
EXP_PRP4K (8899),0.1648609347978418
EXP_ALDOC (230),0.1648583841542326
EXP_POLR2H (5437),0.16485815433588602
EXP_CAPN15 (6650),0.16485782918065617
EXP_CCDC121 (79635),0.16485728048753057
EXP_ZNF416 (55659),0.16485706484099705
EXP_ZKSCAN7 (55888),0.1648531786095111
EXP_PWWP3A (84939),0.1648531487504954
EXP_BLOC1S6 (26258),0.1648523567638298
EXP_TRIM41 (90933),0.16485192066519794
EXP_B9D1 (27077),0.16485111257374818
EXP_RNF32 (140545),0.164850857409502
EXP_BTAF1 (9044),0.16484851007092782
EXP_SNX25 (83891),0.1648483011519284
EXP_ZMAT2 (153527),0.1648481606414034
EXP_IQCC (55721),0.16484813730639925
EXP_SIMC1 (375484),0.1648466711316381
EXP_TMEM268 (203197),0.164845937786807
EXP_THAP5 (168451),0.16484453927112863
EXP_CCNL1 (57018),0.1648440392914754
EXP_B3GNT4 (79369),0.16484347510769393
EXP_CENPQ (55166),0.16484283130940192
EXP_DPY30 (84661),0.1648427696944177
EXP_CTTNBP2NL (55917),0.16484260655825178
EXP_TUBA3D (113457),0.16484256385833884
EXP_YIF1B (90522),0.16484221081209327
EXP_COX14 (84987),0.1648399536817431
EXP_CGRRF1 (10668),0.1648390166806193
EXP_SOX12 (6666),0.16483874158898892
EXP_ZNF433 (163059),0.1648366391972429
EXP_H2AC13 (8329),0.16483635544391007
EXP_ZNF37A (7587),0.1648361887606331
EXP_MARCHF4 (57574),0.16483602317000923
EXP_RYK (6259),0.16483399963168655
EXP_CYP2S1 (29785),0.1648325341004604
EXP_PLXNC1 (10154),0.16483048047879478
EXP_ZNF347 (84671),0.16483025807672025
EXP_TCTN1 (79600),0.1648299184687545
EXP_ZNF622 (90441),0.1648283504413568
EXP_POLDIP2 (26073),0.16482799382171187
EXP_MIF4GD (57409),0.16482792131460045
EXP_VTI1B (10490),0.16482727496216576
EXP_NCOA5 (57727),0.1648266184930831
EXP_TBK1 (29110),0.16482610218296578
EXP_HMG20B (10362),0.16482577312467406
EXP_KCNK7 (10089),0.16482314940473763
EXP_TMEM237 (65062),0.16482254873322688
EXP_ARSJ (79642),0.16482247679354867
EXP_PIGP (51227),0.16482197070010418
EXP_NUDT18 (79873),0.16482161343560175
EXP_BICDL2 (146439),0.16482040665063113
EXP_TIMM21 (29090),0.16482017968475393
EXP_WDR24 (84219),0.16481891885855848
EXP_VAPB (9217),0.1648175836883432
EXP_OSR2 (116039),0.16481723973578966
EXP_SKIC2 (6499),0.16481677950628093
EXP_CHRNB4 (1143),0.1648160947592654
EXP_FAH (2184),0.16481604314875042
EXP_SAR1B (51128),0.16481482786575707
EXP_SLC15A4 (121260),0.16481437198740334
EXP_COL9A3 (1299),0.16481387216565224
EXP_ARFGEF3 (57221),0.16481345936623004
EXP_SNRNP35 (11066),0.16481202253570704
EXP_ZFAND4 (93550),0.16481115291266235
EXP_PLCL2 (23228),0.1648097970999558
EXP_ZSCAN29 (146050),0.16480979470931967
EXP_SEC11C (90701),0.16480929745584927
EXP_ZNF345 (25850),0.16480881663624825
EXP_OR2A7 (401427),0.1648085873705556
EXP_AKAP8 (10270),0.16480704001855617
EXP_PHETA2 (150368),0.16480563787800317
EXP_USP35 (57558),0.16480427705575718
EXP_C2orf88 (84281),0.16480307046082032
EXP_GYS1 (2997),0.16480148982840248
EXP_BRI3 (25798),0.16479886932008458
EXP_RPS27L (51065),0.16479859668507668
EXP_ACAP1 (9744),0.16479847171853113
EXP_MGST2 (4258),0.1647981874284854
EXP_TMEM217 (221468),0.16479764087721183
EXP_MYCBP2 (23077),0.1647968881617663
EXP_CPTP (80772),0.164796145572768
EXP_FAM13B (51306),0.16479410874096612
EXP_LARP1 (23367),0.1647936135213186
EXP_PAXX (286257),0.16479238811028107
EXP_C10orf88 (80007),0.16479180588188402
EXP_FAM118A (55007),0.16479170669768362
EXP_TM2D3 (80213),0.16478901608655683
EXP_GSDMD (79792),0.1647888074972581
EXP_ARIH2 (10425),0.1647866556743276
EXP_RNF169 (254225),0.16478494627857554
EXP_CSNK1G2 (1455),0.16478449336588952
EXP_HSDL1 (83693),0.16478432759507733
EXP_ADCY7 (113),0.16478401495339767
EXP_NCAPD3 (23310),0.16478143046351867
EXP_LASP1 (3927),0.16478114737916894
EXP_ZMYND10 (51364),0.16478075174820805
EXP_TOR1AIP2 (163590),0.16478025532628315
EXP_MDFI (4188),0.16478020675977145
EXP_PAG1 (55824),0.164780189539961
EXP_CRYBB3 (1417),0.16477805876784046
EXP_ALAD (210),0.16477706891587296
EXP_DAPK1 (1612),0.1647761094360476
EXP_SPDYE1 (285955),0.16477455713524325
EXP_C19orf12 (83636),0.1647744221225187
EXP_FSTL1 (11167),0.1647741059983474
EXP_CDC42 (998),0.16477401432500915
EXP_BBS12 (166379),0.164773848307604
EXP_PRKAG2 (51422),0.1647732447352812
EXP_IQCK (124152),0.16477240657572434
EXP_VDR (7421),0.16477225912918758
EXP_SERF1A (8293),0.16477204785821975
EXP_ATAD5 (79915),0.1647709638967294
EXP_NUDCD3 (23386),0.16477070293262397
EXP_GVQW3 (100506127),0.16476969354665805
EXP_TRAF1 (7185),0.16476934233553386
EXP_SERPINA5 (5104),0.16476843041270595
EXP_ERLIN1 (10613),0.1647681397084355
EXP_TCF12 (6938),0.16476575815123518
EXP_CERT1 (10087),0.1647655668553023
EXP_ACE (1636),0.16476541248005727
EXP_GIN1 (54826),0.16476495993420937
EXP_PRDM10 (56980),0.16476467971780906
EXP_SLC29A1 (2030),0.16476168747730568
EXP_RAB40A (142684),0.16476146756369214
EXP_ZNF671 (79891),0.16476146239090106
EXP_POLR3A (11128),0.16476115652492673
EXP_FN3KRP (79672),0.16476110536876654
EXP_CEP15 (57415),0.1647607889637568
EXP_ELN (2006),0.1647606499332488
EXP_BABAM2 (9577),0.16475934083567179
EXP_TAF4B (6875),0.1647592393197499
EXP_SLC35A4 (113829),0.16475921445650688
EXP_PPT1 (5538),0.1647585831448577
EXP_SDF2 (6388),0.1647578992379488
EXP_EXOC3L4 (91828),0.16475750323455163
EXP_HRH1 (3269),0.16475727943201512
EXP_HNRNPC (3183),0.16475596778449475
EXP_MON2 (23041),0.16475567494874532
EXP_PPP2R1A (5518),0.1647556023486585
EXP_TMEM39B (55116),0.16475554343213616
EXP_PYCR1 (5831),0.16475505825481918
EXP_NAPA (8775),0.1647530933074961
EXP_SP110 (3431),0.16475188680723374
EXP_SERPINH1 (871),0.1647516265296014
EXP_ZFR (51663),0.16475019198672847
EXP_BTBD2 (55643),0.16474941366009954
EXP_SERTAD4 (56256),0.16474843264983274
EXP_SERPINB9 (5272),0.1647482000567866
EXP_ARHGEF7 (8874),0.16474764647626028
EXP_PSRC1 (84722),0.1647471593243699
EXP_WDFY1 (57590),0.16474711004663156
EXP_PSMC4 (5704),0.16474304180602672
EXP_CRB3 (92359),0.16474230380561217
EXP_PSPC1 (55269),0.16474195070254538
EXP_PIP4K2B (8396),0.1647412732431972
EXP_NIPSNAP1 (8508),0.1647394502740589
EXP_FKBP14 (55033),0.1647379060816343
EXP_PET117 (100303755),0.16473689388720736
EXP_PTGR3 (284273),0.16473588318658994
EXP_AP1G2 (8906),0.1647357737293218
EXP_C8orf76 (84933),0.16473536802749322
EXP_GARRE1 (9710),0.16473515451541942
EXP_MARK4 (57787),0.164733451771351
EXP_CYP27B1 (1594),0.16473276698833228
EXP_PXK (54899),0.16473254397622394
EXP_SMPD4 (55627),0.1647311860007381
EXP_MCM5 (4174),0.16472963767408366
EXP_LIMA1 (51474),0.16472811719394276
EXP_NOS3 (4846),0.16472804076880188
EXP_TNNT1 (7138),0.16472770735972198
EXP_RABGGTB (5876),0.16472685195885983
EXP_DHX8 (1659),0.16472620016406214
EXP_PTPA (5524),0.16472596206517576
EXP_DDI2 (84301),0.16472499985113576
EXP_PHF2 (5253),0.16472466993444979
EXP_SMIM7 (79086),0.16472200614597465
EXP_BRD3 (8019),0.16472120371342225
EXP_KRI1 (65095),0.16472097511553585
EXP_RPTOR (57521),0.1647207907153394
EXP_PYGO1 (26108),0.1647203549497842
EXP_TMEM270 (135886),0.16471991083464754
EXP_ZNF23 (7571),0.16471914276494548
EXP_PGCKA1 (55286),0.16471819854489667
EXP_NPIPB12 (440353),0.16471675668271502
EXP_AKAP7 (9465),0.1647156275039956
EXP_SAMD9 (54809),0.16471488454687133
EXP_MRPS21 (54460),0.1647146806817723
EXP_WASL (8976),0.16471321064907407
EXP_CC2D2A (57545),0.1647125320176066
EXP_ANP32B (10541),0.1647124655673613
EXP_PGM1 (5236),0.16471232068958752
EXP_MYH16 (84176),0.16471213055843048
EXP_ITCH (83737),0.1647115629342064
EXP_FOXO3B (2310),0.1647115179262313
EXP_DSP (1832),0.16471116798855512
EXP_CEP85L (387119),0.16470934389583558
EXP_PAQR8 (85315),0.1647082127215569
EXP_C3orf62 (375341),0.1647081574739353
EXP_UQCC3 (790955),0.16470813103764304
EXP_CACNB3 (784),0.1647065732702524
EXP_CTAGE1 (64693),0.16470615961558366
EXP_PER3 (8863),0.1647061019977647
EXP_ECHS1 (1892),0.16470479415546357
EXP_ANKMY1 (51281),0.16470439222418154
EXP_THUMPD2 (80745),0.16470414725738625
EXP_DDX23 (9416),0.16470222180283312
EXP_PTPRH (5794),0.16470215297742374
EXP_ZNF787 (126208),0.16470162552274825
EXP_EMP3 (2014),0.16470106348977698
EXP_NMNAT1 (64802),0.1647009531365784
EXP_ING2 (3622),0.1646998958152377
EXP_CLCC1 (23155),0.16469954090678396
EXP_SUFU (51684),0.16469860936263991
EXP_RPL38 (6169),0.16469852900485993
EXP_PPP6R1 (22870),0.16469838701471673
EXP_GRB14 (2888),0.16469804418150602
EXP_APOBEC3C (27350),0.1646972442706982
EXP_EHF (26298),0.16469719398233185
EXP_NAGK (55577),0.16469660657517693
EXP_SCAND1 (51282),0.1646955654466069
EXP_DMTF1 (9988),0.16469538676188833
EXP_PTCH1 (5727),0.16469372608316668
EXP_IQANK1 (642574),0.1646935265918339
EXP_MFSD13A (79847),0.1646928050790235
EXP_NSD2 (7468),0.1646907086095979
EXP_VPS25 (84313),0.1646868327716522
EXP_ZNF215 (7762),0.1646859297215686
EXP_GGCX (2677),0.16468509501494655
EXP_ZNF155 (7711),0.1646845199957463
EXP_GGCT (79017),0.1646843307974999
EXP_TIMP3 (7078),0.1646843222142298
EXP_ELF3 (1999),0.16468408329230044
EXP_ZNF574 (64763),0.16468407052395584
EXP_UBAC1 (10422),0.16468378024511487
EXP_MXRA8 (54587),0.16468291041981775
EXP_GAS2L1 (10634),0.16468031073965683
EXP_BANP (54971),0.16468002411899274
EXP_CHD8 (57680),0.16467971487333077
EXP_VCP (7415),0.16467939337933224
EXP_XRCC1 (7515),0.16467915211820383
EXP_IQCB1 (9657),0.16467471048990845
EXP_ELOF1 (84337),0.1646742290404246
EXP_CSRNP1 (64651),0.16467404314585554
EXP_LANCL1 (10314),0.16467381548933346
EXP_PRSS33 (260429),0.16467275423979455
EXP_CENPV (201161),0.16467270996138428
EXP_FMC1 (154791),0.16467218008129425
EXP_TRIM3 (10612),0.16467168549487177
EXP_SPRY4 (81848),0.1646712290400858
EXP_CDK1 (983),0.1646680422876532
EXP_RAB11FIP2 (22841),0.16466803518236262
EXP_TEX14 (56155),0.16466597838097385
EXP_NUFIP1 (26747),0.1646656929021324
EXP_INO80D (54891),0.1646644375777564
EXP_ANPEP (290),0.16466414195263646
EXP_SNAPC1 (6617),0.16466311188218352
EXP_EDC3 (80153),0.1646629618910831
EXP_CFAP210 (129881),0.16466247825416236
EXP_PSMD1 (5707),0.16466153904290692
EXP_NR4A3 (8013),0.16466122059078092
EXP_IDH3B (3420),0.1646598019070744
EXP_SLX1B (79008),0.1646586883837493
EXP_TASP1 (55617),0.1646579880720882
EXP_ANXA3 (306),0.16465718247287242
EXP_CTSC (1075),0.16465676870168977
EXP_SLC35C1 (55343),0.16465583625221658
EXP_PTPMT1 (114971),0.1646556881997867
EXP_PRIM1 (5557),0.16465483872724818
EXP_ZNF791 (163049),0.1646544788228681
EXP_PIK3CD (5293),0.1646542243320308
EXP_COL12A1 (1303),0.16465384996721522
EXP_UCHL3 (7347),0.16465355332278442
EXP_RRP9 (9136),0.1646528780058949
EXP_ZNF134 (7693),0.16465270991400427
EXP_GNMT (27232),0.16465247442932363
EXP_RUNX1 (861),0.16465166467352343
EXP_RNF26 (79102),0.1646506672619905
EXP_SLC25A17 (10478),0.16465043641132837
EXP_MBD4 (8930),0.16464933750663135
EXP_MAP7 (9053),0.1646479324133212
EXP_PLEKHO2 (80301),0.16464762303527358
EXP_PM20D2 (135293),0.16464635875418754
EXP_FBXO36 (130888),0.1646447665946411
EXP_CDK5RAP1 (51654),0.16464326371526994
EXP_CARD6 (84674),0.16464275588015642
EXP_ADAP1 (11033),0.16464191223373525
EXP_SLC10A3 (8273),0.1646416340346697
EXP_ITSN1 (6453),0.16464143379766316
EXP_ACTL6A (86),0.16464099100885132
EXP_MED16 (10025),0.16464082770920818
EXP_CCDC167 (154467),0.16464054471201806
EXP_ZNF300 (91975),0.16464028514330575
EXP_PARVB (29780),0.1646389304188629
EXP_PSMG4 (389362),0.16463813115507442
EXP_SEPTIN2 (4735),0.16463808036742567
EXP_DBNDD2 (55861),0.1646379302086025
EXP_DEPTOR (64798),0.16463755292736693
EXP_ATP11B (23200),0.16463713994829732
EXP_IFRD2 (7866),0.16463539989976272
EXP_SCAI (286205),0.1646322819323336
EXP_PHTF2 (57157),0.164631320268807
EXP_B4GALT7 (11285),0.16462952595691505
EXP_HMCN2 (256158),0.16462952309025347
EXP_SCAF4 (57466),0.1646293576039639
EXP_STXBP3 (6814),0.16462910905053718
EXP_PEX26 (55670),0.1646282794245595
EXP_FBXO32 (114907),0.16462809865092698
EXP_NSUN5 (55695),0.16462742400759112
EXP_TSTD1 (100131187),0.16462727583096282
EXP_H2AZ2 (94239),0.1646269087280654
EXP_ISG20L2 (81875),0.16462481166506393
EXP_OSGEP (55644),0.1646225810659372
EXP_KCNG2 (26251),0.16462256773114525
EXP_TMEM123 (114908),0.1646223613708413
EXP_HAUS1 (115106),0.1646217455451584
EXP_SETD3 (84193),0.16462168858721427
EXP_CLPTM1 (1209),0.16462055928932884
EXP_VDAC2 (7417),0.16461932841586968
EXP_PARN (5073),0.164618092018463
EXP_GGA2 (23062),0.16461781069971781
EXP_ZNF396 (252884),0.16461627738899232
EXP_EXOSC8 (11340),0.16461508857227258
EXP_WRAP73 (49856),0.1646150499296688
EXP_NRARP (441478),0.16461439920297138
EXP_ZNF143 (7702),0.1646139969307141
EXP_PPP1R15B (84919),0.16461357931035714
EXP_MAP4K4 (9448),0.16461326302224233
EXP_MAIP1 (79568),0.1646123417974854
EXP_TSPO (706),0.16461234020146787
EXP_CERS2 (29956),0.1646107565613617
EXP_BDH2 (56898),0.16460928444527756
EXP_UNC50 (25972),0.164609145688984
EXP_ZNF555 (148254),0.16460864329364355
EXP_POM121C (100101267),0.16460717656329482
EXP_ATP2C2 (9914),0.1646070495011518
EXP_SLC25A5 (292),0.1646069249201183
EXP_ACTN4 (81),0.1646059824791326
EXP_RPS28 (6234),0.16460544580531966
EXP_ITGA10 (8515),0.16460539792492757
EXP_CEP162 (22832),0.1646049003729173
EXP_BET1L (51272),0.16460377260194647
EXP_NUP37 (79023),0.164603478834926
EXP_RNF19A (25897),0.16460315178232232
EXP_GPN3 (51184),0.1646027298417332
EXP_SENP1 (29843),0.16460261713273283
EXP_SCN1B (6324),0.16460228060900306
EXP_PRMT3 (10196),0.1646021076486317
EXP_RPL27 (6155),0.16460116113770695
EXP_HDAC10 (83933),0.1646011207966751
EXP_SLC2A6 (11182),0.164600380658241
EXP_DHX35 (60625),0.16459995339158873
EXP_GARS1 (2617),0.16459921333004335
EXP_AKT3 (10000),0.164598202487082
EXP_ADAM22 (53616),0.164597750752014
EXP_MCTP2 (55784),0.16459774711917952
EXP_SH3BGRL3 (83442),0.1645969125497837
EXP_RBM12B (389677),0.16459622661079454
EXP_PRKACB (5567),0.1645959510551549
EXP_FADS2 (9415),0.16459555146117744
EXP_SEC14L1 (6397),0.1645953242388769
EXP_NCAPG2 (54892),0.1645945763369534
EXP_IBTK (25998),0.16459376799385872
EXP_STX16 (8675),0.16459364359177098
EXP_FAN1 (22909),0.16459363314148145
EXP_ZBED6 (100381270),0.16459321876982536
EXP_NIPSNAP2 (2631),0.16459296070430973
EXP_FSAF1 (128061),0.1645924849050422
EXP_POLR3K (51728),0.1645920104462606
EXP_GJC2 (57165),0.1645912953897879
EXP_SPIRE1 (56907),0.1645899776154458
EXP_SPOPL (339745),0.1645888140944809
EXP_EFHB (151651),0.1645876417053902
EXP_CCDC74A (90557),0.16458613676028389
EXP_CLEC2D (29121),0.1645859610357272
EXP_DMXL1 (1657),0.16458509562876866
EXP_RRP12 (23223),0.16458488090447077
EXP_G0S2 (50486),0.16458487773259556
EXP_RAB10 (10890),0.16458482876593994
EXP_EIF1AD (84285),0.16458477588419296
EXP_FLRT3 (23767),0.1645843692949418
EXP_HOOK2 (29911),0.1645840503213032
EXP_DHX32 (55760),0.16458374518287577
EXP_TESC (54997),0.16458374038263024
EXP_FBXO16 (157574),0.16458372676186706
EXP_CDKAL1 (54901),0.1645836213062397
EXP_ALKBH4 (54784),0.16458276390600712
EXP_ACLY (47),0.1645826210892709
EXP_STX17 (55014),0.16458224907968422
EXP_GPRC5A (9052),0.16458174132718728
EXP_TNS2 (23371),0.1645815096510752
EXP_PIGF (5281),0.16458107323019444
EXP_PXMP4 (11264),0.16458090804076342
EXP_SLC5A2 (6524),0.16458063565719527
EXP_TIMM29 (90580),0.1645806264395313
EXP_SELENOT (51714),0.16457959059260485
EXP_SORL1 (6653),0.1645794468228523
EXP_GJB4 (127534),0.16457928929031507
EXP_POLA2 (23649),0.16457794104361145
EXP_FBXO30 (84085),0.16457738767670538
EXP_TSSK3 (81629),0.16457631339696377
EXP_TOP3B (8940),0.16457498264569903
EXP_PIP4P1 (90809),0.1645749734843429
EXP_SYCE2 (256126),0.16457472453995514
EXP_GADD45A (1647),0.16457426047083956
EXP_STXBP4 (252983),0.1645735660834582
EXP_STN1 (79991),0.1645727898201379
EXP_HDGFL2 (84717),0.16457154235949467
EXP_IPO7 (10527),0.16456940132603837
EXP_PRAF2 (11230),0.16456879155020587
EXP_GLRX5 (51218),0.1645672779026217
EXP_FOXC1 (2296),0.16456403373490858
EXP_HERC5 (51191),0.16456390321202718
EXP_TECTA (7007),0.16456270402425854
EXP_JUN (3725),0.16456200647343078
EXP_PI4KA (5297),0.16456171461445912
EXP_TMEM203 (94107),0.1645617017671226
EXP_USP9X (8239),0.16456101781315624
EXP_NOTCH2NLB (100996763),0.16455996132215756
EXP_DENND1C (79958),0.16455985602022682
EXP_CIB1 (10519),0.16455889422008418
EXP_SMYD2 (56950),0.16455879068056412
EXP_ATP6V1C1 (528),0.1645573485711056
EXP_ZSWIM7 (125150),0.16455325116168407
EXP_TLCD2 (727910),0.16455270028115
EXP_ZNF843 (283933),0.16455244540728842
EXP_ZSCAN25 (221785),0.16455172499809212
EXP_UBXN7 (26043),0.16455112357079216
EXP_RPL39 (6170),0.16454948202417707
EXP_PPT2 (9374),0.1645484176884029
EXP_PRRG1 (5638),0.1645480458251285
EXP_CHUK (1147),0.16454786314758962
EXP_TTC39A (22996),0.16454771789666367
EXP_CHN2 (1124),0.164547528726267
EXP_NEBL (10529),0.16454709748120777
EXP_PROSER2 (254427),0.16454673314074686
EXP_SLC25A51 (92014),0.16454554137322397
EXP_STRN3 (29966),0.16454353871523075
EXP_EXOC3 (11336),0.16454336811396608
EXP_NUDT4B (440672),0.1645432181185713
EXP_SPATA6 (54558),0.16454027381079683
EXP_NREP (9315),0.1645400530792802
EXP_GRIPAP1 (56850),0.1645395484721055
EXP_MPZL2 (10205),0.16453853465080925
EXP_SOD3 (6649),0.16453675759285336
EXP_B4GALNT1 (2583),0.16453473177986133
EXP_TNIP1 (10318),0.16453468706895702
EXP_YPEL5 (51646),0.16453429160054256
EXP_EOLA1 (91966),0.1645336090719285
EXP_EIF2B1 (1967),0.16453312786405228
EXP_LZTS2 (84445),0.16453262186240636
EXP_GPR157 (80045),0.16453250684006093
EXP_FBXO45 (200933),0.16453070021880212
EXP_MCAT (27349),0.16452996851482116
EXP_AHNAK (79026),0.1645298670824138
EXP_PTTG1 (9232),0.16452903132740904
EXP_FKBP4 (2288),0.16452871448549278
EXP_SRCAP (10847),0.1645286677755049
EXP_HELZ2 (85441),0.16452748640471881
EXP_TCF4 (6925),0.16452614914640762
EXP_APTX (54840),0.16452602594024945
EXP_MAX (4149),0.16452563552321475
EXP_ARHGAP31 (57514),0.16452558703314502
EXP_FBXO28 (23219),0.1645254451274809
EXP_CRAMP1 (57585),0.16452477117623765
EXP_PSME1 (5720),0.16452468257501618
EXP_DENND3 (22898),0.16452433844508985
EXP_HDAC5 (10014),0.16452384294173772
EXP_CNNM4 (26504),0.16452305781120025
EXP_SCFD2 (152579),0.16452303215499953
EXP_UTS2 (10911),0.16452068234671735
EXP_GLCCI1 (113263),0.16451943253517154
EXP_UAP1 (6675),0.164518496092124
EXP_PDSS1 (23590),0.16451818949362806
EXP_H1-0 (3005),0.16451768327047223
EXP_PSENEN (55851),0.16451639712189436
EXP_GRWD1 (83743),0.16451546934029082
EXP_FAM220A (84792),0.16451516320951942
EXP_JAK3 (3718),0.1645147678818173
EXP_TALDO1 (6888),0.1645141190160304
EXP_PABPC3 (5042),0.164512600379771
EXP_AMOTL2 (51421),0.16451149759568828
EXP_CHDH (55349),0.16451139659368952
EXP_USP37 (57695),0.16451112660131173
EXP_NEURL1B (54492),0.1645109749101472
EXP_STEEP1 (63932),0.16451096082929872
EXP_METRNL (284207),0.1645104395039647
EXP_MTHFSD (64779),0.16450968635221486
EXP_TRAF4 (9618),0.1645086494853114
EXP_SKIL (6498),0.16450737054759834
EXP_EME2 (197342),0.16450733250900562
EXP_RARRES2 (5919),0.16450667142765418
EXP_TMEM64 (169200),0.16450621325297288
EXP_PIAS2 (9063),0.16450600649785674
EXP_ADAM32 (203102),0.16450597292448688
EXP_EXOC5 (10640),0.16450549162972372
EXP_PTOV1 (53635),0.16450438384082489
EXP_RPS15 (6209),0.16450401837163842
EXP_CYP20A1 (57404),0.16450230395900256
EXP_ELK3 (2004),0.1645022563255285
EXP_HTR2B (3357),0.1645021912943614
EXP_INKA2 (55924),0.1645021472215049
EXP_PRICKLE1 (144165),0.16450205516344152
EXP_SHB (6461),0.16450131150294567
EXP_DERA (51071),0.1645006860522109
EXP_DDX60 (55601),0.16450027058639627
EXP_WDR12 (55759),0.16449796583365117
EXP_GPX1 (2876),0.1644977638502816
EXP_C19orf44 (84167),0.1644972837235743
EXP_FUT1 (2523),0.1644964485466991
EXP_SCML2 (10389),0.164495173544279
EXP_PDXK (8566),0.16449461212004302
EXP_AGL (178),0.1644945405285423
EXP_CLPB (81570),0.1644942913579044
EXP_ATXN7L3 (56970),0.16449424888776498
EXP_RPL7 (6129),0.16449240964078804
EXP_BCL2 (596),0.1644919045158364
EXP_SELENOS (55829),0.1644916719251439
EXP_TRIM34 (53840),0.16449160563012732
EXP_RILP (83547),0.16449152560197255
EXP_SYNGAP1 (8831),0.1644914084824256
EXP_LRRCC1 (85444),0.16449074171772793
EXP_GBP4 (115361),0.16449043117558126
EXP_LRRC8D (55144),0.16448899015412977
EXP_RREB1 (6239),0.1644885719882394
EXP_PSMF1 (9491),0.16448807756501438
EXP_CST6 (1474),0.1644866768980302
EXP_PPP1R36 (145376),0.16448501321676012
EXP_SNX18 (112574),0.1644847684786903
EXP_TCEA1 (6917),0.16448459771773027
EXP_LUC7L (55692),0.1644841519450111
EXP_IFT70A (92104),0.1644829143793114
EXP_RPS6KB1 (6198),0.16448135585689716
EXP_NME9 (347736),0.16448096758137254
EXP_VILL (50853),0.16448082206988346
EXP_UBXN2B (137886),0.16447941966819002
EXP_ARF1 (375),0.16447931941141825
EXP_CLCF1 (23529),0.1644782541427121
EXP_POLR1G (10849),0.1644774886242768
EXP_CHCHD7 (79145),0.1644765736056124
EXP_LIN7B (64130),0.16447604436689733
EXP_PAM (5066),0.16447600893801795
EXP_KIAA0319L (79932),0.16447308840104213
EXP_GCNT2 (2651),0.16447279383423918
EXP_ALG1 (56052),0.1644720180200805
EXP_ELAC2 (60528),0.1644694696705571
EXP_FANCD2 (2177),0.16446900523812769
EXP_H4C8 (8365),0.16446857903782508
EXP_IER3IP1 (51124),0.16446818854064293
EXP_SUGP1 (57794),0.164467995268061
EXP_ASPHD1 (253982),0.16446761639439966
EXP_ATP5MC3 (518),0.16446502073215097
EXP_TRIM31 (11074),0.16446458644424045
EXP_NCAPD2 (9918),0.16446414927609787
EXP_SMTN (6525),0.16446204306328305
EXP_TBC1D2B (23102),0.16446173909885253
EXP_ATP6V1E2 (90423),0.16446159949403594
EXP_RUNDC1 (146923),0.16446086605926435
EXP_LBH (81606),0.164460816046053
EXP_MAN2A1 (4124),0.16445909330841602
EXP_HOMER1 (9456),0.16445839638753412
EXP_KARS1 (3735),0.16445745180536342
EXP_SAFB (6294),0.1644557694117985
EXP_NADK (65220),0.16445500862226314
EXP_NAF1 (92345),0.16445396446727756
EXP_SLC25A19 (60386),0.16445215193212714
EXP_AQP11 (282679),0.1644519650559344
EXP_RASGEF1A (221002),0.1644514742001828
EXP_CCDC6 (8030),0.16445059549291674
EXP_TP53I3 (9540),0.16445002928911912
EXP_NCK1 (4690),0.16444934387312848
EXP_LIPT1 (51601),0.16444848674918688
EXP_RUBCN (9711),0.16444820623929335
EXP_NOL7 (51406),0.1644481302916425
EXP_AGPAT1 (10554),0.16444782801116808
EXP_SLC1A1 (6505),0.1644477159642479
EXP_LCK (3932),0.16444720278620917
EXP_WRN (7486),0.16444677084258874
EXP_UBE2E3 (10477),0.16444596777213416
EXP_ABTB3 (121551),0.16444543075304097
EXP_MRPS16 (51021),0.16444288737914903
EXP_TMEM253 (643382),0.16444240313922265
EXP_GHRL (51738),0.16444239007628259
EXP_UBIAD1 (29914),0.16444167106524077
EXP_PPP1R1C (151242),0.16444114673371946
EXP_PRSS36 (146547),0.16443923649012504
EXP_SUMF2 (25870),0.16443776303588464
EXP_HYAL3 (8372),0.164437602195302
EXP_STRIP2 (57464),0.16443688060083606
EXP_ZNF892 (344065),0.1644363631210375
EXP_NR1D1 (9572),0.16443619926800235
EXP_TSPAN33 (340348),0.16443545918372315
EXP_PDK2 (5164),0.16443402883618674
EXP_ZFAND2A (90637),0.16443364460513266
EXP_SDHB (6390),0.16443350223236664
EXP_SLC16A9 (220963),0.1644328236877204
EXP_PKNOX1 (5316),0.16442990953669145
EXP_NIT1 (4817),0.1644296364649911
EXP_B3GNT5 (84002),0.1644294731820466
EXP_FYCO1 (79443),0.16442882859149233
EXP_C9orf40 (55071),0.1644285844205715
EXP_HMCES (56941),0.16442765513819602
EXP_HSD17B1 (3292),0.16442633457055145
EXP_USP6NL (9712),0.1644252579572072
EXP_RAB27A (5873),0.16442467735376365
EXP_RCBTB1 (55213),0.16442450251794938
EXP_NDUFA6 (4700),0.1644242591108256
EXP_KIAA0513 (9764),0.164424024506304
EXP_MAP3K1 (4214),0.1644205168537285
EXP_BACE2 (25825),0.16442005145301763
EXP_UBE3D (90025),0.1644191290480439
EXP_TMEM175 (84286),0.1644189991585412
EXP_TKFC (26007),0.1644185685586308
EXP_LHPP (64077),0.16441796829350608
EXP_KRAS (3845),0.16441795500472445
EXP_GAS2L3 (283431),0.16441759241759168
EXP_IGFBP4 (3487),0.16441603905642665
EXP_POU4F3 (5459),0.16441511933470387
EXP_FAM83G (644815),0.16441417474638875
EXP_VWA5A (4013),0.16441377155267745
EXP_MORN4 (118812),0.1644135827271631
EXP_CRIP2 (1397),0.1644123967487099
EXP_NISCH (11188),0.16441235939836574
EXP_PORCN (64840),0.1644120715575914
EXP_P3H2 (55214),0.1644116120871466
EXP_PDZD7 (79955),0.16441063167782222
EXP_SH2D5 (400745),0.16440980989860332
EXP_RNASEH2A (10535),0.16440973188490382
EXP_PODNL1 (79883),0.1644082513745886
EXP_C1orf226 (400793),0.16440768760155589
EXP_PHF5A (84844),0.16440658074258163
EXP_SMG9 (56006),0.16440587922436478
EXP_BCL2L12 (83596),0.16440473624672158
EXP_SPIN3 (169981),0.16440472467215095
EXP_CEACAM19 (56971),0.16440425119022084
EXP_VEGFD (2277),0.164404236405022
EXP_TRNP1 (388610),0.16439953271714014
EXP_ACOT2 (10965),0.16439926225256318
EXP_INPP5F (22876),0.1643974913384092
EXP_DSE (29940),0.16439723313057186
EXP_GABPA (2551),0.16439654924088387
EXP_TOMM7 (54543),0.1643961306885231
EXP_POU2F1 (5451),0.16439592394591607
EXP_STYK1 (55359),0.16439529132254727
EXP_PHF11 (51131),0.16439471101747216
EXP_IL22RA1 (58985),0.16439440371343483
EXP_DZANK1 (55184),0.16439417448989957
EXP_IL15 (3600),0.16439311909224852
EXP_ERBB3 (2065),0.16439267108881062
EXP_IL13RA1 (3597),0.16439254338919085
EXP_GTF2IRD2 (84163),0.16439228476722612
EXP_C16orf87 (388272),0.16439049184907617
EXP_ARMH1 (339541),0.16439015132969637
EXP_APOBEC3G (60489),0.16438732473633344
EXP_DUSP28 (285193),0.16438565224933477
EXP_ALG8 (79053),0.16438388179094954
EXP_GOLGA2 (2801),0.16438372980878668
EXP_SGO2 (151246),0.16438316551913967
EXP_ERCC2 (2068),0.16438175765003749
EXP_ZDHHC6 (64429),0.16438015492827862
EXP_SCML1 (6322),0.16437965317308478
EXP_PKMYT1 (9088),0.16437930417840896
EXP_H3C1 (8350),0.16437910383773868
EXP_CSTF2T (23283),0.16437763668859606
EXP_C1orf56 (54964),0.1643768844559821
EXP_TOX4 (9878),0.16437584001808414
EXP_IGFBP6 (3489),0.16437579938621383
EXP_TNFRSF25 (8718),0.16437480348099953
EXP_ZNF623 (9831),0.16437480112163705
EXP_ARL6IP1 (23204),0.16437080794253411
EXP_CDH11 (1009),0.16437007991168073
EXP_FEM1B (10116),0.164369994269828
EXP_EVA1B (55194),0.1643691728896295
EXP_HSP90B1 (7184),0.16436853744505964
EXP_MYO1G (64005),0.1643681951849656
EXP_OPTN (10133),0.16436797143782567
EXP_CDC25C (995),0.16436752343260874
EXP_SPAG9 (9043),0.16436691268532488
EXP_KCNK6 (9424),0.16436678342856847
EXP_ANKRD13D (338692),0.16436571049004112
EXP_C1QTNF3 (114899),0.16436505627757025
EXP_MTM1 (4534),0.16436466838347208
EXP_ATL3 (25923),0.16436394489919515
EXP_KCTD1 (284252),0.1643623001014305
EXP_PAX5 (5079),0.1643615730885557
EXP_AKR1B10 (57016),0.16436152350511524
EXP_FBXO24 (26261),0.16436150134154115
EXP_USP2 (9099),0.16436104787426586
EXP_GPAM (57678),0.1643598770261132
EXP_ZDHHC11 (79844),0.16435939091977225
EXP_HES7 (84667),0.16435866052732706
EXP_PTK2 (5747),0.16435617382446033
EXP_MPIG6B (80739),0.16435585516892903
EXP_IFTAP (119710),0.16435566542882096
EXP_GNA13 (10672),0.16435558478375967
EXP_PCID2 (55795),0.16435402547584932
EXP_CDCA4 (55038),0.16435351216952032
EXP_SPPL2B (56928),0.16435287108699637
EXP_PDE9A (5152),0.16434930081353283
EXP_ERICH1 (157697),0.16434829141911855
EXP_TRMT13 (54482),0.16434822641596014
EXP_NAXD (55739),0.16434716694011708
EXP_SOAT1 (6646),0.16434708418494992
EXP_TGFB1 (7040),0.1643459890776109
EXP_COMMD8 (54951),0.1643436211680731
EXP_EVL (51466),0.16434362011119408
EXP_ZNF786 (136051),0.1643434097838643
EXP_TMEM230 (29058),0.16434298434641814
EXP_SNX1 (6642),0.16434229078291374
EXP_DIP2A (23181),0.16433853731069448
EXP_GMPPA (29926),0.16433763925410538
EXP_DDOST (1650),0.16433556534212546
EXP_STBD1 (8987),0.1643354387473277
EXP_SUSD4 (55061),0.16433518605632091
EXP_PSAP (5660),0.16433472182202635
EXP_XAB2 (56949),0.16433291471659217
EXP_ZNF397 (84307),0.16433276789464646
EXP_TMEM222 (84065),0.16433106234195183
EXP_LSP1 (4046),0.16433052824929462
EXP_SUCLG1 (8802),0.16433051791602882
EXP_MPRIP (23164),0.16433024410398556
EXP_PPIC (5480),0.16432966622833778
EXP_SLC39A9 (55334),0.16432924244660096
EXP_FES (2242),0.16432808590484527
EXP_CIT (11113),0.16432781235535643
EXP_N4BP3 (23138),0.164327720912552
EXP_PTPN21 (11099),0.1643271950505687
EXP_SSC5D (284297),0.16432658581024473
EXP_PRPF8 (10594),0.1643256413434484
EXP_TMEM161A (54929),0.16432520770494996
EXP_ZDHHC16 (84287),0.16432499630180075
EXP_RASSF7 (8045),0.16432433137962832
EXP_FBRSL1 (57666),0.16432379380691398
EXP_UBQLN1 (29979),0.16432286633297544
EXP_CBFB (865),0.16432232247339051
EXP_YTHDF1 (54915),0.1643204545790029
EXP_TPT1 (7178),0.16431989772742206
EXP_SUGCT (79783),0.16431945218039523
EXP_ARHGEF12 (23365),0.1643190157192791
EXP_TERT (7015),0.16431841371233702
EXP_ACTG2 (72),0.16431802945170038
EXP_GTF3C3 (9330),0.16431713669949755
EXP_MSL2 (55167),0.1643155437545296
EXP_FLOT2 (2319),0.16431281188906244
EXP_DCP1B (196513),0.16431131982056435
EXP_ATP13A2 (23400),0.16430929589056742
EXP_NFATC2 (4773),0.1643089823847017
EXP_CXADR (1525),0.16430856721312193
EXP_FCHO2 (115548),0.16430780868215145
EXP_ETV2 (2116),0.16430720750862982
EXP_WDR3 (10885),0.16430420400601253
EXP_MBOAT2 (129642),0.16430180503081804
EXP_MYH9 (4627),0.16430166434170435
EXP_ARID3A (1820),0.16430129131154558
EXP_SMYD3 (64754),0.16430084752668073
EXP_ZNF619 (285267),0.16429981551320605
EXP_FH (2271),0.1642990803408182
EXP_NRG4 (145957),0.16429905821501656
EXP_BMF (90427),0.16429889264757058
EXP_EFCAB12 (90288),0.1642982205362573
EXP_RDH16 (8608),0.16429729208438015
EXP_B3GAT3 (26229),0.1642968486108991
EXP_LRWD1 (222229),0.16429660289230785
EXP_EPS8L1 (54869),0.16429586082405123
EXP_PEAR1 (375033),0.1642949531456157
EXP_MTHFD1L (25902),0.1642946108904768
EXP_FGF17 (8822),0.16429443373619712
EXP_MAP4K3 (8491),0.16429310496178307
EXP_MTMR12 (54545),0.16429231681280232
EXP_CCDC82 (79780),0.1642908812208761
EXP_NTSR1 (4923),0.16429034757102645
EXP_UTP25 (27042),0.16429020522882265
EXP_UBQLNL (143630),0.16428980330339726
EXP_HUS1 (3364),0.16428707842958268
EXP_GMEB2 (26205),0.16428669605690782
EXP_CGNL1 (84952),0.1642866645546981
EXP_ARHGEF25 (115557),0.16428615639400945
EXP_PPIL1 (51645),0.1642847823987017
EXP_ZCCHC17 (51538),0.16428413549665866
EXP_TBCEL (219899),0.16428358966875312
EXP_WNT3 (7473),0.16428351533710472
EXP_ST3GAL3 (6487),0.1642824895948758
EXP_TNRC18 (84629),0.16428178043556052
EXP_ANKRD52 (283373),0.16428121558016695
EXP_MAFG (4097),0.1642807488675313
EXP_HTR7 (3363),0.16428006704012432
EXP_PPP1R9B (84687),0.16428003439720307
EXP_ANKRD33B (651746),0.16427929188554558
EXP_PLGRKT (55848),0.16427896047706803
EXP_DEPDC7 (91614),0.16427870566398628
EXP_TANC1 (85461),0.16427800953512683
EXP_MON1A (84315),0.16427738562227923
EXP_CILK1 (22858),0.16427710861701783
EXP_TYR (7299),0.16427643741347975
EXP_RNPEPL1 (57140),0.1642759762252144
EXP_SEM1 (7979),0.16427411176721218
EXP_GPR137C (283554),0.16427315583788982
EXP_HNMT (3176),0.16427272351405353
EXP_MFSD3 (113655),0.1642718709163251
EXP_RCC1L (81554),0.16427160884464254
EXP_CNOT8 (9337),0.16427121824132573
EXP_CREB3L1 (90993),0.16427054630634252
EXP_TSR2 (90121),0.16427039115180708
EXP_CST1 (1469),0.16426951045100857
EXP_PSMD10 (5716),0.16426897812462116
EXP_ARFIP1 (27236),0.16426688162413683
EXP_PCOLCE (5118),0.16426628326157822
EXP_ULK2 (9706),0.16426548829218213
EXP_ZNF3 (7551),0.16426513808403254
EXP_ADK (132),0.16426368481088804
EXP_MAB21L4 (79919),0.16426344360776923
EXP_MYOF (26509),0.1642620155290997
EXP_COX8A (1351),0.1642607359367272
EXP_UPP1 (7378),0.1642604482736134
EXP_GEMIN5 (25929),0.16426035271135397
EXP_GALNT10 (55568),0.16425728303215958
EXP_CTSB (1508),0.16425684260644857
EXP_RBFOX2 (23543),0.16425678836232205
EXP_SLAIN1 (122060),0.16425670431775696
EXP_NRP2 (8828),0.16425658068287774
EXP_RHOQ (23433),0.16425555308698403
EXP_SSB (6741),0.16425299289666917
EXP_TMEM42 (131616),0.16425112375320605
EXP_KNOP1 (400506),0.16425022805555844
EXP_CCNF (899),0.16425020053567696
EXP_PEX2 (5828),0.16424992433683894
EXP_KLF9 (687),0.1642495410402729
EXP_COPS7B (64708),0.16424856116496223
EXP_CHST14 (113189),0.1642479800866461
EXP_TXNL4A (10907),0.16424629846032524
EXP_DDB1 (1642),0.1642460849070666
EXP_ACAA2 (10449),0.1642454521010297
EXP_STAU1 (6780),0.1642427130776829
EXP_ERH (2079),0.16424044625940493
EXP_CYB5R2 (51700),0.16423854671184657
EXP_MAP1A (4130),0.16423823638081458
EXP_NRM (11270),0.16423764674950103
EXP_FBXW5 (54461),0.16423743552827474
EXP_TNFRSF10B (8795),0.16423660578285748
EXP_TENT5B (115572),0.1642364625874686
EXP_KPNA6 (23633),0.16423628043016603
EXP_SPATA9 (83890),0.1642359724660274
EXP_GLT8D2 (83468),0.16423401392961612
EXP_CDR2 (1039),0.16423314825561963
EXP_FKBP2 (2286),0.1642330005374193
EXP_LRRC1 (55227),0.16423025222173937
EXP_NHERF2 (9351),0.1642298903557471
EXP_USP13 (8975),0.1642291536728493
EXP_HLA-DMA (3108),0.1642276540069556
EXP_NAPEPLD (222236),0.16422761383301676
EXP_SFXN1 (94081),0.1642273437562105
EXP_DRP2 (1821),0.16422658313853145
EXP_PRUNE1 (58497),0.16422644694664434
EXP_ZDHHC7 (55625),0.16422537750128718
EXP_WDTC1 (23038),0.16422514139011213
EXP_FASTKD3 (79072),0.16422389002399207
EXP_FIBCD1 (84929),0.16422332563803632
EXP_FANCA (2175),0.16422316229561762
EXP_OBI1 (79596),0.1642229217779363
EXP_PEX16 (9409),0.1642229010243499
EXP_GATB (5188),0.16422230361430934
EXP_TNK1 (8711),0.16422157183992248
EXP_CIB2 (10518),0.16422153148377205
EXP_KIFC3 (3801),0.16422078457140366
EXP_WIPF1 (7456),0.1642206821904173
EXP_IRAK3 (11213),0.16422035029084725
EXP_CBY1 (25776),0.16422007578597864
EXP_SFMBT2 (57713),0.1642192532101605
EXP_BRSK1 (84446),0.16421803127911083
EXP_SRRD (402055),0.16421765322673565
EXP_MTA1 (9112),0.16421699523823552
EXP_ANTKMT (65990),0.16421680566003793
EXP_SLC25A28 (81894),0.16421664173856865
EXP_GPR107 (57720),0.16421621738098846
EXP_ZFP36 (7538),0.16421600801116654
EXP_ZNF511 (118472),0.16421581767032656
EXP_MLH3 (27030),0.16421579494329563
EXP_CRACDL (343990),0.16421438031409963
EXP_RPSA (3921),0.16421355021771422
EXP_C22orf39 (128977),0.16421274272492603
EXP_MRE11 (4361),0.1642119358802372
EXP_IMPA1 (3612),0.1642110158863641
EXP_PGAP2 (27315),0.1642100316139512
EXP_REXO4 (57109),0.16420889636930003
EXP_CDKN1A (1026),0.1642073356730389
EXP_ZNF91 (7644),0.1642072008863753
EXP_PTP4A1 (7803),0.16420605204413263
EXP_THAP1 (55145),0.16420576162224698
EXP_ACVRL1 (94),0.16420333279102284
EXP_QARS1 (5859),0.1642025674557317
EXP_AGO3 (192669),0.16420145952438325
EXP_ZNF653 (115950),0.16420130225447238
EXP_HPS5 (11234),0.16420116031470666
EXP_LOXL3 (84695),0.16420062225251986
EXP_SPIRE2 (84501),0.16419919083075207
EXP_MAP3K6 (9064),0.1641990801227493
EXP_CCNC (892),0.16419851578016686
EXP_NPIPA9 (105376752),0.16419833169966136
EXP_FZR1 (51343),0.1641978463268785
EXP_CARD9 (64170),0.16419472093268173
EXP_GPR173 (54328),0.1641946372662142
EXP_PTPRF (5792),0.16419456344306127
EXP_OBSL1 (23363),0.16419435994995002
EXP_EFCAB14 (9813),0.16419406643490575
EXP_FOSL1 (8061),0.16419344576135764
EXP_CNKSR1 (10256),0.16419323886475912
EXP_ODAD4 (83538),0.16419038318318613
EXP_FAM13A (10144),0.16418983978936375
EXP_LRG1 (116844),0.1641893284974527
EXP_ZNF205 (7755),0.16418932841305
EXP_RAB9A (9367),0.16418848225213623
EXP_NR3C1 (2908),0.1641870293354053
EXP_RIOK3 (8780),0.16418681886547137
EXP_SPPL3 (121665),0.16418646466332731
EXP_RAD23B (5887),0.1641853524214758
EXP_BAG4 (9530),0.16418529887859812
EXP_SAC3D1 (29901),0.16418481401314278
EXP_RPS9 (6203),0.1641833953152707
EXP_ADPRH (141),0.16418278133439124
EXP_FAM83D (81610),0.16418267098384032
EXP_ALKBH7 (84266),0.16418141445237122
EXP_CD63 (967),0.16418045119127278
EXP_DGUOK (1716),0.1641780168114666
EXP_ARHGEF18 (23370),0.16417723733497702
EXP_HLA-C (3107),0.16417536755361262
EXP_FAHD1 (81889),0.16417478964425936
EXP_HAUS3 (79441),0.16417294546636008
EXP_CFAP54 (144535),0.16417293126379118
EXP_ATG12 (9140),0.16417243932882464
EXP_INTS13 (55726),0.16417185115428268
EXP_CIMIP2A (401565),0.16417000140536153
EXP_RCC1 (1104),0.16416998841945674
EXP_CD101 (9398),0.16416838246875987
EXP_LRP2BP (55805),0.16416704644925773
EXP_PROX1 (5629),0.1641664457682186
EXP_TTC8 (123016),0.16416531905654885
EXP_FGF1 (2246),0.1641640627122749
EXP_PIMREG (54478),0.16416400508114304
EXP_SQOR (58472),0.16416374861959504
EXP_CLPP (8192),0.16416286675746328
EXP_EAF2 (55840),0.16416283637379792
EXP_NOP53 (29997),0.16416272707370538
EXP_BMI1 (648),0.16416134594355292
EXP_TRIM66 (9866),0.164161284218995
EXP_CEP135 (9662),0.16416034857805784
EXP_DDX3X (1654),0.16416010238914147
EXP_RPL34 (6164),0.16415956717237634
EXP_ZNF24 (7572),0.16415951445119337
EXP_PHAF1 (80262),0.16415928262831603
EXP_FAM72D (728833),0.16415870597885895
EXP_MCRIP1 (348262),0.16415868982949267
EXP_APLP1 (333),0.1641563210107604
EXP_EMC10 (284361),0.1641557808849452
EXP_COPG2 (26958),0.16415495712992456
EXP_NPIPA7 (101059938),0.1641545628528025
EXP_GTF2A1 (2957),0.16415408553277366
EXP_FAM32A (26017),0.16415234336572304
EXP_HEXIM1 (10614),0.16415193790442384
EXP_FAM117A (81558),0.16415030906108807
EXP_STUB1 (10273),0.16415001049807643
EXP_FAU (2197),0.16414927936023638
EXP_ZNF630 (57232),0.16414919947036477
EXP_ZNF248 (57209),0.16414795179107866
EXP_MED6 (10001),0.16414772855952364
EXP_P4HA1 (5033),0.1641469373867226
EXP_DEPDC5 (9681),0.1641463132635126
EXP_NAT9 (26151),0.16414522129766063
EXP_ATRX (546),0.16414409561315058
EXP_VAMP4 (8674),0.16414284475427543
EXP_NPIPB13 (613037),0.16414247961987183
EXP_RAB2A (5862),0.16414232762106273
EXP_TGFB2 (7042),0.16414126578980426
EXP_ENO3 (2027),0.16414007660073882
EXP_YME1L1 (10730),0.16413980082688884
EXP_KDM2B (84678),0.164139691320627
EXP_PFAS (5198),0.16413945058277424
EXP_OSMR (9180),0.16413943446312285
EXP_CBR3 (874),0.16413942222439193
EXP_GRK6 (2870),0.16413903682487874
EXP_OSBPL6 (114880),0.16413852361235293
EXP_RGL1 (23179),0.16413734595179186
EXP_PRNP (5621),0.16413597574465388
EXP_TIPRL (261726),0.16413567544976093
EXP_GDAP2 (54834),0.16413558709588294
EXP_VPS35 (55737),0.16413513834412807
EXP_BIK (638),0.1641331114634772
EXP_BORCS8 (729991),0.16413275873380684
EXP_CIRBP (1153),0.1641326327602428
EXP_HRCT1 (646962),0.16413222556423435
EXP_ZNRD2 (10534),0.16413192942603327
EXP_PITPNA (5306),0.16413126596450756
EXP_CDK6 (1021),0.16413087922936853
EXP_ENTPD1 (953),0.16413042760028596
EXP_DGKH (160851),0.16413010912535952
EXP_CKMT1B (1159),0.16413001574356123
EXP_HNRNPU (3192),0.16412898018527233
EXP_CSNK1G3 (1456),0.16412861857256722
EXP_FEM1A (55527),0.1641275390625152
EXP_SLC4A2 (6522),0.1641274029617401
EXP_EFEMP1 (2202),0.16412682598077044
EXP_FANK1 (92565),0.16412592961679007
EXP_SIVA1 (10572),0.1641251097142744
EXP_DLGAP4 (22839),0.16412448539834834
EXP_TSG101 (7251),0.16412434262444275
EXP_CNPY2 (10330),0.16412419585371207
EXP_LRRN4 (164312),0.1641239274351367
EXP_ACOT8 (10005),0.16412391314499608
EXP_KRT18 (3875),0.1641236974026361
EXP_CD302 (9936),0.1641235430603416
EXP_EVI2B (2124),0.16412313803155243
EXP_ZNF785 (146540),0.1641226257672601
EXP_ZNF107 (51427),0.16412154310103055
EXP_C2CD4D (100191040),0.16411987558593655
EXP_MANBAL (63905),0.16411823227416367
EXP_SLC39A13 (91252),0.16411763242696242
EXP_CHD4 (1108),0.16411698862696866
EXP_CHST7 (56548),0.164116264487288
EXP_CUL4A (8451),0.1641145194882352
EXP_CMSS1 (84319),0.16411448803173823
EXP_PPP1R14B (26472),0.16411193371929222
EXP_PRPF6 (24148),0.1641093942373475
EXP_PRELID3A (10650),0.16410889364033032
EXP_LPCAT1 (79888),0.16410879949798485
EXP_SPRYD7 (57213),0.16410842640537915
EXP_CNTNAP3B (728577),0.1641083049949339
EXP_PTK7 (5754),0.16410755555395973
EXP_HSPA14 (51182),0.16410704933057207
EXP_HDLBP (3069),0.16410677957303754
EXP_RTKN (6242),0.16410585161483127
EXP_TP53INP1 (94241),0.1641043904104027
EXP_HOXA2 (3199),0.16410274299815164
EXP_ZMYND19 (116225),0.16410114875991422
EXP_PRG4 (10216),0.16410055799394385
EXP_LIMD1 (8994),0.16410017238336305
EXP_CYSRT1 (375791),0.16409861370912093
EXP_FXYD5 (53827),0.16409853350185521
EXP_IL15RA (3601),0.16409578761146282
EXP_ERBIN (55914),0.16409530753022583
EXP_LONRF3 (79836),0.1640949935056506
EXP_PHYHIP (9796),0.1640939948248139
EXP_ACRV1 (56),0.16409398690104648
EXP_RPIA (22934),0.1640937694405924
EXP_MAP2K7 (5609),0.16409335283398185
EXP_CHMP1B (57132),0.16409283743794045
EXP_ITGAL (3683),0.16409155170801437
EXP_PSMA1 (5682),0.16409151019265522
EXP_MRPL13 (28998),0.16408942090998124
EXP_KLHL21 (9903),0.16408790094413828
EXP_RAC3 (5881),0.1640866297859569
EXP_HIGD1A (25994),0.1640857623428218
EXP_SH3RF2 (153769),0.16408568990021255
EXP_RUFY1 (80230),0.16408547799909456
EXP_PARVA (55742),0.1640844300324087
EXP_SLC45A4 (57210),0.1640827059624419
EXP_PHLDB3 (653583),0.16408259629677335
EXP_PLSCR3 (57048),0.16408253235961823
EXP_NMD3 (51068),0.16408210768742126
EXP_PANK3 (79646),0.16408046014354483
EXP_KTN1 (3895),0.1640799036817251
EXP_GPSM2 (29899),0.16407962888341565
EXP_ZNF529 (57711),0.16407951844055457
EXP_EMC2 (9694),0.16407908697453877
EXP_TRMT6 (51605),0.16407880275021203
EXP_ZDHHC11B (653082),0.16407849505160144
EXP_SLC6A9 (6536),0.16407842880374623
EXP_CTNND1 (1500),0.16407721402257014
EXP_TP53BP1 (7158),0.16407608533241191
EXP_PLD4 (122618),0.164071866649925
EXP_KAT2B (8850),0.16406966906221498
EXP_ZNF32 (7580),0.16406939686256727
EXP_SELENBP1 (8991),0.16406919044672996
EXP_HYAL1 (3373),0.16406880677320412
EXP_TNKS1BP1 (85456),0.16406652781572628
EXP_ENTREP3 (10712),0.1640659852848838
EXP_COX6C (1345),0.16406572587547696
EXP_KPNA4 (3840),0.16406569954863226
EXP_ARMC8 (25852),0.1640646686430669
EXP_ARHGAP44 (9912),0.1640644803001221
EXP_BTBD7 (55727),0.1640642278754969
EXP_PLB1 (151056),0.16406400279190692
EXP_BCL3 (602),0.16406322692786635
EXP_DNMBP (23268),0.16406321568921722
EXP_TMEM127 (55654),0.1640631703116826
EXP_IGHMBP2 (3508),0.1640627160757342
EXP_ZNF33A (7581),0.16406182104487943
EXP_NT5DC3 (51559),0.16406130543761321
EXP_TRPM7 (54822),0.16406050594948063
EXP_SULT1A1 (6817),0.16406005481799024
EXP_COX5B (1329),0.16405896057532754
EXP_ING1 (3621),0.16405878283581288
EXP_ATMIN (23300),0.16405836078030944
EXP_RNF11 (26994),0.16405780925319036
EXP_P2RX4 (5025),0.16405713436039182
EXP_UBE2S (27338),0.1640564612414961
EXP_COL6A2 (1292),0.16405637743223256
EXP_SCEL (8796),0.16405598735249605
EXP_RDM1 (201299),0.16405572320445927
EXP_DMTN (2039),0.1640555328062181
EXP_CHRNA7 (1139),0.16405525224374973
EXP_ABHD12 (26090),0.16405458642374793
EXP_SLC25A27 (9481),0.16405215585469524
EXP_MKKS (8195),0.16405189003117915
EXP_SEC24C (9632),0.16404943594348254
EXP_VKORC1 (79001),0.1640491560352766
EXP_ZNF232 (7775),0.16404887482746755
EXP_LY6E (4061),0.16404815605031242
EXP_SAMHD1 (25939),0.1640472038894787
EXP_ZHX2 (22882),0.1640457198477252
EXP_VCL (7414),0.16404558185272666
EXP_NUAK1 (9891),0.16404486855628875
EXP_ELOVL3 (83401),0.1640448339572984
EXP_ZNF286A (57335),0.16404347673319553
EXP_DNM1 (1759),0.1640425931612013
EXP_IRF6 (3664),0.1640406812745896
EXP_CCDC97 (90324),0.16404025677485823
EXP_ARL17A (51326),0.16403777065684277
EXP_EIF6 (3692),0.16403774093533396
EXP_GNAQ (2776),0.16403690335374232
EXP_UPF3B (65109),0.16403654897047115
EXP_MSH2 (4436),0.16403490408847698
EXP_HAS3 (3038),0.16403317551145147
EXP_MAN2B2 (23324),0.16403132471964277
EXP_SLC39A4 (55630),0.16403058950493055
EXP_NANOS3 (342977),0.16402920042046532
EXP_NGFR (4804),0.16402801440588988
EXP_REXO2 (25996),0.16402782000885896
EXP_SUGP2 (10147),0.16402681028821586
EXP_IMP4 (92856),0.16402643027717723
EXP_FBXL19 (54620),0.1640263110630702
EXP_TUBB2A (7280),0.16402577800528828
EXP_NKRF (55922),0.16402571030538482
EXP_B3GNT3 (10331),0.16402531066656323
EXP_CNOT10 (25904),0.1640250022585361
EXP_POLR1C (9533),0.16402480688277787
EXP_DCUN1D3 (123879),0.16402244995650328
EXP_ZNF674 (641339),0.1640219079224119
EXP_CYB5D2 (124936),0.16402046293311479
EXP_RPL31 (6160),0.16401965174914945
EXP_BECN1 (8678),0.16401850532923845
EXP_DOP1B (9980),0.16401761955994587
EXP_CHP1 (11261),0.16401504096526942
EXP_MKLN1 (4289),0.16401485651590164
EXP_AJM1 (389813),0.16401473256855326
EXP_CRELD1 (78987),0.16401387584617577
EXP_RALBP1 (10928),0.16401354531507373
EXP_CCNI (10983),0.16401347446781234
EXP_OXCT2 (64064),0.16401226049048567
EXP_NAV2 (89797),0.1640118869420757
EXP_UFL1 (23376),0.16401180848338548
EXP_NR2C1 (7181),0.16401135078374018
EXP_ZKSCAN8 (7745),0.1640108526170403
EXP_GORASP2 (26003),0.1640102110952526
EXP_USP12 (219333),0.16400906354442135
EXP_PPP2R5A (5525),0.16400893246966497
EXP_OAF (220323),0.16400863417964295
EXP_EMILIN1 (11117),0.16400850378519038
EXP_RGS2 (5997),0.16400847629721582
EXP_IFI27L1 (122509),0.16400776949028284
EXP_SLC25A39 (51629),0.16400763082912384
EXP_ZBTB22 (9278),0.16400655653708185
EXP_WLS (79971),0.16400602783598295
EXP_GGA1 (26088),0.16400524902095093
EXP_ZNF813 (126017),0.16400412464482628
EXP_IL17RE (132014),0.16400313441931402
EXP_H3C13 (653604),0.16400303020153562
EXP_ATG9B (285973),0.16400301158123387
EXP_UBR4 (23352),0.16400270972857456
EXP_SLC25A40 (55972),0.1640024554256998
EXP_SF1 (7536),0.16400217972287479
EXP_SEMA3A (10371),0.16400157520098269
EXP_CNOT1 (23019),0.16400107869336011
EXP_AP2A2 (161),0.16399929381777767
EXP_POLG2 (11232),0.16399905378377255
EXP_COX16 (51241),0.1639979679352379
EXP_LHX4 (89884),0.16399672581020308
EXP_INSIG1 (3638),0.16399623399737706
EXP_SPATC1L (84221),0.16399493629414952
EXP_EIF5B (9669),0.16399490432067498
EXP_FBXL13 (222235),0.16399455754756875
EXP_CENPL (91687),0.16399349978176136
EXP_AP4B1 (10717),0.1639932290285584
EXP_C12orf43 (64897),0.16399288808040424
EXP_TMEM41A (90407),0.16399288241836008
EXP_CLEC16A (23274),0.16399199837239653
EXP_IFT56 (79989),0.16399165694363305
EXP_CCDC34 (91057),0.16399101982243103
EXP_DUSP11 (8446),0.16398995895225355
EXP_RHOBTB2 (23221),0.1639897361919065
EXP_RPS27A (6233),0.16398939225658182
EXP_DROSHA (29102),0.16398802206625707
EXP_PHAX (51808),0.16398673087027316
EXP_OAZ3 (51686),0.16398634357789454
EXP_ERCC6 (2074),0.16398595549367112
EXP_ATP5F1A (498),0.16398588512421153
EXP_VDAC3 (7419),0.16398533154618544
EXP_CXXC4 (80319),0.16398365454587527
EXP_PIK3R1 (5295),0.16398172638472364
EXP_ZNF704 (619279),0.16398152906558572
EXP_ANKHD1 (54882),0.16398100944293859
EXP_ATXN7L1 (222255),0.1639804021932525
EXP_CADM4 (199731),0.16397933106645723
EXP_SLC38A4 (55089),0.16397900498031337
EXP_HAUS8 (93323),0.16397860866266534
EXP_SNRNP25 (79622),0.16397846029958263
EXP_NDUFB10 (4716),0.16397769984990518
EXP_MELTF (4241),0.1639775326371602
EXP_MDM1 (56890),0.16397727725130729
EXP_PRDM1 (639),0.16397722161706074
EXP_CISD2 (493856),0.16397701077108184
EXP_IKZF5 (64376),0.1639769065944945
EXP_ALOXE3 (59344),0.16397603251806814
EXP_MORN2 (729967),0.1639752565902759
EXP_CREBRF (153222),0.16397515255058082
EXP_GREB1L (80000),0.1639748940222132
EXP_ZNF343 (79175),0.16397489233987717
EXP_DYRK4 (8798),0.16397390351213836
EXP_MASTL (84930),0.16397387224585813
EXP_MFAP1 (4236),0.16397322190936148
EXP_SLK (9748),0.16397285699610897
EXP_S100A9 (6280),0.16397251363133325
EXP_VPS4B (9525),0.16397174845569307
EXP_TCF7 (6932),0.16396978090735992
EXP_XPR1 (9213),0.16396909145511618
EXP_RBBP5 (5929),0.16396797350219838
EXP_CAPRIN1 (4076),0.16396700265831576
EXP_MRPS28 (28957),0.16396614026110168
EXP_VEZF1 (7716),0.16396568994136373
EXP_DDX46 (9879),0.16396451331352857
EXP_MTX3 (345778),0.1639643036689753
EXP_EPB41 (2035),0.1639642776319814
EXP_XRCC2 (7516),0.16396424928531506
EXP_HAPLN3 (145864),0.16396395566925648
EXP_QRICH2 (84074),0.16396364959902598
EXP_DHRS9 (10170),0.16396251670531647
EXP_CDKL5 (6792),0.1639618611550091
EXP_LIMCH1 (22998),0.16395934737714946
EXP_EPB41L2 (2037),0.16395931514839202
EXP_MITD1 (129531),0.16395916954938627
EXP_ALG13 (79868),0.1639590676926881
EXP_SOCS4 (122809),0.16395906729069853
EXP_TSR1 (55720),0.1639583790910386
EXP_RND1 (27289),0.16395804728096408
EXP_PFKFB2 (5208),0.16395257389331253
EXP_KIAA1191 (57179),0.16395183774409805
EXP_DGKZ (8525),0.16395051879432643
EXP_VPS26B (112936),0.16395050108652942
EXP_SHISA2 (387914),0.16395012087058802
EXP_RBSN (64145),0.16395005809989627
EXP_LBR (3930),0.16394989934885285
EXP_PATL1 (219988),0.16394918851730633
EXP_PLCXD2 (257068),0.16394882396062638
EXP_ANAPC10 (10393),0.1639467511672441
EXP_CRTC3 (64784),0.1639459243921202
EXP_PHKB (5257),0.1639459043776892
EXP_PINLYP (390940),0.16394560057179142
EXP_VAV2 (7410),0.16394546069425253
EXP_MAPK1IP1L (93487),0.16394538854642793
EXP_HLA-F (3134),0.1639452822072931
EXP_NPHP3 (27031),0.1639441226055416
EXP_ZFYVE1 (53349),0.1639440626872739
EXP_CTSS (1520),0.16394341968599768
EXP_AP5Z1 (9907),0.16394334275367672
EXP_FILIP1L (11259),0.16394322575053089
EXP_FGD2 (221472),0.1639419418503989
EXP_MYDGF (56005),0.1639412233759856
EXP_AKR1C2 (1646),0.16394076189993445
EXP_SAMD4A (23034),0.16393919382138833
EXP_ZNF654 (55279),0.16393905473585058
EXP_RCOR3 (55758),0.16393713734228843
EXP_PTER (9317),0.16393704195406045
EXP_ORAI3 (93129),0.16393566418067884
EXP_CYB5R1 (51706),0.16393470399205778
EXP_UBC (7316),0.16393418286097905
EXP_STK11 (6794),0.16393336167987993
EXP_ANGPTL2 (23452),0.16393279698424257
EXP_TASOR2 (54906),0.16393237939195515
EXP_LASP1NB (100505576),0.1639319005423605
EXP_ENTPD4 (9583),0.16393043827486675
EXP_B9D2 (80776),0.1639302880525868
EXP_LSM7 (51690),0.1639300549355518
EXP_CCDC59 (29080),0.16392941535364258
EXP_COPB1 (1315),0.1639290765660384
EXP_VARS1 (7407),0.16392819583582519
EXP_ISG15 (9636),0.16392812035784132
EXP_ST3GAL2 (6483),0.16392802151563046
EXP_ASB6 (140459),0.16392527312106697
EXP_WDR4 (10785),0.16392504852907397
EXP_BBS1 (582),0.1639250133004282
EXP_RNF111 (54778),0.1639242662391993
EXP_TGIF1 (7050),0.16392367724332768
EXP_TMEM258 (746),0.1639235270475199
EXP_SNX3 (8724),0.16392264679255586
EXP_PSPH (5723),0.1639222208434994
EXP_GPR87 (53836),0.16392208695935917
EXP_GLTP (51228),0.16392202657247879
EXP_TAF6 (6878),0.16392156547789316
EXP_NAGS (162417),0.16392132573044016
EXP_FAM131A (131408),0.16392127315197946
EXP_LEPROT (54741),0.16392118837007086
EXP_CATSPERG (57828),0.16391932797079178
EXP_CPPED1 (55313),0.1639189297633079
EXP_BHLHE40 (8553),0.16391850009123488
EXP_LIN52 (91750),0.16391776917456813
EXP_CCDC149 (91050),0.1639174298565491
EXP_PCGF3 (10336),0.16391738424239577
EXP_NAT10 (55226),0.16391734953912973
EXP_MLF1 (4291),0.16391709135614096
EXP_SARS1 (6301),0.16391680366134764
EXP_DHCR7 (1717),0.16391668486208655
EXP_ZNF514 (84874),0.16391533109353773
EXP_TLCD1 (116238),0.16391289368242035
EXP_CEBPZOS (100505876),0.1639121457114756
EXP_NUP50 (10762),0.16391212016252954
EXP_WASHC1 (100287171),0.1639118817841787
EXP_PTRH2 (51651),0.16391167056743505
EXP_MAP3K7CL (56911),0.1639115549171839
EXP_MRPL53 (116540),0.16390999744551582
EXP_MTAP (4507),0.16390949361086715
EXP_INTU (27152),0.1639086009016122
EXP_STAU2 (27067),0.1639076760887921
EXP_LARP4 (113251),0.16390716736175914
EXP_DNAAF9 (25943),0.16390617038379052
EXP_VPS8 (23355),0.1639060760534825
EXP_PEX12 (5193),0.16390533148374864
EXP_LY6D (8581),0.16390397841890536
EXP_APH1B (83464),0.16390359719968028
EXP_FOXP1 (27086),0.1639034866704696
EXP_ANKH (56172),0.16390261987783727
EXP_CATSPER1 (117144),0.16390235928383756
EXP_SUMO1 (7341),0.16390115100666058
EXP_PIAS4 (51588),0.16390088250912527
EXP_ZNF197 (10168),0.16389955658089672
EXP_WDR25 (79446),0.16389889584990414
EXP_PSD3 (23362),0.16389851206772832
EXP_MGST3 (4259),0.16389782170959766
EXP_AOC1 (26),0.16389752420854542
EXP_UQCC6 (728568),0.1638974443045571
EXP_WDR41 (55255),0.1638971962429725
EXP_LGALS3 (3958),0.16389703281327694
EXP_RC3H1 (149041),0.1638964722422429
EXP_HMGXB4 (10042),0.16389639822113722
EXP_UNC13B (10497),0.163895675823583
EXP_FAM174B (400451),0.16389564812570878
EXP_PRELID1 (27166),0.16389444899316796
EXP_POLB (5423),0.16389382190184776
EXP_AGFG2 (3268),0.1638929615020137
EXP_PIAS1 (8554),0.1638926500643869
EXP_TGFBR2 (7048),0.1638921961218074
EXP_BCAR3 (8412),0.16389109258347734
EXP_MT-CO2 (4513),0.1638890371576487
EXP_PRKCG (5582),0.16388801373198003
EXP_ZBED2 (79413),0.1638861285225417
EXP_MFSD8 (256471),0.16388611945137388
EXP_MOB1B (92597),0.16388505882783466
EXP_FOXO6 (100132074),0.16388411139299652
EXP_MED4 (29079),0.16388407476932798
EXP_NUTF2 (10204),0.1638834040935473
EXP_CCDC68 (80323),0.16388285258474422
EXP_ARPC3 (10094),0.1638788948652694
EXP_ASAH2 (56624),0.1638782331941382
EXP_NT5C (30833),0.16387690221437978
EXP_SAMD13 (148418),0.16387668151120938
EXP_LRRC24 (441381),0.16387631633669386
EXP_DLX2 (1746),0.16387602194321538
EXP_RALB (5899),0.163874319324381
EXP_IPO8 (10526),0.16387375011319616
EXP_PHC3 (80012),0.16387337693496118
EXP_WDR54 (84058),0.16387256858790256
EXP_TIMM23B (100652748),0.16387115831016974
EXP_KISS1 (3814),0.16387095691580633
EXP_TROAP (10024),0.1638708387748009
EXP_ATP8B1 (5205),0.16387034830006542
EXP_LYSMD3 (116068),0.16386956168642275
EXP_ORC6 (23594),0.16386913876673237
EXP_SLC43A1 (8501),0.16386368631296566
EXP_LTBP1 (4052),0.16386134724810653
EXP_FECH (2235),0.16386074150099095
EXP_UNC13A (23025),0.1638606357257757
EXP_SERAC1 (84947),0.16386057038605273
EXP_TMEM229B (161145),0.16385958575467985
EXP_ZNF540 (163255),0.16385920675837173
EXP_DSG2 (1829),0.16385854609469952
EXP_RYR3 (6263),0.16385780852841503
EXP_NUDT16 (131870),0.16385678909913448
EXP_ZNF44 (51710),0.16385591974752511
EXP_EMD (2010),0.16385568304049336
EXP_CENPS (378708),0.16385514108836485
EXP_LENG1 (79165),0.16385422224987334
EXP_FKBP9 (11328),0.16385277274751964
EXP_CTBP1 (1487),0.1638517937210784
EXP_R3HDM4 (91300),0.16385003915160024
EXP_RHBDD1 (84236),0.16384918607859156
EXP_KDM7A (80853),0.1638479097703618
EXP_FANCF (2188),0.16384758474131011
EXP_PLGLB2 (5342),0.1638474008046895
EXP_SFXN4 (119559),0.16384664901995816
EXP_ZNF680 (340252),0.16384525137038164
EXP_NWD1 (284434),0.16384420816786793
EXP_TEFM (79736),0.16384324325970834
EXP_FBXO8 (26269),0.1638420586235494
EXP_CNGA1 (1259),0.1638420121116031
EXP_COX19 (90639),0.16384181915516738
EXP_AK1 (203),0.16384087561650063
EXP_AZIN1 (51582),0.1638408558434179
EXP_ZNF417 (147687),0.1638404587390241
EXP_JUNB (3726),0.16384021717743558
EXP_SLC14A1 (6563),0.16384010743651967
EXP_NDST2 (8509),0.1638400170121086
EXP_HACD2 (201562),0.1638399363198726
EXP_DORIP1 (122525),0.16383950612324938
EXP_TMPRSS9 (360200),0.16383890018276315
EXP_C4orf36 (132989),0.16383762018147952
EXP_FOXJ2 (55810),0.16383751071268726
EXP_LBHD1 (79081),0.163836962111076
EXP_RETREG3 (162427),0.16383676201921205
EXP_TMEM38B (55151),0.1638363018479172
EXP_ANK1 (286),0.16383512832282054
EXP_NTN5 (126147),0.16383494851544622
EXP_ZNF608 (57507),0.16383449570159847
EXP_MYO7A (4647),0.16383423455502566
EXP_CCDC91 (55297),0.16383413309371164
EXP_NT5M (56953),0.16383410589905
EXP_SOCS7 (30837),0.163832941996783
EXP_IL18BP (10068),0.1638327336876344
EXP_ZFPM2 (23414),0.1638319045662202
EXP_ERBB2 (2064),0.16382998014569594
EXP_WIPF2 (147179),0.16382850354236478
EXP_GPS1 (2873),0.1638280404044341
EXP_XIAP (331),0.16382777280133087
EXP_DHFR (1719),0.16382776408875177
EXP_ARL6IP6 (151188),0.16382648594825344
EXP_TRPM8 (79054),0.1638261219801036
EXP_MC1R (4157),0.16382548565642274
EXP_DKK1 (22943),0.16382517557233012
EXP_DSTYK (25778),0.1638243901391272
EXP_CEPT1 (10390),0.16382198388240976
EXP_DDAH2 (23564),0.16382169812221825
EXP_HS6ST1 (9394),0.16382082853122082
EXP_EHMT1 (79813),0.163819705974924
EXP_TCEAL4 (79921),0.16381836707915198
EXP_KDM4D (55693),0.16381658585726377
EXP_SNRNP40 (9410),0.1638152088131335
EXP_MAN2A2 (4122),0.16381393752718143
EXP_AGER (177),0.1638114125308361
EXP_GMCL2 (64396),0.16381106511275867
EXP_KCTD14 (65987),0.16381093928233526
EXP_NECTIN4 (81607),0.16381026026691448
EXP_PSMC6 (5706),0.1638102284212506
EXP_GNAI2 (2771),0.16380938798276912
EXP_LIPT2 (387787),0.16380890198829068
EXP_GLRX3 (10539),0.16380874101709253
EXP_HMGB3 (3149),0.16380850006916337
EXP_TMEM140 (55281),0.163808487912676
EXP_GP1BA (2811),0.16380842024940812
EXP_NDUFA9 (4704),0.163808096058923
EXP_MRPL36 (64979),0.1638069278881451
EXP_POLRMT (5442),0.16380588834461474
EXP_UBFD1 (56061),0.16380511288949418
EXP_PPIL4 (85313),0.1638040164636152
EXP_TMED2 (10959),0.1638028665685347
EXP_DDX60L (91351),0.16380215979998436
EXP_DGCR8 (54487),0.16380211436969994
EXP_C15orf39 (56905),0.16380160117262754
EXP_ITM2B (9445),0.16380101427352045
EXP_TLR2 (7097),0.16380050561319148
EXP_NUDT2 (318),0.16379748519954962
EXP_ZNF669 (79862),0.16379680266061136
EXP_ABHD11 (83451),0.1637963447000157
EXP_GNA11 (2767),0.16379322544690034
EXP_ABR (29),0.16379086824528155
EXP_ATP5MJ (9556),0.16378885290849698
EXP_MEIS3 (56917),0.16378674166264506
EXP_PRPS1 (5631),0.16378669708844207
EXP_ITSN2 (50618),0.16378437843175675
EXP_PARP6 (56965),0.16378420339522393
EXP_FAM81A (145773),0.16378410171953384
EXP_ARHGDIB (397),0.1637825672285933
EXP_MEIS1 (4211),0.16378248516976424
EXP_ANKRD10 (55608),0.1637820361270741
EXP_TLK1 (9874),0.1637795970662692
EXP_WASHC2A (387680),0.16377908914556372
EXP_SYT8 (90019),0.16377780241023832
EXP_PPP3CB (5532),0.16377705182987512
EXP_FBXO21 (23014),0.1637753314223387
EXP_FAM53A (152877),0.16377524527406528
EXP_NOLC1 (9221),0.16377515864445336
EXP_NUP160 (23279),0.16377450228233315
EXP_DGKA (1606),0.16377392445613026
EXP_R3HCC1L (27291),0.16377327089093807
EXP_MAP6D1 (79929),0.16377283452891866
EXP_RPS29 (6235),0.1637725509532153
EXP_GTF2I (2969),0.16377243506141426
EXP_NDUFB4 (4710),0.16377173544892987
EXP_IRAK2 (3656),0.16377160817264347
EXP_EPN1 (29924),0.1637713672917993
EXP_EIF2S1 (1965),0.16377024049767908
EXP_ILDR2 (387597),0.16376850757666528
EXP_NUDT16L1 (84309),0.16376782054346517
EXP_STOML2 (30968),0.16376562725580612
EXP_TXLNA (200081),0.163763406948215
EXP_SPDYE2 (441273),0.163762788019433
EXP_ITGA6 (3655),0.16376120029827135
EXP_LARP7 (51574),0.1637609024003357
EXP_RNF208 (727800),0.1637597884095845
EXP_PRDX5 (25824),0.1637588965372192
EXP_IK (3550),0.16375708375686404
EXP_NOL10 (79954),0.16375653517765532
EXP_APOBR (55911),0.16375585317610586
EXP_TRIM47 (91107),0.16375547316511785
EXP_GOLGA8O (728047),0.1637547838654072
EXP_CSTB (1476),0.16375421647465593
EXP_JMJD4 (65094),0.16375420848791755
EXP_ARHGAP42 (143872),0.1637538402914922
EXP_MCM10 (55388),0.16375346380832845
EXP_RAPGEF3 (10411),0.16375188612647396
EXP_GTF3C4 (9329),0.16375161054250054
EXP_SEC22A (26984),0.1637507235054949
EXP_CDK9 (1025),0.1637502064522547
EXP_LRRC57 (255252),0.1637496446578215
EXP_PTPRJ (5795),0.16374847724036545
EXP_NIPA1 (123606),0.1637480672789673
EXP_ERCC4 (2072),0.16374710997450936
EXP_FAM135A (57579),0.16374661932505052
EXP_PPIL2 (23759),0.16374516338593992
EXP_BOLA1 (51027),0.16374500309463347
EXP_SH3PXD2B (285590),0.1637437365896819
EXP_SERP1 (27230),0.1637434131076363
EXP_ZSCAN20 (7579),0.16374271514176097
EXP_SRPK1 (6732),0.16374223769302088
EXP_NFYC (4802),0.1637416784612995
EXP_ZBTB11 (27107),0.16374059972394583
EXP_CPT1B (1375),0.16373995006293107
EXP_TRIM28 (10155),0.16373994633080535
EXP_ASB8 (140461),0.16373877476162768
EXP_MDK (4192),0.16373859942603808
EXP_EIF3I (8668),0.163738533649056
EXP_TRMT11 (60487),0.1637369472865755
EXP_QRSL1 (55278),0.1637366663865345
EXP_DYRK1A (1859),0.1637360078345278
EXP_MTHFD1 (4522),0.1637354174458725
EXP_FCGRT (2217),0.16373346995275284
EXP_RUNX3 (864),0.16373260665852385
EXP_RPL22 (6146),0.16373190484309674
EXP_TMCC3 (57458),0.16373069804723972
EXP_LAMP1 (3916),0.16373018353834023
EXP_MTX2 (10651),0.16372886875572057
EXP_MAST3 (23031),0.1637287470566644
EXP_NOTCH2 (4853),0.1637280564530199
EXP_UCHL5 (51377),0.16372783535350077
EXP_NPIPB5 (100132247),0.16372736432926338
EXP_TSC22D1 (8848),0.16372662035452734
EXP_ARL5A (26225),0.1637265238965746
EXP_TAOK1 (57551),0.1637262518585878
EXP_SNAPC2 (6618),0.16372469869015305
EXP_SDC4 (6385),0.16372352045293148
EXP_PTPN9 (5780),0.16372302306689068
EXP_SH3GLB2 (56904),0.16372294325497094
EXP_SEC31B (25956),0.1637222729136747
EXP_RABAC1 (10567),0.16372222974436745
EXP_NUP35 (129401),0.16372185056404742
EXP_ANKRD40 (91369),0.16372145556554063
EXP_GALNT7 (51809),0.1637203492707755
EXP_ANP32E (81611),0.1637195109250964
EXP_DDX5 (1655),0.16371895551914672
EXP_ZNF600 (162966),0.1637184553798079
EXP_TAF6L (10629),0.16371794465570666
EXP_URI1 (8725),0.16371787877785593
EXP_IMP3 (55272),0.16371659094540814
EXP_EIF2AK4 (440275),0.16371585099631325
EXP_OXLD1 (339229),0.16371514755462702
EXP_DNMT3B (1789),0.16371492052834213
EXP_TPST2 (8459),0.16371455814985314
EXP_DUSP8 (1850),0.1637132071279117
EXP_NPC1L1 (29881),0.16371310912085324
EXP_RNASE10 (338879),0.16371248673482786
EXP_NIBAN2 (64855),0.16371209769905537
EXP_ABCD4 (5826),0.16371207902952367
EXP_SCGB2B2 (284402),0.16371206551649475
EXP_ZCCHC4 (29063),0.1637103236325057
EXP_MUC20 (200958),0.16370997046290992
EXP_THSD7A (221981),0.163708458521028
EXP_MIEF2 (125170),0.16370833122541395
EXP_MAPK6 (5597),0.16370798321057212
EXP_AQP1 (358),0.16370792594007622
EXP_TBC1D3L (101060376),0.1637074001428731
EXP_SPOP (8405),0.16370712168667545
EXP_ZNF605 (100289635),0.16370675782752908
EXP_EXOSC9 (5393),0.16370500202191618
EXP_CARNMT1 (138199),0.16370489146002232
EXP_ERCC3 (2071),0.16370458140533373
EXP_ARL6IP4 (51329),0.16370442926633544
EXP_CXorf38 (159013),0.16370390483388242
EXP_UBA5 (79876),0.16370366223054766
EXP_TOP3A (7156),0.16370323196130077
EXP_RGPD2 (729857),0.16370149099528852
EXP_AS3MT (57412),0.16370147002479385
EXP_CIAO2B (51647),0.1637007479017072
EXP_ZC2HC1A (51101),0.16369872027316656
EXP_TLE5 (166),0.16369670490275468
EXP_RTL6 (84247),0.1636965320241277
EXP_DYRK1B (9149),0.16369560860236199
EXP_RNF20 (56254),0.16369514358403148
EXP_AEN (64782),0.16369496243001613
EXP_RAI1 (10743),0.16369308476264965
EXP_TACC2 (10579),0.16369263228383168
EXP_ZNRF2 (223082),0.16369191017150886
EXP_FAM120C (54954),0.16369163531860664
EXP_OPRL1 (4987),0.1636908451488317
EXP_NUMBL (9253),0.16368892576967475
EXP_TMCC2 (9911),0.16368860989344736
EXP_EEIG2 (284611),0.16368834465505788
EXP_NPC2 (10577),0.1636874958024368
EXP_PGGHG (80162),0.16368673078057228
EXP_NUP93 (9688),0.1636863054167632
EXP_ANKLE1 (126549),0.16368569137288524
EXP_LAMA3 (3909),0.1636853841255066
EXP_HNRNPH3 (3189),0.16368452342800044
EXP_LONP1 (9361),0.1636842345100309
EXP_PANK2 (80025),0.16368396585917733
EXP_SLC16A7 (9194),0.16368065998159942
EXP_FXN (2395),0.16368027947748143
EXP_YIPF4 (84272),0.16368026276052738
EXP_ZNF442 (79973),0.16368025273608922
EXP_NBEAL1 (65065),0.16367900047395967
EXP_SPATA7 (55812),0.16367806238047677
EXP_ENKD1 (84080),0.16367730058008334
EXP_ARL8A (127829),0.16367552141055608
EXP_FBXL18 (80028),0.16367426758958725
EXP_TWNK (56652),0.16367409799694865
EXP_TSPYL1 (7259),0.16367371841514444
EXP_CATSPER2 (117155),0.16367343614449936
EXP_TRAPPC9 (83696),0.1636730866209204
EXP_ATP6V0A4 (50617),0.16367306063749965
EXP_GUCD1 (83606),0.16367165509716752
EXP_KLHL29 (114818),0.16367093148796652
EXP_MTMR3 (8897),0.1636704070152044
EXP_CASD1 (64921),0.16367035771636207
EXP_HERC1 (8925),0.16366938133801678
EXP_DAND5 (199699),0.16366785441569398
EXP_RNF44 (22838),0.16366666554074172
EXP_RPP21 (79897),0.16366605238399679
EXP_P2RX6 (9127),0.16366572345961217
EXP_PPME1 (51400),0.1636648708841708
EXP_NACC2 (138151),0.16366334564791707
EXP_CELSR1 (9620),0.16366294615955823
EXP_PSMB4 (5692),0.16366250171980568
EXP_STAT5B (6777),0.16366196763227947
EXP_SGTB (54557),0.16366153513619786
EXP_HSPA2 (3306),0.16366115054891672
EXP_MAN2B1 (4125),0.16366084773926204
EXP_TMEM92 (162461),0.16366058302111153
EXP_HAUS6 (54801),0.1636584616171115
EXP_ADGRG6 (57211),0.16365784340035905
EXP_LSM2 (57819),0.16365721250113108
EXP_KLC4 (89953),0.16365720540211637
EXP_CEP192 (55125),0.163656683305331
EXP_CEP131 (22994),0.16365663681288467
EXP_ZNF45 (7596),0.16365570374603866
EXP_DCTN4 (51164),0.16365502136337984
EXP_THG1L (54974),0.16365186451387004
EXP_THBS1 (7057),0.16365153357696371
EXP_MMD (23531),0.1636510645100726
EXP_GALM (130589),0.16365024891713897
EXP_GRN (2896),0.1636487685769259
EXP_VRK1 (7443),0.16364814102262315
EXP_CAST (831),0.16364774377705782
EXP_CYB5D1 (124637),0.1636470953247855
EXP_RBM10 (8241),0.1636469227919246
EXP_GSTM2 (2946),0.16364629263366126
EXP_CCDC61 (729440),0.16364129524697368
EXP_E2F4 (1874),0.16364047045106656
EXP_C1orf210 (149466),0.16364020253527212
EXP_HOXA7 (3204),0.16364010479116242
EXP_SEC61G (23480),0.16363959629362768
EXP_TTPAL (79183),0.16363849395365548
EXP_NSMCE2 (286053),0.1636383898267546
EXP_PHF1 (5252),0.16363833275701012
EXP_MAGED1 (9500),0.16363805560695877
EXP_MYRFL (196446),0.16363789974936616
EXP_CTRL (1506),0.16363756731561452
EXP_PPP1R3F (89801),0.1636371315837204
EXP_CFAP97 (57587),0.1636366898766335
EXP_LIMK2 (3985),0.16363667591404418
EXP_SH2D3A (10045),0.16363666325389747
EXP_BCL9L (283149),0.16363633764595154
EXP_ZNF292 (23036),0.16363626709171886
EXP_SACS (26278),0.16363587462980522
EXP_ATP13A1 (57130),0.1636357729741098
EXP_QRFP (347148),0.1636335456177198
EXP_NUDT12 (83594),0.16363329790161174
EXP_ZNF784 (147808),0.16363228069969615
EXP_H1-10 (8971),0.16363181683729078
EXP_BORCS5 (118426),0.1636314705055515
EXP_C1orf122 (127687),0.16363139471606747
EXP_TOPORS (10210),0.1636309814777599
EXP_KLF3 (51274),0.16363090992879314
EXP_SPATA31H1 (84226),0.1636301002428837
EXP_CHMP4A (29082),0.16362895771402464
EXP_MUC12 (10071),0.16362893776056886
EXP_CAB39 (51719),0.16362714583064086
EXP_LTBP3 (4054),0.16362586820421754
EXP_H2BC15 (8341),0.16362546001530198
EXP_LPIN3 (64900),0.16362434326370678
EXP_WDR45B (56270),0.1636232521763148
EXP_PPP1R37 (284352),0.16362213340137366
EXP_CAV1 (857),0.16362207372881699
EXP_AKAP13 (11214),0.16362145271456097
EXP_GOSR1 (9527),0.16362106490223383
EXP_ANXA2R (389289),0.16362045132583436
EXP_IRAK4 (51135),0.16361993278687859
EXP_TMEM260 (54916),0.16361959131968895
EXP_NANP (140838),0.16361950433715577
EXP_PCDH7 (5099),0.16361950119560653
EXP_DZIP3 (9666),0.16361914632675756
EXP_ZC3H15 (55854),0.16361766993955484
EXP_GAREM2 (150946),0.16361649494134323
EXP_CENPA (1058),0.1636151158496375
EXP_SMNDC1 (10285),0.16361469566269538
EXP_AIMP1 (9255),0.16361350743155167
EXP_TLR1 (7096),0.16361114989448478
EXP_IRF3 (3661),0.16361113180988252
EXP_CERCAM (51148),0.16361089905437876
EXP_AJUBA (84962),0.16360970714931167
EXP_MMP21 (118856),0.16360596319115572
EXP_SET (6418),0.16360469867702232
EXP_COMMD7 (149951),0.16360233832973226
EXP_EARS2 (124454),0.1636021510305845
EXP_CSE1L (1434),0.1636015236674142
EXP_LMTK2 (22853),0.16360128744868963
EXP_EXOSC1 (51013),0.16360091056392623
EXP_MBLAC1 (255374),0.1635999502706449
EXP_WDR48 (57599),0.16359880116205794
EXP_RGCC (28984),0.16359872762278105
EXP_SNRPC (6631),0.1635986225575996
EXP_CTF1 (1489),0.1635983955926994
EXP_TMEM50A (23585),0.16359743042130503
EXP_H2AJ (55766),0.1635966401259097
EXP_LMTK3 (114783),0.16359633738875878
EXP_RPS17 (6218),0.16359579110845068
EXP_GPATCH4 (54865),0.16359465758899372
EXP_NDUFC2 (4718),0.1635943297186735
EXP_MND1 (84057),0.16359405078454703
EXP_GPBP1L1 (60313),0.16359301002839022
EXP_DIDO1 (11083),0.163592560547281
EXP_IL34 (146433),0.1635920231182446
EXP_SRP19 (6728),0.16359050510078
EXP_DNAH12 (201625),0.16359047721789555
EXP_EMC3 (55831),0.16358877587734
EXP_HNRNPF (3185),0.16358826112085811
EXP_MAPT (4137),0.16358670841422285
EXP_TMEM219 (124446),0.1635856997572782
EXP_CDK5RAP2 (55755),0.1635851016836236
EXP_KCNAB3 (9196),0.16358484237426563
EXP_RRS1 (23212),0.16358369940659667
EXP_AURKA (6790),0.16358365869184954
EXP_LRRC61 (65999),0.1635822383389236
EXP_JARID2 (3720),0.1635812168681463
EXP_TBC1D23 (55773),0.16357852886689894
EXP_DND1 (373863),0.16357488219173977
EXP_SRSF8 (10929),0.16357428027911247
EXP_HPS6 (79803),0.16357419320696032
EXP_POMGNT1 (55624),0.16357357511812065
EXP_SYNE1 (23345),0.16357273318835208
EXP_TSPAN13 (27075),0.16357233446594055
EXP_FKBP10 (60681),0.1635717259534566
EXP_SP3 (6670),0.16357171474480658
EXP_ABL2 (27),0.16356947649944953
EXP_COMMD3 (23412),0.1635686675327115
EXP_ARL9 (132946),0.16356561570832362
EXP_EIF4G1 (1981),0.16356418615543777
EXP_TNRC6C (57690),0.16356412892719252
EXP_H2BC5 (3017),0.1635633944114554
EXP_DCTD (1635),0.16356205465692497
EXP_ANKRD6 (22881),0.16356123802196887
EXP_SEC11A (23478),0.16356075741835063
EXP_KBTBD3 (143879),0.1635606884902785
EXP_TRAPPC3 (27095),0.16356039052553495
EXP_FAM228B (375190),0.16356024928779966
EXP_SLC35E3 (55508),0.16355986743978512
EXP_ASPSCR1 (79058),0.16355974161973652
EXP_ECSIT (51295),0.16355968549418165
EXP_B4GALT3 (8703),0.16355967008791605
EXP_ST3GAL5 (8869),0.16355925997586418
EXP_LY6G5B (58496),0.1635590797107902
EXP_KIF16B (55614),0.16355751318463607
EXP_EME1 (146956),0.16355671873170596
EXP_KREMEN1 (83999),0.1635549034876842
EXP_PUS7L (83448),0.16355354394668176
EXP_THOC7 (80145),0.16355331947769436
EXP_RPA3 (6119),0.16355140198381246
EXP_POC5 (134359),0.1635508820458691
EXP_STK4 (6789),0.16355008004815552
EXP_CYP2J2 (1573),0.1635487744268378
EXP_DHX40 (79665),0.16354810430124989
EXP_SMIM1 (388588),0.16354793616112762
EXP_HPSE (10855),0.1635478215810755
EXP_ZNF440 (126070),0.1635469944280592
EXP_AMN (81693),0.16354627459736903
EXP_FERMT1 (55612),0.163546141774912
EXP_PSMB1 (5689),0.163545668931123
EXP_MTF1 (4520),0.1635454119846349
EXP_BBIP1 (92482),0.16354378098220135
EXP_CYSTM1 (84418),0.1635430575217951
EXP_CNTLN (54875),0.16354216802836063
EXP_MRPL17 (63875),0.163541592716558
EXP_AMT (275),0.16354097444031446
EXP_MX1 (4599),0.16354059097429197
EXP_DOK1 (1796),0.16353949732537743
EXP_DCAF11 (80344),0.16353933771922957
EXP_IFIT5 (24138),0.1635388207152726
EXP_WDR36 (134430),0.1635377800619242
EXP_PARP12 (64761),0.16353755259581337
EXP_POLR1E (64425),0.16353717303284654
EXP_CCNJ (54619),0.1635370089119741
EXP_MTRF1L (54516),0.16353432495286668
EXP_FGF2 (2247),0.16353423931993127
EXP_EXOSC10 (5394),0.16353117782411086
EXP_RAB11B (9230),0.1635291180701195
EXP_CKS2 (1164),0.16352888330253457
EXP_ZNF296 (162979),0.16352848393742292
EXP_TAPBPL (55080),0.1635278954773458
EXP_GOLGA8A (23015),0.16352534404827956
EXP_TRIM11 (81559),0.16352473150294156
EXP_STARD13 (90627),0.16352393871946713
EXP_PREB (10113),0.16352379366343328
EXP_ING4 (51147),0.1635234108779846
EXP_ZNF567 (163081),0.16352304371019244
EXP_PRKACA (5566),0.16352285673183875
EXP_ABCA5 (23461),0.16352081168650834
EXP_PLEKHA8 (84725),0.16352055937886067
EXP_CXXC1 (30827),0.16352016516716716
EXP_HMBOX1 (79618),0.16351970330766363
EXP_MMP10 (4319),0.16351893870376433
EXP_DENND2A (27147),0.163517598286953
EXP_LAPTM4B (55353),0.16351745913515447
EXP_SLC25A12 (8604),0.16351674769952407
EXP_EFCAB7 (84455),0.16351334970397868
EXP_KBTBD6 (89890),0.16351291667460544
EXP_GRSF1 (2926),0.16351281388643457
EXP_MAP4K2 (5871),0.16351242763385798
EXP_DAP (1611),0.16351130598112107
EXP_TEX30 (93081),0.16351111966568155
EXP_SHANK2 (22941),0.16350659109266186
EXP_EEIG1 (399665),0.1635060295391293
EXP_ACOT13 (55856),0.16350565063290912
EXP_CNTNAP1 (8506),0.16350481491912827
EXP_CDK11B (984),0.16350463566190498
EXP_PPCS (79717),0.16350440000295663
EXP_RUBCNL (80183),0.16350339701535077
EXP_SMG7 (9887),0.1635022287504757
EXP_AP1AR (55435),0.16350214855166545
EXP_CDK5R1 (8851),0.16350119204317792
EXP_GADD45G (10912),0.16350013250080853
EXP_PPARA (5465),0.1634991891499986
EXP_MCEE (84693),0.16349914125107734
EXP_FXR1 (8087),0.1634986093060533
EXP_RNASEH2C (84153),0.16349856978629873
EXP_NDUFB3 (4709),0.16349840306207586
EXP_RAVER1 (125950),0.16349785001090744
EXP_WSB1 (26118),0.16349688818897512
EXP_TMEM104 (54868),0.16349656839357696
EXP_FOXN2 (3344),0.1634962626541805
EXP_IFNGR1 (3459),0.16349613744821045
EXP_MPST (4357),0.1634960690407139
EXP_CLDND2 (125875),0.16349597319879727
EXP_DDIT3 (1649),0.1634957789253022
EXP_CHST11 (50515),0.1634956598205486
EXP_TIGD7 (91151),0.16349507516534967
EXP_MRPL33 (9553),0.16349359270188035
EXP_RASA4 (10156),0.1634915025467194
EXP_MAP1B (4131),0.16349041563425182
EXP_IWS1 (55677),0.16348748157350457
EXP_SEMA3B (7869),0.16348593913486464
EXP_EFL1 (79631),0.16348560537275247
EXP_ABCF2 (10061),0.163485131700555
EXP_RARS2 (57038),0.16348493719188006
EXP_CLIC2 (1193),0.16348466832196973
EXP_ZFPL1 (7542),0.1634826885933327
EXP_MOSPD2 (158747),0.16348099301856855
EXP_UQCC2 (84300),0.16348021310385974
EXP_ZNF10 (7556),0.16347848135137966
EXP_ITGAE (3682),0.16347597625935428
EXP_INPP5J (27124),0.16347581254914534
EXP_TMEM242 (729515),0.16347548061241124
EXP_IRF2 (3660),0.16347501766855643
EXP_CD79A (973),0.16347475149474278
EXP_SEC24D (9871),0.16347298063558746
EXP_ZNF234 (10780),0.16347280995143088
EXP_METTL27 (155368),0.16347105764448866
EXP_WDR20 (91833),0.16347046990542946
EXP_GMDS (2762),0.16346948544730466
EXP_RPL11 (6135),0.16346841096514453
EXP_XDH (7498),0.16346805717000557
EXP_GRAMD1C (54762),0.16346787557320752
EXP_FA2H (79152),0.1634657279877958
EXP_ACACA (31),0.16346477731410047
EXP_GALNT2 (2590),0.16346318284187245
EXP_GRB2 (2885),0.16346267331173525
EXP_EFNB2 (1948),0.16346125883550933
EXP_RAD51 (5888),0.16345940027020145
EXP_CFAP157 (286207),0.16345829559051328
EXP_ATP5MC1 (516),0.16345793364390282
EXP_PADI2 (11240),0.16345785554463266
EXP_VEZT (55591),0.16345779087533074
EXP_PEX6 (5190),0.16345736212890305
EXP_EIF4B (1975),0.16345719561349537
EXP_TBC1D31 (93594),0.16345660918053007
EXP_CTSH (1512),0.16345473718910064
EXP_ZNF138 (7697),0.16345275838888362
EXP_CXCL5 (6374),0.16345256841910238
EXP_NSF (4905),0.16345199085962392
EXP_SNX11 (29916),0.16345197400230482
EXP_FOXQ1 (94234),0.16345114509685033
EXP_GIT1 (28964),0.16345076420437632
EXP_RFFL (117584),0.1634499442685442
EXP_EPHX2 (2053),0.16344987651416432
EXP_CD109 (135228),0.1634497222421274
EXP_SRSF6 (6431),0.1634496524654887
EXP_CCDC117 (150275),0.16344880644999904
EXP_CALR (811),0.1634477968965351
EXP_PDE4D (5144),0.16344731125880863
EXP_TRIB2 (28951),0.16344714486389122
EXP_KIF3B (9371),0.16344691111372533
EXP_DDRGK1 (65992),0.16344688582703704
EXP_ZNF568 (374900),0.16344681343984924
EXP_THRA (7067),0.1634461559727436
EXP_PIGC (5279),0.16344424560898219
EXP_TEP1 (7011),0.16344319219093695
EXP_CLDN7 (1366),0.1634431041376354
EXP_HMGN5 (79366),0.163442993975921
EXP_FGGY (55277),0.1634425144281204
EXP_GPATCH2L (55668),0.16344183626717612
EXP_KCNIP3 (30818),0.16344177434958507
EXP_RWDD1 (51389),0.1634412212203049
EXP_AGT (183),0.16344121172513582
EXP_PNPLA8 (50640),0.16344061331853332
EXP_VPS13A (23230),0.1634400977122814
EXP_LDHA (3939),0.16343948717028134
EXP_SUCLA2 (8803),0.16343929912335753
EXP_C12orf71 (728858),0.16343882012165523
EXP_SLC37A2 (219855),0.163438623247532
EXP_NXF1 (10482),0.16343845769755472
EXP_C4orf46 (201725),0.1634384227833694
EXP_ADAT3 (113179),0.16343831896708405
EXP_HINT1 (3094),0.16343707106087813
EXP_ZC2HC1C (79696),0.16343674164150457
EXP_INTS8 (55656),0.16343672475393412
EXP_ATF4 (468),0.163436126108909
EXP_ZBTB33 (10009),0.1634337383315776
EXP_CENPH (64946),0.16343363795805033
EXP_TMED7 (51014),0.16343351338086087
EXP_TSEN2 (80746),0.16343260292675854
EXP_C19orf73 (55150),0.16343237091819773
EXP_TSTD2 (158427),0.1634312762886383
EXP_MPZ (4359),0.16342986248817937
EXP_SAXO4 (220004),0.16342959890325748
EXP_PSMB5 (5693),0.16342762547257728
EXP_PAFAH2 (5051),0.16342740386023813
EXP_MMP11 (4320),0.16342728738426615
EXP_WDR44 (54521),0.1634271583542013
EXP_HDAC6 (10013),0.16342401923582273
EXP_TAF1D (79101),0.16342287043368486
EXP_RP1L1 (94137),0.16342255014895102
EXP_COG4 (25839),0.16342079816245914
EXP_POTEE (445582),0.16342054304154985
EXP_NAA20 (51126),0.16342043481305524
EXP_MYO19 (80179),0.16342003445784314
EXP_NR2C2 (7182),0.16341936283692604
EXP_ZNF93 (81931),0.16341833547129436
EXP_SLC35B2 (347734),0.16341821042676585
EXP_FASN (2194),0.16341661932370055
EXP_WIPF3 (644150),0.1634165645185881
EXP_MINPP1 (9562),0.1634139570338613
EXP_EPHB2 (2048),0.16341359795888355
EXP_HDAC1 (3065),0.1634129719480537
EXP_RPP40 (10799),0.1634113470263916
EXP_MORN3 (283385),0.1634106674445075
EXP_SHKBP1 (92799),0.1634102889986142
EXP_MOB1A (55233),0.16341011927499416
EXP_ZNF333 (84449),0.1634094263926844
EXP_CYP2D6 (1565),0.1634081529574125
EXP_BOK (666),0.16340665090429862
EXP_MYBBP1A (10514),0.16340580566635587
EXP_CASP4 (837),0.16340569759149837
EXP_RASGRP3 (25780),0.1634054566440586
EXP_SZT2 (23334),0.16340505166564157
EXP_TUBA4A (7277),0.16340349839783297
EXP_ZKSCAN2 (342357),0.16340234768707784
EXP_HPCAL1 (3241),0.1634023050074358
EXP_H2BC26 (128312),0.16340222314742547
EXP_TYW5 (129450),0.16340096682620064
EXP_CD163L1 (283316),0.1634002268124224
EXP_TYSND1 (219743),0.16340017576489352
EXP_TOR1AIP1 (26092),0.16339982881579385
EXP_RAD51D (5892),0.16339864926219771
EXP_RBM14 (10432),0.16339822292416706
EXP_CACNA2D4 (93589),0.16339786453180238
EXP_SSTR2 (6752),0.16339748071294924
EXP_SPAST (6683),0.16339690000104223
EXP_COA1 (55744),0.16339633201150328
EXP_TMX4 (56255),0.1633958990697515
EXP_NALF2 (27112),0.16339324712591008
EXP_CCDC51 (79714),0.1633917435400214
EXP_RGMA (56963),0.16338946918597408
EXP_FANCB (2187),0.163387447842001
EXP_KLHL12 (59349),0.1633872681221744
EXP_GXYLT1 (283464),0.16338394997600325
EXP_U2AF1L4 (199746),0.1633832291739301
EXP_RPH3AL (9501),0.16338266009711067
EXP_ZNG1F (644019),0.16338261545194044
EXP_C5orf24 (134553),0.16338261211630822
EXP_FBXL8 (55336),0.163381414618196
EXP_NUDT8 (254552),0.16338099122001992
EXP_ECT2 (1894),0.16338079582126053
EXP_POLR2G (5436),0.16338070740197086
EXP_BBLN (79095),0.16338054566282256
EXP_RBP1 (5947),0.16338042367922867
EXP_ZNF408 (79797),0.16338010245003964
EXP_FLG (2312),0.16337952192159833
EXP_DUS3L (56931),0.16337908116462607
EXP_ARID1A (8289),0.16337833854646977
EXP_IGIP (492311),0.16337779297096056
EXP_DDIT4 (54541),0.16337771405825574
EXP_TAF3 (83860),0.16337763460788501
EXP_HECTD4 (283450),0.16337706711361033
EXP_CCNYL1 (151195),0.16337634684082047
EXP_CCDC148 (130940),0.16337594439850633
EXP_TRAM2 (9697),0.16337527561301446
EXP_SEC61A2 (55176),0.16337471788051605
EXP_FGFRL1 (53834),0.16337438214926525
EXP_TBC1D22A (25771),0.1633724934969063
EXP_GCFC2 (6936),0.1633699875655461
EXP_SHTN1 (57698),0.16336987124269253
EXP_FXR2 (9513),0.16336979063967227
EXP_ANKRD18B (441459),0.16336856736385563
EXP_DAB2IP (153090),0.1633657051962638
EXP_TMEM65 (157378),0.16336500094789486
EXP_UBR3 (130507),0.16336442984172894
EXP_RGS12 (6002),0.16336357587209616
EXP_ZCCHC24 (219654),0.16336347483711933
EXP_NEK10 (152110),0.16336297814086542
EXP_FAM149B1 (317662),0.1633624845828363
EXP_SH2D1B (117157),0.16336193251161557
EXP_CASP9 (842),0.16336152000613513
EXP_BAX (581),0.16336142408100685
EXP_M6PR (4074),0.1633587330537205
EXP_GPATCH2 (55105),0.16335849624773147
EXP_ZFAND2B (130617),0.1633584959105212
EXP_CEP76 (79959),0.16335842034367865
EXP_LIG3 (3980),0.16335751457867875
EXP_ZNF350 (59348),0.1633567202380215
EXP_FLNA (2316),0.16335626944276083
EXP_METTL2A (339175),0.1633556514631893
EXP_SCD5 (79966),0.16335448033169442
EXP_TPRA1 (131601),0.16335324901390447
EXP_MFF (56947),0.16335317925584825
EXP_CTU2 (348180),0.16335230209272478
EXP_MTERF3 (51001),0.1633519724045902
EXP_PGLS (25796),0.16335160781254654
EXP_ANP32A (8125),0.16335105473628708
EXP_DYRK2 (8445),0.16335060027828696
EXP_DBF4 (10926),0.16334947124737198
EXP_LDHD (197257),0.16334924000582518
EXP_EPS8L2 (64787),0.16334720405619585
EXP_EML6 (400954),0.16334578807107736
EXP_POP1 (10940),0.16334519629959932
EXP_ETFA (2108),0.16334419523534294
EXP_SRSF10 (10772),0.16334389423961593
EXP_PSMG1 (8624),0.16334386331444328
EXP_ZNF790 (388536),0.16334170164815465
EXP_PRDX4 (10549),0.16334065550280652
EXP_WAPL (23063),0.16333999472846195
EXP_NFIL3 (4783),0.16333909861024054
EXP_ACSS1 (84532),0.1633384877332107
EXP_PRRC2C (23215),0.16333841726633924
EXP_RACGAP1 (29127),0.16333681878790252
EXP_G3BP1 (10146),0.16333399033885598
EXP_BRD2 (6046),0.16333393816306518
EXP_PLAUR (5329),0.16333314363272144
EXP_SIK1 (150094),0.16333209840099183
EXP_SNX6 (58533),0.1633297678862098
EXP_SPCS3 (60559),0.16332931765953962
EXP_FAM111B (374393),0.16332880415324968
EXP_ALPP (250),0.1633286610184843
EXP_WASHC3 (51019),0.16332834438127897
EXP_JAK1 (3716),0.16332799188184666
EXP_VAMP1 (6843),0.16332707996033413
EXP_CST3 (1471),0.16332369923418888
EXP_FAM177A1 (283635),0.1633236492529555
EXP_PPP2R1B (5519),0.1633228306890704
EXP_BUD13 (84811),0.16332237921019122
EXP_NDUFS6 (4726),0.1633211988067682
EXP_NBPF1 (55672),0.16332114882949433
EXP_CCAR2 (57805),0.1633203652055073
EXP_PUDP (8226),0.16331909976407832
EXP_FAM98C (147965),0.16331875393098017
EXP_UBL7 (84993),0.16331828880003219
EXP_RAN (5901),0.16331817787124336
EXP_MATCAP2 (23366),0.16331810676255998
EXP_CDC42EP3 (10602),0.16331767332348957
EXP_ARHGEF40 (55701),0.16331647537592353
EXP_NFKBIA (4792),0.16331638746170452
EXP_SPTY2D1 (144108),0.16331523819341864
EXP_PA2G4 (5036),0.16331521659130388
EXP_RMI1 (80010),0.16331401773494747
EXP_SHBG (6462),0.16331224516077647
EXP_CAVIN4 (347273),0.16331208166736566
EXP_PER1 (5187),0.1633113804739459
EXP_GLB1 (2720),0.16331119493485424
EXP_OTX1 (5013),0.16331106280478558
EXP_TRMT1 (55621),0.16331058556647626
EXP_MPC2 (25874),0.16331047759277695
EXP_TMC4 (147798),0.16331033633553194
EXP_TAF1B (9014),0.1633099833940319
EXP_PUS10 (150962),0.16330937259481626
EXP_PIGBOS1 (101928527),0.1633087294573663
EXP_DDX18 (8886),0.16330752526250158
EXP_FAM222A (84915),0.1633071696022972
EXP_PRKCD (5580),0.16330530124000653
EXP_ARB2A (83989),0.16330478949505256
EXP_ST13 (6767),0.16330444726146798
EXP_RPL21 (6144),0.16330356286164704
EXP_CFAP70 (118491),0.16330330116285818
EXP_C10orf95 (79946),0.16330269521997032
EXP_PERP (64065),0.16330194849667645
EXP_UBTF (7343),0.16330115325530947
EXP_RGP1 (9827),0.16330056671316484
EXP_SSU72 (29101),0.16330025775703128
EXP_AGAP1 (116987),0.16329979090365931
EXP_NFKBID (84807),0.1632997750895635
EXP_PFDN5 (5204),0.16329965075474373
EXP_MDGA1 (266727),0.16329956028800385
EXP_EIF2A (83939),0.16329802774527913
EXP_NDUFB8 (4714),0.16329644022125045
EXP_DPYD (1806),0.1632953539837647
EXP_CEP57L1 (285753),0.1632946609337358
EXP_PANX2 (56666),0.1632942670034545
EXP_PPP1R3G (648791),0.16329424800995263
EXP_MIS18A (54069),0.16329393023552718
EXP_IDS (3423),0.16329286194800918
EXP_SUPT7L (9913),0.16329255963526634
EXP_NSFL1C (55968),0.16329228957201902
EXP_RBM45 (129831),0.16329213415066057
EXP_COL4A2 (1284),0.16328869197106322
EXP_LRP5 (4041),0.16328842615479822
EXP_PSME2 (5721),0.16328824570628342
EXP_ATAD2B (54454),0.16328752213297815
EXP_GORAB (92344),0.1632862860773363
EXP_DFFA (1676),0.16328538158693906
EXP_ERFL (390937),0.16328494861241794
EXP_ATP2C1 (27032),0.16328463401146376
EXP_ZNF329 (79673),0.16328443337560916
EXP_SH3GLB1 (51100),0.1632841910334708
EXP_SLBP (7884),0.16328394210219255
EXP_ARL4A (10124),0.1632831396858494
EXP_MARCHF7 (64844),0.16328274054785474
EXP_SLC25A53 (401612),0.16328255784764512
EXP_UCP3 (7352),0.16328211975413698
EXP_TENT5A (55603),0.16328190581499147
EXP_NEDD1 (121441),0.16328090937241146
EXP_POLD3 (10714),0.1632801683260574
EXP_DCBLD2 (131566),0.16327823206622405
EXP_MRPS26 (64949),0.16327788025605727
EXP_CORO7 (79585),0.163276865707922
EXP_JAG2 (3714),0.1632752746650361
EXP_NDRG2 (57447),0.1632750687932063
EXP_ADGRG5 (221188),0.16327423815328057
EXP_SEMA4C (54910),0.1632729526188843
EXP_RNF181 (51255),0.16327284169845235
EXP_TRIM73 (375593),0.16327160032649246
EXP_IGF2BP2 (10644),0.16327137850961027
EXP_MANBA (4126),0.1632710720177526
EXP_CMTM8 (152189),0.1632705982249245
EXP_TMEM269 (100129924),0.1632688695514286
EXP_ENOSF1 (55556),0.1632661873135266
EXP_KDELR3 (11015),0.16326595585889514
EXP_FNTB (2342),0.16326552191680488
EXP_ANGPTL1 (9068),0.16326515604346437
EXP_ZNF84 (7637),0.16326338058144962
EXP_KLHL35 (283212),0.16326287429528197
EXP_C11orf52 (91894),0.163262752736264
EXP_PDP2 (57546),0.16326048199122578
EXP_FUZ (80199),0.1632592432629263
EXP_TXNDC16 (57544),0.16325850952352372
EXP_COX20 (116228),0.1632576091548037
EXP_PTP4A2 (8073),0.16325721161939466
EXP_NUDT15 (55270),0.16325633980424215
EXP_RPS5 (6193),0.16325618833373579
EXP_MARK2 (2011),0.16325525442312205
EXP_SEMA3D (223117),0.16325516005486662
EXP_MYO5C (55930),0.16325488797984455
EXP_HEATR4 (399671),0.16325475637408537
EXP_SS18L1 (26039),0.16325438663068415
EXP_SLC15A2 (6565),0.16325348911862925
EXP_CCN2 (1490),0.16325336943214097
EXP_TNFAIP8 (25816),0.16325287121314247
EXP_TRAF6 (7189),0.16325221364773945
EXP_GPR19 (2842),0.16325152255839814
EXP_ARHGAP11A (9824),0.1632509836137208
EXP_NCSTN (23385),0.16325098326887577
EXP_NF1 (4763),0.16325024638763264
EXP_MRI1 (84245),0.1632493038402778
EXP_IKBKB (3551),0.163247566806068
EXP_ZACN (353174),0.16324741131775244
EXP_ORMDL2 (29095),0.16324575943977138
EXP_CCDC137 (339230),0.16324566734172663
EXP_CYC1 (1537),0.163244475503312
EXP_IER3 (8870),0.16324362774615242
EXP_EXOC6B (23233),0.16324354480755954
EXP_KLK10 (5655),0.16324317403680233
EXP_RPL13 (6137),0.16324308172746083
EXP_NAA15 (80155),0.16324253314650505
EXP_CDH24 (64403),0.16324240182779715
EXP_MED21 (9412),0.16324136651817156
EXP_DERPC (113455421),0.16324129186521663
EXP_CCNQ (92002),0.16324073824141205
EXP_SLC24A1 (9187),0.16323991713497943
EXP_UBE2M (9040),0.1632383364378791
EXP_S100PBP (64766),0.1632375261091763
EXP_DPH1 (1801),0.16323653158544982
EXP_FAM20A (54757),0.1632358063146535
EXP_CSPG4 (1464),0.16323570578501023
EXP_XRCC3 (7517),0.16323436462860297
EXP_CTR9 (9646),0.16323392175413431
EXP_DERL2 (51009),0.16323207283087093
EXP_DEPDC1B (55789),0.16323145837005626
EXP_HOXC10 (3226),0.16323137014596334
EXP_GSTO2 (119391),0.1632311481251083
EXP_TJP1 (7082),0.16323004678996877
EXP_VPS37C (55048),0.1632298635996312
EXP_METTL25B (51093),0.1632294553444158
EXP_BOLA3 (388962),0.1632278973974568
EXP_CLYBL (171425),0.16322772677936737
EXP_DCT (1638),0.16322720931333734
EXP_NIPAL2 (79815),0.16322559126394687
EXP_ZNF404 (342908),0.1632251171346173
EXP_MICAL3 (57553),0.1632248768633282
EXP_SYT15B (102724488),0.16322429191355425
EXP_TFAP2A (7020),0.16322356280933548
EXP_HOXA3 (3200),0.16322286432098032
EXP_DMXL2 (23312),0.16322225315243788
EXP_LRPPRC (10128),0.16322188115793868
EXP_CHD2 (1106),0.16322182332524893
EXP_TPM3 (7170),0.16322124328099985
EXP_TXNL1 (9352),0.16322095026327066
EXP_FMNL2 (114793),0.16322051420978045
EXP_GPR89A (653519),0.16321931399705747
EXP_PFDN1 (5201),0.16321928769055383
EXP_TEF (7008),0.16321864293137534
EXP_ATP23 (91419),0.16321854514380885
EXP_LEO1 (123169),0.1632177946315938
EXP_IFT140 (9742),0.1632177431908417
EXP_ERICH5 (203111),0.16321646422036018
EXP_EVA1A (84141),0.1632157551971467
EXP_USO1 (8615),0.16321558798486002
EXP_C2orf92 (728537),0.16321538767688715
EXP_POLR3G (10622),0.16321492715563846
EXP_CFAP20 (29105),0.1632149190620238
EXP_ZBTB44 (29068),0.16321434369878673
EXP_IP6K2 (51447),0.1632141729876011
EXP_YARS1 (8565),0.16321286959630932
EXP_DHRS7 (51635),0.16321105513661394
EXP_TRAPPC14 (55262),0.1632101199061129
EXP_ECI1 (1632),0.16321009205773063
EXP_CD59 (966),0.16320851163032835
EXP_ASXL1 (171023),0.16320705726559748
EXP_MAFF (23764),0.16320627825319445
EXP_NR4A1 (3164),0.16320597661215075
EXP_PSME3IP1 (80011),0.16320591771769877
EXP_SEC23B (10483),0.16320428950622468
EXP_AMACR (23600),0.1632013655007425
EXP_AFDN (4301),0.16319994033485763
EXP_ACAD9 (28976),0.16319976597291674
EXP_TAF7L (54457),0.16319969880203455
EXP_ZNF618 (114991),0.16319933406181342
EXP_ARLN (401152),0.16319767017942244
EXP_SLC9A6 (10479),0.16319742905918488
EXP_PCMTD1 (115294),0.163197280592982
EXP_GLMP (112770),0.16319724955619552
EXP_LEMD2 (221496),0.16319599029496246
EXP_PPP1CC (5501),0.163195756117128
EXP_PMEL (6490),0.16319493354644798
EXP_SEMA7A (8482),0.16319453515129467
EXP_DGAT1 (8694),0.163194158321474
EXP_NRCAM (4897),0.1631935250151315
EXP_ECHDC2 (55268),0.16319338333056876
EXP_ANKS6 (203286),0.16319306848555026
EXP_DDHD2 (23259),0.1631925104634382
EXP_MDH1B (130752),0.16318896754042722
EXP_UBP1 (7342),0.1631886730802714
EXP_SCP2 (6342),0.16318785506749478
EXP_ARL10 (285598),0.16318654070480143
EXP_RB1CC1 (9821),0.16318630871663853
EXP_OXTR (5021),0.16318552850836898
EXP_TTN (7273),0.1631853351124244
EXP_ERFE (151176),0.1631853222564672
EXP_KRT80 (144501),0.16318109346581267
EXP_C1QL3 (389941),0.16318001265806803
EXP_NUMA1 (4926),0.16317996290289827
EXP_SYT5 (6861),0.1631799571340311
EXP_PKM (5315),0.16317643048477404
EXP_ZNF26 (7574),0.1631762952754654
EXP_GBA1 (2629),0.16317613572774103
EXP_KLHL36 (79786),0.1631759676835305
EXP_AMOTL1 (154810),0.16317579757479095
EXP_ABCC3 (8714),0.16317514615091255
EXP_RHOD (29984),0.16317508771243983
EXP_EAPP (55837),0.16317489164096433
EXP_NBPF8 (728841),0.1631731819922262
EXP_ZNF77 (58492),0.16317210591104114
EXP_ZNF497 (162968),0.16317043490162497
EXP_CHTF8 (54921),0.1631695790919423
EXP_TARS2 (80222),0.1631684256332031
EXP_ZFP64 (55734),0.16316755022071927
EXP_CRELD2 (79174),0.16316543613739753
EXP_MCMDC2 (157777),0.16316429762912765
EXP_PHKG1 (5260),0.16316426182026245
EXP_ZNF83 (55769),0.16316402936884167
EXP_PRCP (5547),0.1631631633364714
EXP_IPO4 (79711),0.16316307680376863
EXP_MRPL18 (29074),0.16316240419361883
EXP_DDX55 (57696),0.1631621804804535
EXP_SUCLG2 (8801),0.16316188724541725
EXP_DHODH (1723),0.16316174993641397
EXP_YARS2 (51067),0.1631617054248684
EXP_RASSF1 (11186),0.16316081781009473
EXP_ADCY3 (109),0.16315833252132883
EXP_DMWD (1762),0.16315827077853395
EXP_CNTROB (116840),0.16315754163052798
EXP_TM9SF4 (9777),0.16315641489895594
EXP_MMAB (326625),0.1631560559030678
EXP_LPCAT4 (254531),0.1631552415161055
EXP_QNG1 (84267),0.16315506205870367
EXP_RALA (5898),0.1631544194897172
EXP_BCAN (63827),0.16315113247729762
EXP_TOMM70 (9868),0.16315055937061373
EXP_SNRPD1 (6632),0.16315039828254996
EXP_MTCH1 (23787),0.16315006315602965
EXP_ABCB8 (11194),0.16314997890621452
EXP_AKAP9 (10142),0.16314962331778382
EXP_FN1 (2335),0.1631493746394055
EXP_APOBEC3F (200316),0.1631485576006213
EXP_MIDN (90007),0.1631483352240508
EXP_PDE3B (5140),0.16314760249800742
EXP_GET1 (7485),0.16314717395881306
EXP_JADE1 (79960),0.16314632707882382
EXP_CLIC4 (25932),0.1631458415752638
EXP_SENP2 (59343),0.1631435504426646
EXP_COX7A2L (9167),0.16314330746442707
EXP_GNAT2 (2780),0.16314147503968623
EXP_ZFC3H1 (196441),0.16314071666981267
EXP_SPDYE16 (102723555),0.16313932864293434
EXP_ANKRD29 (147463),0.16313849151755377
EXP_NBAS (51594),0.1631375799754755
EXP_ZIC5 (85416),0.16313748632854974
EXP_TBCE (6905),0.16313717416384943
EXP_KPNB1 (3837),0.16313683607103613
EXP_PKIB (5570),0.16313666985663655
EXP_TIMP1 (7076),0.16313596162367894
EXP_SLC16A13 (201232),0.16313486405078415
EXP_MAPK11 (5600),0.16313446895625905
EXP_PCBD2 (84105),0.16313419664450723
EXP_PGAP3 (93210),0.1631333442494176
EXP_ASPHD2 (57168),0.16313251327929912
EXP_SH3BGR (6450),0.16313229894008163
EXP_SPMIP3 (200159),0.1631320709608195
EXP_LZTR1 (8216),0.16313043614704625
EXP_KAZN (23254),0.16312999697115238
EXP_HCFC1R1 (54985),0.16312965262169676
EXP_ZNF613 (79898),0.16312956872860251
EXP_ACOT1 (641371),0.1631273335312553
EXP_CHERP (10523),0.16312611397958587
EXP_GUSB (2990),0.16312583214772758
EXP_PLAAT3 (11145),0.16312489335808777
EXP_CDK5 (1020),0.16312431564027285
EXP_ADGRF1 (266977),0.16312413677857673
EXP_MFSD14B (84641),0.1631225913166494
EXP_RAB12 (201475),0.1631217663227158
EXP_PRKAR2A (5576),0.1631203456890784
EXP_LRIG1 (26018),0.1631203204215117
EXP_SGSM2 (9905),0.163120314832212
EXP_ACVR1B (91),0.16312013782100898
EXP_HHIPL2 (79802),0.1631200846012515
EXP_CNTN1 (1272),0.16311939192891334
EXP_NPTXR (23467),0.1631170277834615
EXP_SLC4A3 (6508),0.16311454955985027
EXP_DVL2 (1856),0.16311341937933843
EXP_E4F1 (1877),0.16311277649667133
EXP_TSKU (25987),0.16311186313007475
EXP_RNLS (55328),0.16311118878150488
EXP_FSTL3 (10272),0.16311117530407415
EXP_ZNF180 (7733),0.16311033023023302
EXP_PLEK2 (26499),0.1631098502465287
EXP_NUCB2 (4925),0.16310914434415835
EXP_DEXI (28955),0.16310913823551676
EXP_MTRR (4552),0.1631086776878572
EXP_PARP4 (143),0.16310863633529848
EXP_PKD1L1 (168507),0.1631062743650471
EXP_C19orf47 (126526),0.16310495369941425
EXP_STIM2 (57620),0.16310486257983126
EXP_FAM20C (56975),0.1631043138383088
EXP_VWCE (220001),0.16310410428588717
EXP_SMO (6608),0.16310330961877284
EXP_AGBL3 (340351),0.1631029633796226
EXP_POU2AF1 (5450),0.16310184946244988
EXP_ARSD (414),0.16310169970771504
EXP_UGGT2 (55757),0.1631005970969195
EXP_PDX1 (3651),0.1631002383320217
EXP_DHX58 (79132),0.16309980566414684
EXP_HTD2 (109703458),0.16309949642554944
EXP_POLR3F (10621),0.1630988224111709
EXP_LLPH (84298),0.16309851238500706
EXP_NDUFA8 (4702),0.1630977110125409
EXP_RHOV (171177),0.16309763927947962
EXP_MALSU1 (115416),0.1630974681607711
EXP_TCEA3 (6920),0.16309675623685926
EXP_ZFP69B (65243),0.1630954818502346
EXP_RPAP3 (79657),0.16309524959225907
EXP_KANK3 (256949),0.16309498904222508
EXP_DEPDC4 (120863),0.1630932274653505
EXP_MSX1 (4487),0.16309289895815748
EXP_CNTF (1270),0.16309284622870468
EXP_ZNF75D (7626),0.16309247961394124
EXP_CGREF1 (10669),0.1630912218969307
EXP_PNPLA2 (57104),0.16309088910872838
EXP_CCDC80 (151887),0.16308978346128722
EXP_TMEM106C (79022),0.1630890076028244
EXP_SLC25A4 (291),0.1630869059450104
EXP_HDHD3 (81932),0.16308599918279754
EXP_RETREG2 (79137),0.163083112191444
EXP_FBXO31 (79791),0.16307807515801187
EXP_ATL1 (51062),0.1630780017126492
EXP_TG (7038),0.1630769920543429
EXP_MTMR10 (54893),0.16307542996860125
EXP_CLDN6 (9074),0.1630745355489358
EXP_RPL26L1 (51121),0.16307452305861947
EXP_FAM111A (63901),0.16307429390873018
EXP_MRPS35 (60488),0.16307418110790284
EXP_FAM200A (221786),0.16307288839467926
EXP_STK26 (51765),0.1630714137899698
EXP_HDHD2 (84064),0.16307099128174674
EXP_VIPR1 (7433),0.16306820430655922
EXP_DUSP15 (128853),0.16306711138798935
EXP_KLHL15 (80311),0.16306705403613364
EXP_HMGN3 (9324),0.16306614001790098
EXP_PLTP (5360),0.16306513762860408
EXP_NECAB1 (64168),0.16306486482030902
EXP_PABIR1 (116224),0.16306480990113403
EXP_SATB2 (23314),0.16306440095464225
EXP_SIM2 (6493),0.16306437760350523
EXP_RCHY1 (25898),0.1630632614722458
EXP_RRAS (6237),0.1630620383052488
EXP_LIPA (3988),0.16306068433564924
EXP_BNIP3 (664),0.16305970441472795
EXP_CABYR (26256),0.16305960070748338
EXP_TMEM14B (81853),0.16305844900774513
EXP_MED18 (54797),0.16305772716331646
EXP_ORMDL1 (94101),0.16305744819943335
EXP_YWHAH (7533),0.16305644759042082
EXP_CERS6 (253782),0.16305352170283882
EXP_KRT15 (3866),0.1630525577730273
EXP_GDI2 (2665),0.16305085602751745
EXP_CASKIN2 (57513),0.16305023927598583
EXP_FAM162A (26355),0.16304945755063827
EXP_ARMC6 (93436),0.16304830761439604
EXP_BLVRB (645),0.16304796687099277
EXP_RHBDL1 (9028),0.16304749646622607
EXP_TSC22D3 (1831),0.16304607096777435
EXP_EIF2B2 (8892),0.1630455713889596
EXP_ZNF467 (168544),0.16304532228597335
EXP_GABARAPL1 (23710),0.163044919692787
EXP_NRP1 (8829),0.16304442879596515
EXP_PI4K2A (55361),0.16304344652688396
EXP_DDX24 (57062),0.16304147021779247
EXP_OSBPL9 (114883),0.16304044391551198
EXP_B4GALNT3 (283358),0.16303981220361674
EXP_FABP3 (2170),0.16303926160817017
EXP_ITGB6 (3694),0.16303838009471594
EXP_LDAH (60526),0.1630377291475602
EXP_RPS6KA1 (6195),0.16303772342930678
EXP_UBE4A (9354),0.16303669010874433
EXP_SGSM1 (129049),0.16303666232268377
EXP_SYAP1 (94056),0.16303589030614596
EXP_KLHDC2 (23588),0.16303444045321225
EXP_SCAF1 (58506),0.16303404740930638
EXP_ZFP91 (80829),0.16303373892023387
EXP_STAG2 (10735),0.16303186709439288
EXP_ATP6V1G2 (534),0.16303126265551704
EXP_RPLP1 (6176),0.16303017604659686
EXP_NFIA (4774),0.16302902786867168
EXP_PARP10 (84875),0.16302838085814297
EXP_RFC2 (5982),0.16302742118365465
EXP_KPNA7 (402569),0.16302262959945768
EXP_TPP1 (1200),0.16302217570323485
EXP_RBM33 (155435),0.1630218101529639
EXP_TC2N (123036),0.16302080695689813
EXP_S100A14 (57402),0.16301959326785553
EXP_TLCD4 (148534),0.16301914765649173
EXP_HOOK3 (84376),0.16301764853073486
EXP_KLK11 (11012),0.16301726990782228
EXP_MRFAP1L1 (114932),0.16301726134751693
EXP_ZDHHC13 (54503),0.1630166658054275
EXP_ODR4 (54953),0.16301657951149728
EXP_SERTAD1 (29950),0.16301518336254706
EXP_H2AC12 (85235),0.1630132842700034
EXP_NAV1 (89796),0.16301285782510444
EXP_RASD2 (23551),0.16301146517224296
EXP_SLC2A12 (154091),0.16301001378581326
EXP_CREG1 (8804),0.1630095429629419
EXP_GPM6B (2824),0.16300951358654636
EXP_ACACB (32),0.1630084063962025
EXP_SETD5 (55209),0.16300832352353023
EXP_FIRRM (55732),0.16300762006451386
EXP_USP53 (54532),0.1630069495967872
EXP_HSBP1L1 (440498),0.16300579519694658
EXP_DCUN1D1 (54165),0.16300572483864872
EXP_CBFA2T2 (9139),0.1630054461448207
EXP_ABRAXAS2 (23172),0.16300538475991644
EXP_FCMR (9214),0.16300420797224113
EXP_CUEDC2 (79004),0.16300273995412518
EXP_CTDSP1 (58190),0.16300209152632572
EXP_IARS1 (3376),0.16299993454614103
EXP_ZSCAN2 (54993),0.16299808677476513
EXP_CPSF3 (51692),0.16299771166750698
EXP_TBC1D24 (57465),0.16299694315952618
EXP_RSRP1 (57035),0.1629957587627393
EXP_FBXO4 (26272),0.16299217624082196
EXP_RAD54L (8438),0.16299197936592158
EXP_SLIRP (81892),0.16299056818356217
EXP_CIAO3 (64428),0.1629885583846562
EXP_UFC1 (51506),0.16298800236232136
EXP_ATAT1 (79969),0.16298718016505997
EXP_ZFP69 (339559),0.16298671660821817
EXP_SELL (6402),0.16298587300672285
EXP_MFAP4 (4239),0.1629858660891248
EXP_CDK11A (728642),0.16298515165217609
EXP_WDR90 (197335),0.1629837083882819
EXP_LPAR5 (57121),0.16298368695970034
EXP_TMCO4 (255104),0.16298337044083056
EXP_TXNIP (10628),0.16298180284328456
EXP_ZBTB7A (51341),0.16298158617513092
EXP_CDC7 (8317),0.16298063295977538
EXP_MPLKIP (136647),0.16298037181428082
EXP_MICALL2 (79778),0.16298034134225858
EXP_RFLNA (144347),0.16298024503258812
EXP_NUDT3 (11165),0.16297831745790958
EXP_CHAC2 (494143),0.1629773680053459
EXP_C19orf53 (28974),0.16297701365447725
EXP_HIC1 (3090),0.16297698914458447
EXP_PRTG (283659),0.16297663003923102
EXP_LYN (4067),0.1629766020710317
EXP_GTF2A2 (2958),0.16297653608528773
EXP_PKN3 (29941),0.16297649569058503
EXP_TCEAL3 (85012),0.1629752176037229
EXP_PDS5B (23047),0.1629748780768958
EXP_CACYBP (27101),0.16297480828843458
EXP_TICRR (90381),0.16297429013386644
EXP_ATP6AP2 (10159),0.16297334313054712
EXP_POLL (27343),0.16297234782491543
EXP_RNF25 (64320),0.1629722530462656
EXP_IQCG (84223),0.16297164959584087
EXP_AZIN2 (113451),0.16297040716764233
EXP_EGR4 (1961),0.1629700135037062
EXP_SPIN1 (10927),0.16296971109343783
EXP_TUBB3 (10381),0.16296858808047698
EXP_TMBIM6 (7009),0.162968278045164
EXP_IRF2BP1 (26145),0.1629676920612102
EXP_MED1 (5469),0.16296737655614546
EXP_COX17 (10063),0.1629671981752443
EXP_IFT25 (51668),0.1629665648774301
EXP_PLCH2 (9651),0.16296397868632706
EXP_SH3KBP1 (30011),0.16296370035990382
EXP_CD36 (948),0.16296308886250443
EXP_CDK3 (1018),0.16296182713979412
EXP_RHBDD2 (57414),0.16295875879456556
EXP_AURKAIP1 (54998),0.16295850195741313
EXP_IFITM1 (8519),0.16295741367660543
EXP_SEC14L2 (23541),0.16295554233970577
EXP_ANKRD26 (22852),0.1629555114219965
EXP_PAK2 (5062),0.16295377464403504
EXP_GLRX (2745),0.16295377052059568
EXP_CACUL1 (143384),0.16295354142759333
EXP_CHML (1122),0.16295256469985553
EXP_GRPEL2 (134266),0.1629515748844197
EXP_AFG3L2 (10939),0.16295120071771052
EXP_ZNF718 (255403),0.1629508290021464
EXP_PROM2 (150696),0.16295005999303136
EXP_RNF103 (7844),0.16294970224473282
EXP_ZNF330 (27309),0.1629483643976073
EXP_RAB3D (9545),0.16294790374865364
EXP_SRPRB (58477),0.1629478636264805
EXP_ZNF507 (22847),0.1629478461745153
EXP_PIM2 (11040),0.16294747924357011
EXP_KHNYN (23351),0.1629455322039952
EXP_RGS17 (26575),0.1629454664944534
EXP_CWC27 (10283),0.16294474459745967
EXP_ZNF708 (7562),0.16294407616520257
EXP_ANKRD37 (353322),0.16294398717460457
EXP_ITPK1 (3705),0.16294267719458322
EXP_CDH26 (60437),0.16294074624356192
EXP_EIF5A (1984),0.16294072944643023
EXP_ARPC1A (10552),0.16294040666672327
EXP_ABCD1 (215),0.16294035363899617
EXP_H2AC17 (8336),0.16293934175484281
EXP_LRP6 (4040),0.16293913992245734
EXP_ZC3H13 (23091),0.16293734184106867
EXP_SIRPA (140885),0.16293721212547752
EXP_TM2D1 (83941),0.16293595277067485
EXP_TMEM14A (28978),0.16293571089448644
EXP_ANKRD36C (400986),0.16293558196378655
EXP_HGSNAT (138050),0.16293301937185145
EXP_TRIR (79002),0.1629328180458698
EXP_ZNF419 (79744),0.16293251393231944
EXP_NETO2 (81831),0.16293233260078122
EXP_MIX23 (131076),0.16293201976980765
EXP_MPL (4352),0.16293162393904037
EXP_CLDN9 (9080),0.16293141561443392
EXP_KLHL25 (64410),0.1629303889257887
EXP_PTGS2 (5743),0.16293016690427997
EXP_ZNF181 (339318),0.16292978635268263
EXP_CSGALNACT2 (55454),0.16292907064979456
EXP_AATF (26574),0.16292875018755648
EXP_AVEN (57099),0.16292820908642014
EXP_EML4 (27436),0.16292819990487484
EXP_ZSCAN32 (54925),0.162928163189072
EXP_NAAA (27163),0.16292731438398889
EXP_RHNO1 (83695),0.16292698331778244
EXP_CYP2D7 (1564),0.16292617920227315
EXP_SLC2A3 (6515),0.16292536882436082
EXP_B4GALT2 (8704),0.1629253001658526
EXP_RNF135 (84282),0.16292411148385977
EXP_CPNE1 (8904),0.16292341779412833
EXP_CGB7 (94027),0.1629232075868794
EXP_PSMB3 (5691),0.16292309847721054
EXP_PRPS2 (5634),0.16292303417906062
EXP_SMURF1 (57154),0.16292167158105286
EXP_THSD4 (79875),0.16292087491422969
EXP_HNRNPUL1 (11100),0.1629201274942229
EXP_SOD1 (6647),0.1629190541466743
EXP_TBC1D10C (374403),0.1629171981635409
EXP_ANKRD50 (57182),0.16291674232364972
EXP_LCMT1 (51451),0.16291502679187442
EXP_ATP6V0D1 (9114),0.16291456917517344
EXP_FST (10468),0.16291434229617696
EXP_PTPRM (5797),0.16291365859876272
EXP_ADAMTS9 (56999),0.16291302738413904
EXP_DLL1 (28514),0.16291294444351667
EXP_INTS12 (57117),0.1629122336915083
EXP_AKAP17A (8227),0.16290989960589286
EXP_ULK4 (54986),0.16290980774350938
EXP_CDX2 (1045),0.1629090402550757
EXP_CRYBG3 (131544),0.16290853544518136
EXP_ZNF862 (643641),0.16290697946734767
EXP_SLC39A6 (25800),0.16290661114758986
EXP_ARL3 (403),0.16290618185359662
EXP_DKC1 (1736),0.16290612900846924
EXP_APOLD1 (81575),0.16290564364213633
EXP_HSD17B6 (8630),0.16290391122965175
EXP_CEBPG (1054),0.16290386331581974
EXP_YTHDC1 (91746),0.1629030426072342
EXP_SHMT1 (6470),0.16290271127005607
EXP_VCF2 (90736),0.16290234466851672
EXP_GABARAP (11337),0.16290167466482153
EXP_MPZL3 (196264),0.16290132055019502
EXP_MRPL52 (122704),0.1629002948942766
EXP_TMEM156 (80008),0.16290009094510616
EXP_ULBP3 (79465),0.16289877753193416
EXP_SCART1 (619207),0.1628966569577912
EXP_ZNF749 (388567),0.16289629896358537
EXP_MRPL58 (3396),0.1628953154485977
EXP_RPL23 (9349),0.16289498971932748
EXP_ANKRD11 (29123),0.16289326585984742
EXP_ARFRP1 (10139),0.16289264993619135
EXP_RCBTB2 (1102),0.16288907078774084
EXP_CLCN2 (1181),0.16288848927069388
EXP_ZNF853 (54753),0.16288820921507163
EXP_PTMA (5757),0.16288795561677194
EXP_SLC25A46 (91137),0.1628866250227503
EXP_AP1M1 (8907),0.16288526976177664
EXP_NGEF (25791),0.16288360643206357
EXP_ST6GAL1 (6480),0.16288281310952968
EXP_APEX1 (328),0.1628827020465442
EXP_ARHGAP27 (201176),0.16288260909685004
EXP_DPH5 (51611),0.16288091345708366
EXP_MRPL40 (64976),0.16288089092156355
EXP_MYOM2 (9172),0.1628801562667439
EXP_DPYSL3 (1809),0.16287947668668057
EXP_MAP4K1 (11184),0.16287922463281657
EXP_TRADD (8717),0.16287842416027232
EXP_RNASEK (440400),0.16287809128406394
EXP_VKORC1L1 (154807),0.16287749441024513
EXP_SLCO4A1 (28231),0.16287729181473587
EXP_KLHL18 (23276),0.1628772806126264
EXP_RCSD1 (92241),0.162876125673038
EXP_R3HDM1 (23518),0.16287536369619637
EXP_PAQR4 (124222),0.16287529853348026
EXP_B3GAT2 (135152),0.16287316656559003
EXP_DNASE1L1 (1774),0.16287305408724784
EXP_PEPD (5184),0.16287230171632228
EXP_MDM4 (4194),0.16287145229575284
EXP_RASL11B (65997),0.16287132444774421
EXP_CEP85 (64793),0.16287088117273374
EXP_PCK2 (5106),0.16286911649766012
EXP_ZNF74 (7625),0.16286891430706607
EXP_DST (667),0.16286844212559792
EXP_DNM2 (1785),0.16286700706467006
EXP_MYCBP (26292),0.16286585517857333
EXP_GARIN2 (161142),0.16286531723432507
EXP_MZT2A (653784),0.16286396699677663
EXP_OSBPL10 (114884),0.16286394880629906
EXP_DAPK3 (1613),0.1628634929159647
EXP_CDCA5 (113130),0.16286289559899547
EXP_SCLY (51540),0.16286177708307825
EXP_CALU (813),0.1628595876153618
EXP_UBN2 (254048),0.16285832135543465
EXP_USH1C (10083),0.16285826477017995
EXP_ANKRA2 (57763),0.16285818727588453
EXP_PRMT5 (10419),0.16285685619029167
EXP_HMGCR (3156),0.16285651419695668
EXP_INTS5 (80789),0.1628564380750941
EXP_NDRG4 (65009),0.16285606047251555
EXP_MIER1 (57708),0.16285586645892458
EXP_SLC25A18 (83733),0.1628553627368916
EXP_GPR89B (51463),0.16285483843425208
EXP_PIAS3 (10401),0.16285481798257173
EXP_SPAG1 (6674),0.16285325345539103
EXP_NASP (4678),0.1628513623893486
EXP_ICE2 (79664),0.16285022039431674
EXP_SETD1A (9739),0.16284870155680764
EXP_ARHGAP18 (93663),0.16284868653745566
EXP_GK (2710),0.16284828720001432
EXP_PLD6 (201164),0.16284606140452507
EXP_TFCP2 (7024),0.16284482570125913
EXP_INIP (58493),0.16284463627518875
EXP_ZNF740 (283337),0.16284456797888414
EXP_DCUN1D5 (84259),0.16284442086853712
EXP_SUN1 (23353),0.16284399104469927
EXP_SNAPC5 (10302),0.16284370365531142
EXP_XRRA1 (143570),0.16284293272827544
EXP_TRIM56 (81844),0.1628419253479354
EXP_SNIP1 (79753),0.16284156392788063
EXP_IFRD1 (3475),0.1628409406824769
EXP_TMEM11 (8834),0.16284063610703825
EXP_MPI (4351),0.16284013886359094
EXP_SUOX (6821),0.16283801289935962
EXP_JMJD7 (100137047),0.16283604549701192
EXP_IFT80 (57560),0.16283601526179048
EXP_ZNF148 (7707),0.16283592382941503
EXP_CAB39L (81617),0.16283576655362086
EXP_RBKS (64080),0.1628341291845734
EXP_TMEM109 (79073),0.16283412487824833
EXP_ZC3H8 (84524),0.1628336841379312
EXP_GUCY1A1 (2982),0.16283328507573547
EXP_SH2D4A (63898),0.16283298578327976
EXP_DUSP22 (56940),0.16283213621142423
EXP_KIAA0753 (9851),0.16283178451722424
EXP_RHBDF2 (79651),0.1628314273456164
EXP_C17orf113 (110806298),0.16283123802695254
EXP_ZNFX1 (57169),0.16283106723783103
EXP_PPM1N (147699),0.16283091726812238
EXP_DUT (1854),0.1628297951872284
EXP_LTBP2 (4053),0.16282893845481272
EXP_CCL28 (56477),0.1628283169597209
EXP_MCOLN2 (255231),0.16282761775425936
EXP_PNISR (25957),0.16282696835404842
EXP_ZNF697 (90874),0.1628269523792527
EXP_EPHA1 (2041),0.16282674122272667
EXP_SP100 (6672),0.16282468189521193
EXP_CFH (3075),0.16282291854454112
EXP_CELF5 (60680),0.1628222425623349
EXP_TCIM (56892),0.1628216722612139
EXP_SMIM13 (221710),0.16282146446586587
EXP_PAQR6 (79957),0.16282132596575138
EXP_BORCS6 (54785),0.16282121729861476
EXP_EMC8 (10328),0.16282040787969265
EXP_PAFAH1B2 (5049),0.162820111951973
EXP_NOMO2 (283820),0.16282002237533
EXP_PPP5C (5536),0.16281851876088194
EXP_LGALS9 (3965),0.16281821534917285
EXP_PEX10 (5192),0.162817561590745
EXP_NFKB2 (4791),0.16281611483547032
EXP_PIR (8544),0.16281439008608878
EXP_PLAT (5327),0.16281422271414048
EXP_MSANTD1 (345222),0.1628134447744456
EXP_TMCO1 (54499),0.16281180279343488
EXP_ACTMAP (284325),0.16281114424294252
EXP_SLC41A1 (254428),0.16280937172166965
EXP_GPRASP3 (80823),0.16280819350648024
EXP_ZNF761 (388561),0.16280724322125195
EXP_DNAH10OS (642797),0.16280655995948656
EXP_SYNCRIP (10492),0.1628060779178675
EXP_SERPINE1 (5054),0.16280568556463582
EXP_TNPO1 (3842),0.16280487962898782
EXP_DOC2A (8448),0.16280404125570058
EXP_LRP11 (84918),0.16280343603891279
EXP_GAB3 (139716),0.16280325973214893
EXP_CXCL16 (58191),0.16280316203407796
EXP_HAX1 (10456),0.16279942298540018
EXP_SPRYD3 (84926),0.16279728983751607
EXP_RPS19 (6223),0.16279714147451863
EXP_AFF1 (4299),0.16279708952960892
EXP_BPNT1 (10380),0.16279449219901743
EXP_EIF3H (8667),0.16279406686273568
EXP_MYBL2 (4605),0.16279391417977518
EXP_VASH2 (79805),0.16279270987103978
EXP_C12orf76 (400073),0.16279134182229882
EXP_SPTBN2 (6712),0.16279068320277013
EXP_DNAAF10 (116143),0.16279062114239373
EXP_CLK2 (1196),0.16278877020608284
EXP_CNN2 (1265),0.1627881925359116
EXP_ESYT1 (23344),0.1627880283148535
EXP_DOLK (22845),0.1627868620730446
EXP_CAPZA1 (829),0.1627858244411753
EXP_FERMT2 (10979),0.16278560318844537
EXP_PIGT (51604),0.16278550410726567
EXP_NADSYN1 (55191),0.16278184034133236
EXP_PJVK (494513),0.16278109318226353
EXP_COG3 (83548),0.16278097078559206
EXP_PRPF19 (27339),0.16278077551748193
EXP_KIF1C (10749),0.16277997003593825
EXP_PEA15 (8682),0.16277686319670703
EXP_FSCN3 (29999),0.1627763924261112
EXP_ZNF695 (57116),0.16277637846498205
EXP_MIPEP (4285),0.16277612315913093
EXP_PARD6A (50855),0.1627752097745434
EXP_NFE2 (4778),0.16277411966412103
EXP_C21orf58 (54058),0.16277324517315783
EXP_ISOC2 (79763),0.16277198798022052
EXP_HIBCH (26275),0.16277165230697932
EXP_JHY (79864),0.16277156503080814
EXP_ALG12 (79087),0.1627714496526762
EXP_UPK3BL2 (107983993),0.16276933549066186
EXP_EGFL7 (51162),0.16276861299068912
EXP_MRPL23 (6150),0.16276845319279776
EXP_BMPR1A (657),0.16276787063915776
EXP_ABCA4 (24),0.1627666222611417
EXP_STAT2 (6773),0.1627642074724287
EXP_ATP6V0C (527),0.16276404746921358
EXP_SAMD15 (161394),0.1627635214928338
EXP_DNAH5 (1767),0.1627632138948174
EXP_TRAFD1 (10906),0.16276275546723973
EXP_SNW1 (22938),0.16276273700759258
EXP_PCED1A (64773),0.16276270968738782
EXP_B3GNT8 (374907),0.16276203383161736
EXP_SFT2D1 (113402),0.16276063886175418
EXP_CROT (54677),0.16275917906988902
EXP_PMS2 (5395),0.16275788305467742
EXP_PGAM1 (5223),0.1627569752192306
EXP_GSKIP (51527),0.1627559876169382
EXP_PLEKHO1 (51177),0.16275568810745344
EXP_ZNF213 (7760),0.16275482390414897
EXP_PTGIS (5740),0.1627548052794099
EXP_MAP3K3 (4215),0.16275475363459257
EXP_PFKM (5213),0.16275432315623828
EXP_ADCK1 (57143),0.1627541814898299
EXP_CHIC2 (26511),0.16275279825378597
EXP_DCAF17 (80067),0.16275101489279642
EXP_SOCS2 (8835),0.16275037001524595
EXP_ATOSB (80256),0.1627492613312267
EXP_PLAC9 (219348),0.16274923701538224
EXP_BMP6 (654),0.16274829412832048
EXP_MASP2 (10747),0.16274789163261527
EXP_STIMATE (375346),0.16274691823544796
EXP_PPIP5K1 (9677),0.16274643904134845
EXP_ATG14 (22863),0.16274591558523888
EXP_CETN2 (1069),0.16274588671282508
EXP_C1QTNF1 (114897),0.1627453492868316
EXP_H2BC6 (8344),0.162744799775691
EXP_RAP2B (5912),0.16274455317241454
EXP_UPK2 (7379),0.16274343068433694
EXP_CWF19L2 (143884),0.16274335554250463
EXP_BUB1B (701),0.16274036514054568
EXP_RNF166 (115992),0.1627398552895407
EXP_LRRC28 (123355),0.16273858310204492
EXP_IFT27 (11020),0.16273840978881093
EXP_ARHGDIA (396),0.16273791268383508
EXP_PALS2 (51678),0.16273776883707658
EXP_ANO6 (196527),0.162735954798638
EXP_VPS50 (55610),0.16273523180946192
EXP_MYL12B (103910),0.16273496634094542
EXP_GOLIM4 (27333),0.16273474570328528
EXP_YWHAE (7531),0.16273434175829227
EXP_HLF (3131),0.16273403031570322
EXP_ZKSCAN3 (80317),0.1627334122271611
EXP_DUSP2 (1844),0.16273208712607712
EXP_ZNF554 (115196),0.1627307431630971
EXP_MT-ND6 (4541),0.16273030453764648
EXP_GNL1 (2794),0.16272987000642747
EXP_IKBKE (9641),0.16272952428724174
EXP_SF3B3 (23450),0.162728970572676
EXP_FAM216A (29902),0.1627277353707619
EXP_NSMCE4A (54780),0.16272708121767554
EXP_ZNF280D (54816),0.16272706668435255
EXP_CISD1 (55847),0.16272641003466148
EXP_MPC1 (51660),0.16272584457483052
EXP_ADSS1 (122622),0.1627254927947961
EXP_MCRIP2 (84331),0.16272295434313833
EXP_DIAPH1 (1729),0.16272242513817226
EXP_TMEM147 (10430),0.1627199717822787
EXP_DDX10 (1662),0.16271995454568078
EXP_FHAD1 (114827),0.16271907835467836
EXP_PTTG1IP (754),0.16271750716056577
EXP_USP39 (10713),0.16271620697166078
EXP_SDHAF4 (135154),0.16271604372603488
EXP_CD33 (945),0.16271600146543452
EXP_SSH2 (85464),0.162715738175935
EXP_SBF2 (81846),0.16271474482260295
EXP_CSTPP1 (79096),0.16271455369872712
EXP_ATG101 (60673),0.16271399850945745
EXP_ADRM1 (11047),0.16271370891498638
EXP_SPECC1 (92521),0.16271288818076002
EXP_PDHA1 (5160),0.16271156594372194
EXP_CYB561 (1534),0.16271102895329648
EXP_PCF11 (51585),0.16271059821914147
EXP_MOB3A (126308),0.16271016141968353
EXP_AKNA (80709),0.16271008600215975
EXP_HDAC8 (55869),0.16270832903735233
EXP_UBB (7314),0.16270829265052988
EXP_KCNF1 (3754),0.16270819932073977
EXP_IL17RC (84818),0.1627078044111041
EXP_RBM12 (10137),0.162705556473691
EXP_PPAT (5471),0.16270534713681428
EXP_EZH1 (2145),0.16270425358271812
EXP_USP28 (57646),0.16270364806690374
EXP_MFAP2 (4237),0.16270329088630486
EXP_PPP1R26 (9858),0.16270262557524529
EXP_EMILIN2 (84034),0.16270175171176593
EXP_RSF1 (51773),0.16270049526331665
EXP_SSH3 (54961),0.16270049125097064
EXP_SEC23A (10484),0.1626977848774951
EXP_PRKAR1B (5575),0.16269691709094847
EXP_TMED10 (10972),0.16269490674801101
EXP_ABHD18 (80167),0.1626941308005856
EXP_CRNKL1 (51340),0.16269370616100165
EXP_SERHL2 (253190),0.162692519691241
EXP_DENND2C (163259),0.16269245540933142
EXP_DNAAF3 (352909),0.16269233470439914
EXP_MAF1 (84232),0.16269216041001666
EXP_PXN (5829),0.16269188483614183
EXP_EEF2KMT (196483),0.1626889535806475
EXP_NEB (4703),0.16268886406738492
EXP_YY1AP1 (55249),0.16268873859242206
EXP_MBNL1 (4154),0.16268795798956504
EXP_BAMBI (25805),0.16268696241273783
EXP_B3GALNT2 (148789),0.16268694394556427
EXP_RAC1 (5879),0.16268596000503965
EXP_ZCCHC8 (55596),0.16268530996727648
EXP_ESRP1 (54845),0.16268440476908985
EXP_MAD2L1 (4085),0.16268312226484927
EXP_AUNIP (79000),0.16268251341371176
EXP_SDSL (113675),0.16268231672565925
EXP_ZNF320 (162967),0.1626819537212354
EXP_SLC33A1 (9197),0.16268052395993937
EXP_ABCD3 (5825),0.16267953595363505
EXP_AP3D1 (8943),0.1626787483092924
EXP_NT5C3A (51251),0.1626767842790331
EXP_ZNF691 (51058),0.16267615442951833
EXP_MACF1 (23499),0.16267563556588982
EXP_AP3S1 (1176),0.16267553599447826
EXP_ERI1 (90459),0.1626753312704503
EXP_ONECUT3 (390874),0.16267359638213996
EXP_GABBR2 (9568),0.1626734117931088
EXP_SUPV3L1 (6832),0.1626730989573355
EXP_NFRKB (4798),0.1626721586961306
EXP_EBPL (84650),0.16267077244361516
EXP_VMP1 (81671),0.16267022972715228
EXP_MIA3 (375056),0.16266966362915447
EXP_INHBA (3624),0.16266956958789436
EXP_PTPN12 (5782),0.16266955742805944
EXP_MLLT10 (8028),0.1626684771743836
EXP_OXNAD1 (92106),0.162668064931486
EXP_NBPF14 (25832),0.16266697593135682
EXP_SULT1A4 (445329),0.162662778127725
EXP_DDR1 (780),0.1626627543033834
EXP_CLIP1 (6249),0.16266229045062275
EXP_CCDC57 (284001),0.16266135217569566
EXP_CDK2AP2 (10263),0.16265793273840323
EXP_LZTFL1 (54585),0.16265745098045237
EXP_ERV3-1 (2086),0.16265681246403219
EXP_FGFR3 (2261),0.1626561915521414
EXP_ESD (2098),0.16265546991068547
EXP_NENF (29937),0.16265457163761976
EXP_STK24 (8428),0.16265415681211604
EXP_HS1BP3 (64342),0.16265367014825927
EXP_ADAM19 (8728),0.16265351622649948
EXP_HPDL (84842),0.16265185816785088
EXP_UTP11 (51118),0.16265164243450414
EXP_TOR4A (54863),0.16264983005751077
EXP_PI3 (5266),0.16264931171331742
EXP_ZMYM4 (9202),0.1626492757295157
EXP_OTUD4 (54726),0.16264854159013264
EXP_PPM1A (5494),0.16264728109024773
EXP_SPRED1 (161742),0.16264715101439364
EXP_SCO2 (9997),0.16264647731577497
EXP_TMSB10 (9168),0.16264622697230013
EXP_ZBTB10 (65986),0.16264604607191924
EXP_ZNF576 (79177),0.16264522673412962
EXP_L2HGDH (79944),0.16264162209109134
EXP_NPR2 (4882),0.1626404747333261
EXP_RBMS1 (5937),0.16263937862714073
EXP_SLC26A2 (1836),0.16263740915232017
EXP_ZNF284 (342909),0.1626369785911832
EXP_AP4E1 (23431),0.16263649004606773
EXP_MAGI2 (9863),0.1626358772191585
EXP_RBM48 (84060),0.16263472082045816
EXP_SEMA6C (10500),0.16263315556320368
EXP_CHMP1A (5119),0.16263303196314105
EXP_COL18A1 (80781),0.16263035592987762
EXP_EID2B (126272),0.16262907277594874
EXP_PDE6D (5147),0.16262879763436988
EXP_PIGK (10026),0.16262821536674998
EXP_RBL1 (5933),0.16262784539094888
EXP_S100A2 (6273),0.162627314260261
EXP_CCDC66 (285331),0.16262663684125567
EXP_GPATCH8 (23131),0.16262547611752876
EXP_ZNF35 (7584),0.1626252691960115
EXP_SYNGR3 (9143),0.16262274933329302
EXP_TRPC4AP (26133),0.1626227179337354
EXP_ZNF512B (57473),0.1626226421863315
EXP_DOLPP1 (57171),0.16262158956190031
EXP_NDFIP2 (54602),0.16262056306215023
EXP_GSDMB (55876),0.16262017488558822
EXP_NONO (4841),0.1626200076214479
EXP_PCDH9 (5101),0.16261887009665266
EXP_PMPCB (9512),0.16261813864430152
EXP_SPMIP4 (136895),0.1626173976156
EXP_IKZF2 (22807),0.1626173891274556
EXP_RGS4 (5999),0.162617360789592
EXP_RSPH9 (221421),0.1626169665835926
EXP_ZNF638 (27332),0.1626168612672192
EXP_STX3 (6809),0.16261651299988156
EXP_RNF213 (57674),0.16261593858840584
EXP_NCEH1 (57552),0.1626154069211765
EXP_ARMC5 (79798),0.16261508802837366
EXP_SOS2 (6655),0.16261502182412357
EXP_DNAJC18 (202052),0.1626128431650189
EXP_GATD3 (8209),0.16261185592047678
EXP_MSX2 (4488),0.1626112596657956
EXP_CANX (821),0.16261120932900663
EXP_CCAR1 (55749),0.16261116688185862
EXP_USP10 (9100),0.16261096134973663
EXP_UQCRB (7381),0.1626104466063314
EXP_RFX7 (64864),0.16261013305460725
EXP_RACK1 (10399),0.16260933730872562
EXP_NAB1 (4664),0.16260884410311682
EXP_ZNF41 (7592),0.16260834619794995
EXP_GOLGA5 (9950),0.16260816082363228
EXP_MRPL38 (64978),0.16260652608506998
EXP_AURKB (9212),0.16260353337796563
EXP_TRIM16 (10626),0.16260274215475423
EXP_TOP1 (7150),0.16260177166530276
EXP_PPP1R9A (55607),0.16260171533811185
EXP_CFAP68 (64776),0.1626015394517104
EXP_AP3S2 (10239),0.1626007028944736
EXP_MYL9 (10398),0.16260027198258342
EXP_RBP4 (5950),0.1625985154373213
EXP_BCO1 (53630),0.1625975083293616
EXP_DNAJC22 (79962),0.16259750436862408
EXP_PPAN (56342),0.1625973850927016
EXP_SFN (2810),0.16259734764120992
EXP_IFT88 (8100),0.16259653096680893
EXP_ZNF562 (54811),0.16259607695728562
EXP_AKIP1 (56672),0.16259512335276405
EXP_C20orf204 (284739),0.162593505322425
EXP_NDRG1 (10397),0.16259342443225577
EXP_AGAP6 (414189),0.1625928467275175
EXP_NEDD8 (4738),0.16259068062136262
EXP_EXOC8 (149371),0.16259014559787133
EXP_ISY1 (57461),0.1625894466963178
EXP_DNAH14 (127602),0.1625891985962502
EXP_ADAM15 (8751),0.1625890173926816
EXP_CCDC125 (202243),0.16258868020764616
EXP_NOA1 (84273),0.16258830503813204
EXP_CBX1 (10951),0.16258787425399035
EXP_SMARCAL1 (50485),0.1625855130322691
EXP_PRPSAP1 (5635),0.16258483674293078
EXP_SF3B1 (23451),0.1625843709720547
EXP_APIP (51074),0.1625836190838914
EXP_GYG1 (2992),0.1625831731560492
EXP_CDK14 (5218),0.16258277861762238
EXP_CCNY (219771),0.16258241974275123
EXP_CMTR1 (23070),0.16258241605181478
EXP_PNPLA3 (80339),0.16258228850128909
EXP_CPEB4 (80315),0.16258051262942175
EXP_ZNF441 (126068),0.16257928440307268
EXP_NOC2L (26155),0.16257742069686731
EXP_ROPN1L (83853),0.16257728703252372
EXP_PLXNB1 (5364),0.1625762268336537
EXP_SNTA1 (6640),0.16257594703477007
EXP_FAM72B (653820),0.16257497065645943
EXP_PKIG (11142),0.16257146921193577
EXP_DUOX1 (53905),0.16257092986871768
EXP_KATNB1 (10300),0.16257014652170998
EXP_DOHH (83475),0.16256953900336057
EXP_ETNK1 (55500),0.16256919589773755
EXP_SLC20A2 (6575),0.16256875668445936
EXP_WNT10A (80326),0.16256836157069632
EXP_PTK6 (5753),0.1625683123747148
EXP_ATP5PD (10476),0.16256694251092885
EXP_LYSMD1 (388695),0.16256569474477178
EXP_DSTN (11034),0.16256419617778217
EXP_TMTC4 (84899),0.16256409719388554
EXP_HERC4 (26091),0.162562512653607
EXP_PPIB (5479),0.16256249980116166
EXP_PBX1 (5087),0.16256130860374096
EXP_POU2F3 (25833),0.16256052981157776
EXP_C3orf33 (285315),0.1625593872611164
EXP_TOR2A (27433),0.1625579554116694
EXP_NET1 (10276),0.16255475975651557
EXP_NFE2L3 (9603),0.1625539858911571
EXP_RRN3 (54700),0.16255354406718414
EXP_AIRIM (54955),0.16255259571142044
EXP_ANXA9 (8416),0.16255231408267523
EXP_CCNP (79935),0.16255132482256052
EXP_FAM114A2 (10827),0.16255117613948933
EXP_TMEM161B (153396),0.16255007707270064
EXP_TMEM160 (54958),0.1625488156741861
EXP_TFAP4 (7023),0.16254718383523414
EXP_CYBB (1536),0.16254712044527153
EXP_BLCAP (10904),0.16254626041233688
EXP_GCSH (2653),0.16254490903399965
EXP_DIP2B (57609),0.16254315686789056
EXP_SFPQ (6421),0.1625431389863925
EXP_TRIM6 (117854),0.1625427823828023
EXP_TRUB1 (142940),0.1625425813246446
EXP_GEMIN4 (50628),0.16254212002559942
EXP_HYI (81888),0.1625413567762104
EXP_ROBO3 (64221),0.1625409114488212
EXP_PRAG1 (157285),0.16253968576928113
EXP_SMCHD1 (23347),0.16253930893976332
EXP_EZR (7430),0.16253869188401282
EXP_ZNF513 (130557),0.16253853722150424
EXP_ADAP2 (55803),0.16253847282543177
EXP_GPR63 (81491),0.1625371670665654
EXP_UBE2D4 (51619),0.16253639636119743
EXP_TREH (11181),0.1625362611585759
EXP_KDF1 (126695),0.16253590089059955
EXP_BRD9 (65980),0.16253491482672278
EXP_CFAP126 (257177),0.16253245122609528
EXP_OTOGL (283310),0.16253154118337498
EXP_ASTN2 (23245),0.1625300915914316
EXP_RASSF3 (283349),0.16252970207188078
EXP_MYO5A (4644),0.16252889842429585
EXP_YY2 (404281),0.16252680403072972
EXP_ANK3 (288),0.16252614553688804
EXP_PACS2 (23241),0.16252607952556986
EXP_PHF7 (51533),0.1625255226276332
EXP_NGLY1 (55768),0.16252516030138953
EXP_PLEC (5339),0.16252501115894447
EXP_LRRC73 (221424),0.16252432968125952
EXP_SLC4A7 (9497),0.16252416859492236
EXP_BCL11B (64919),0.1625233859005748
EXP_GCKR (2646),0.16252237023213567
EXP_TWSG1 (57045),0.16252220311803356
EXP_LMCD1 (29995),0.1625212144242134
EXP_OGT (8473),0.16252108557541423
EXP_STS (412),0.1625200413285839
EXP_TIGD5 (84948),0.16251820451083
EXP_ACADS (35),0.1625181806507623
EXP_JPT2 (90861),0.16251787478929813
EXP_ZNF777 (27153),0.16251689397561542
EXP_CKLF (51192),0.1625164036808453
EXP_SLX4IP (128710),0.16251636093252042
EXP_MRPL41 (64975),0.162515003483235
EXP_UNC5B (219699),0.1625148571714865
EXP_ATAD3A (55210),0.16251434095329031
EXP_KCTD15 (79047),0.16251388622662066
EXP_MRPS9 (64965),0.162513833858279
EXP_HSPA4 (3308),0.16251347138315886
EXP_LRRC59 (55379),0.1625132219706913
EXP_TMEM232 (642987),0.16251208974381104
EXP_GUK1 (2987),0.16251116528600917
EXP_PRDM11 (56981),0.16251115140919303
EXP_SRPX2 (27286),0.16251004921511214
EXP_IRF9 (10379),0.16250993720994078
EXP_ZSCAN31 (64288),0.16250983959116905
EXP_MRPL43 (84545),0.16250781197290287
EXP_HTATIP2 (10553),0.16250548356178385
EXP_RUNDC3A (10900),0.16250528256917018
EXP_SYNPO2 (171024),0.16250442164357093
EXP_RIGI (23586),0.16250440851219494
EXP_CSF1R (1436),0.162503872149367
EXP_C8orf88 (100127983),0.1625034688788638
EXP_RPL14 (9045),0.1625032325171336
EXP_LYRM7 (90624),0.16250292678089906
EXP_TMEM67 (91147),0.16250274891878025
EXP_MYOM1 (8736),0.1624994517233862
EXP_RMC1 (29919),0.16249876935473395
EXP_SAV1 (60485),0.16249802858437246
EXP_SULT1A2 (6799),0.16249750946793284
EXP_MAGEF1 (64110),0.16249745437569807
EXP_SORBS3 (10174),0.16249682582523306
EXP_LSM3 (27258),0.16249512595093396
EXP_ROCK1 (6093),0.16249138426551024
EXP_WDR6 (11180),0.16249049914105296
EXP_UBTD2 (92181),0.16248977028038336
EXP_EED (8726),0.16248962108161624
EXP_F11R (50848),0.16248917811933872
EXP_ICAM1 (3383),0.16248834613385377
EXP_RPL37A (6168),0.16248752571622838
EXP_FTH1 (2495),0.16248547436873562
EXP_MED13 (9969),0.16248402144603524
EXP_PUS1 (80324),0.1624839185820095
EXP_OCRL (4952),0.162482188409232
EXP_CMC4 (100272147),0.1624807714275036
EXP_HYCC2 (285172),0.16248056877655692
EXP_MEN1 (4221),0.16248054816118707
EXP_NFE2L1 (4779),0.16247874481979885
EXP_TMLHE (55217),0.1624777450769832
EXP_ADISSP (54976),0.1624764648262893
EXP_GNG4 (2786),0.16247533117268542
EXP_MRPL21 (219927),0.16247465261484262
EXP_DEAF1 (10522),0.16247436020404749
EXP_GLYR1 (84656),0.16247303813759384
EXP_MFSD4A (148808),0.16247163790242514
EXP_MACROH2A2 (55506),0.16247146202353235
EXP_EXOG (9941),0.16246706589092952
EXP_B3GAT1 (27087),0.16246690345391457
EXP_CARD11 (84433),0.16246685110810066
EXP_ZNF136 (7695),0.1624666897928071
EXP_RNF187 (149603),0.1624660611436637
EXP_CDC6 (990),0.1624651906173753
EXP_PRDM12 (59335),0.16246513699530496
EXP_PDCD5 (9141),0.16246445097875828
EXP_UXT (8409),0.16246410781143528
EXP_ADPRHL1 (113622),0.16246239939394425
EXP_ODC1 (4953),0.1624618811636056
EXP_MSMP (692094),0.16246170655646797
EXP_KCNAB2 (8514),0.16246164392373696
EXP_NSMCE3 (56160),0.16246160940681786
EXP_CA8 (767),0.16245990921127085
EXP_POLR2J2 (246721),0.16245840086121976
EXP_SEMA4D (10507),0.16245729052962954
EXP_DIS3L (115752),0.16245718464426062
EXP_NR3C2 (4306),0.16245692164846126
EXP_GLUD2 (2747),0.1624562822102975
EXP_CCDC85C (317762),0.16245600642878522
EXP_BTRC (8945),0.16245566405867873
EXP_CLEC18C (283971),0.16245539137552534
EXP_FARSA (2193),0.16245502758399688
EXP_PLD2 (5338),0.16245442374689656
EXP_SRRM3 (222183),0.16245428123941075
EXP_NOL6 (65083),0.1624533625741993
EXP_IDUA (3425),0.1624532959246876
EXP_PGBD2 (267002),0.1624528186968801
EXP_CCT5 (22948),0.16245140011848047
EXP_MED30 (90390),0.16245033430260314
EXP_UBE2H (7328),0.16244983628357446
EXP_TRIM32 (22954),0.1624479874596032
EXP_PIGO (84720),0.16244752767373782
EXP_RAB5C (5878),0.16244662667655696
EXP_PSMD6 (9861),0.1624443293737592
EXP_SPATA24 (202051),0.16244307681177883
EXP_ARHGEF2 (9181),0.16244295911400197
EXP_SHH (6469),0.16244192639482868
EXP_CASZ1 (54897),0.16244165177221248
EXP_GTPBP6 (8225),0.16244131642819504
EXP_NME4 (4833),0.16244102068466937
EXP_CPD (1362),0.16244096857352552
EXP_ANXA11 (311),0.1624408718014525
EXP_GALNT5 (11227),0.16243967119388092
EXP_BEX5 (340542),0.16243887974816396
EXP_RPL7A (6130),0.16243788222926625
EXP_ELP6 (54859),0.16243744790297132
EXP_MAN1C1 (57134),0.16243642148539017
EXP_NECTIN1 (5818),0.1624348309413337
EXP_TAF15 (8148),0.16243416626992158
EXP_PPFIA3 (8541),0.16243413666850337
EXP_HAUS4 (54930),0.16243163922033865
EXP_TMEM186 (25880),0.1624308272719066
EXP_DYNC2I1 (55112),0.16243018013175092
EXP_SEC24A (10802),0.16242979114846978
EXP_ZNF214 (7761),0.16242854978600807
EXP_POMK (84197),0.1624277799828544
EXP_CDK2 (1017),0.16242628660056369
EXP_FLACC1 (130540),0.1624248989493946
EXP_INKA1 (389119),0.16242447592112264
EXP_IRX3 (79191),0.16242405974624763
EXP_PSIP1 (11168),0.16242358775038657
EXP_GNG3 (2785),0.16242312997913722
EXP_TRIM2 (23321),0.1624211544756804
EXP_IFI44 (10561),0.16241976994905638
EXP_EIF3CL (728689),0.1624189868549255
EXP_CDC42EP2 (10435),0.16241820394563522
EXP_SRRM1 (10250),0.16241715829699555
EXP_NOTCH4 (4855),0.16241575893951854
EXP_SDHAF2 (54949),0.16241466496823964
EXP_CTDP1 (9150),0.16241445237973817
EXP_BMP2K (55589),0.16241429388458162
EXP_LIG4 (3981),0.16241406507169653
EXP_PDIA6 (10130),0.16241326097335396
EXP_GNAI3 (2773),0.16241297195674598
EXP_FUCA1 (2517),0.16241282591757233
EXP_PIERCE2 (145788),0.16241227555137705
EXP_PNKP (11284),0.16241205784823265
EXP_ATF2 (1386),0.1624115773511683
EXP_MRPS5 (64969),0.1624108909924571
EXP_ADIPOR1 (51094),0.1624101539411411
EXP_ARMC10 (83787),0.16240979960197333
EXP_TPST1 (8460),0.1624096834669162
EXP_CNP (1267),0.1624094843494408
EXP_ENTPD2 (954),0.16240904226412134
EXP_MAGI3 (260425),0.16240488878785797
EXP_SCCPDH (51097),0.16240276834954948
EXP_ZNF474 (133923),0.1624025599578509
EXP_PGF (5228),0.16240252971780045
EXP_NEIL1 (79661),0.16240252035818958
EXP_IGF2R (3482),0.16240251689232377
EXP_CFAP53 (220136),0.162401386759508
EXP_ZNF736 (728927),0.16240119966881572
EXP_IFITM10 (402778),0.16240101072966695
EXP_DDX49 (54555),0.16239948671810023
EXP_LZTS3 (9762),0.16239771547503423
EXP_BST2 (684),0.16239762788047152
EXP_TMBIM1 (64114),0.16239758707251983
EXP_GLUL (2752),0.16239690001099305
EXP_B3GALNT1 (8706),0.16239652056133114
EXP_FRK (2444),0.16239479857434969
EXP_ZSCAN12 (9753),0.16239322136097734
EXP_MAP1LC3B2 (643246),0.16239066273369218
EXP_RPL28 (6158),0.16238984185774363
EXP_PAPLN (89932),0.16238966510911634
EXP_AMY2B (280),0.16238923031759978
EXP_SLC8B1 (80024),0.16238650468832816
EXP_TARS1 (6897),0.16238561769828053
EXP_GAB1 (2549),0.16238511351685236
EXP_SH3BGRL2 (83699),0.1623843912678966
EXP_ZKSCAN5 (23660),0.16238410094964895
EXP_ZNF69 (7620),0.1623831251178034
EXP_SLC25A43 (203427),0.16238283057731717
EXP_BLOC1S3 (388552),0.162382489109679
EXP_AFG1L (246269),0.16238195846778236
EXP_FAP (2191),0.1623811138369442
EXP_RGS16 (6004),0.16238084846082046
EXP_RNF224 (643596),0.16238069301772295
EXP_NFS1 (9054),0.16238054202370567
EXP_HARS1 (3035),0.16237905531116414
EXP_SUGT1 (10910),0.16237903791979136
EXP_BST1 (683),0.16237897040454374
EXP_GRIN2C (2905),0.16237861273419263
EXP_NINL (22981),0.16237795571401925
EXP_TRAPPC13 (80006),0.1623777593866098
EXP_TTYH1 (57348),0.1623759665712612
EXP_PPM1M (132160),0.16237365339452747
EXP_ITGB1BP1 (9270),0.1623724309504997
EXP_TTL (150465),0.1623724129732249
EXP_RESF1 (55196),0.1623720215254485
EXP_DNPEP (23549),0.1623711367719869
EXP_PROSER1 (80209),0.1623711223584383
EXP_PMS1 (5378),0.16236988015942533
EXP_VPS18 (57617),0.16236847301964907
EXP_MBD3 (53615),0.1623668140738257
EXP_FOCAD (54914),0.16236662874279428
EXP_ZNF544 (27300),0.1623663992657267
EXP_ENPP4 (22875),0.16236628574638612
EXP_SQSTM1 (8878),0.16236494585487193
EXP_EEF2 (1938),0.16236418520066564
EXP_PGM2L1 (283209),0.16236226395124032
EXP_FAM50A (9130),0.16236166631173443
EXP_COX6B1 (1340),0.16236107644507047
EXP_ATG4A (115201),0.1623602844141674
EXP_IFT43 (112752),0.16236024206493038
EXP_ACOT9 (23597),0.1623584541180172
EXP_RBAK (57786),0.1623581777875005
EXP_CACFD1 (11094),0.16235724723045397
EXP_ETV4 (2118),0.16235682893383352
EXP_SMIM11 (54065),0.16235639759907183
EXP_DLX1 (1745),0.16235550205894178
EXP_PPM1J (333926),0.162354595683464
EXP_KLC1 (3831),0.16235349646687336
EXP_TRIM14 (9830),0.1623524160268941
EXP_ARF5 (381),0.1623517974809774
EXP_PTMS (5763),0.16235062527497135
EXP_APPL1 (26060),0.1623502154835874
EXP_LONRF2 (164832),0.16234942682974474
EXP_HVCN1 (84329),0.162348309246938
EXP_POLR3B (55703),0.16234684068761052
EXP_FBXL6 (26233),0.16234661217698676
EXP_TRAF3IP1 (26146),0.1623437990034038
EXP_MRPL14 (64928),0.16234352901712068
EXP_MYADM (91663),0.1623425747256375
EXP_ADGRG1 (9289),0.16234219736091227
EXP_TP53TG5 (27296),0.16234149623538396
EXP_ACAD10 (80724),0.16234092923378274
EXP_ZNF358 (140467),0.16233949999548525
EXP_ARL13B (200894),0.16233826095580284
EXP_ICAM3 (3385),0.16233807411378987
EXP_GTF2H4 (2968),0.16233668802616474
EXP_BANF1 (8815),0.1623339190050732
EXP_C19orf25 (148223),0.16233332208279894
EXP_PIN4 (5303),0.16233331630578363
EXP_RPS6 (6194),0.1623326074900291
EXP_GBA2 (57704),0.1623296138819761
EXP_ZC3H7B (23264),0.16232954629268814
EXP_SRFBP1 (153443),0.16232941057298955
EXP_MESP1 (55897),0.16232918328117396
EXP_CD74 (972),0.16232877536629164
EXP_VAV3 (10451),0.1623277193211825
EXP_CORO1A (11151),0.16232720581079008
EXP_MRPL39 (54148),0.16232660507899688
EXP_ZNF646 (9726),0.1623255532416472
EXP_DUSP6 (1848),0.16232383770691516
EXP_RBM8A (9939),0.16232356393791925
EXP_RAD9A (5883),0.16232291289900314
EXP_CHEK2 (11200),0.16232279934422955
EXP_PNPLA7 (375775),0.1623226634881636
EXP_DYNC1I1 (1780),0.1623216432383776
EXP_ZSCAN16 (80345),0.16231965774570334
EXP_NDUFB11 (54539),0.16231885051977546
EXP_TRPM4 (54795),0.16231773674628514
EXP_OXSM (54995),0.1623157962759656
EXP_FAM241A (132720),0.16231527175647908
EXP_ZNF493 (284443),0.16231516693459902
EXP_SYTL2 (54843),0.16231404875200806
EXP_NDUFB7 (4713),0.16231383543439648
EXP_LARP1B (55132),0.16231285606453838
EXP_SREBF2 (6721),0.1623118271744195
EXP_IKBKG (8517),0.16231001352477126
EXP_ZBTB21 (49854),0.16230938561241093
EXP_HECW2 (57520),0.1623092891931357
EXP_ARRDC1 (92714),0.16230656066667493
EXP_CYB5A (1528),0.16230639867049312
EXP_APEH (327),0.16230627761396565
EXP_RALGAPA1 (253959),0.16230483809160212
EXP_ZNF681 (148213),0.16230386352777249
EXP_CHAC1 (79094),0.16230363476323006
EXP_GDPD3 (79153),0.1623009359983758
EXP_PADI1 (29943),0.1623007147308888
EXP_SHMT2 (6472),0.16230068146361898
EXP_HSPA12B (116835),0.1622999428343368
EXP_ABHD1 (84696),0.16229960948048028
EXP_ORMDL3 (94103),0.1622995606146489
EXP_AMMECR1 (9949),0.16229718517744818
EXP_IMPG2 (50939),0.16229680750615572
EXP_RNASET2 (8635),0.16229650720159583
EXP_EPB41L5 (57669),0.1622960499744046
EXP_ZNF169 (169841),0.16229599889329904
EXP_KAT5 (10524),0.16229525975912207
EXP_TDP1 (55775),0.16229482719498112
EXP_GGT5 (2687),0.1622940302994147
EXP_MEIS2 (4212),0.16229383111607287
EXP_FKBP3 (2287),0.16229325115073223
EXP_TRAIP (10293),0.16229301323236456
EXP_INVS (27130),0.16229043202264748
EXP_KIFAP3 (22920),0.16228832232909518
EXP_GPSM1 (26086),0.1622859997223287
EXP_SEPSECS (51091),0.162285581397402
EXP_KLHL26 (55295),0.1622843220404322
EXP_HBS1L (10767),0.1622841212231112
EXP_NUPR1 (26471),0.16228410880196975
EXP_ZNF274 (10782),0.16228278317465605
EXP_ANKRD16 (54522),0.16228254124415997
EXP_GPX8 (493869),0.16228094439778662
EXP_PIANP (196500),0.1622798470367881
EXP_STARD7 (56910),0.16227880239551506
EXP_ZNF114 (163071),0.16227827345681423
EXP_RAB22A (57403),0.16227815974022164
EXP_LAMA2 (3908),0.16227748222622473
EXP_TBC1D14 (57533),0.16227738855691598
EXP_RGL4 (266747),0.1622772863357751
EXP_ZNF524 (147807),0.16227698890096143
EXP_SAR1A (56681),0.1622769626345315
EXP_USF3 (205717),0.1622764923823139
EXP_SLC30A1 (7779),0.16227626383792781
EXP_OXR1 (55074),0.16227567453652458
EXP_CHMP2B (25978),0.16227450194418935
EXP_SAMD8 (142891),0.16227353536510414
EXP_AP5S1 (55317),0.1622726125922096
EXP_BEST1 (7439),0.16227218813615707
EXP_HOXB4 (3214),0.16227155261763926
EXP_CEBPA (1050),0.16227140772684834
EXP_RABL2A (11159),0.16227033228699117
EXP_RAB14 (51552),0.16226960524584477
EXP_KLF11 (8462),0.16226883060316588
EXP_GIMAP2 (26157),0.16226823277057534
EXP_EXTL3 (2137),0.16226588033622136
EXP_TEX19 (400629),0.1622650490291928
EXP_OST4 (100128731),0.16226460382337127
EXP_KANSL2 (54934),0.16226446020146046
EXP_NMNAT3 (349565),0.16226435044960041
EXP_RPL8 (6132),0.16226281011698074
EXP_COL4A5 (1287),0.1622613971334319
EXP_AP5M1 (55745),0.16226131831118362
EXP_ASS1 (445),0.16226120922678966
EXP_FHDC1 (85462),0.16225989468928503
EXP_CEP89 (84902),0.16225760326116134
EXP_IGFBP5 (3488),0.16225758116647704
EXP_IQSEC2 (23096),0.16225643441793736
EXP_ZC3H18 (124245),0.16225636543626454
EXP_TMED5 (50999),0.16225603695190394
EXP_UBE2D2 (7322),0.16225569983317634
EXP_MCC (4163),0.16225524586929474
EXP_DIPK1B (138311),0.1622538837502372
EXP_DYNC1LI1 (51143),0.16225385582337193
EXP_GPR132 (29933),0.1622524717683893
EXP_ADORA2B (136),0.16225172237478436
EXP_LAMA5 (3911),0.16225075720473026
EXP_CCDC43 (124808),0.16224977266745721
EXP_AKR7A2 (8574),0.16224964577672552
EXP_ZNF57 (126295),0.1622493306209991
EXP_FNDC3B (64778),0.16224888405610471
EXP_HSPA1L (3305),0.16224823161791946
EXP_ANTXR1 (84168),0.16224770462711646
EXP_ZNF599 (148103),0.16224724787523037
EXP_CFLAR (8837),0.16224707690308193
EXP_SYT7 (9066),0.16224707118390658
EXP_TEX10 (54881),0.16224585491520038
EXP_CORT (1325),0.16224565693915238
EXP_TVP23A (780776),0.162244822423804
EXP_AMIGO1 (57463),0.16224292268095475
EXP_GOLM2 (113201),0.1622423320292805
EXP_BAAT (570),0.16224151384522933
EXP_SMIM10L2A (399668),0.16224150441754137
EXP_ZNF577 (84765),0.16224130448899743
EXP_RNF138 (51444),0.1622398549240902
EXP_FKRP (79147),0.16223824269759213
EXP_KDM1B (221656),0.16223780485826556
EXP_SEPTIN11 (55752),0.16223637362272658
EXP_WDR89 (112840),0.16223597282351054
EXP_WNT16 (51384),0.16223595629993692
EXP_NDRG3 (57446),0.1622353645299217
EXP_VPS13B (157680),0.16223280755102465
EXP_PTGFRN (5738),0.1622327308017404
EXP_TXNDC15 (79770),0.16223250408140188
EXP_PSMD3 (5709),0.16223232121175268
EXP_SHC1 (6464),0.1622261487269876
EXP_ELP1 (8518),0.16222425522247885
EXP_ZNF326 (284695),0.16222357378658536
EXP_SEPTIN6 (23157),0.16222341159939901
EXP_CDIP1 (29965),0.16222135568023877
EXP_VGLL3 (389136),0.16222070944335698
EXP_FAAH2 (158584),0.16222058684008722
EXP_MIB1 (57534),0.16221947986865803
EXP_HSD3B7 (80270),0.16221861930391057
EXP_TNKS2 (80351),0.1622179446063141
EXP_ARSA (410),0.162215362963817
EXP_CTSA (5476),0.162214312961102
EXP_CCDC110 (256309),0.16221391283674969
EXP_KPNA5 (3841),0.16221316728764812
EXP_RC3H2 (54542),0.1622129593901258
EXP_DYNC1H1 (1778),0.1622106994151098
EXP_IL4R (3566),0.16221012902019805
EXP_KAT7 (11143),0.16221008415598437
EXP_PRPF18 (8559),0.16220694709338535
EXP_ATG9A (79065),0.162206588985792
EXP_UBE4B (10277),0.16220655072502854
EXP_PRKX (5613),0.16220644652459892
EXP_ALCAM (214),0.16220603882343188
EXP_ZNF81 (347344),0.1622058273814284
EXP_CASC3 (22794),0.16220454567366538
EXP_MED19 (219541),0.16220408942808717
EXP_LTB4R2 (56413),0.16220309908601038
EXP_SEC31A (22872),0.16220175496252942
EXP_ACTN1 (87),0.1622007122554905
EXP_ATP6V0E1 (8992),0.16219994995616105
EXP_FBLN1 (2192),0.16219968194282686
EXP_RPS20 (6224),0.16219818320085633
EXP_CMTM3 (123920),0.16219780333173262
EXP_LYNX1 (66004),0.16219766369387223
EXP_ATP10D (57205),0.16219761164772262
EXP_AKAP11 (11215),0.16219749805687744
EXP_ANKZF1 (55139),0.16219748361075847
EXP_OXCT1 (5019),0.1621973431476258
EXP_BORA (79866),0.16219528311414955
EXP_CD58 (965),0.16219501085858123
EXP_CCDC126 (90693),0.16219461977389216
EXP_WDR93 (56964),0.16219456026000323
EXP_SEC61B (10952),0.16219437663234082
EXP_YWHAB (7529),0.16219422915271053
EXP_MIGA1 (374986),0.16219376523206375
EXP_JKAMP (51528),0.1621937022588371
EXP_TNFRSF9 (3604),0.16219130850064012
EXP_GLS (2744),0.162191102083038
EXP_FRS2 (10818),0.1621906669679234
EXP_DTD2 (112487),0.16219003082884065
EXP_ATR (545),0.16218955795449652
EXP_EXOC2 (55770),0.1621866083960759
EXP_SF3B4 (10262),0.1621864973423115
EXP_PKN2 (5586),0.16218643364887075
EXP_PLA2G4F (255189),0.16218620328268596
EXP_GJB5 (2709),0.16218523108186655
EXP_ZW10 (9183),0.1621843655754418
EXP_PODXL2 (50512),0.16218372124951497
EXP_PPM1D (8493),0.16218335986382293
EXP_NOTCH2NLA (388677),0.1621832806496899
EXP_PPM1K (152926),0.16218168369414965
EXP_SDCBP2 (27111),0.16218158329934962
EXP_DCAF12 (25853),0.16218101783459637
EXP_SLC9A5 (6553),0.16218041179652776
EXP_MYL5 (4636),0.16217928366862822
EXP_COG7 (91949),0.16217902018739405
EXP_LATS2 (26524),0.16217886413502391
EXP_NTAN1 (123803),0.16217806608283336
EXP_FKBPL (63943),0.16217756329990252
EXP_ALKBH8 (91801),0.1621771832433856
EXP_FAM118B (79607),0.16217714844993214
EXP_TRIM54 (57159),0.16217701704850107
EXP_NSD1 (64324),0.1621769200192409
EXP_PPM1F (9647),0.16217606562403208
EXP_SPATA32 (124783),0.16217446775868183
EXP_UBASH3B (84959),0.16217444739174613
EXP_WWTR1 (25937),0.1621733891622119
EXP_COMMD4 (54939),0.16217324208818873
EXP_HSH2D (84941),0.1621724492261487
EXP_CFAP36 (112942),0.16217230653356207
EXP_PIK3R3 (8503),0.1621709397896911
EXP_SH2D3C (10044),0.1621699477554044
EXP_TRIO (7204),0.16216958399860015
EXP_FLVCR2 (55640),0.1621690737707313
EXP_USP5 (8078),0.16216799369548074
EXP_IL1RAPL1 (11141),0.1621673192303943
EXP_MRPS18B (28973),0.16216537342904846
EXP_GRAMD1A (57655),0.1621653306696853
EXP_TTC19 (54902),0.16216502849613867
EXP_LIN37 (55957),0.1621643572337641
EXP_MAP2K3 (5606),0.1621637607055577
EXP_IDH3G (3421),0.16216320688009223
EXP_LYSMD2 (256586),0.1621622782755674
EXP_ADRA1B (147),0.16216200937081915
EXP_ZNF738 (148203),0.16216182746877728
EXP_SRSF1 (6426),0.16216139484116887
EXP_ATP5PO (539),0.16216037980074205
EXP_DNHD1 (144132),0.16216037743567835
EXP_ERAL1 (26284),0.16216022621867054
EXP_GK3 (2713),0.1621597271391595
EXP_UTP20 (27340),0.1621577889813075
EXP_ZMYM1 (79830),0.1621573216079284
EXP_P3H3 (10536),0.16215640441916612
EXP_PTGES3 (10728),0.16215539483034558
EXP_NCK2 (8440),0.1621549802595812
EXP_ECHDC1 (55862),0.16215481944887333
EXP_TPM1 (7168),0.16215223025503445
EXP_SIAH1 (6477),0.16215155806382242
EXP_ARHGEF16 (27237),0.16214976646671087
EXP_PROB1 (389333),0.16214885681357494
EXP_TOMM40 (10452),0.1621480893497793
EXP_WDR26 (80232),0.16214761528217814
EXP_ACTR1B (10120),0.16214729330742905
EXP_SLIT2 (9353),0.16214704669581792
EXP_RANBP1 (5902),0.1621469126259667
EXP_PCDH1 (5097),0.16214673502614652
EXP_ZNF367 (195828),0.16214660753961496
EXP_CSF1 (1435),0.1621455541424579
EXP_TRPV1 (7442),0.1621434208915531
EXP_FLII (2314),0.16214219452169587
EXP_MAOB (4129),0.16214199529435191
EXP_ENDOG (2021),0.1621406545231734
EXP_DYRK3 (8444),0.16214002349890322
EXP_CLASP2 (23122),0.16213972450891578
EXP_SH2B2 (10603),0.1621392799270156
EXP_MAVS (57506),0.1621387077495564
EXP_BSCL2 (26580),0.16213823989064124
EXP_POPDC3 (64208),0.1621376718674492
EXP_FGFBP1 (9982),0.1621365337328866
EXP_ZNF649 (65251),0.16213620280166996
EXP_GAK (2580),0.16213563450062018
EXP_ERRFI1 (54206),0.1621353729842081
EXP_RFLNB (359845),0.1621350532061987
EXP_SPIB (6689),0.16213341854197605
EXP_LIMS3 (96626),0.16213236312357626
EXP_XKR6 (286046),0.16213229936393425
EXP_BLM (641),0.16213186575744665
EXP_MRPL46 (26589),0.16213031234479747
EXP_MTMR2 (8898),0.16212645895779954
EXP_PNP (4860),0.16212437887374875
EXP_TTC14 (151613),0.1621237536436091
EXP_CLEC4A (50856),0.16212319600747094
EXP_TSEN54 (283989),0.16212215481922154
EXP_NFYA (4800),0.16212113371706405
EXP_PPP1R13L (10848),0.16212097647816925
EXP_SAMD14 (201191),0.16212017839260628
EXP_DAB2 (1601),0.16211704436912378
EXP_PLOD1 (5351),0.16211627474908408
EXP_RXRB (6257),0.1621151751705714
EXP_PLXNA3 (55558),0.1621133444269569
EXP_ZDHHC2 (51201),0.16211175419738932
EXP_WTIP (126374),0.16211110585934563
EXP_PHLDB1 (23187),0.16210945316940073
EXP_PLEKHG6 (55200),0.16210889349819002
EXP_GMIP (51291),0.16210748843142309
EXP_ST6GALNAC4 (27090),0.16210665134254754
EXP_ZBTB45 (84878),0.162104176086455
EXP_MMGT1 (93380),0.16210339109950578
EXP_CRYZL1 (9946),0.16210306210623227
EXP_RHCE (6006),0.16210222753509296
EXP_AKR7A3 (22977),0.16210218455258918
EXP_INTS1 (26173),0.16210166192773912
EXP_STAC3 (246329),0.16210078032785002
EXP_BAIAP2L2 (80115),0.16209963767104885
EXP_BTN2A2 (10385),0.16209836931810173
EXP_FKTN (2218),0.16209789022187238
EXP_BPGM (669),0.16209734257931974
EXP_POLR2I (5438),0.16209657739639827
EXP_CXCL2 (2920),0.162096147604319
EXP_PPA1 (5464),0.16209612952477048
EXP_ERO1B (56605),0.16209596261335069
EXP_DBF4B (80174),0.162094818600381
EXP_ALDH2 (217),0.1620940470129426
EXP_HBA1 (3039),0.16209192279010143
EXP_CCR10 (2826),0.16209129382440413
EXP_CFAP251 (144406),0.16208973936104698
EXP_LTK (4058),0.16208912971746603
EXP_H2AC11 (8969),0.16208902144736914
EXP_CATSPER3 (347732),0.16208770434877895
EXP_ETFRF1 (144363),0.16208509507021684
EXP_POMT2 (29954),0.16208505721573374
EXP_KBTBD11 (9920),0.16208445972584773
EXP_PLSCR1 (5359),0.1620844396678791
EXP_DENND2D (79961),0.16208371870472327
EXP_TRIT1 (54802),0.16208267625688855
EXP_TMEM167A (153339),0.16208249996949498
EXP_DYNLRB1 (83658),0.16208243257156507
EXP_TEN1 (100134934),0.16208104700220716
EXP_SLC39A3 (29985),0.16208069360146649
EXP_APP (351),0.16207977954783281
EXP_OLFML2A (169611),0.16207816211477333
EXP_MPP3 (4356),0.1620775049363159
EXP_SNX2 (6643),0.16207641634287473
EXP_LTN1 (26046),0.16207632260594007
EXP_CKMT1A (548596),0.16207612104621738
EXP_RNF216 (54476),0.1620759632642912
EXP_TAP1 (6890),0.16207583382601243
EXP_KCNQ1 (3784),0.1620757129441559
EXP_TRPC1 (7220),0.16207488372216705
EXP_FEN1 (2237),0.16207413665942827
EXP_C7orf57 (136288),0.16207359367622498
EXP_PEX11G (92960),0.16207284163549218
EXP_MCM7 (4176),0.1620724430759859
EXP_ZNF316 (100131017),0.16207218650068
EXP_FAM187A (100528020),0.1620719756685629
EXP_CHAMP1 (283489),0.16206898545424497
EXP_LPP (4026),0.1620688832540651
EXP_ACTR1A (10121),0.1620678873933521
EXP_ESRP2 (80004),0.16206544686703417
EXP_RUVBL1 (8607),0.1620653601821962
EXP_KICS2 (144577),0.16206502155720948
EXP_MESD (23184),0.1620648740507482
EXP_UTP23 (84294),0.16206318363566208
EXP_UFM1 (51569),0.1620625845983925
EXP_DDX19A (55308),0.1620623730906603
EXP_TRIB3 (57761),0.16206234810962883
EXP_DNAJC9 (23234),0.1620621067628889
EXP_TMC1 (117531),0.1620620055092159
EXP_STX1B (112755),0.16206113153388735
EXP_RTN4IP1 (84816),0.1620611310684037
EXP_MED12L (116931),0.16206069164082582
EXP_SRCIN1 (80725),0.16206059259135408
EXP_ITPR3 (3710),0.1620593130295731
EXP_PDZD2 (23037),0.1620586737949301
EXP_LNP1 (348801),0.1620576402273768
EXP_PRR36 (80164),0.16205760020885318
EXP_HNRNPM (4670),0.16205598631633045
EXP_SLC47A2 (146802),0.16205495707662898
EXP_NDFIP1 (80762),0.16205460742073363
EXP_XNDC1N (100133315),0.16205390578949608
EXP_MYRF (745),0.16205347840009132
EXP_SP4 (6671),0.16204991653282175
EXP_SLC27A1 (376497),0.16204813222593728
EXP_CUZD1 (50624),0.1620480830500819
EXP_SCAP (22937),0.16204767227028238
EXP_INPPL1 (3636),0.16204688674766032
EXP_TRAF3 (7187),0.16204566340960636
EXP_GIPR (2696),0.1620452719004426
EXP_ZBED4 (9889),0.16204497849015986
EXP_NUB1 (51667),0.16204391729870782
EXP_UQCRQ (27089),0.1620419198519567
EXP_AGPAT3 (56894),0.16204119905481384
EXP_TP53AIP1 (63970),0.16203982011675233
EXP_FAR2 (55711),0.1620390040897055
EXP_TMEM126B (55863),0.16203841652774376
EXP_H2AC15 (8330),0.1620371428464198
EXP_CD81 (975),0.16203679307555685
EXP_SRSF4 (6429),0.16203643152944913
EXP_SELENOI (85465),0.1620362511385096
EXP_TMEM168 (64418),0.16203502964104466
EXP_GATA3 (2625),0.16203479775219698
EXP_UACA (55075),0.16203164301877937
EXP_CIC (23152),0.16203149903801695
EXP_DEK (7913),0.1620311240274619
EXP_DHRS2 (10202),0.1620303622394781
EXP_DEGS1 (8560),0.16202887735529803
EXP_SNX22 (79856),0.1620284284777469
EXP_HNRNPA1L2 (144983),0.1620273655289397
EXP_AMFR (267),0.1620265812943078
EXP_ASB1 (51665),0.16202654180085752
EXP_DNAAF5 (54919),0.16202477735101617
EXP_MRPL37 (51253),0.16202412655995868
EXP_USP24 (23358),0.16202345867424395
EXP_PAFAH1B3 (5050),0.16202075654496984
EXP_C8orf58 (541565),0.16202043355469176
EXP_S1PR2 (9294),0.1620177944428134
EXP_IGFN1 (91156),0.16201773547628928
EXP_RASA2 (5922),0.16201749691170075
EXP_ABLIM1 (3983),0.16201740964784772
EXP_ARHGAP25 (9938),0.16201694852778292
EXP_TUT7 (79670),0.16201416191833662
EXP_ANAPC7 (51434),0.16201380380230912
EXP_BNIP1 (662),0.16201360210564442
EXP_EP300 (2033),0.1620134378899074
EXP_ST3GAL6 (10402),0.1620115790029928
EXP_SNX13 (23161),0.16201025432199856
EXP_REPS2 (9185),0.16200998777980224
EXP_TYK2 (7297),0.16200972190792928
EXP_PHF14 (9678),0.1620096358296239
EXP_HSD17B7 (51478),0.16200761952255682
EXP_PITPNC1 (26207),0.16200681423584395
EXP_FAAP20 (199990),0.1620027123987109
EXP_KCTD7 (154881),0.16200046441232185
EXP_FOXJ1 (2302),0.16199987838978824
EXP_CD69 (969),0.16199981332418023
EXP_PBX4 (80714),0.16199946170015966
EXP_SRP72 (6731),0.16199842010412357
EXP_HPS3 (84343),0.1619982440689558
EXP_ADAM8 (101),0.16199701488160567
EXP_FUT2 (2524),0.16199640815449534
EXP_BAZ2B (29994),0.16199606721645932
EXP_SREK1 (140890),0.16199585203230527
EXP_AARS1 (16),0.16199498076233
EXP_BACH2 (60468),0.1619949377036205
EXP_TOB2 (10766),0.16199385454035653
EXP_UPK3B (105375355),0.16199331513012538
EXP_KPTN (11133),0.16199292093490847
EXP_PDGFC (56034),0.16199192183759514
EXP_KCNE4 (23704),0.16199149372666
EXP_S100A11 (6282),0.161991435479659
EXP_LEF1 (51176),0.16199129924197653
EXP_HP1BP3 (50809),0.16198996048294845
EXP_RSL24D1 (51187),0.16198989116658336
EXP_NRIP3 (56675),0.1619890259968404
EXP_TPH1 (7166),0.16198886354482056
EXP_RFX1 (5989),0.16198685130753887
EXP_ZMPSTE24 (10269),0.16198658734265692
EXP_CDKN1C (1028),0.1619865085510801
EXP_ACER3 (55331),0.16198594315412596
EXP_TFRC (7037),0.16198471189763985
EXP_SLC35G1 (159371),0.16198465395433725
EXP_SEC61A1 (29927),0.16198063641579363
EXP_ATP6V0A2 (23545),0.1619769587181752
EXP_GBE1 (2632),0.16197679601490833
EXP_ZDHHC21 (340481),0.16197570024577956
EXP_METTL3 (56339),0.1619754732202745
EXP_SMAGP (57228),0.16197483361827736
EXP_PCSK6 (5046),0.16197465823107748
EXP_POLQ (10721),0.16197287388009052
EXP_ERMARD (55780),0.16197272696467824
EXP_ZNF570 (148268),0.1619712258440984
EXP_TMEM145 (284339),0.16197063579826398
EXP_CFAP184 (257236),0.16196851134104406
EXP_BTG2 (7832),0.16196677865526254
EXP_DUS4L (11062),0.1619636447283277
EXP_RPGRIP1L (23322),0.16196160829479034
EXP_NTHL1 (4913),0.16196018795548994
EXP_XPO5 (57510),0.16195971753685257
EXP_EIF4H (7458),0.16195939356488154
EXP_AFF4 (27125),0.16195850001880618
EXP_ZNF559 (84527),0.16195780939699667
EXP_BAZ2A (11176),0.16195590948630656
EXP_RARRES1 (5918),0.1619541108591127
EXP_STK40 (83931),0.16195276097246847
EXP_MTURN (222166),0.1619524829960053
EXP_KNSTRN (90417),0.16195245309660766
EXP_IL27RA (9466),0.16195134100841901
EXP_FAM131B (9715),0.16195046289114412
EXP_FBLIM1 (54751),0.16194957736855997
EXP_AGA (175),0.16194871321336102
EXP_HMMR (3161),0.16194776039445102
EXP_NAA40 (79829),0.1619444545482942
EXP_APBB2 (323),0.16194418096882934
EXP_ATRAID (51374),0.1619438432554281
EXP_RGS11 (8786),0.16194383053342065
EXP_CSF3 (1440),0.16194347477662419
EXP_SPG11 (80208),0.16194333466135902
EXP_DDN (23109),0.161943185205212
EXP_LMNB2 (84823),0.16194295171215067
EXP_LMF2 (91289),0.161941966547146
EXP_RFC4 (5984),0.16194137431795408
EXP_IRF2BP2 (359948),0.16194057156315544
EXP_MED29 (55588),0.16194055981276279
EXP_WDR19 (57728),0.1619402916214545
EXP_ATOSA (56204),0.16193956202965687
EXP_PRAME (23532),0.1619391755009003
EXP_TMEM14C (51522),0.16193902719996345
EXP_FBXL2 (25827),0.16193771376354515
EXP_XPNPEP1 (7511),0.16193743952084638
EXP_ANKRD44 (91526),0.16193695559094223
EXP_LAT2 (7462),0.16193663863978447
EXP_CPT1A (1374),0.16193599140194248
EXP_PSME3 (10197),0.16193493015466753
EXP_PRR15 (222171),0.16193276433841053
EXP_PIDD1 (55367),0.1619302847500217
EXP_SNX12 (29934),0.16192946238050965
EXP_ZNF789 (285989),0.1619278461011433
EXP_CAMK1D (57118),0.1619277933935006
EXP_TXK (7294),0.16192464822842023
EXP_GPATCH1 (55094),0.16192448449634345
EXP_THBS4 (7060),0.16192414751103712
EXP_CUEDC1 (404093),0.16192317895650987
EXP_HLCS (3141),0.1619231584555214
EXP_NDUFAF7 (55471),0.16192274726023026
EXP_SMURF2 (64750),0.16192225820443618
EXP_ZNF598 (90850),0.16192206510398321
EXP_FRMD4B (23150),0.16192156745850905
EXP_ZCCHC9 (84240),0.1619202686639234
EXP_SYNM (23336),0.16191877224785234
EXP_TRIM39 (56658),0.16191871966680615
EXP_C2CD5 (9847),0.16191866000014876
EXP_FAM167A (83648),0.16191847573404683
EXP_CCT6A (908),0.16191665077557005
EXP_AHCYL1 (10768),0.16191626273187953
EXP_DNAJB4 (11080),0.16191589729330502
EXP_ZDHHC1 (29800),0.16191372121707825
EXP_SPATA2 (9825),0.161912779883008
EXP_SNAPC3 (6619),0.16191175490971332
EXP_COPB2 (9276),0.16191082823333236
EXP_MID2 (11043),0.16190907669092702
EXP_RILPL1 (353116),0.16190506669190885
EXP_DBT (1629),0.16190485346374217
EXP_B4GALT4 (8702),0.16190382008778403
EXP_ZNF792 (126375),0.1619022240815875
EXP_LIN7A (8825),0.161900483075347
EXP_C6orf136 (221545),0.1619002828536944
EXP_ZNF552 (79818),0.16190027924877004
EXP_CDC42EP1 (11135),0.1618993861491962
EXP_CAVIN1 (284119),0.16189905868287102
EXP_BBS9 (27241),0.16189892870787226
EXP_ZNF446 (55663),0.16189680010333252
EXP_PGPEP1 (54858),0.1618959741576207
EXP_TMEM135 (65084),0.16189476790236945
EXP_MUC1 (4582),0.16189433562673106
EXP_MRPL19 (9801),0.16189217365120268
EXP_COQ5 (84274),0.16189195621555097
EXP_PLEKHJ1 (55111),0.16189124178422976
EXP_TMC2 (117532),0.16189032379921198
EXP_JOSD1 (9929),0.16188971903370586
EXP_SNX14 (57231),0.16188919833575088
EXP_PARP8 (79668),0.16188851663829595
EXP_SOCS1 (8651),0.16188807846491127
EXP_PGK1 (5230),0.16188702808269717
EXP_ZNF324B (388569),0.16188664370215644
EXP_RPL9 (6133),0.16188440088998846
EXP_PAM16 (51025),0.16188283479874777
EXP_PRKAR1A (5573),0.1618819030978731
EXP_ADGRL2 (23266),0.16188180079896597
EXP_MSRB1 (51734),0.16188127736049296
EXP_TM2D2 (83877),0.1618804257517379
EXP_SUMO4 (387082),0.16188032064601643
EXP_KDM4B (23030),0.16188007948230165
EXP_DVL3 (1857),0.16187830806794246
EXP_RAB28 (9364),0.16187793809893325
EXP_NPM3 (10360),0.1618775836552624
EXP_TSGA10 (80705),0.16187627399683002
EXP_ARL6 (84100),0.16187349888831992
EXP_ZNF382 (84911),0.16187264228831655
EXP_MKI67 (4288),0.16187259669101106
EXP_DDR2 (4921),0.16187214547498296
EXP_COPS8 (10920),0.1618711544335829
EXP_ITGB8 (3696),0.1618699775033532
EXP_HARBI1 (283254),0.16186923249906204
EXP_DCAF1 (9730),0.161867882344656
EXP_PSMA5 (5686),0.16186631048688405
EXP_MFSD2B (388931),0.16186609274808994
EXP_TRIP6 (7205),0.16186593632454738
EXP_CAMK2D (817),0.1618658680443117
EXP_TIMELESS (8914),0.16186496139903017
EXP_OSBPL1A (114876),0.16186482595816898
EXP_RPP25 (54913),0.16186451241421196
EXP_SEH1L (81929),0.16186354172512196
EXP_NEK4 (6787),0.16186320001130028
EXP_GPR155 (151556),0.16186247797713538
EXP_ATP6V1A (523),0.16186220323596512
EXP_RAPGEFL1 (51195),0.1618618234317708
EXP_IFT122 (55764),0.16186174185527324
EXP_HADH (3033),0.16185922788299045
EXP_TUBB2B (347733),0.1618578066464078
EXP_RAP1A (5906),0.16185697571702917
EXP_HINFP (25988),0.1618545283060433
EXP_HK2 (3099),0.1618541287238182
EXP_PDGFA (5154),0.1618532785418294
EXP_ARID3B (10620),0.16185171796915743
EXP_ZNF770 (54989),0.16185109918659624
EXP_NAA50 (80218),0.16185077299735173
EXP_MINAR1 (23251),0.1618504329624404
EXP_ACSF3 (197322),0.16185014660252328
EXP_SELENOH (280636),0.1618500942380372
EXP_ZNF526 (116115),0.16184986091814757
EXP_KLK14 (43847),0.16184980998674803
EXP_MGAT4B (11282),0.1618493623486552
EXP_RHBDF1 (64285),0.16184929732922892
EXP_FBF1 (85302),0.1618492438042276
EXP_RIDA (10247),0.1618482321525132
EXP_MMP1 (4312),0.16184769686580136
EXP_CLUH (23277),0.16184675698684714
EXP_SAP30 (8819),0.16184597533135037
EXP_RELA (5970),0.1618455578465472
EXP_AMZ2 (51321),0.16184428145995078
EXP_NELFCD (51497),0.16184371681921217
EXP_ATG4D (84971),0.16184178299557228
EXP_ADM2 (79924),0.16184177897958119
EXP_SSBP1 (6742),0.16183966295827634
EXP_BIRC3 (330),0.1618383017620113
EXP_SHPK (23729),0.16183807990075216
EXP_FOXD4 (2298),0.16183714636507585
EXP_SHQ1 (55164),0.16183629832586277
EXP_TUBGCP5 (114791),0.16183549411456166
EXP_SIK3 (23387),0.16183478142500007
EXP_BHLHE41 (79365),0.16183350868799273
EXP_DNMT1 (1786),0.16182705255206642
EXP_TSSC4 (10078),0.16182702973516694
EXP_PYROXD1 (79912),0.1618259712681338
EXP_UMPS (7372),0.16182535375982354
EXP_PHF13 (148479),0.1618246628574287
EXP_CEACAM1 (634),0.1618242958101348
EXP_NME1 (4830),0.1618242147403297
EXP_ANAPC4 (29945),0.16182353536095384
EXP_ETV6 (2120),0.1618225457793505
EXP_FAM217B (63939),0.16181970664292766
EXP_SPATA20 (64847),0.1618194217199873
EXP_UBXN4 (23190),0.16181927581686928
EXP_PACC1 (55248),0.16181877405382217
EXP_MTFP1 (51537),0.1618177350929626
EXP_CPNE7 (27132),0.161815686975185
EXP_B4GALT1 (2683),0.1618132015075222
EXP_PHF6 (84295),0.16181213723148957
EXP_SPR (6697),0.16181204004201533
EXP_UCHL1 (7345),0.1618116668614329
EXP_TXNRD1 (7296),0.16181136712583566
EXP_TLN2 (83660),0.161810466650679
EXP_KLHL13 (90293),0.16180795339748677
EXP_AKAP10 (11216),0.16180791455971288
EXP_SPTLC2 (9517),0.16180787601551838
EXP_MCL1 (4170),0.16180753447223584
EXP_VPS28 (51160),0.16180670431902033
EXP_SDR39U1 (56948),0.1618060348568804
EXP_TMEM61 (199964),0.16180388803183732
EXP_CASP8AP2 (9994),0.16180241714937793
EXP_AGAP9 (642517),0.16180227193351637
EXP_CDK5RAP3 (80279),0.16180189452298688
EXP_NDUFB1 (4707),0.1618015357074274
EXP_APEX2 (27301),0.16180098137257382
EXP_SLC52A1 (55065),0.1618005670805971
EXP_FGF14 (2259),0.16180037276592696
EXP_KCND1 (3750),0.16180006496069765
EXP_SLC34A2 (10568),0.16179866351574912
EXP_C2 (717),0.161798377059295
EXP_MTHFS (10588),0.16179829280027924
EXP_RINL (126432),0.16179722626787996
EXP_PERM1 (84808),0.16179632593321003
EXP_CLCN5 (1184),0.16179249075633528
EXP_WBP11 (51729),0.16179146125660093
EXP_CYP24A1 (1591),0.1617899426437699
EXP_RFX3 (5991),0.16178958832871704
EXP_GPHN (10243),0.16178956319723614
EXP_APPBP2 (10513),0.16178931313395228
EXP_AHCY (191),0.16178823180440371
EXP_UBE2L3 (7332),0.16178741748736325
EXP_PAGR1 (79447),0.16178454980874424
EXP_TMEM117 (84216),0.16178424394320956
EXP_ASH1L (55870),0.16178317355554928
EXP_NIPAL1 (152519),0.1617793236610261
EXP_CHMP4B (128866),0.16177852029964068
EXP_USP54 (159195),0.161777762754312
EXP_PAPSS1 (9061),0.16177684510954382
EXP_SECISBP2 (79048),0.1617749323422739
EXP_SF3A1 (10291),0.16177492694183293
EXP_HS3ST1 (9957),0.16177369780791295
EXP_GDF11 (10220),0.16177203645870009
EXP_DHX57 (90957),0.1617705720857554
EXP_PTPRG (5793),0.16177047931297217
EXP_DHRS4 (10901),0.16177026669735728
EXP_FBXL3 (26224),0.16176918503523563
EXP_RABEP1 (9135),0.16176896182712586
EXP_HOXC8 (3224),0.16176787944837034
EXP_ARSK (153642),0.16176586473496002
EXP_PILRB (29990),0.16176544175214946
EXP_ENGASE (64772),0.1617652449073015
EXP_GET3 (439),0.16176346145747988
EXP_CRYAB (1410),0.16176118317546795
EXP_DDA1 (79016),0.16175969020569259
EXP_ABITRAM (54942),0.16175948816303176
EXP_RARA (5914),0.1617567118061638
EXP_SMARCE1 (6605),0.1617537766094781
EXP_BRK1 (55845),0.16175357244078192
EXP_SYTL4 (94121),0.16175343756920935
EXP_PPP4R2 (151987),0.16175175058663172
EXP_OGG1 (4968),0.16175099060307385
EXP_MRPS12 (6183),0.16175018082439507
EXP_LAT (27040),0.16174901765125238
EXP_HECTD1 (25831),0.16174875275929157
EXP_ENOX1 (55068),0.1617478850733054
EXP_MEPCE (56257),0.16174776616488895
EXP_ODAD1 (93233),0.16174591065939836
EXP_BCAT2 (587),0.16174506517592402
EXP_CDC123 (8872),0.16174297939202997
EXP_WNT8B (7479),0.16174215307663697
EXP_SUV39H2 (79723),0.1617416135012526
EXP_THAP3 (90326),0.16174087204160958
EXP_TLR6 (10333),0.1617389332039636
EXP_KANK2 (25959),0.16173891126179285
EXP_CFAP91 (89876),0.16173839701798087
EXP_ZBTB12 (221527),0.1617381188949798
EXP_CENPE (1062),0.16173718989840413
EXP_INTS6L (203522),0.1617340738592068
EXP_CDC25A (993),0.16173388213123197
EXP_THOP1 (7064),0.16173353719373385
EXP_DDX52 (11056),0.1617318553197995
EXP_RADX (55086),0.16173069337292922
EXP_TPRKB (51002),0.16173024657437995
EXP_REX1BD (55049),0.16173020414962558
EXP_NDUFA4 (4697),0.16172896664243108
EXP_VEPH1 (79674),0.1617284276478177
EXP_DGKQ (1609),0.16172785366854203
EXP_HHEX (3087),0.16172655590367224
EXP_PTPDC1 (138639),0.16171865424389775
EXP_LAMTOR3 (8649),0.16171854797576213
EXP_BCHE (590),0.161718258903913
EXP_PGAM4 (441531),0.1617176797172064
EXP_ANKRD63 (100131244),0.1617163404904698
EXP_LIPH (200879),0.16171619497410372
EXP_TTC21B (79809),0.16171471116914926
EXP_RBM15 (64783),0.16171469701492303
EXP_PIWIL4 (143689),0.16171467949604512
EXP_TICAM2 (353376),0.16171439773940222
EXP_TMEM30A (55754),0.1617140214699173
EXP_PHGDH (26227),0.161713063053341
EXP_TLE2 (7089),0.1617122920094296
EXP_ITM2C (81618),0.16171160058474676
EXP_IL1RN (3557),0.16171130878030215
EXP_DTWD2 (285605),0.1617111945895111
EXP_GGA3 (23163),0.1617104032177883
EXP_HMOX2 (3163),0.16170974587271392
EXP_EZH2 (2146),0.16170882263594866
EXP_SHPRH (257218),0.16170878917920994
EXP_TMEM116 (89894),0.16170834765054298
EXP_CDIPT (10423),0.16170604557123625
EXP_DUSP5 (1847),0.16170507552976598
EXP_RHBDL2 (54933),0.1617016905303732
EXP_STEAP4 (79689),0.16170160112202137
EXP_ARPC2 (10109),0.1617014918032611
EXP_WIPI1 (55062),0.1617013997660388
EXP_UTP18 (51096),0.16170054921545773
EXP_INCENP (3619),0.16169964776387147
EXP_TTBK1 (84630),0.1616981556990993
EXP_KCNMB4 (27345),0.1616978392438373
EXP_ATXN3 (4287),0.16169630240229527
EXP_POLR2F (5435),0.16169497298931734
EXP_ARSI (340075),0.16169494082753033
EXP_FAM149A (25854),0.1616942744712757
EXP_BFSP1 (631),0.16169389144381796
EXP_ZMAT3 (64393),0.16169349182029258
EXP_CARD14 (79092),0.1616924600486378
EXP_MON1B (22879),0.1616919405823669
EXP_ELP2 (55250),0.16169029693548786
EXP_KIAA0825 (285600),0.16169014463614584
EXP_AGFG1 (3267),0.16168998047741745
EXP_STAT5A (6776),0.16168749997378207
EXP_PYCARD (29108),0.1616868266501008
EXP_ELOVL5 (60481),0.1616863021345294
EXP_PLIN3 (10226),0.16168616619239895
EXP_AHSA1 (10598),0.16168573952253507
EXP_RBM44 (375316),0.1616854055981065
EXP_NIFK (84365),0.1616841249082661
EXP_MEGF10 (84466),0.16168336024247454
EXP_PXMP2 (5827),0.16168211740243343
EXP_NUCB1 (4924),0.161680527818711
EXP_C8orf82 (414919),0.1616800733847059
EXP_IMMP1L (196294),0.16167941437119016
EXP_ROGDI (79641),0.16167842744507244
EXP_GGPS1 (9453),0.16167768308693553
EXP_GDF9 (2661),0.1616761876361048
EXP_ABCA2 (20),0.16167557684305756
EXP_SNAP47 (116841),0.16167386666348182
EXP_SUCO (51430),0.16167324718037168
EXP_LAMTOR5 (10542),0.16167184646512034
EXP_DTD1 (92675),0.16167005893844788
EXP_MED11 (400569),0.16167000664833608
EXP_SNCG (6623),0.16166958705453371
EXP_NOL3 (8996),0.16166905160288536
EXP_NPIPB7 (440350),0.1616682183173257
EXP_DCTN1 (1639),0.16166717643503947
EXP_TAF13 (6884),0.16166622900188088
EXP_TRAF3IP3 (80342),0.16166482994099507
EXP_SLC35E1 (79939),0.16166473542828363
EXP_SLC20A1 (6574),0.1616620127200994
EXP_CCDC15 (80071),0.16166104903481227
EXP_CD274 (29126),0.16166066896394682
EXP_NEXN (91624),0.16165839426383322
EXP_UFSP2 (55325),0.1616574580245791
EXP_GSAP (54103),0.1616570670541302
EXP_ERMAP (114625),0.16165686415813063
EXP_HEXA (3073),0.16165671346602828
EXP_CAT (847),0.16165563322584564
EXP_EPHX1 (2052),0.16165507960286352
EXP_BCLAF1 (9774),0.16165494626522925
EXP_HNRNPAB (3182),0.16165351140606532
EXP_RUSC2 (9853),0.16165325796732866
EXP_SRXN1 (140809),0.16165275136183954
EXP_TGFBR1 (7046),0.16164837136699894
EXP_FNTA (2339),0.161645809324531
EXP_PCSK7 (9159),0.16164283779569288
EXP_COMT (1312),0.16164212659592625
EXP_PLCB1 (23236),0.1616396377475997
EXP_DMAP1 (55929),0.16163935668340912
EXP_WAS (7454),0.16163846512896907
EXP_NALCN (259232),0.1616380787408147
EXP_ZC3H11C (441155),0.16163789593446598
EXP_ZMYM6 (9204),0.16163622901448527
EXP_XBP1 (7494),0.16163606305441913
EXP_KIF22 (3835),0.1616353351855251
EXP_KIFBP (26128),0.16163463765364394
EXP_MAGIX (79917),0.16163458600343628
EXP_IFFO2 (126917),0.16163367768270387
EXP_PLEKHF1 (79156),0.16163308211215988
EXP_GOLGA3 (2802),0.16163288368077744
EXP_ECM1 (1893),0.16163156271252532
EXP_AIP (9049),0.16163134339047414
EXP_TPPP3 (51673),0.16163086836825524
EXP_SEPTIN8 (23176),0.1616263114399592
EXP_STK3 (6788),0.16162611052126508
EXP_DLC1 (10395),0.161624269415789
EXP_SRSF5 (6430),0.16162343824122427
EXP_MMAA (166785),0.1616225080843643
EXP_LRRC26 (389816),0.16162206234828957
EXP_HM13 (81502),0.1616217425651021
EXP_JMJD8 (339123),0.16162136569444385
EXP_EXOC6 (54536),0.16162123926438454
EXP_ZBTB2 (57621),0.16162062680191003
EXP_FAM8A1 (51439),0.16162032586259034
EXP_ZNF627 (199692),0.16161961733759167
EXP_CCNE1 (898),0.16161765952344886
EXP_MPHOSPH6 (10200),0.16161764413863455
EXP_EXTL2 (2135),0.16161759488326588
EXP_C18orf54 (162681),0.16161731442715155
EXP_EIF4G3 (8672),0.1616162402236352
EXP_MYH10 (4628),0.16161516469720638
EXP_TGFBR3 (7049),0.16161473028232187
EXP_CALML4 (91860),0.1616144626523104
EXP_PCCB (5096),0.16161444759104437
EXP_CDCP1 (64866),0.16161089171094556
EXP_HNRNPK (3190),0.16160961018198172
EXP_SPSB3 (90864),0.16160889570130088
EXP_NDEL1 (81565),0.16160875914336614
EXP_MCM8 (84515),0.1616068707678302
EXP_LRRC8A (56262),0.1616064456092312
EXP_BRI3BP (140707),0.16160636758653357
EXP_WWP1 (11059),0.16160618519746528
EXP_SEPTIN10 (151011),0.16160618322673415
EXP_MSLN (10232),0.16160499447710475
EXP_DCTN3 (11258),0.16160350643924382
EXP_LEPR (3953),0.1616032562839953
EXP_PRH1 (5554),0.16160132666187987
EXP_IL6 (3569),0.16159996250743802
EXP_RABEPK (10244),0.1615980208194907
EXP_C1orf50 (79078),0.16159794975871744
EXP_CXCR5 (643),0.16159767671799852
EXP_UBQLN2 (29978),0.16159739316460886
EXP_CCDC183 (84960),0.1615968321649346
EXP_VAPA (9218),0.1615967353164729
EXP_TAPT1 (202018),0.16159603465947647
EXP_PLCXD1 (55344),0.16159482709445516
EXP_ZUP1 (221302),0.16159462752661202
EXP_CHAF1A (10036),0.161593542823109
EXP_YJEFN3 (374887),0.1615929840471919
EXP_ACYP2 (98),0.16159271412643328
EXP_AKAP3 (10566),0.16159071578160145
EXP_MAML1 (9794),0.16159018892816945
EXP_SMARCA1 (6594),0.1615891421651332
EXP_TMEM220 (388335),0.16158908807785277
EXP_RABL6 (55684),0.16158813719286247
EXP_STAG1 (10274),0.16158640221817144
EXP_APLN (8862),0.1615849962584628
EXP_ANO1 (55107),0.16158384246167845
EXP_ANK2 (287),0.16158336775779425
EXP_GNS (2799),0.16158324331781948
EXP_SSNA1 (8636),0.16158136927378486
EXP_NHLRC1 (378884),0.1615812743925824
EXP_UTP6 (55813),0.1615811323422811
EXP_PIK3C3 (5289),0.16158090363589128
EXP_ABT1 (29777),0.16158064322316523
EXP_IGFLR1 (79713),0.1615805993880297
EXP_DHFR2 (200895),0.16158049302085598
EXP_TRMT112 (51504),0.16157983934351883
EXP_OSBPL7 (114881),0.16157964838123995
EXP_SLC35G2 (80723),0.1615793926151996
EXP_HELQ (113510),0.16157841892355407
EXP_COMMD9 (29099),0.1615784040523227
EXP_SEMA3F (6405),0.16157672591982486
EXP_ZNF775 (285971),0.16157647886919513
EXP_ZRANB3 (84083),0.16157643960747237
EXP_XKR9 (389668),0.16157635527277048
EXP_TM4SF18 (116441),0.1615762912486156
EXP_ING3 (54556),0.1615762487599337
EXP_DLG5 (9231),0.16157570481473638
EXP_TXN2 (25828),0.1615750481535283
EXP_THAP2 (83591),0.1615728587411498
EXP_SPHK1 (8877),0.16157101872876556
EXP_MIDEAS (91748),0.16157037856494494
EXP_THYN1 (29087),0.16156899041902673
EXP_FFAR4 (338557),0.16156861305639758
EXP_TMOD4 (29765),0.16156830883863194
EXP_MARS1 (4141),0.1615681372268707
EXP_SEC22C (9117),0.16156634573535378
EXP_MFAP3 (4238),0.16156341286870202
EXP_POLD4 (57804),0.16156311418377545
EXP_FOXN3 (1112),0.1615605019339066
EXP_NUDT5 (11164),0.1615603946671884
EXP_TPRN (286262),0.16156021624899353
EXP_KIF4A (24137),0.16156006377178933
EXP_IRF2BPL (64207),0.1615596633197196
EXP_PROSER3 (148137),0.16155952499364457
EXP_MNAT1 (4331),0.1615559062973082
EXP_NUP107 (57122),0.16155580697519056
EXP_ABCF3 (55324),0.1615528702907536
EXP_HAUS5 (23354),0.16155014249294553
EXP_MAEA (10296),0.16155000019356436
EXP_NCOA6 (23054),0.16154960825069864
EXP_TEX261 (113419),0.16154768839478706
EXP_FASTKD2 (22868),0.1615469086985888
EXP_CLDN23 (137075),0.16154583679640133
EXP_UBE2Q2 (92912),0.16154550020849
EXP_COPS9 (150678),0.16154493065719855
EXP_L3MBTL3 (84456),0.16154352482411927
EXP_PRKCH (5583),0.1615433445266019
EXP_MAPKAPK5 (8550),0.16154334181293972
EXP_ZNF131 (7690),0.16154229925497
EXP_SESTD1 (91404),0.16154225257200228
EXP_NUDT4 (11163),0.16154005413187722
EXP_SELENOO (83642),0.16153970468420287
EXP_ZNF658 (26149),0.16153751407754857
EXP_HELB (92797),0.16153538219053942
EXP_MELK (9833),0.16153361944789335
EXP_PCSK5 (5125),0.16153150556318163
EXP_HPS4 (89781),0.16153066212459777
EXP_CYFIP1 (23191),0.16153004912783242
EXP_SOX2 (6657),0.16152914702404253
EXP_ERC1 (23085),0.16152666495833135
EXP_MRPL4 (51073),0.16152597808545188
EXP_PGBD1 (84547),0.16152576149090692
EXP_UQCRC1 (7384),0.16152522458922558
EXP_POLM (27434),0.16152497012008205
EXP_RNF13 (11342),0.16152319014566796
EXP_TBC1D22B (55633),0.16152249028225896
EXP_TMEM184B (25829),0.16152124953792057
EXP_TRMT61B (55006),0.16152033616283212
EXP_CA12 (771),0.16152019363316938
EXP_GPR160 (26996),0.1615194603962804
EXP_PAIP1 (10605),0.16151860722812916
EXP_MIER2 (54531),0.1615186066320211
EXP_RGS9 (8787),0.16151788689124835
EXP_VPS35L (57020),0.1615160020758193
EXP_DDB2 (1643),0.16151353225348597
EXP_PARD6B (84612),0.1615113637956096
EXP_ECH1 (1891),0.16151135968048624
EXP_PTPN13 (5783),0.16151097185276964
EXP_ABHD3 (171586),0.16151021091842033
EXP_CSF2 (1437),0.16150996540231244
EXP_JAM3 (83700),0.16150976860806132
EXP_SARM1 (23098),0.16150892137129258
EXP_LAMB2 (3913),0.16150860250881394
EXP_METTL4 (64863),0.16150503229426239
EXP_EMG1 (10436),0.16150469514657395
EXP_SAMD12 (401474),0.16150366769191127
EXP_NFAT5 (10725),0.16150283693160983
EXP_PEX39 (441150),0.16150278479920033
EXP_NR1I3 (9970),0.16150241527547315
EXP_PTP4A3 (11156),0.1615003752991493
EXP_PRKD3 (23683),0.1614990340581377
EXP_GOLGA6L9 (440295),0.16149885001389297
EXP_KCNE3 (10008),0.16149776459097964
EXP_CLDN20 (49861),0.16149758995960273
EXP_MTCH2 (23788),0.16149705273967285
EXP_ADGRF5 (221395),0.16149699520012373
EXP_LSM12 (124801),0.1614948195330994
EXP_USP33 (23032),0.1614933204176463
EXP_ZMYND11 (10771),0.16149032684408393
EXP_THADA (63892),0.16148845281728708
EXP_OPHN1 (4983),0.16148574087214662
EXP_NOP9 (161424),0.16148298516477233
EXP_UNKL (64718),0.1614826986627289
EXP_RORA (6095),0.1614826381627612
EXP_C3orf80 (401097),0.1614800995239527
EXP_IL10RB (3588),0.16147862551965275
EXP_POU3F1 (5453),0.16147857328076576
EXP_DYSF (8291),0.16147843733939649
EXP_PARK7 (11315),0.1614763245549451
EXP_HIPK1 (204851),0.16147312463153352
EXP_PTHLH (5744),0.16147303428368165
EXP_TRMT12 (55039),0.161471958460921
EXP_CCDC22 (28952),0.16147081273451214
EXP_ITPA (3704),0.16146972596636555
EXP_PLK1 (5347),0.16146852009307633
EXP_ZNF439 (90594),0.16146748092408902
EXP_AIF1L (83543),0.1614666783567742
EXP_LYRM4 (57128),0.16146593853396585
EXP_DYM (54808),0.16146590683060413
EXP_PDZK1IP1 (10158),0.16146541880692222
EXP_LRIG2 (9860),0.16146518491154893
EXP_SMIM29 (221491),0.1614646582364676
EXP_COQ8A (56997),0.16146448268155478
EXP_ECE1 (1889),0.1614638743153325
EXP_FAR1 (84188),0.16146175974881416
EXP_TDP2 (51567),0.16146124596099032
EXP_ZNF805 (390980),0.1614609800979947
EXP_SSR2 (6746),0.16145884297028434
EXP_TAF10 (6881),0.16145880015477232
EXP_GCNT1 (2650),0.16145866799696496
EXP_POLR1A (25885),0.16145800799657373
EXP_LPAR3 (23566),0.16145364177298216
EXP_NLRP1 (22861),0.1614534259054965
EXP_NAPB (63908),0.16145293052922582
EXP_HMBS (3145),0.16145202735737563
EXP_NSMCE1 (197370),0.16144927683199572
EXP_NUSAP1 (51203),0.1614486513808293
EXP_PTDSS2 (81490),0.16144801504111417
EXP_COPS5 (10987),0.16144773977700755
EXP_PEMT (10400),0.1614474262086274
EXP_PLA2G4A (5321),0.1614473428063361
EXP_LAS1L (81887),0.1614459701226938
EXP_SPATS2L (26010),0.16144577578489105
EXP_HNRNPA1L3 (642659),0.16144509725844536
EXP_NIN (51199),0.16144464762389443
EXP_NPB (256933),0.16144403740170166
EXP_EFNA3 (1944),0.16144383828961484
EXP_HDAC2 (3066),0.16144281653401293
EXP_HMGN1 (3150),0.16144056654613959
EXP_DUS1L (64118),0.1614403343105133
EXP_PSMA4 (5685),0.1614391168273066
EXP_WDR53 (348793),0.1614390735230753
EXP_TGFB3 (7043),0.16143864451197043
EXP_SPACDR (402573),0.16143864026601307
EXP_PPFIA4 (8497),0.16143786566129048
EXP_TSEN34 (79042),0.1614371036584874
EXP_SEZ6L2 (26470),0.16143637592062454
EXP_C7orf25 (79020),0.16143530013839946
EXP_STYX (6815),0.1614342337848642
EXP_PRRC2B (84726),0.1614332193776269
EXP_ZNF780B (163131),0.1614328867979964
EXP_DENND2B (6764),0.1614320438160961
EXP_SAA1 (6288),0.16142983123541388
EXP_CUTA (51596),0.16142867821915807
EXP_DCBLD1 (285761),0.16142830622015403
EXP_MTERF1 (7978),0.16142783633557745
EXP_PSMB6 (5694),0.16142702368408912
EXP_PDE12 (201626),0.16142578695342547
EXP_PRR12 (57479),0.16142541423524204
EXP_IL1RAP (3556),0.16142394969360296
EXP_THAP9 (79725),0.16142380069860796
EXP_POLR2C (5432),0.16142359683166596
EXP_BPHL (670),0.1614226293465375
EXP_RIMKLA (284716),0.16142204920707837
EXP_COQ6 (51004),0.161421769554849
EXP_CDT1 (81620),0.16142173398610815
EXP_CCDC9 (26093),0.16141973936136633
EXP_INTS2 (57508),0.16141935924015272
EXP_NPHP1 (4867),0.1614192173018969
EXP_NFXL1 (152518),0.16141801823279245
EXP_NECAB3 (63941),0.16141655861313797
EXP_AKT2 (208),0.1614147127202239
EXP_H4C14 (8370),0.16141390975336822
EXP_RASD1 (51655),0.16141273680672086
EXP_CDC37 (11140),0.1614116995509356
EXP_KYNU (8942),0.16141010007358858
EXP_CALCOCO2 (10241),0.16140938001511707
EXP_LRCH3 (84859),0.16140819682925311
EXP_ST3GAL1 (6482),0.16140790078115064
EXP_GNPTAB (79158),0.16140780710385005
EXP_PLEKHN1 (84069),0.16140708494762634
EXP_FIG4 (9896),0.16140693927126204
EXP_MRPL27 (51264),0.16140622120816683
EXP_MRAS (22808),0.16140271037677678
EXP_API5 (8539),0.16140266194132113
EXP_CMTR2 (55783),0.16140198647623283
EXP_MTMR11 (10903),0.1614010313365828
EXP_RAB3GAP2 (25782),0.1613994417715814
EXP_RHOF (54509),0.16139939713094353
EXP_SMN1 (6606),0.16139927355557315
EXP_GRHL1 (29841),0.16139905853838332
EXP_WASHC4 (23325),0.16139791450966712
EXP_ST6GALNAC6 (30815),0.16139754622986668
EXP_ANKRD20A1 (84210),0.16139730736809188
EXP_TEX52 (101929469),0.16139570663672753
EXP_CPNE5 (57699),0.16139392779564155
EXP_DAG1 (1605),0.16139259313523446
EXP_NOMO3 (408050),0.16139070075297557
EXP_EIPR1 (7260),0.16138979497776962
EXP_USP21 (27005),0.16138978220718148
EXP_NPTX1 (4884),0.16138574482557733
EXP_PPP2R3B (28227),0.16138415205357415
EXP_DPY19L4 (286148),0.16138166121984554
EXP_MPHOSPH10 (10199),0.16138021626537657
EXP_SMKR1 (100287482),0.16137942239002
EXP_PIM3 (415116),0.16137829891545152
EXP_PDE11A (50940),0.16137700815212508
EXP_KXD1 (79036),0.16137669357311157
EXP_ATG7 (10533),0.1613765044381097
EXP_RHOC (389),0.16137558711622546
EXP_CUX1 (1523),0.16137552844855474
EXP_BLACAT1 (101669762),0.16137543062977322
EXP_TTC22 (55001),0.16137479841416624
EXP_N4BP2L1 (90634),0.16137282903285044
EXP_IER5L (389792),0.1613716934144902
EXP_TMEM262 (100130348),0.16137167008609232
EXP_CEP44 (80817),0.16137163387496312
EXP_NABP2 (79035),0.1613702710613083
EXP_LRP8 (7804),0.16136847805158006
EXP_FYB1 (2533),0.16136827479583715
EXP_LETMD1 (25875),0.16136824921184711
EXP_LTC4S (4056),0.16136781870550632
EXP_PREP (5550),0.1613669663395232
EXP_LAMC2 (3918),0.1613659988634497
EXP_AVIL (10677),0.1613657658321177
EXP_FUCA2 (2519),0.16136543624838762
EXP_CBX4 (8535),0.16136542996946357
EXP_TMEM141 (85014),0.16136445194308546
EXP_SMN2 (6607),0.16136367554893916
EXP_KANSL1 (284058),0.16136339727697724
EXP_TAF2 (6873),0.16136139762261692
EXP_TEC (7006),0.16135777393893846
EXP_TM7SF3 (51768),0.161356408912404
EXP_COX7A2 (1347),0.1613549057029351
EXP_WEE1 (7465),0.1613545404787189
EXP_HIVEP2 (3097),0.16135373675192266
EXP_MAOA (4128),0.16135368927080584
EXP_PEX1 (5189),0.16135363722187623
EXP_MIPOL1 (145282),0.16135326498070146
EXP_ATG16L1 (55054),0.16134912804487378
EXP_SCD (6319),0.1613478878562722
EXP_CORO2B (10391),0.16134695734715798
EXP_ADAMTS14 (140766),0.16134607653341604
EXP_RIPK4 (54101),0.1613442139134289
EXP_PSMG3 (84262),0.16134405588586986
EXP_ZNF616 (90317),0.16134373048683948
EXP_SETMAR (6419),0.1613427248128012
EXP_PLCH1 (23007),0.16134062601720167
EXP_FOXO3 (2309),0.16133991727897623
EXP_AEBP1 (165),0.16133965765912173
EXP_DGKE (8526),0.16133843468587816
EXP_CYB561D2 (11068),0.16133681167177816
EXP_ATP6V1C2 (245973),0.16133414894290965
EXP_SLC35A1 (10559),0.1613332696391545
EXP_CNOT9 (9125),0.16133167172564367
EXP_MANEAL (149175),0.16133155191542858
EXP_IGFBP7 (3490),0.1613304442779775
EXP_VXN (254778),0.16132960422372822
EXP_TFAP2E (339488),0.16132951119782568
EXP_CDC45 (8318),0.1613263827897553
EXP_CYBA (1535),0.16132636164967007
EXP_MCUB (55013),0.1613262714140422
EXP_GPC2 (221914),0.16132587146533606
EXP_PAN3 (255967),0.16132385935053062
EXP_NDUFV3 (4731),0.1613238210248964
EXP_AURKC (6795),0.16132284876824787
EXP_SMUG1 (23583),0.16132240177369983
EXP_FAM78A (286336),0.16132168058098006
EXP_GPX3 (2878),0.16132068704462466
EXP_STT3B (201595),0.1613200575860967
EXP_POC1A (25886),0.16131947728729212
EXP_NEO1 (4756),0.1613191998268224
EXP_SETD9 (133383),0.16131890592507592
EXP_NRDC (4898),0.16131834247728882
EXP_OXA1L (5018),0.16131826486687473
EXP_HSF4 (3299),0.16131409483730774
EXP_SCX (642658),0.16131384069860388
EXP_SIRT7 (51547),0.1613134444825688
EXP_ZNF641 (121274),0.16131293340170672
EXP_PRH2 (5555),0.16131278153882977
EXP_LYST (1130),0.16131201104242177
EXP_TRIP13 (9319),0.16131189111630295
EXP_COQ7 (10229),0.1613098742006409
EXP_RAB18 (22931),0.161309867373558
EXP_N4BP1 (9683),0.1613084129409641
EXP_MTIF2 (4528),0.16130709323911496
EXP_TOMM6 (100188893),0.1613067748559942
EXP_LARGE1 (9215),0.1613062317425964
EXP_CEP128 (145508),0.16130577564481996
EXP_NME2 (4831),0.16130542626589328
EXP_RBMS3 (27303),0.16130538934941363
EXP_EIF4EBP2 (1979),0.16130168005887935
EXP_FTCDNL1 (348751),0.16130086779397956
EXP_METRN (79006),0.1613003166775968
EXP_HAGH (3029),0.16129982637276363
EXP_RIOK2 (55781),0.16129957489483893
EXP_DNALI1 (7802),0.16129939870650478
EXP_GALNT18 (374378),0.16129824555490302
EXP_ZNF229 (7772),0.1612974515810901
EXP_UQCC5 (440957),0.16129737100142894
EXP_LSAMP (4045),0.16129723994666811
EXP_NME6 (10201),0.1612969495757337
EXP_DENND5B (160518),0.161296707861303
EXP_ZNF461 (92283),0.1612953004145643
EXP_HSP90AA1 (3320),0.16129526782503234
EXP_ACADM (34),0.16129379475952454
EXP_ZMYM3 (9203),0.1612934752247206
EXP_C11orf42 (160298),0.16129285899865664
EXP_SOX15 (6665),0.16129283748157697
EXP_NOL11 (25926),0.16129179002703697
EXP_GCLC (2729),0.1612915164233506
EXP_NSD3 (54904),0.16129139583684893
EXP_MTCL2 (140710),0.16129133608858748
EXP_LMF1 (64788),0.16129132635515564
EXP_DZIP1 (22873),0.16129119018917404
EXP_ARPC5L (81873),0.16128988622475138
EXP_RNF114 (55905),0.16128879096740256
EXP_MARCHF2 (51257),0.1612882152104298
EXP_AK5 (26289),0.16128797112392945
EXP_MMP28 (79148),0.16128787085869245
EXP_CHURC1 (91612),0.16128724176581333
EXP_ADGRF4 (221393),0.1612868554704736
EXP_CEP126 (57562),0.16128681690223168
EXP_ACP2 (53),0.16128664190040087
EXP_TMEM200B (399474),0.1612866017975092
EXP_MOV10 (4343),0.1612851168301841
EXP_PLCD1 (5333),0.1612831362337417
EXP_TNK2 (10188),0.1612828067892771
EXP_CCDC30 (728621),0.16128031271033194
EXP_CALHM1 (255022),0.16128017850766696
EXP_SCARA3 (51435),0.16127991017551757
EXP_FOXL1 (2300),0.16127792628654447
EXP_CENPK (64105),0.16127618453487091
EXP_ZFYVE19 (84936),0.16127614568502313
EXP_CLEC18A (348174),0.16127432748882686
EXP_MKNK1 (8569),0.16127425578362864
EXP_RABEP2 (79874),0.16127373618857366
EXP_ABCA3 (21),0.1612735675594248
EXP_METAP1 (23173),0.16127270585003473
EXP_CA5B (11238),0.1612725621930542
EXP_RGS19 (10287),0.16127117103216193
EXP_EP400 (57634),0.16127103111842
EXP_EXOSC6 (118460),0.16127098372385085
EXP_MISP (126353),0.1612706182989161
EXP_VPS13C (54832),0.1612701484031751
EXP_EID2 (163126),0.1612700599173813
EXP_RSAD1 (55316),0.16126990833037524
EXP_GUF1 (60558),0.16126748816444358
EXP_CPT2 (1376),0.16126714732656566
EXP_ACVR2A (92),0.1612656346055985
EXP_TMEM97 (27346),0.16126499207242873
EXP_ANG (283),0.16126356101197903
EXP_PEX14 (5195),0.16126206829429712
EXP_SPP1 (6696),0.16125998924072515
EXP_PPWD1 (23398),0.1612593453445852
EXP_P2RX5 (5026),0.16125899589639836
EXP_PHLPP2 (23035),0.16125748993224143
EXP_EBLN2 (55096),0.16125698427165958
EXP_INTS9 (55756),0.16125693002937336
EXP_CACNA2D2 (9254),0.16125550676711953
EXP_ACTR8 (93973),0.16125478317717779
EXP_TSPAN4 (7106),0.1612537350124228
EXP_CPEB2 (132864),0.1612528686322996
EXP_ATG4B (23192),0.1612515389663356
EXP_BZW2 (28969),0.16125144749996334
EXP_ENOPH1 (58478),0.16125051716190253
EXP_CSPP1 (79848),0.16124890388835045
EXP_MYH3 (4621),0.16124623562763407
EXP_PDPK1 (5170),0.1612452769537187
EXP_SERGEF (26297),0.16124468273389958
EXP_RRP1 (8568),0.16124463124898103
EXP_PTPRU (10076),0.1612446027164074
EXP_NFX1 (4799),0.16124251237896026
EXP_ICMT (23463),0.16124024859447506
EXP_ETNK2 (55224),0.16123901099609217
EXP_SAP30L (79685),0.1612386194155464
EXP_RECQL4 (9401),0.16123835162821987
EXP_SKAP1 (8631),0.16123733131383755
EXP_WDR31 (114987),0.1612370776530625
EXP_DAZAP1 (26528),0.16123614731684022
EXP_PIGQ (9091),0.16123613978860885
EXP_SWAP70 (23075),0.16123421679712102
EXP_BLMH (642),0.16123405766401788
EXP_PLK2 (10769),0.16123379682603822
EXP_TMX1 (81542),0.16123352573034122
EXP_SMIM19 (114926),0.16123331987579803
EXP_ZNF793 (390927),0.16123240490328694
EXP_GMPR (2766),0.16123191500372602
EXP_QPCT (25797),0.16123167605838873
EXP_SHFL (55337),0.16123134580932064
EXP_KAT6B (23522),0.16123077588325074
EXP_HYKK (123688),0.1612305504138858
EXP_ELK4 (2005),0.16123030106178238
EXP_CIMAP3 (128344),0.1612292544956162
EXP_SYNE4 (163183),0.1612276625759943
EXP_SRPX (8406),0.16122723157054786
EXP_CAPN2 (824),0.1612265214466797
EXP_CHI3L1 (1116),0.1612241379810735
EXP_WNT7B (7477),0.16122348483945803
EXP_PDLIM2 (64236),0.1612231737816705
EXP_ARHGEF3 (50650),0.16122250644766112
EXP_SYT17 (51760),0.16122181798100765
EXP_TAF1L (138474),0.16122139599732588
EXP_SAXO2 (283726),0.1612207454096719
EXP_METTL22 (79091),0.1612199948840951
EXP_PCTP (58488),0.16121933476073202
EXP_ODF2L (57489),0.16121884634336237
EXP_EEF1AKMT2 (399818),0.16121866526186057
EXP_UBA52 (7311),0.161218651183888
EXP_NRTN (4902),0.16121826575438458
EXP_NRIP1 (8204),0.161217808443336
EXP_MINDY1 (55793),0.16121774367728747
EXP_BCL2L11 (10018),0.16121754144032785
EXP_C2orf49 (79074),0.16121703813610733
EXP_ARHGAP26 (23092),0.16121644884737218
EXP_MAST1 (22983),0.16121634580232858
EXP_CHD1 (1105),0.16121436035450643
EXP_KNTC1 (9735),0.1612136747958779
EXP_SERPINB8 (5271),0.16121321473931882
EXP_UNC119B (84747),0.16121274938758479
EXP_DPM3 (54344),0.16120875471438367
EXP_ABHD14A (25864),0.1612082068676255
EXP_GCN1 (10985),0.16120811142828373
EXP_DCAF5 (8816),0.16120781704440468
EXP_RLF (6018),0.16120434507579073
EXP_BRMS1L (84312),0.1612036542429136
EXP_TMEM120A (83862),0.16120306923292116
EXP_PPP2R5C (5527),0.16120301651515767
EXP_RAB27B (5874),0.16120258720368863
EXP_TSC22D4 (81628),0.161202563811214
EXP_NHS (4810),0.16120253861833866
EXP_IQGAP2 (10788),0.1612011415041712
EXP_RER1 (11079),0.16119981998963429
EXP_CDPF1 (150383),0.1611995219185749
EXP_WNT2B (7482),0.1611977124870343
EXP_SMARCA2 (6595),0.16119750651935494
EXP_FANCI (55215),0.16119565702034588
EXP_PPFIA1 (8500),0.16119151221492967
EXP_OVOL1 (5017),0.1611906600165982
EXP_SERPINA3 (12),0.1611905108192202
EXP_B4GALNT4 (338707),0.1611880869746667
EXP_ZNF341 (84905),0.16118796699307314
EXP_TDG (6996),0.1611861578600582
EXP_SALL2 (6297),0.16118546902394648
EXP_C11orf54 (28970),0.16118471017386238
EXP_CCDC47 (57003),0.16118389165793268
EXP_TFE3 (7030),0.16118075844866642
EXP_MYLIP (29116),0.16118023669325332
EXP_IPO11 (51194),0.16117940919954687
EXP_SMAD9 (4093),0.16117910071848307
EXP_VSNL1 (7447),0.16117835540599312
EXP_FAM43A (131583),0.16117671376950504
EXP_FAM185A (222234),0.16117518639150408
EXP_DNAJC10 (54431),0.16117346484539397
EXP_DLL3 (10683),0.16117309880095387
EXP_TRAPPC6B (122553),0.16117186669542516
EXP_TTC9B (148014),0.1611715039061421
EXP_BSG (682),0.16117132366259934
EXP_LINS1 (55180),0.16116901708783082
EXP_HACE1 (57531),0.16116851603796523
EXP_VGF (7425),0.16116835571639854
EXP_CTH (1491),0.16116784611706692
EXP_RPL17 (6139),0.16116781260040192
EXP_ATP1A3 (478),0.1611674646849588
EXP_ABHD16A (7920),0.16116740069915458
EXP_ADPGK (83440),0.16116222754032528
EXP_IL1R1 (3554),0.16116006293052543
EXP_CCNK (8812),0.16115962865922562
EXP_RPL27A (6157),0.16115883064200887
EXP_NDC80 (10403),0.16115881668334886
EXP_NDUFB6 (4712),0.1611587154829497
EXP_HAVCR2 (84868),0.16115868109810627
EXP_PTGES3L (100885848),0.1611576605874543
EXP_OR2B6 (26212),0.1611571244305825
EXP_NFATC1 (4772),0.16115373002199718
EXP_PLEKHA2 (59339),0.1611526108988537
EXP_ACTR6 (64431),0.16115220543446984
EXP_BRD8 (10902),0.16115205180055447
EXP_HNRNPD (3184),0.16115116341071278
EXP_UCK2 (7371),0.1611502914059555
EXP_HAUS7 (55559),0.16114835362726154
EXP_CCDC81 (60494),0.16114786385573687
EXP_ZNF585B (92285),0.1611475087793055
EXP_C2orf72 (257407),0.161147176725688
EXP_CLN8 (2055),0.16114679005934374
EXP_SCLT1 (132320),0.16114597564911382
EXP_EIF4E (1977),0.16114556524669954
EXP_CASP3 (836),0.1611422976695973
EXP_AP1S2 (8905),0.1611390608746719
EXP_ABCB9 (23457),0.1611383801378583
EXP_TESK1 (7016),0.16113826167031764
EXP_SLC25A33 (84275),0.16113670834543292
EXP_THOC6 (79228),0.16113624381738134
EXP_KLHL32 (114792),0.1611361000660656
EXP_SCRN3 (79634),0.16113545621074898
EXP_MKRN2OS (100129480),0.1611353814580223
EXP_LAMB1 (3912),0.16113536540667717
EXP_DAZAP2 (9802),0.1611346748842193
EXP_SAT2 (112483),0.16113437261952512
EXP_SAP30BP (29115),0.16113426206380854
EXP_CDK20 (23552),0.16113321029750072
EXP_MBTD1 (54799),0.1611317523615341
EXP_PFN1 (5216),0.1611312696506042
EXP_PPARGC1B (133522),0.1611311088584646
EXP_ZBTB47 (92999),0.1611307490647933
EXP_CTNS (1497),0.161130724513054
EXP_MYORG (57462),0.16112933658964046
EXP_IPO9 (55705),0.16112833374465296
EXP_ASPM (259266),0.16112765932977524
EXP_TOP1MT (116447),0.16112465696960143
EXP_C2CD4C (126567),0.16111980382683289
EXP_ZC3H11A (9877),0.16111859957028596
EXP_TIMM10B (26515),0.16111834326669872
EXP_SPPL2A (84888),0.1611174817987795
EXP_ELL2 (22936),0.16111709506991456
EXP_SRI (6717),0.16111620415251604
EXP_IRF7 (3665),0.16111602929364643
EXP_TMEM223 (79064),0.1611159909098534
EXP_UFSP1 (402682),0.16111555625547602
EXP_C1D (10438),0.16111497263915808
EXP_STX8 (9482),0.1611102222119376
EXP_LHB (3972),0.16110970883154252
EXP_ZNF628 (89887),0.16110774942978257
EXP_MICOS13 (125988),0.16110756963013273
EXP_CRLF1 (9244),0.1611070518129436
EXP_C17orf107 (100130311),0.16110679349905865
EXP_ERF (2077),0.16110672897799283
EXP_ZNF317 (57693),0.16110608469063603
EXP_RDH14 (57665),0.16110527874654412
EXP_SRGAP3 (9901),0.16110365118246328
EXP_TBC1D3D (101060389),0.16110340063652373
EXP_ARMC9 (80210),0.1611033083862612
EXP_ADCY5 (111),0.16110236427447067
EXP_DLX4 (1748),0.16110197265340798
EXP_CAPN1 (823),0.16110174167985036
EXP_MDFIC (29969),0.16110164400559768
EXP_NLRX1 (79671),0.16110092593256287
EXP_SOCS5 (9655),0.16110065905790183
EXP_TACC1 (6867),0.16110033150683645
EXP_ABHD13 (84945),0.16109601022300346
EXP_ANXA4 (307),0.16109501294818607
EXP_FNIP1 (96459),0.16109488970474573
EXP_BLTP1 (84162),0.16109449792071828
EXP_HINT2 (84681),0.16109441612441966
EXP_SERPIND1 (3053),0.1610942663044792
EXP_URM1 (81605),0.1610934640101549
EXP_CORO1B (57175),0.16109117237841275
EXP_GTF2H2 (2966),0.1610904577807668
EXP_RAPGEF2 (9693),0.1610879199705737
EXP_GEN1 (348654),0.16108681218570098
EXP_CD55 (1604),0.16108664524411243
EXP_SIX4 (51804),0.16108639533075841
EXP_RNF182 (221687),0.16108610533575707
EXP_TRAPPC10 (7109),0.1610859483576359
EXP_TIMM9 (26520),0.1610850669680275
EXP_FAM174A (345757),0.1610848593596046
EXP_PTDSS1 (9791),0.1610847149192658
EXP_STRIP1 (85369),0.16108289317758384
EXP_PPP2CA (5515),0.161081701735446
EXP_BGLAP (632),0.1610778778249653
EXP_HSPA5 (3309),0.1610771976603962
EXP_DDX42 (11325),0.16107499348257281
EXP_PTPRK (5796),0.16107242280323586
EXP_UNC5A (90249),0.1610716791404121
EXP_ITGA2B (3674),0.1610716696318315
EXP_BRAP (8315),0.161070975044467
EXP_SGPP1 (81537),0.16106954045835487
EXP_FBLN5 (10516),0.16106863747658018
EXP_STAM (8027),0.16106860834160042
EXP_RRH (10692),0.16106857639636907
EXP_KLC3 (147700),0.16106767928506827
EXP_STK10 (6793),0.16106713716193166
EXP_DCK (1633),0.16106712752282615
EXP_RFXANK (8625),0.16106609919165216
EXP_KLHDC3 (116138),0.16106442809492627
EXP_NDUFA11 (126328),0.16106376419023594
EXP_EBI3 (10148),0.16106327237726337
EXP_ITPRIPL1 (150771),0.1610605477174918
EXP_HNRNPA0 (10949),0.16106037775037674
EXP_RBM4B (83759),0.16105996694225233
EXP_CLP1 (10978),0.16105937268150772
EXP_RGS20 (8601),0.16105930729943552
EXP_KCTD21 (283219),0.1610591145193485
EXP_ASB2 (51676),0.16105868069676887
EXP_MRPS22 (56945),0.1610586160318066
EXP_ANKS3 (124401),0.161058043063937
EXP_NUTM2G (441457),0.16105452574977797
EXP_PRICKLE4 (29964),0.16105444383334522
EXP_GRIN1 (2902),0.16105299536394302
EXP_FAM241B (219738),0.16105273722211688
EXP_NEMF (9147),0.1610526330993629
EXP_CYP2E1 (1571),0.1610518457672221
EXP_UTP3 (57050),0.1610517706348773
EXP_AP1S3 (130340),0.1610498791233841
EXP_HDAC9 (9734),0.1610497316156705
EXP_MDP1 (145553),0.16104919930994033
EXP_PDLIM4 (8572),0.1610485704172424
EXP_ANAPC15 (25906),0.16104828317636954
EXP_SPINK5 (11005),0.16104489650302867
EXP_BCKDHB (594),0.1610447204713168
EXP_TIMM23 (100287932),0.1610444182254609
EXP_PRRT2 (112476),0.16104214361194646
EXP_ZBTB43 (23099),0.16104187767124412
EXP_CXXC5 (51523),0.1610410773765043
EXP_BRD10 (158358),0.16103940474506562
EXP_ST6GALNAC1 (55808),0.1610371217770119
EXP_LNPK (80856),0.1610370681091302
EXP_ERI2 (112479),0.16103706550338437
EXP_SGCB (6443),0.16103705660648693
EXP_PTGES2 (80142),0.16103704142385844
EXP_NUDCD2 (134492),0.16103611529952655
EXP_ELOVL7 (79993),0.16103241769116838
EXP_CPQ (10404),0.16103185971526113
EXP_CAMTA2 (23125),0.16103161853406345
EXP_CKAP5 (9793),0.16103095428882686
EXP_SDHC (6391),0.16103026246309948
EXP_ADAM28 (10863),0.16102981524733107
EXP_CETN3 (1070),0.16102967302657323
EXP_PPID (5481),0.16102659905107064
EXP_ERLEC1 (27248),0.16102563445763884
EXP_DENND4B (9909),0.16102464662486593
EXP_URB2 (9816),0.16102443807516664
EXP_COL4A6 (1288),0.1610242045763277
EXP_PIGW (284098),0.16102300199310093
EXP_LRRIQ3 (127255),0.16102217740393776
EXP_METTL17 (64745),0.16102201502880753
EXP_NAA10 (8260),0.16102008967527492
EXP_CHRM4 (1132),0.16102007414873132
EXP_FAM227A (646851),0.16101999670208667
EXP_NDUFV1 (4723),0.16101988857989724
EXP_HLA-DOB (3112),0.1610191984074918
EXP_MMS22L (253714),0.16101914255680594
EXP_MLPH (79083),0.16101866748831561
EXP_PSMD4 (5710),0.16101808171449328
EXP_KIF11 (3832),0.16101722656995676
EXP_RNASE1 (6035),0.16101704752129375
EXP_PRKAB2 (5565),0.16101675004240779
EXP_MANSC1 (54682),0.16101533727857742
EXP_EIF4A1 (1973),0.16101371985435353
EXP_ADRB2 (154),0.1610129396072919
EXP_TANC2 (26115),0.16101101101178017
EXP_RBM34 (23029),0.16101074084162104
EXP_C1RL (51279),0.1610100506208738
EXP_MAP3K20 (51776),0.16100858424114506
EXP_VMA21 (203547),0.16100745553888451
EXP_COG6 (57511),0.1610072352129226
EXP_PABPC1L (80336),0.1610062733558948
EXP_SNAI1 (6615),0.16100571744107306
EXP_MED14 (9282),0.1610044610847421
EXP_MARF1 (9665),0.16100266520283935
EXP_ADM (133),0.16100264785356444
EXP_RAB5A (5868),0.1610026397397739
EXP_CCDC12 (151903),0.16100212280646264
EXP_LRRC8B (23507),0.1610015319801814
EXP_TGS1 (96764),0.1610013629911533
EXP_UVSSA (57654),0.1610013330929574
EXP_DOCK1 (1793),0.16100100697589959
EXP_MRPS25 (64432),0.1610000110998886
EXP_ZC4H2 (55906),0.1609988831668998
EXP_PLAAT4 (5920),0.16099849974757596
EXP_PRSS8 (5652),0.16099657193763406
EXP_MB (4151),0.16099615787984867
EXP_RAB7B (338382),0.16099531910172082
EXP_EMSY (56946),0.16099498523190459
EXP_SLC35F2 (54733),0.16099422950693132
EXP_C14orf119 (55017),0.16099413404657348
EXP_RNF207 (388591),0.16099294168695
EXP_CCDC116 (164592),0.1609901917291383
EXP_CDCA3 (83461),0.1609897996224312
EXP_NAA60 (79903),0.16098962319108523
EXP_CIPC (85457),0.16098958810240038
EXP_GBF1 (8729),0.16098955038416296
EXP_ZNF18 (7566),0.16098807987230046
EXP_GAR1 (54433),0.1609856555878304
EXP_ACOX3 (8310),0.1609855871348591
EXP_ZBED3 (84327),0.16098519158957725
EXP_KCNE2 (9992),0.1609851548288761
EXP_MSMO1 (6307),0.1609832110826881
EXP_RGL3 (57139),0.16098234392247335
EXP_PACSIN2 (11252),0.16098226234156865
EXP_INF2 (64423),0.1609816059694511
EXP_USP11 (8237),0.1609810068409656
EXP_PGM3 (5238),0.16098058781008184
EXP_AHRR (57491),0.1609800885331545
EXP_PTPN11 (5781),0.16097971291987445
EXP_RPL22L1 (200916),0.16097945809380576
EXP_KMT2D (8085),0.16097857627019252
EXP_TRIM45 (80263),0.1609785431984001
EXP_SRRT (51593),0.1609782120050811
EXP_LRRC34 (151827),0.16097805175558833
EXP_DDHD1 (80821),0.16097740011945838
EXP_RAB3IL1 (5866),0.16097535197411617
EXP_ENTPD8 (377841),0.1609752381871763
EXP_CDK18 (5129),0.1609741360358763
EXP_LSM14A (26065),0.16097255657784704
EXP_RPS19BP1 (91582),0.16097101884349474
EXP_RAB23 (51715),0.16097072721464478
EXP_SYS1 (90196),0.16097034991173764
EXP_MDM2 (4193),0.16096968945808499
EXP_MMADHC (27249),0.16096955427927107
EXP_TERF1 (7013),0.16096839639897187
EXP_FSIP1 (161835),0.16096814313728203
EXP_NDUFA7 (4701),0.1609643768157012
EXP_COL27A1 (85301),0.16096435191265623
EXP_CSTF1 (1477),0.16096409383087273
EXP_SLC1A3 (6507),0.16096365927740663
EXP_TRDMT1 (1787),0.16096181551352817
EXP_PLEKHA7 (144100),0.16095948673424942
EXP_LMAN2L (81562),0.16095807497448167
EXP_TEPSIN (146705),0.16095756611313305
EXP_SMIM38 (107984345),0.16095620910160502
EXP_SPOUT1 (51490),0.16095567535179534
EXP_IRS2 (8660),0.1609547839477976
EXP_ZNF569 (148266),0.16095458891748748
EXP_SRBD1 (55133),0.16095421033566293
EXP_PIK3IP1 (113791),0.1609541528355365
EXP_MRPS18C (51023),0.1609538144129523
EXP_CCDC86 (79080),0.160953533945146
EXP_PPL (5493),0.1609526762401341
EXP_KIAA0319 (9856),0.16095146195534316
EXP_NBPF10 (100132406),0.16094941901135762
EXP_CDKL1 (8814),0.16094890332343947
EXP_SPNS2 (124976),0.16094789627410577
EXP_TMEM91 (641649),0.16094765420620405
EXP_APBB1IP (54518),0.1609433373781748
EXP_TMEM60 (85025),0.1609428415976426
EXP_CENPI (2491),0.16094238017525608
EXP_SLF2 (55719),0.1609410033342078
EXP_IFNAR2 (3455),0.16094006007393258
EXP_RAB9B (51209),0.1609399919703005
EXP_BLTP2 (9703),0.16093725157384142
EXP_FRG1 (2483),0.160936613668329
EXP_ZNF14 (7561),0.1609356638097843
EXP_MCPH1 (79648),0.16093493088571087
EXP_AHDC1 (27245),0.16093146196699504
EXP_TRAP1 (10131),0.16093078153266394
EXP_MXD3 (83463),0.16093048472428428
EXP_GP6 (51206),0.1609302989011674
EXP_NOXO1 (124056),0.160930171452061
EXP_COL5A1 (1289),0.16092764286056305
EXP_ST3GAL4 (6484),0.16092726712941374
EXP_IFI16 (3428),0.1609262987580964
EXP_SLC25A3 (5250),0.16092601167221599
EXP_RCAN3 (11123),0.16092526274802843
EXP_MID1 (4281),0.16092442978712995
EXP_TNFSF15 (9966),0.16092397415327842
EXP_STT3A (3703),0.16092323379005258
EXP_EHBP1L1 (254102),0.16092189956602798
EXP_NPIPA2 (642799),0.16092185618299482
EXP_STX18 (53407),0.16092101373828793
EXP_EXOSC7 (23016),0.16091966170827732
EXP_PPP6R3 (55291),0.16091913177942363
EXP_C21orf140 (101928147),0.16091904158114811
EXP_ATP5F1E (514),0.16091796535962732
EXP_INPP5D (3635),0.1609170548127672
EXP_H2BC17 (8348),0.16091593595176512
EXP_TAS2R4 (50832),0.1609150314204193
EXP_ANKRD27 (84079),0.1609143909027173
EXP_RNASE4 (6038),0.16091344579855527
EXP_EFNB1 (1947),0.1609132637358135
EXP_AGPAT5 (55326),0.16091119853470204
EXP_MYZAP (100820829),0.160910754197519
EXP_CLK1 (1195),0.16090874791083376
EXP_TFF3 (7033),0.16090846577221019
EXP_TCEANC (170082),0.16090766309841964
EXP_DNAAF2 (55172),0.16090629189680072
EXP_NDUFA10 (4705),0.1609054260117837
EXP_NFKBIE (4794),0.1609053296516736
EXP_TNFRSF11A (8792),0.1609051856925161
EXP_POGLUT3 (143888),0.16090418764923964
EXP_POU2F2 (5452),0.16090255062621317
EXP_NCF1 (653361),0.16090064184172714
EXP_USP8 (9101),0.16089982715159046
EXP_ACBD5 (91452),0.1608995364426269
EXP_ABO (28),0.16089866848306045
EXP_AP4S1 (11154),0.16089801869678766
EXP_RRM1 (6240),0.160894663738115
EXP_TAS2R14 (50840),0.16089133324225102
EXP_IL17RB (55540),0.1608907777289028
EXP_KRT8 (3856),0.16089035096116877
EXP_C1R (715),0.16088933688409668
EXP_HEATR5A (25938),0.16088538230511418
EXP_FLNC (2318),0.16088535482578514
EXP_ZNF30 (90075),0.1608831207103254
EXP_MTNAP1 (55028),0.1608823065935434
EXP_SKIC8 (80349),0.1608814952847899
EXP_NRBP2 (340371),0.16088132299824487
EXP_GAB2 (9846),0.1608811765469591
EXP_SEPTIN7 (989),0.16088110485673024
EXP_DVL1 (1855),0.1608807772027534
EXP_PCBP2 (5094),0.16088067157866526
EXP_THUMPD1 (55623),0.16088059138250177
EXP_LRSAM1 (90678),0.1608791074754805
EXP_AUP1 (550),0.16087811160212073
EXP_MOCS2 (4338),0.16087729845222842
EXP_DIPK1A (388650),0.1608751606288319
EXP_CFL1 (1072),0.16087252991647727
EXP_SLC11A1 (6556),0.1608721899888801
EXP_SLC7A6 (9057),0.16087210682727537
EXP_ID1 (3397),0.1608719360439128
EXP_DNAJB13 (374407),0.16087099274576122
EXP_BCCIP (56647),0.16086834203776057
EXP_NLE1 (54475),0.16086660303476474
EXP_KCNT1 (57582),0.1608643680491335
EXP_COQ10B (80219),0.16086352652524916
EXP_KIF20A (10112),0.1608623872218189
EXP_ZNF473 (25888),0.1608622675214244
EXP_CHMP7 (91782),0.16086137921248422
EXP_MPP7 (143098),0.16086116360325953
EXP_LSM6 (11157),0.16086105618841362
EXP_ZMIZ2 (83637),0.16086038735179997
EXP_NEK3 (4752),0.16085933655060902
EXP_CRYZ (1429),0.16085924222043602
EXP_OR2AG2 (338755),0.1608577813509502
EXP_NBEAL2 (23218),0.16085550341858834
EXP_TMEM205 (374882),0.16085493654309246
EXP_RNF126 (55658),0.16085415964589433
EXP_SLAIN2 (57606),0.16085234512785185
EXP_GJB2 (2706),0.16084955981959048
EXP_EPG5 (57724),0.16084895104475283
EXP_CCPG1 (9236),0.16084766101517634
EXP_RTKN2 (219790),0.1608468384257371
EXP_COMMD6 (170622),0.1608461494840645
EXP_DENND5A (23258),0.1608430523888975
EXP_HIPK3 (10114),0.1608417614209765
EXP_KCTD9 (54793),0.16084171771735978
EXP_POP7 (10248),0.16084056692101445
EXP_ALOX5 (240),0.16084053070641247
EXP_GPATCH3 (63906),0.16084032756619493
EXP_FBXW2 (26190),0.16083953947198726
EXP_DNAH7 (56171),0.1608393335452485
EXP_GTF3C6 (112495),0.1608388694946985
EXP_CD24 (100133941),0.1608370061840576
EXP_RPS12 (6206),0.1608349684690662
EXP_DNTTIP1 (116092),0.16083468702379022
EXP_ATG13 (9776),0.1608322760505665
EXP_TMEM255B (348013),0.16083170985073192
EXP_BRPF3 (27154),0.16083114441094803
EXP_CHCHD6 (84303),0.16082918255317313
EXP_GPRIN1 (114787),0.16082889531425337
EXP_TBC1D9B (23061),0.16082784585017862
EXP_MMP15 (4324),0.1608243238079261
EXP_CCDC146 (57639),0.16082280929426762
EXP_ELL3 (80237),0.16082081778997726
EXP_PPP1R21 (129285),0.1608188742809391
EXP_KRT4 (3851),0.16081881326424696
EXP_CNN3 (1266),0.16081720029768576
EXP_FAM156A (29057),0.16081420102861355
EXP_NT5C1B (93034),0.1608116893845679
EXP_EDC4 (23644),0.1608109765411152
EXP_PTCH2 (8643),0.1608100513097961
EXP_OFD1 (8481),0.16081003510901404
EXP_MATN4 (8785),0.16080810364437692
EXP_GPR37L1 (9283),0.1608066247741462
EXP_CTNNBIP1 (56998),0.16080610412825713
EXP_NUDT6 (11162),0.16080579099134695
EXP_FCF1 (51077),0.16080521055924812
EXP_PPP1R3E (90673),0.16080486433912178
EXP_BLTP3A (54887),0.1608044200102876
EXP_CDH3 (1001),0.16080373493960032
EXP_WAC (51322),0.16080308252731434
EXP_ZIC2 (7546),0.1608025125788517
EXP_ALS2CL (259173),0.1608007413228636
EXP_KMT2B (9757),0.16079869704863725
EXP_ZSCAN21 (7589),0.1607985301270558
EXP_MIA (8190),0.16079798226002318
EXP_MBTPS1 (8720),0.16079775675249763
EXP_ADGRV1 (84059),0.16079769886825002
EXP_RASSF4 (83937),0.1607968605114971
EXP_PMVK (10654),0.16079619204165407
EXP_EEPD1 (80820),0.1607931255237407
EXP_P4HTM (54681),0.1607922547191878
EXP_WDR81 (124997),0.16079213725164898
EXP_TUBAL3 (79861),0.16079058207824648
EXP_HSPE1 (3336),0.16079056269392922
EXP_POGZ (23126),0.1607892373528239
EXP_REP15 (387849),0.160788006500594
EXP_RHOT1 (55288),0.16078698755768173
EXP_ADA (100),0.16078535436121832
EXP_NUS1 (116150),0.16078198621088102
EXP_HLA-DMB (3109),0.16077979959202526
EXP_VSIG10 (54621),0.16077971723180617
EXP_PIH1D1 (55011),0.16077968107809326
EXP_NHSL3 (57648),0.16077843664220914
EXP_IAH1 (285148),0.16077816784873544
EXP_B3GLCT (145173),0.1607764910155982
EXP_TATDN3 (128387),0.1607759265261901
EXP_ATRN (8455),0.16077549014346815
EXP_ZNF512 (84450),0.16077535727208137
EXP_C4BPB (725),0.16077504548933774
EXP_ARID1B (57492),0.1607742135926813
EXP_ZCCHC10 (54819),0.16077263978454148
EXP_NOSTRIN (115677),0.16077226669419442
EXP_PCED1B (91523),0.16077024850731014
EXP_TTLL4 (9654),0.16076918909814175
EXP_FYTTD1 (84248),0.16076842201924446
EXP_PRKAR2B (5577),0.16076797730794823
EXP_NKD1 (85407),0.1607679329787235
EXP_SH3TC1 (54436),0.16076714641899859
EXP_PALS1 (64398),0.1607665049330187
EXP_CNBP (7555),0.1607662580335525
EXP_CYP1B1 (1545),0.1607661861419034
EXP_GPS2 (2874),0.16076604733958977
EXP_COL3A1 (1281),0.16076603683758695
EXP_ZDHHC3 (51304),0.16076464028995296
EXP_B3GNT7 (93010),0.16076421632640514
EXP_DPF1 (8193),0.16076349228785602
EXP_GCNT4 (51301),0.16076345090865907
EXP_CAMK2B (816),0.1607626318852189
EXP_RELB (5971),0.1607596426876432
EXP_TMEM170A (124491),0.16075960165890457
EXP_LOXL1 (4016),0.1607593795225144
EXP_HAP1 (9001),0.16075858911982976
EXP_ZNF175 (7728),0.16075630276289754
EXP_PSMD5 (5711),0.1607557002045521
EXP_SLC25A34 (284723),0.1607535780525442
EXP_KLHL7 (55975),0.1607534573768481
EXP_SLC16A1 (6566),0.16075247971447126
EXP_PHLDA3 (23612),0.16075026803648207
EXP_C2orf42 (54980),0.16074917940591593
EXP_COLEC11 (78989),0.16074837803146558
EXP_DHRS3 (9249),0.16074799145219032
EXP_PIKFYVE (200576),0.1607463517136294
EXP_NOP56 (10528),0.16074603660240072
EXP_NDUFA4L2 (56901),0.16074301832538396
EXP_PARD3 (56288),0.16074204431622352
EXP_CD83 (9308),0.1607358694987111
EXP_BAD (572),0.16073529282716326
EXP_AGAP3 (116988),0.1607351497318108
EXP_VAMP8 (8673),0.16073456716046408
EXP_PLOD2 (5352),0.1607322142314196
EXP_KIF21B (23046),0.1607302920373126
EXP_ZNF189 (7743),0.16072918537166103
EXP_PTAFR (5724),0.1607290029846684
EXP_EPDR1 (54749),0.16072848784000549
EXP_FAM174C (55009),0.16072791757263527
EXP_SLC66A1 (54896),0.16072777234900837
EXP_LCMT2 (9836),0.16072746273603755
EXP_ZNF225 (7768),0.16072536379880464
EXP_MRPL10 (124995),0.16072485932868652
EXP_RPS11 (6205),0.1607238026652995
EXP_SLC7A1 (6541),0.16072361872231333
EXP_TMEM150A (129303),0.1607226574491225
EXP_NAMPT (10135),0.1607224406160972
EXP_C4B (721),0.16072222866046904
EXP_LRRC20 (55222),0.16072137153509036
EXP_MAD1L1 (8379),0.1607210059244366
EXP_SPIN4 (139886),0.16072090707377207
EXP_GATC (283459),0.16072076151934933
EXP_LUM (4060),0.16071933446333642
EXP_CHGA (1113),0.1607188322398896
EXP_FBXO17 (115290),0.16071842101645917
EXP_PAQR3 (152559),0.16071825888576718
EXP_ISG20 (3669),0.1607172705494282
EXP_UCN2 (90226),0.160715958487871
EXP_RPL37 (6167),0.160715234745191
EXP_PRSS3 (5646),0.1607147603397463
EXP_PALB2 (79728),0.1607119227216307
EXP_PKD1L2 (114780),0.160711895327589
EXP_PSMD9 (5715),0.1607104076156558
EXP_CLTA (1211),0.1607088552467859
EXP_CSNK1G1 (53944),0.16070690246997543
EXP_GFOD2 (81577),0.160706747629769
EXP_RPS6KB2 (6199),0.1607063645640343
EXP_DENND4C (55667),0.16070633315652572
EXP_HEATR6 (63897),0.16070511899764117
EXP_IGSF3 (3321),0.16070305488614878
EXP_TUBB4A (10382),0.1606999229945938
EXP_KIF2A (3796),0.16069931912741886
EXP_ATP1B3 (483),0.16069829120524215
EXP_ZNF311 (282890),0.16069777266656615
EXP_RBMXL1 (494115),0.16069640963839404
EXP_MRPL45 (84311),0.16069609140698038
EXP_SPACA6 (147650),0.1606946039461068
EXP_GYG2 (8908),0.16069396889308862
EXP_COMTD1 (118881),0.1606932269088066
EXP_MRPS14 (63931),0.16069317803999095
EXP_LYL1 (4066),0.16069310377032053
EXP_PLA2G4D (283748),0.16069018417165992
EXP_ARMCX5 (64860),0.1606879010693527
EXP_NPRL2 (10641),0.16068750762742923
EXP_RXRA (6256),0.16068712020702325
EXP_ZSCAN22 (342945),0.1606870525297941
EXP_LACTB (114294),0.1606856682557627
EXP_SOX10 (6663),0.16068410814427825
EXP_ARL14EPL (644100),0.16068084236790892
EXP_ZFP30 (22835),0.16067977590498383
EXP_DOCK5 (80005),0.1606792059571145
EXP_LDLRAD2 (401944),0.16067841525155213
EXP_GTPBP3 (84705),0.16067712284217794
EXP_REV1 (51455),0.16067585160933984
EXP_MRNIP (51149),0.16067425721444284
EXP_TBKBP1 (9755),0.16067417249661542
EXP_ZNF800 (168850),0.16067359564664851
EXP_RANGRF (29098),0.16067243728777747
EXP_HNRNPA1 (3178),0.16066787882074696
EXP_TSPYL4 (23270),0.16066737844449275
EXP_ANKRD28 (23243),0.16066647452315141
EXP_SHROOM3 (57619),0.1606659659273122
EXP_PPP2R2D (55844),0.16066530633750986
EXP_ZNF592 (9640),0.1606652903825987
EXP_ADRA2B (151),0.1606642662776956
EXP_TAF5L (27097),0.16066418617249756
EXP_FPGT (8790),0.16066331927318434
EXP_HDDC3 (374659),0.1606626468866157
EXP_RBM19 (9904),0.16066204018316466
EXP_NEURL4 (84461),0.1606618342472279
EXP_EBF4 (57593),0.16066182179961963
EXP_SELENOK (58515),0.160661286544725
EXP_OS9 (10956),0.16065898350907304
EXP_NPY4R (5540),0.1606586868780573
EXP_LY6K (54742),0.16065835265089223
EXP_FBRS (64319),0.1606562474633435
EXP_RRP7A (27341),0.1606528087895045
EXP_HOXC13 (3229),0.1606512601755279
EXP_LTV1 (84946),0.16065034652191645
EXP_ACTA2 (59),0.1606499697498407
EXP_USP15 (9958),0.160649573130339
EXP_TMEM121 (80757),0.16064955605038111
EXP_SUPT5H (6829),0.160648571592775
EXP_PCBP4 (57060),0.16064788925613716
EXP_RPL39L (116832),0.16064713407619813
EXP_GAL3ST4 (79690),0.16064645913742304
EXP_ASNS (440),0.16064629804140207
EXP_OVCA2 (124641),0.16064560844583298
EXP_AFAP1L2 (84632),0.160644979106638
EXP_TP53I11 (9537),0.1606440883374729
EXP_NPTN (27020),0.16064149130983196
EXP_INAVA (55765),0.1606400241765673
EXP_FOXL2NB (401089),0.16063867045171065
EXP_MEST (4232),0.16063830990011407
EXP_ZNF101 (94039),0.16063751074182164
EXP_PTPN23 (25930),0.16063693071200102
EXP_TMEM43 (79188),0.1606357277318491
EXP_LATS1 (9113),0.16063554073926323
EXP_EPC2 (26122),0.16063538073784756
EXP_P2RY6 (5031),0.16063372309504764
EXP_RELL1 (768211),0.16063285425693152
EXP_CRISPLD2 (83716),0.16063269122168933
EXP_PRCC (5546),0.16063259829160081
EXP_SLC25A10 (1468),0.16063224910297436
EXP_UNC5CL (222643),0.16063201582916964
EXP_C3orf52 (79669),0.16063175200095703
EXP_MDN1 (23195),0.16063051682461627
EXP_ISCA2 (122961),0.1606298806728068
EXP_KDM3B (51780),0.16062796809698998
EXP_BBS5 (129880),0.16062579113783482
EXP_ZDHHC20 (253832),0.16062380327661252
EXP_SLC25A21 (89874),0.1606236618854746
EXP_REEP3 (221035),0.16062283660040233
EXP_VANGL1 (81839),0.1606215389915846
EXP_BEX2 (84707),0.16061720956294323
EXP_GREB1 (9687),0.160612651077928
EXP_RPP25L (138716),0.16061233106618555
EXP_ZNF620 (253639),0.16061212478669695
EXP_NUP62CL (54830),0.16060946715785374
EXP_CTSL (1514),0.16060914914294866
EXP_RMDN2 (151393),0.16060879510780346
EXP_PSMC2 (5701),0.16060865939250402
EXP_TRIM38 (10475),0.1606084553441507
EXP_ATP2A2 (488),0.16060749788437345
EXP_TRIP12 (9320),0.1606055812800875
EXP_SIX5 (147912),0.16060406458318166
EXP_FNBP4 (23360),0.16060379370638067
EXP_ZMYM2 (7750),0.16060352972848246
EXP_SCARF1 (8578),0.16060339793454403
EXP_SLC13A3 (64849),0.16060305562712518
EXP_C1orf21 (81563),0.16060253049447226
EXP_ABCC4 (10257),0.16060251272433845
EXP_GALE (2582),0.16059995101855673
EXP_C1QL1 (10882),0.16059808767868056
EXP_CXCL8 (3576),0.16059599622795506
EXP_CLMP (79827),0.16059411348107666
EXP_CFAP206 (154313),0.16059409287301207
EXP_SH3BP5 (9467),0.16059381679396
EXP_GANC (2595),0.16059156741669423
EXP_ZNF239 (8187),0.16059056609768962
EXP_PON2 (5445),0.16058897614900403
EXP_NOM1 (64434),0.16058796712658108
EXP_ST14 (6768),0.1605873242859559
EXP_FNDC4 (64838),0.16058716332802714
EXP_IL7R (3575),0.1605869638718893
EXP_H6PD (9563),0.16058611455174
EXP_GPC1 (2817),0.16058577126375884
EXP_SECTM1 (6398),0.1605843056887748
EXP_APOC1 (341),0.16058408984422545
EXP_BEX3 (27018),0.16058378819758445
EXP_LCA5 (167691),0.16058348577268244
EXP_TMEM70 (54968),0.16058277562603696
EXP_SCPEP1 (59342),0.16058263218963198
EXP_RNF149 (284996),0.1605820420874302
EXP_CYBC1 (79415),0.16058174469820763
EXP_NKD2 (85409),0.16058167668746837
EXP_ST8SIA5 (29906),0.16057902258271728
EXP_RASSF9 (9182),0.1605772970548749
EXP_NCOA1 (8648),0.1605769381023201
EXP_ZNF615 (284370),0.16057543538915198
EXP_USE1 (55850),0.16057453969897484
EXP_CCP110 (9738),0.1605728781696909
EXP_RANBP10 (57610),0.1605704504771417
EXP_PTPRA (5786),0.16056984288549714
EXP_MRPL20 (55052),0.1605686346514128
EXP_CD2BP2 (10421),0.1605670912368673
EXP_PLD3 (23646),0.16056440302037345
EXP_RTN3 (10313),0.16056403914204864
EXP_ERO1A (30001),0.1605637404139486
EXP_ATG4C (84938),0.16056351866874863
EXP_CSNK1E (1454),0.16056317820955268
EXP_ATG16L2 (89849),0.16056191389276098
EXP_NUP155 (9631),0.16055967624934375
EXP_CEP120 (153241),0.16055917412355303
EXP_CEP55 (55165),0.1605589861140153
EXP_BEGAIN (57596),0.1605587336839065
EXP_GALR2 (8811),0.16055805828673364
EXP_BTK (695),0.1605574091482609
EXP_HLA-E (3133),0.16055692031237712
EXP_ZNF579 (163033),0.1605537452070216
EXP_GYPC (2995),0.16055154858160403
EXP_EIF4E2 (9470),0.16055059446707887
EXP_SNX17 (9784),0.16054939498354237
EXP_TRIM24 (8805),0.16054897525843703
EXP_ANXA8L1 (728113),0.16054897500638265
EXP_CSTF2 (1478),0.16054887632504933
EXP_ZNF672 (79894),0.1605480818631957
EXP_NHLRC3 (387921),0.16054554633351792
EXP_EYS (346007),0.16054382744543627
EXP_KDM5C (8242),0.16054345248221402
EXP_PDGFD (80310),0.160543315008999
EXP_KLC2 (64837),0.16053780942690832
EXP_PCLAF (9768),0.1605376119607831
EXP_MAP3K2 (10746),0.16053758066178414
EXP_CAP1 (10487),0.16053719384618237
EXP_KLHL2 (11275),0.16053648270233634
EXP_PPIE (10450),0.1605350265636334
EXP_ARL4D (379),0.16053456742972383
EXP_METTL1 (4234),0.1605340386911518
EXP_AGBL5 (60509),0.16053306962276626
EXP_CCDC77 (84318),0.16053147899929066
EXP_FBXO15 (201456),0.16053143431107308
EXP_COG8 (84342),0.16053132879011578
EXP_BMPR1B (658),0.16053026443277574
EXP_RCCD1 (91433),0.1605298551517098
EXP_SBSPON (157869),0.1605291170976093
EXP_CCDC65 (85478),0.16052904947953905
EXP_TASOR (23272),0.16052739655905235
EXP_INSR (3643),0.16052689110967755
EXP_USP50 (373509),0.1605247079507821
EXP_DOK7 (285489),0.16052395565359223
EXP_NUDT7 (283927),0.1605215236733919
EXP_USP14 (9097),0.1605207738635599
EXP_LMBR1 (64327),0.1605203164783351
EXP_TAF9 (6880),0.16051835867333253
EXP_TCF3 (6929),0.1605175725656922
EXP_NDUFB2 (4708),0.16051658281230452
EXP_HSF2BP (11077),0.1605154872108283
EXP_ZNF707 (286075),0.16051280492772513
EXP_HSF1 (3297),0.16051181224606914
EXP_AKTIP (64400),0.1605112173323766
EXP_CCDC74B (91409),0.16051003918281292
EXP_CDC34 (997),0.16050954423386798
EXP_BCAR1 (9564),0.1605093643883846
EXP_SERINC2 (347735),0.1605064716044602
EXP_TRAPPC1 (58485),0.16050519150310993
EXP_UHRF2 (115426),0.1605051318412869
EXP_STMN3 (50861),0.16050335093945378
EXP_NOC4L (79050),0.16050261738414662
EXP_POMT1 (10585),0.16050211521397628
EXP_RTN2 (6253),0.1605018997837302
EXP_TMEM198 (130612),0.16050144461117277
EXP_ATXN2 (6311),0.16050141520202832
EXP_NUP54 (53371),0.16049820644865154
EXP_WNK1 (65125),0.1604960596102467
EXP_SLX4 (84464),0.16049526729149033
EXP_APOOL (139322),0.1604940764688374
EXP_RAB40B (10966),0.1604928644903012
EXP_PTAR1 (375743),0.16049279074695377
EXP_ANKS1A (23294),0.16049203445864446
EXP_ZNF575 (284346),0.16049149854015887
EXP_RSRC1 (51319),0.1604885169230057
EXP_ZNF606 (80095),0.1604877531628448
EXP_IMPA2 (3613),0.16048689093883706
EXP_DDX21 (9188),0.16048420580153966
EXP_NAPG (8774),0.1604839893075729
EXP_IGFALS (3483),0.16048361641039577
EXP_SEMA4G (57715),0.16048352964894352
EXP_ELP4 (26610),0.1604833741963727
EXP_SIX1 (6495),0.1604814250531046
EXP_LDLRAD4 (753),0.16048142017183498
EXP_TNPO2 (30000),0.16048120562881518
EXP_MBD2 (8932),0.16047852077764269
EXP_SYCP3 (50511),0.16047712373403655
EXP_SLC34A3 (142680),0.16047707476310968
EXP_NDUFS5 (4725),0.1604740798444375
EXP_CMC2 (56942),0.16047352254888025
EXP_RRP15 (51018),0.16047257628704692
EXP_ZBTB42 (100128927),0.16047004129635223
EXP_FBXO7 (25793),0.1604698177337358
EXP_KCNN4 (3783),0.16046918018346368
EXP_SLC22A4 (6583),0.1604685084645201
EXP_FIGNL1 (63979),0.16046830678199253
EXP_NMNAT2 (23057),0.16046669932683866
EXP_LXN (56925),0.16046597508618277
EXP_ZNF891 (101060200),0.1604630354522385
EXP_HTT (3064),0.16046237944020003
EXP_IGSF9 (57549),0.1604610495136587
EXP_RRAGA (10670),0.1604605988426604
EXP_GPT2 (84706),0.16046040093127
EXP_STYXL1 (51657),0.16045835986887003
EXP_STEAP2 (261729),0.16045206236552279
EXP_ZNF230 (7773),0.1604495061543103
EXP_SKP1 (6500),0.16044924640958147
EXP_RIN3 (79890),0.16044911946017582
EXP_RCAN1 (1827),0.1604490612898628
EXP_EMC4 (51234),0.1604489870664212
EXP_LCP1 (3936),0.16044773757784725
EXP_CFP (5199),0.1604475867900188
EXP_RLIM (51132),0.16044562061499423
EXP_CTAGE9 (643854),0.16044521648702226
EXP_RRAGC (64121),0.160445072968308
EXP_BRF2 (55290),0.1604417831819216
EXP_NARF (26502),0.1604410546127948
EXP_DOK3 (79930),0.16044103735178084
EXP_DAAM1 (23002),0.16044029285454897
EXP_NIBAN1 (116496),0.1604377696065482
EXP_THAP11 (57215),0.16043701623862638
EXP_CCDC71 (64925),0.16043664239317046
EXP_RXFP4 (339403),0.16043580895668264
EXP_ATP5MK (84833),0.16043394927133026
EXP_METTL8 (79828),0.16043383761046126
EXP_P3H4 (10609),0.16043301911698205
EXP_TMX2 (51075),0.1604323877025564
EXP_SOWAHD (347454),0.1604321429587321
EXP_ASB16 (92591),0.16043115816989317
EXP_MT-CO1 (4512),0.1604304165143633
EXP_ZBTB34 (403341),0.1604292766378288
EXP_MMS19 (64210),0.16042830356393178
EXP_FSBP (100861412),0.16042710035337393
EXP_SYK (6850),0.16042675674551354
EXP_JPT1 (51155),0.16042539805063072
EXP_ZNF845 (91664),0.16042515558813442
EXP_SPATA12 (353324),0.16042406736185555
EXP_RPL18A (6142),0.16042325521269785
EXP_MR1 (3140),0.1604229984161485
EXP_NR2C2AP (126382),0.1604218785958178
EXP_CLDN1 (9076),0.1604211535704767
EXP_STX19 (415117),0.16042069113856083
EXP_LRP4 (4038),0.1604181347958722
EXP_BTBD9 (114781),0.1604140258499367
EXP_MAP3K9 (4293),0.16041335142959134
EXP_COP1 (64326),0.16041248038531286
EXP_PACS1 (55690),0.16041054679655176
EXP_CYP3A5 (1577),0.16040977112062027
EXP_CPLANE2 (79363),0.16040831241324582
EXP_IL17RD (54756),0.1604075751080849
EXP_ARL15 (54622),0.16040756762663033
EXP_MRM2 (29960),0.16040714854673777
EXP_PTS (5805),0.16040683540191747
EXP_KRT13 (3860),0.16040539809592147
EXP_WWP2 (11060),0.16040388520267346
EXP_GRK2 (156),0.16040318131564746
EXP_SCN9A (6335),0.160402332392386
EXP_CCDC136 (64753),0.16040202793924507
EXP_RNF14 (9604),0.16040160607331444
EXP_RAPGEF4 (11069),0.16040075569907764
EXP_PARP16 (54956),0.16039765311697707
EXP_GASK1B (51313),0.1603969347802856
EXP_ARHGAP29 (9411),0.16039688438914368
EXP_COL9A2 (1298),0.16039595699789455
EXP_MB21D2 (151963),0.16039414668742857
EXP_TMEM218 (219854),0.1603922421553543
EXP_PATJ (10207),0.16039191991788293
EXP_STAG3 (10734),0.16039090013054658
EXP_TPD52 (7163),0.16038817358694768
EXP_SAAL1 (113174),0.1603849575942471
EXP_QPCTL (54814),0.1603849390017178
EXP_GSE1 (23199),0.16038479805800598
EXP_PHACTR3 (116154),0.16038363876213246
EXP_GNL3L (54552),0.1603806389960365
EXP_COPZ1 (22818),0.16037988638382217
EXP_MRPS15 (64960),0.160377059190842
EXP_UBE3B (89910),0.16037420130706703
EXP_RBM5 (10181),0.1603738911338608
EXP_DPH3 (285381),0.16037312425303085
EXP_CFAP69 (79846),0.16037154760887695
EXP_NAA80 (24142),0.1603715258249645
EXP_ATXN1 (6310),0.16037069201066156
EXP_TAFAZZIN (6901),0.1603688177930609
EXP_SEC23IP (11196),0.16036732266110576
EXP_C1orf53 (388722),0.16036576807804614
EXP_KCNS2 (3788),0.16036531705631774
EXP_ZNF221 (7638),0.16036303630787874
EXP_RAB20 (55647),0.16036231156149938
EXP_MTFR1L (56181),0.16036037304068884
EXP_YPEL2 (388403),0.16035971686891415
EXP_CD164 (8763),0.16035969146026297
EXP_MBIP (51562),0.1603595717997539
EXP_ADPRS (54936),0.1603588314671791
EXP_FCSK (197258),0.16035828457101609
EXP_CACHD1 (57685),0.1603582812037665
EXP_UTP14A (10813),0.16035706374882075
EXP_SPNS1 (83985),0.160356447769038
EXP_NOTCH2NLR (101929796),0.16035594901704187
EXP_RP2 (6102),0.16035520131315995
EXP_H2AC6 (8334),0.16035494318985233
EXP_ZFHX4 (79776),0.1603544014700864
EXP_UBA6 (55236),0.16035358467180583
EXP_LIN7C (55327),0.1603504426960285
EXP_YY1 (7528),0.16035037777464467
EXP_CDK4 (1019),0.16034822248097313
EXP_TMEM37 (140738),0.16034773260356605
EXP_HSPD1 (3329),0.16034694145746187
EXP_ARHGAP22 (58504),0.16034202685502397
EXP_TSSK2 (23617),0.1603394614617102
EXP_APBB3 (10307),0.16033664440213702
EXP_ARK2N (147339),0.16033565811077732
EXP_TMTC1 (83857),0.1603322474931641
EXP_SIN3A (25942),0.1603319802934342
EXP_RPUSD1 (113000),0.16033087248795663
EXP_GRAMD4 (23151),0.1603306188465945
EXP_MNS1 (55329),0.16033037869965305
EXP_BZW1 (9689),0.1603300780827528
EXP_GRB10 (2887),0.16032958639396266
EXP_MARCKSL1 (65108),0.16032549966238996
EXP_SCN8A (6334),0.16032508240563192
EXP_MICALL1 (85377),0.1603250100128255
EXP_RENBP (5973),0.16032425808938555
EXP_FADS1 (3992),0.16032172443142034
EXP_NAGPA (51172),0.16032004628287844
EXP_PDGFRA (5156),0.16032001489495773
EXP_PLEKHD1 (400224),0.16031938448377225
EXP_S100A4 (6275),0.16031936895590082
EXP_CDK12 (51755),0.16031846128513116
EXP_CREB3L2 (64764),0.16031770446952187
EXP_ANAPC11 (51529),0.16031741391026877
EXP_BCAS3 (54828),0.16031615997262527
EXP_FOXRED2 (80020),0.16031591042393778
EXP_UGDH (7358),0.16031556173887918
EXP_DPP9 (91039),0.1603154818703061
EXP_PSORS1C1 (170679),0.16031513627748595
EXP_KIAA0930 (23313),0.16031431409664165
EXP_KCNAB1 (7881),0.16031388158859539
EXP_BAK1 (578),0.16031363388122966
EXP_UBE2K (3093),0.16031161745774902
EXP_STAMBP (10617),0.16031099561185247
EXP_PIPOX (51268),0.16030872377861982
EXP_DICER1 (23405),0.16030779600297684
EXP_GDPGP1 (390637),0.1603071371628184
EXP_AHCYL2 (23382),0.16030650580744066
EXP_MRRF (92399),0.16030565325045032
EXP_SFXN3 (81855),0.16030385749695597
EXP_CCDC180 (100499483),0.16030324901946535
EXP_C16orf86 (388284),0.1603011503857834
EXP_TRIM13 (10206),0.16030010654188853
EXP_MFSD1 (64747),0.16029925738011475
EXP_TCN2 (6948),0.1602990455128257
EXP_NDUFS4 (4724),0.16029627255494905
EXP_PIK3R4 (30849),0.16029592221893108
EXP_RPS13 (6207),0.16029503375879894
EXP_FIGN (55137),0.16029373698435556
EXP_HSPA1A (3303),0.1602930927513988
EXP_PGM2 (55276),0.1602912978526927
EXP_TRIM7 (81786),0.16028946081205575
EXP_MACROD2 (140733),0.1602893740472755
EXP_TFCP2L1 (29842),0.1602887168696565
EXP_ZNF324 (25799),0.1602880921316805
EXP_FSD2 (123722),0.16028642082200495
EXP_CDKN2A (1029),0.16028199169219004
EXP_PGP (283871),0.1602819887526703
EXP_GINS4 (84296),0.16028074420142335
EXP_YBEY (54059),0.16028036023159586
EXP_TRAF2 (7186),0.1602787786835389
EXP_EIF3A (8661),0.16027841583927138
EXP_COX7B (1349),0.1602761559190764
EXP_DNAJC7 (7266),0.1602759398226672
EXP_SLC23A1 (9963),0.16027585427603075
EXP_PISD (23761),0.1602741619482666
EXP_ZBTB18 (10472),0.1602736746175486
EXP_AMOT (154796),0.16027157262665082
EXP_RNF128 (79589),0.16027156885510951
EXP_WASF3 (10810),0.1602704289476673
EXP_TTC31 (64427),0.1602666128526664
EXP_TFB2M (64216),0.1602646090884008
EXP_SH2D6 (284948),0.16026433481559899
EXP_GLIS2 (84662),0.16026374592447912
EXP_IL23A (51561),0.16026142979571567
EXP_TBCCD1 (55171),0.16026106234399773
EXP_NT5DC2 (64943),0.16026077181888354
EXP_GPR78 (27201),0.1602601248446307
EXP_DUSP7 (1849),0.1602597603423419
EXP_PUM1 (9698),0.16025622861593813
EXP_TMEM184C (55751),0.16025552283805844
EXP_KIAA1217 (56243),0.1602540807666477
EXP_SPDYE10 (643862),0.1602533886428148
EXP_BCL7C (9274),0.16025255980509012
EXP_NDUFAF1 (51103),0.16025254628433494
EXP_MED31 (51003),0.16025246797262938
EXP_KAT8 (84148),0.16025242833701103
EXP_LY75 (4065),0.1602520968647525
EXP_TCFL5 (10732),0.16025147298378783
EXP_ETV7 (51513),0.16025131841920448
EXP_HIKESHI (51501),0.16024956521203126
EXP_TRABD2B (388630),0.16024854279967737
EXP_NACA (4666),0.16024798023983244
EXP_RAD18 (56852),0.1602477952070247
EXP_CSRNP2 (81566),0.16024694965164432
EXP_LVRN (206338),0.1602465439869265
EXP_LSM8 (51691),0.16024651740981
EXP_RDH13 (112724),0.16024504698769526
EXP_PARS2 (25973),0.16024358528936666
EXP_PRRG2 (5639),0.16024249411243474
EXP_RNF167 (26001),0.16024233013639133
EXP_PBDC1 (51260),0.1602417585837861
EXP_MPND (84954),0.16024173080066273
EXP_FARS2 (10667),0.16023895445801806
EXP_MARVELD3 (91862),0.16023886582287794
EXP_DUSP19 (142679),0.16023760821249144
EXP_PHTF1 (10745),0.1602373733100233
EXP_SPHK2 (56848),0.1602370576921368
EXP_FBL (2091),0.1602360990892544
EXP_TUBB (203068),0.16023548086024952
EXP_SUPT20H (55578),0.16023533635578335
EXP_ABCB6 (10058),0.16023505587111408
EXP_CPOX (1371),0.1602337789235886
EXP_ESR1 (2099),0.16023364675696072
EXP_UCN (7349),0.16023326068646782
EXP_H2BC14 (8342),0.16023188074602945
EXP_ANGPTL4 (51129),0.16023144158212776
EXP_PRDM8 (56978),0.16023049941996081
EXP_TOE1 (114034),0.1602300556991132
EXP_FAHD2A (51011),0.16023003174830386
EXP_DNASE1L2 (1775),0.1602290926093053
EXP_HERC2 (8924),0.16022875013899185
EXP_DRAM2 (128338),0.16022847744868507
EXP_ETFB (2109),0.16022829812273542
EXP_PEBP1 (5037),0.16022597268888106
EXP_PTPRN2 (5799),0.16022294638723267
EXP_CS (1431),0.1602228895085238
EXP_STRA6 (64220),0.16022241519004687
EXP_TYW1 (55253),0.1602217539023636
EXP_MED12 (9968),0.1602215006030958
EXP_SLC25A16 (8034),0.16022112831585567
EXP_FAM169A (26049),0.16022101667328847
EXP_NUP43 (348995),0.1602207247415297
EXP_BBOF1 (80127),0.16022025923633
EXP_USP43 (124739),0.1602189519234134
EXP_UBN1 (29855),0.1602184835406124
EXP_RASSF5 (83593),0.16021813767946025
EXP_SALL4 (57167),0.16021625864108113
EXP_RAC2 (5880),0.16021465826703807
EXP_TIGD4 (201798),0.16021411184162915
EXP_ULK3 (25989),0.1602133134026511
EXP_TMC7 (79905),0.1602109252304995
EXP_FLNB (2317),0.16020869415934946
EXP_ADD1 (118),0.1602084845128795
EXP_MINDY3 (80013),0.1602077568629161
EXP_DCHS1 (8642),0.16020748015712805
EXP_CENPX (201254),0.1602072868919766
EXP_YJU2 (55702),0.16020676420444424
EXP_DDO (8528),0.1602060647776975
EXP_PPP1R16A (84988),0.1602054747106303
EXP_PPP3CA (5530),0.16020424583939086
EXP_PTPRCAP (5790),0.16020226021192574
EXP_CSTF3 (1479),0.16020211035311682
EXP_SPDYE17 (102723849),0.16020152616709638
EXP_PCMT1 (5110),0.16020148468155693
EXP_SMAD6 (4091),0.16019964014791377
EXP_NBL1 (4681),0.16019803341127936
EXP_PRICKLE3 (4007),0.16019657923022024
EXP_DAGLB (221955),0.16019630971404286
EXP_PGAP4 (84302),0.1601961224665729
EXP_RNF130 (55819),0.16019597599244584
EXP_MPV17L (255027),0.16019597299408606
EXP_CABP4 (57010),0.16019488868383291
EXP_GPR18 (2841),0.1601944601200067
EXP_EGLN2 (112398),0.16019391208754374
EXP_TMEM86B (255043),0.1601936657464984
EXP_ARHGAP11B (89839),0.16019063768814856
EXP_FKBP15 (23307),0.16019044137865102
EXP_SLC7A5 (8140),0.1601888968622811
EXP_EXPH5 (23086),0.16018842218111917
EXP_MAPKAPK2 (9261),0.16018779282656936
EXP_QSER1 (79832),0.16018741268045034
EXP_SLC67A1 (5002),0.1601863294615642
EXP_SRP9 (6726),0.16018543946144526
EXP_IFI27 (3429),0.16018441453422216
EXP_SPART (23111),0.16018322756988468
EXP_FAM76B (143684),0.16018248816696268
EXP_PAPSS2 (9060),0.16018073606993344
EXP_PIGH (5283),0.16017907390203767
EXP_GLMN (11146),0.1601789730974552
EXP_TEDC1 (283643),0.1601785902374857
EXP_PSMD12 (5718),0.16017809947393147
EXP_ETS2 (2114),0.16017677859437462
EXP_FCHO1 (23149),0.16017673933834686
EXP_FRS3 (10817),0.1601741888749757
EXP_SPG21 (51324),0.16017391490177868
EXP_IPPK (64768),0.1601738783524711
EXP_STK16 (8576),0.1601736550425592
EXP_NCBP2 (22916),0.16017286242465634
EXP_ARMCX3 (51566),0.16017280886102103
EXP_PEX19 (5824),0.1601714813944115
EXP_TUFT1 (7286),0.1601711045777341
EXP_ARL17B (100506084),0.1601694325601919
EXP_ACOT11 (26027),0.16016892380827397
EXP_HEATR3 (55027),0.16016794792076272
EXP_RPS6KA4 (8986),0.160166991491403
EXP_RPAP1 (26015),0.1601663328599754
EXP_GNG7 (2788),0.1601659688077035
EXP_MZT1 (440145),0.16016587397677462
EXP_TMEM164 (84187),0.16016520393667477
EXP_CYP51A1 (1595),0.1601644335940966
EXP_FBXO5 (26271),0.16016011989316503
EXP_YPEL4 (219539),0.16015868135945155
EXP_ACVR1 (90),0.16015866622452624
EXP_REEP2 (51308),0.16015804605799566
EXP_HYDIN (54768),0.160157678758428
EXP_NHERF1 (9368),0.1601553721868907
EXP_RPL7L1 (285855),0.16015470891637307
EXP_SHC4 (399694),0.16015332413102445
EXP_WNT7A (7476),0.1601526973834
EXP_C11orf21 (29125),0.16015081064298098
EXP_SLC25A23 (79085),0.1601486708363442
EXP_DCN (1634),0.1601471991634833
EXP_PMM2 (5373),0.16014675471002615
EXP_HSPBAP1 (79663),0.1601465234783639
EXP_XRCC5 (7520),0.1601453423718775
EXP_COQ10A (93058),0.16014471906223804
EXP_RPP30 (10556),0.16014417018371851
EXP_SLC41A2 (84102),0.1601437393326126
EXP_AGAP5 (729092),0.16014219472131597
EXP_ZNF773 (374928),0.16014133621727744
EXP_ENKUR (219670),0.16013953925664826
EXP_CHIC1 (53344),0.16013852465536704
EXP_GNAS (2778),0.16013810994987931
EXP_DNAJC27 (51277),0.16013759463460442
EXP_CCDC107 (203260),0.160135928626012
EXP_ITPR2 (3709),0.16013527179825093
EXP_TP53 (7157),0.16013467826216043
EXP_PSD4 (23550),0.16013331792463958
EXP_TGM1 (7051),0.1601319352351931
EXP_CCDC33 (80125),0.16013065029528928
EXP_CENATAC (338657),0.16012997682781904
EXP_TNNI2 (7136),0.1601294657686818
EXP_MRTO4 (51154),0.16012675103298513
EXP_PLXDC1 (57125),0.16012652947638628
EXP_ARPC1B (10095),0.16012178476454153
EXP_FOXD1 (2297),0.1601192252708037
EXP_OPLAH (26873),0.1601191020739261
EXP_KCTD3 (51133),0.16011869235816878
EXP_RAP1GAP (5909),0.1601144036382678
EXP_C13orf46 (100507747),0.16011403685048986
EXP_ULK1 (8408),0.16011401258967517
EXP_HERPUD1 (9709),0.16011155816184264
EXP_STX10 (8677),0.16011119830133413
EXP_ARGLU1 (55082),0.16010873760769861
EXP_TMEM240 (339453),0.16010782289076175
EXP_ESR2 (2100),0.1601037113814998
EXP_RPUSD3 (285367),0.1601029792602029
EXP_NRROS (375387),0.16009977266610775
EXP_CBX7 (23492),0.16009920934942823
EXP_CATSPERE (257044),0.1600976318610572
EXP_SRC (6714),0.16009731878712863
EXP_BSDC1 (55108),0.16009610735687474
EXP_NAIF1 (203245),0.16009610524754603
EXP_ARHGEF10 (9639),0.16009578111302858
EXP_BOLA2 (552900),0.16009554513189972
EXP_RIOX2 (84864),0.16009418658207686
EXP_TEKTIP1 (100128569),0.16009348203957163
EXP_ZNF563 (147837),0.16009184511489405
EXP_KMT5B (51111),0.1600917101287065
EXP_ASCC1 (51008),0.16008970059255567
EXP_CNOT4 (4850),0.1600894129271424
EXP_RGMB (285704),0.1600866939557406
EXP_DCTN2 (10540),0.1600856823858292
EXP_VRK3 (51231),0.16008330117951264
EXP_THEMIS2 (9473),0.16008329530154342
EXP_RTL10 (79680),0.1600822429996427
EXP_PEX11B (8799),0.16007884047505705
EXP_FBXO6 (26270),0.16007762244492785
EXP_EPHB1 (2047),0.1600773673906355
EXP_NDUFS3 (4722),0.1600773090342269
EXP_IGDCC4 (57722),0.16007725122375938
EXP_RNF115 (27246),0.16007684030484004
EXP_TSPAN3 (10099),0.16007431975545483
EXP_RAP2C (57826),0.1600743168897356
EXP_RNF144A (9781),0.16007369692819484
EXP_MSI2 (124540),0.1600732376379801
EXP_RBM26 (64062),0.16007218716754057
EXP_ATE1 (11101),0.16007023323299663
EXP_AMDHD2 (51005),0.16006963267755925
EXP_CEP170 (9859),0.16006800902309504
EXP_ZC3H14 (79882),0.16006545819062712
EXP_ROCK2 (9475),0.16006456515886658
EXP_BORCS7 (119032),0.16006294831911294
EXP_WBP4 (11193),0.16006105717462304
EXP_ADCY6 (112),0.16005821181802915
EXP_PSMD13 (5719),0.16005799390405162
EXP_RAB17 (64284),0.16005661710274488
EXP_GPR146 (115330),0.16005611334019587
EXP_COL28A1 (340267),0.16005501949980783
EXP_PARL (55486),0.16005426904571696
EXP_PYGL (5836),0.16005379654781393
EXP_F12 (2161),0.16005351130716505
EXP_PYCR3 (65263),0.16004919645019466
EXP_PLIN1 (5346),0.16004827844859104
EXP_STC2 (8614),0.16004811294649457
EXP_SLC9A7 (84679),0.16004471776690288
EXP_FGFR4 (2264),0.16004147800584967
EXP_CUL7 (9820),0.16004076408314205
EXP_POF1B (79983),0.16003950936453215
EXP_ATP8B2 (57198),0.16003841094805793
EXP_CHORDC1 (26973),0.16003634236943398
EXP_SLC37A3 (84255),0.16003600575179
EXP_U2AF2 (11338),0.16003571298360608
EXP_TFB1M (51106),0.16003431603798823
EXP_PP2D1 (151649),0.16003286834477937
EXP_THBS3 (7059),0.16003275893728564
EXP_EPHX4 (253152),0.16002991655479715
EXP_POLR3GL (84265),0.16002919863974618
EXP_ACKR4 (51554),0.16002754475584968
EXP_B4GALT6 (9331),0.1600269572323283
EXP_KIF1A (547),0.16002430558875247
EXP_GOLM1 (51280),0.16002262958074098
EXP_USP4 (7375),0.16002163125413826
EXP_WDR55 (54853),0.1600210060651781
EXP_FAM117B (150864),0.1600201098774594
EXP_SVIP (258010),0.1600192131717293
EXP_RCN3 (57333),0.16001909069816378
EXP_TCAIM (285343),0.16001853033154312
EXP_GEMIN8 (54960),0.16001829053217786
EXP_ZNF43 (7594),0.1600178883963359
EXP_EIF2AK2 (5610),0.1600171562457655
EXP_TTF1 (7270),0.16001696101025686
EXP_ARPC4 (10093),0.1600167946542319
EXP_THRB (7068),0.16001527636781354
EXP_MAPK15 (225689),0.16001282842083953
EXP_ABCC6 (368),0.1600127633154944
EXP_TMEM59L (25789),0.1600127338368882
EXP_RERE (473),0.16001180175871976
EXP_MTA3 (57504),0.1600106582102665
EXP_ENC1 (8507),0.16000828895600883
EXP_AEBP2 (121536),0.16000816324395117
EXP_IL7 (3574),0.1600069780495268
EXP_DERL3 (91319),0.16000677833878463
EXP_PLCG2 (5336),0.16000576478509831
EXP_STRN4 (29888),0.1600049914487558
EXP_CBR1 (873),0.16000233006031728
EXP_RECQL (5965),0.16000088878725105
EXP_NUP205 (23165),0.16000043447863987
EXP_H2BC13 (8340),0.1599997314556756
EXP_PIK3C2B (5287),0.15999880418204526
EXP_SPDYA (245711),0.15999831734092584
EXP_SFXN2 (118980),0.1599943416049312
EXP_GPBAR1 (151306),0.15999323642550678
EXP_UBA2 (10054),0.15999314639893747
EXP_GATAD2A (54815),0.1599924746148993
EXP_SYNJ1 (8867),0.15999103332052034
EXP_S100A6 (6277),0.1599893039370981
EXP_ATP6V1D (51382),0.15998921094012264
EXP_QSOX1 (5768),0.15998796951886796
EXP_ELMO3 (79767),0.15998600400893537
EXP_WHAMM (123720),0.15998477905882247
EXP_SENP5 (205564),0.15998415627965468
EXP_TULP3 (7289),0.15998307425938663
EXP_SLC30A6 (55676),0.15998304287776843
EXP_SLC35D1 (23169),0.1599817142751423
EXP_SRMS (6725),0.15997959713417043
EXP_ZCRB1 (85437),0.15997864389622407
EXP_ZBTB37 (84614),0.15997819290821447
EXP_PLA2G15 (23659),0.1599770867024901
EXP_MYH7B (57644),0.15997340804713733
EXP_DECR1 (1666),0.15997275552225698
EXP_STARD5 (80765),0.15997259050935408
EXP_NEIL2 (252969),0.1599723228602965
EXP_HDGF (3068),0.1599713239224716
EXP_SNX9 (51429),0.159969826639081
EXP_TIMM10 (26519),0.1599697860636251
EXP_CATIP (375307),0.15996954460072565
EXP_SRP54 (6729),0.15996875100673424
EXP_ZHX3 (23051),0.15996869703166805
EXP_CCDC102B (79839),0.15996841780732662
EXP_LMBR1L (55716),0.15996713996680523
EXP_CD70 (970),0.1599649297154233
EXP_EIF2S3 (1968),0.15996450143878427
EXP_CALCOCO1 (57658),0.15996441004174589
EXP_RSPH10B (222967),0.15996146489950647
EXP_AASDH (132949),0.15995881945439372
EXP_RELN (5649),0.15995876890304928
EXP_KCNB1 (3745),0.15995695171293445
EXP_MAK16 (84549),0.15995618282496604
EXP_SON (6651),0.1599545516035077
EXP_RAB15 (376267),0.15995324748680062
EXP_STK25 (10494),0.15995205828633363
EXP_GPR137 (56834),0.15995194928016776
EXP_SWI5 (375757),0.15995118951831166
EXP_ZBED1 (9189),0.15995118897182792
EXP_GPCPD1 (56261),0.15994991562092142
EXP_DAPK2 (23604),0.15994934323182175
EXP_RFNG (5986),0.15994658122376304
EXP_RBM23 (55147),0.15994650522910803
EXP_DOCK9 (23348),0.1599463116402422
EXP_RUFY2 (55680),0.1599447925006503
EXP_MAPK1 (5594),0.15994376265108645
EXP_ASAH1 (427),0.15994167769698908
EXP_ADGRB2 (576),0.15994163355074864
EXP_FBXO43 (286151),0.15994096869495067
EXP_MAP1S (55201),0.15993989034462874
EXP_SLC1A4 (6509),0.15993683618411314
EXP_TNRC6B (23112),0.15993526303542982
EXP_S100A13 (6284),0.1599348974723407
EXP_BRCA2 (675),0.15993375841196045
EXP_WNT9A (7483),0.1599292726583963
EXP_AP3B1 (8546),0.15992892804914138
EXP_MYO6 (4646),0.15992888808950667
EXP_TMEM163 (81615),0.15992807933156783
EXP_SORT1 (6272),0.15992768700088345
EXP_P2RY4 (5030),0.15992746449890927
EXP_GATA4 (2626),0.15992688447966685
EXP_GTPBP2 (54676),0.15992670969038247
EXP_SLC25A6 (293),0.1599248418042949
EXP_CYP4X1 (260293),0.15992448529693704
EXP_PACRGL (133015),0.15992324412144043
EXP_GJC3 (349149),0.15992082145471098
EXP_SENP8 (123228),0.159920696140337
EXP_C6orf52 (347744),0.1599181348002734
EXP_TOMM40L (84134),0.15991744208637293
EXP_KCNC1 (3746),0.15991738452480675
EXP_MCUR1 (63933),0.1599146033005523
EXP_ALKBH1 (8846),0.15991301242009204
EXP_RAB6C (84084),0.15991049337072472
EXP_LSM5 (23658),0.15990999027384678
EXP_GOLGA6L10 (647042),0.1599094291470573
EXP_LPXN (9404),0.15990712430644116
EXP_FAM20B (9917),0.15990564321332013
EXP_SETDB1 (9869),0.15990535492831714
EXP_FCHSD1 (89848),0.15990469850028077
EXP_UPF1 (5976),0.1599019088127145
EXP_PXDC1 (221749),0.15990137404352645
EXP_SLC35B1 (10237),0.1599012201463097
EXP_RASL11A (387496),0.1599008632249923
EXP_GRPEL1 (80273),0.15989810783554326
EXP_TMEM38A (79041),0.1598953375967591
EXP_SBNO2 (22904),0.1598950551236431
EXP_CACNB1 (782),0.1598938759930295
EXP_LARP4B (23185),0.15989368723180242
EXP_XPA (7507),0.1598929648712053
EXP_ATP5F1B (506),0.15988991627688165
EXP_HYLS1 (219844),0.15988961249254263
EXP_HNRNPH2 (3188),0.1598873500396465
EXP_ASAH2B (653308),0.15988400785934154
EXP_SRD5A3 (79644),0.1598824679527997
EXP_USP22 (23326),0.15988188150042948
EXP_BNIPL (149428),0.15988109689577268
EXP_STX5 (6811),0.159877994141441
EXP_MACROH2A1 (9555),0.15987702985679242
EXP_RPS23 (6228),0.15987687355048763
EXP_RNF41 (10193),0.15987588199728187
EXP_SMC6 (79677),0.15987325585623946
EXP_FHL1 (2273),0.15987250547183063
EXP_MAP3K14 (9020),0.15987230627577986
EXP_SMAD4 (4089),0.1598714960975247
EXP_ZNF70 (7621),0.15987128113951865
EXP_HMGB1 (3146),0.15987029420646692
EXP_GATA6 (2627),0.15986676431297386
EXP_NECAP1 (25977),0.15986453854831417
EXP_STING1 (340061),0.15985957482844615
EXP_ZNF774 (342132),0.15985905375499065
EXP_NLK (51701),0.159858855491116
EXP_TBC1D10A (83874),0.1598585892973441
EXP_SPIN2B (474343),0.15985787980373445
EXP_COL8A1 (1295),0.15985709880591337
EXP_ZNF331 (55422),0.1598570158715189
EXP_FHIP2B (64760),0.15985664964662227
EXP_TRMT10B (158234),0.159854323022806
EXP_AHNAK2 (113146),0.1598508836637258
EXP_EPB41L4B (54566),0.15984919404112485
EXP_KIAA1755 (85449),0.15984589095241297
EXP_LARP6 (55323),0.1598440675683941
EXP_CERS1 (10715),0.15984383070519925
EXP_ATPAF1 (64756),0.159843159479637
EXP_TMEM234 (56063),0.1598427631360826
EXP_FKBP11 (51303),0.15983983157683657
EXP_SAP18 (10284),0.15983926995689224
EXP_TMEM88 (92162),0.15983639338886224
EXP_PPP4R1 (9989),0.15983573039642884
EXP_EFNA1 (1942),0.15983561947020153
EXP_FDX2 (112812),0.15983515296454787
EXP_NTAQ1 (55093),0.1598348841639492
EXP_RAMACL (353267),0.15983427176837317
EXP_SMU1 (55234),0.1598327509973796
EXP_FGFR2 (2263),0.1598298797399984
EXP_CDCA2 (157313),0.15982870855270281
EXP_NAA38 (84316),0.1598278203418877
EXP_FABP5 (2171),0.15982759949542924
EXP_TNNT2 (7139),0.1598270889877842
EXP_UGCG (7357),0.15982508013645713
EXP_PRPF40A (55660),0.15982496175333338
EXP_COQ3 (51805),0.15982430082130517
EXP_LRRC45 (201255),0.1598242163908914
EXP_DAD1 (1603),0.15982362938251793
EXP_TONSL (4796),0.15982103137519044
EXP_GPR75 (10936),0.15982032685588532
EXP_CAVIN3 (112464),0.15981891343412968
EXP_GPR68 (8111),0.15981713807886155
EXP_SIPA1L3 (23094),0.1598166504575147
EXP_CLPTM1L (81037),0.15981629101084227
EXP_DTWD1 (56986),0.1598154696098728
EXP_ZCWPW2 (152098),0.15981456706136488
EXP_PPP1R10 (5514),0.15981441496766902
EXP_TELO2 (9894),0.15981295396130424
EXP_SUZ12 (23512),0.15981189474230106
EXP_RAB31 (11031),0.15980949325486282
EXP_ARIH1 (25820),0.15980939037054043
EXP_PPA2 (27068),0.15980932309618456
EXP_EIF3F (8665),0.159809243003588
EXP_YIPF2 (78992),0.1598041373596759
EXP_CREB5 (9586),0.1598032286306541
EXP_ATRIP (84126),0.15979608088145625
EXP_ITGA2 (3673),0.15979553338049612
EXP_HMGN4 (10473),0.15979417470527402
EXP_CD99 (4267),0.15979326675904115
EXP_ARRDC2 (27106),0.1597911300751429
EXP_EXT2 (2132),0.15979102741444784
EXP_UBXN8 (7993),0.15978844897397337
EXP_CDC42BPA (8476),0.15978696722766728
EXP_FBXO42 (54455),0.15978597694316754
EXP_C1orf115 (79762),0.15978370519553398
EXP_DGCR6L (85359),0.15978363314732835
EXP_MAN1A1 (4121),0.15978172830104231
EXP_NSUN2 (54888),0.1597809244514785
EXP_PLEKHF2 (79666),0.1597770522650901
EXP_MATN2 (4147),0.15977621743755233
EXP_FOXJ3 (22887),0.15977352948217582
EXP_ZNF219 (51222),0.15977277486498842
EXP_PLXNA1 (5361),0.15977191720677553
EXP_SHANK3 (85358),0.15976976293721545
EXP_LIME1 (54923),0.1597690222995638
EXP_FDX1 (2230),0.15976688045188414
EXP_TMPO (7112),0.15976577853207452
EXP_MCOLN3 (55283),0.1597653191994155
EXP_VGLL1 (51442),0.1597635019464949
EXP_ACSF2 (80221),0.15976322228509865
EXP_HOGA1 (112817),0.159762123232861
EXP_KDM5A (5927),0.15976197321447572
EXP_SCUBE1 (80274),0.1597615811079125
EXP_ZNF841 (284371),0.15976078853600306
EXP_SLC6A6 (6533),0.1597593088068603
EXP_PLA2G4C (8605),0.15975882938346064
EXP_MET (4233),0.15975830529116486
EXP_AOC2 (314),0.1597559158249071
EXP_WHRN (25861),0.1597541912838123
EXP_GAD1 (2571),0.15975366175763028
EXP_HOXB2 (3212),0.1597533237997535
EXP_PNKD (25953),0.15975150430192286
EXP_WDR91 (29062),0.159749988664041
EXP_UQCRFS1 (7386),0.15974916772553627
EXP_CCT3 (7203),0.15974829690441172
EXP_CCNB1 (891),0.15974809751244834
EXP_TM7SF2 (7108),0.15974694703587566
EXP_CIAO1 (9391),0.15974431589059002
EXP_CCDC71L (168455),0.1597435581945703
EXP_TAS2R20 (259295),0.15974292298581094
EXP_KAZALD1 (81621),0.1597417967886674
EXP_MOK (5891),0.15973848016021286
EXP_GOLPH3L (55204),0.15973810793304466
EXP_CISD3 (284106),0.1597377919704357
EXP_NOXA1 (10811),0.15973698917093682
EXP_BAIAP2 (10458),0.15973586721349964
EXP_ADORA2A (135),0.15973458135478236
EXP_ANGPT2 (285),0.1597341094259006
EXP_LPGAT1 (9926),0.15973330840710265
EXP_PRMT6 (55170),0.15973286281716348
EXP_CDC27 (996),0.1597325886108818
EXP_SGCE (8910),0.15973159056654218
EXP_GTDC1 (79712),0.15973082583545928
EXP_PLEKHM3 (389072),0.15972599060298087
EXP_SYNGR4 (23546),0.1597252828766722
EXP_REM2 (161253),0.15972410820019434
EXP_ADAMTS17 (170691),0.1597226217543728
EXP_PRXL2C (195827),0.1597214460718126
EXP_ALDOA (226),0.15972115395249187
EXP_CLDN16 (10686),0.1597200427327108
EXP_FANCC (2176),0.15971719136394302
EXP_AK8 (158067),0.15971582109660698
EXP_NMT1 (4836),0.15971536758896576
EXP_MTFR1 (9650),0.1597145502416879
EXP_CRACR2B (283229),0.159712062114032
EXP_AP4M1 (9179),0.1597118734656089
EXP_ANXA1 (301),0.15970913000643527
EXP_CDIN1 (84529),0.15970800200701696
EXP_MCM2 (4171),0.1597065573340899
EXP_TVP23B (51030),0.15970635127403643
EXP_NLGN2 (57555),0.1597057820598664
EXP_RAB6B (51560),0.15970487402408562
EXP_ELMO1 (9844),0.1597048588601604
EXP_MARCHF10 (162333),0.1597040603360682
EXP_PARP3 (10039),0.15970371748143286
EXP_HEMK1 (51409),0.15970352918897035
EXP_NOP58 (51602),0.15970287800676353
EXP_WSB2 (55884),0.1597003637622354
EXP_FAIM (55179),0.15969989303031618
EXP_BPTF (2186),0.15969925699320076
EXP_SMARCD2 (6603),0.15969783200618792
EXP_MBNL3 (55796),0.15969699610283428
EXP_DUSP23 (54935),0.1596930403636554
EXP_MAP2 (4133),0.1596928828525055
EXP_AFG2A (166378),0.15969162272829962
EXP_MYPOP (339344),0.1596900069084839
EXP_TXLNG (55787),0.15968805556951615
EXP_TRIM4 (89122),0.15968640902565046
EXP_TBC1D1 (23216),0.15968617760608517
EXP_ITGA3 (3675),0.15968410455224635
EXP_PTRHD1 (391356),0.15968285661087656
EXP_SLC22A5 (6584),0.15968265882970645
EXP_GNRHR (2798),0.15968159244046465
EXP_SMIM10L1 (100129361),0.1596813400207111
EXP_ETFDH (2110),0.15967657330142693
EXP_FAM219B (57184),0.15967468175036448
EXP_NUCKS1 (64710),0.159674532582752
EXP_ERMP1 (79956),0.15967345524014753
EXP_DNAJC2 (27000),0.15967345136431454
EXP_TBP (6908),0.1596731756813119
EXP_THBD (7056),0.15967127577530604
EXP_PI4K2B (55300),0.15967047512638644
EXP_ADTRP (84830),0.15966969048833946
EXP_FHIP1A (729830),0.15966939214713083
EXP_DIS3L2 (129563),0.1596684850351453
EXP_PDCD6 (10016),0.1596675230727289
EXP_DLEU7 (220107),0.15966628252284298
EXP_RLIG1 (91298),0.15966409154746675
EXP_SLC35B3 (51000),0.15966370555913123
EXP_ZC3H11B (643136),0.15966175700061402
EXP_SRP14 (6727),0.15965982228754783
EXP_CCHCR1 (54535),0.15965884167823585
EXP_AKIRIN1 (79647),0.159658449965435
EXP_AP2B1 (163),0.15965329362900338
EXP_UBE2N (7334),0.15964900818951744
EXP_ADNP2 (22850),0.15964782173046022
EXP_AKAP6 (9472),0.15964685877100493
EXP_CARMIL2 (146206),0.15964454711040865
EXP_NECTIN3 (25945),0.1596442045967299
EXP_NDUFS1 (4719),0.15964342311168078
EXP_USP30 (84749),0.15964307945175893
EXP_ZNF583 (147949),0.15964154732147762
EXP_NDUFAF5 (79133),0.1596403268246549
EXP_FANCM (57697),0.15963982816042321
EXP_RMND5B (64777),0.15963881427408388
EXP_NPIPB11 (728888),0.15963858693793398
EXP_ATOH8 (84913),0.15963462161535613
EXP_ZNF839 (55778),0.15963401548395595
EXP_UBL3 (5412),0.1596333178559588
EXP_TJAP1 (93643),0.15963313123692302
EXP_FDPS (2224),0.159632124404264
EXP_PPP1R11 (6992),0.1596304074944035
EXP_EXOSC5 (56915),0.15962861659251626
EXP_BTC (685),0.1596282700838616
EXP_HES2 (54626),0.15962601927894227
EXP_CDCA8 (55143),0.15962287868873126
EXP_PHETA1 (144717),0.15962129569259353
EXP_HEBP2 (23593),0.1596211423006917
EXP_SEMA4F (10505),0.15962093280570144
EXP_SLC7A2 (6542),0.15962066255550322
EXP_APAF1 (317),0.15962057678244523
EXP_NSUN4 (387338),0.15961904650283198
EXP_KCNMB3 (27094),0.15961869312556232
EXP_WARS2 (10352),0.15961808352516815
EXP_CES3 (23491),0.15961771043668183
EXP_SMIM8 (57150),0.15961685230666678
EXP_RUFY3 (22902),0.15961630256897408
EXP_WDR18 (57418),0.15961522979702636
EXP_NCOR1 (9611),0.1596152165521456
EXP_SETD4 (54093),0.1596145469195518
EXP_ARL4C (10123),0.1596112108690324
EXP_ZWILCH (55055),0.1596105441838267
EXP_POLI (11201),0.1596103629771175
EXP_MAMLD1 (10046),0.15961016869096234
EXP_TMEM120B (144404),0.1596096258224291
EXP_RNASEH2B (79621),0.15960770698957738
EXP_TTC3 (7267),0.159607406562424
EXP_RIMBP3 (85376),0.15960665917758554
EXP_CDYL2 (124359),0.15960353790828297
EXP_CLSPN (63967),0.1596022764115741
EXP_VDAC1 (7416),0.15960198027004946
EXP_DNER (92737),0.1595992423305006
EXP_RNF223 (401934),0.15959887217643587
EXP_TBX19 (9095),0.159597852643528
EXP_PPP4R3A (55671),0.15959692230807576
EXP_LIMS4 (100288695),0.15959591725050348
EXP_UBA3 (9039),0.15959520202840416
EXP_GOLGA8Q (727909),0.15959236114882103
EXP_ZNF16 (7564),0.15959166579845707
EXP_PELI2 (57161),0.1595905263442905
EXP_FNDC8 (54752),0.1595894810077958
EXP_MLX (6945),0.1595887357186907
EXP_SAMD4B (55095),0.15958829460126278
EXP_DTL (51514),0.1595854861811965
EXP_CTXN1 (404217),0.15958476597440185
EXP_PKP2 (5318),0.15958139693886242
EXP_KIRREL3 (84623),0.15957971254669356
EXP_OCLN (100506658),0.1595795237497084
EXP_NACC1 (112939),0.15957853593271842
EXP_GTF3C2 (2976),0.1595779690589767
EXP_GALNS (2588),0.1595760512265576
EXP_SCNM1 (79005),0.15957548761312967
EXP_TMEM150C (441027),0.1595754044093356
EXP_RCC2 (55920),0.15957530382164453
EXP_CD8A (925),0.15957470403159402
EXP_CWC25 (54883),0.15957258463570234
EXP_ADAMTS13 (11093),0.159572091402306
EXP_GXYLT2 (727936),0.1595719059633467
EXP_TMEM45A (55076),0.15957137763256313
EXP_RIMOC1 (285636),0.15957068691676657
EXP_SELENOM (140606),0.159569320787047
EXP_TADA2B (93624),0.15956915924980208
EXP_LAMTOR2 (28956),0.15956855005838744
EXP_AP3M2 (10947),0.15956829838372588
EXP_SPON2 (10417),0.1595679628878237
EXP_KDM6B (23135),0.15956789137641003
EXP_IL24 (11009),0.15956785746922808
EXP_MICAL2 (9645),0.15956670145538432
EXP_MRPL35 (51318),0.1595663819327653
EXP_ZZZ3 (26009),0.1595663477459004
EXP_PPM1B (5495),0.15956556022464152
EXP_HLA-DPA1 (3113),0.15956238046293425
EXP_GTF2E1 (2960),0.15956136807935284
EXP_TACR2 (6865),0.15956086100131728
EXP_TTK (7272),0.1595594250093475
EXP_ZNF721 (170960),0.15955898499952337
EXP_NPM2 (10361),0.15955761786281197
EXP_GMNN (51053),0.15955638921931126
EXP_PXDN (7837),0.15955563621994528
EXP_BCL9 (607),0.15955388288490546
EXP_SMG6 (23293),0.1595508672010899
EXP_CNKSR3 (154043),0.15954949710457722
EXP_KAT2A (2648),0.15954845836434384
EXP_ETV5 (2119),0.15954504665343006
EXP_DDX3Y (8653),0.1595433993199058
EXP_KHDRBS1 (10657),0.15954314082911658
EXP_KANTR (102723508),0.15954213637778025
EXP_APOM (55937),0.15954131780643266
EXP_RFT1 (91869),0.15953968016474818
EXP_ASB14 (142686),0.15953956884872955
EXP_PCNX4 (64430),0.15953722189670128
EXP_AMPD3 (272),0.15953692067457492
EXP_R3HCC1 (203069),0.15953649954531013
EXP_GABRR2 (2570),0.15953610191353462
EXP_CLSTN1 (22883),0.1595359621458634
EXP_EAF1 (85403),0.15953504061852453
EXP_HYPK (25764),0.15953485302283887
EXP_TICAM1 (148022),0.15953318460440347
EXP_EPHB6 (2051),0.15953282563127225
EXP_MANF (7873),0.15952840676857072
EXP_CDC73 (79577),0.15952814196030385
EXP_GSTA4 (2941),0.1595273068772025
EXP_BDP1 (55814),0.15952492797008055
EXP_GZF1 (64412),0.1595247964550115
EXP_MYOM3 (127294),0.1595228813705054
EXP_PLRG1 (5356),0.15952186044131
EXP_ZNF121 (7675),0.15952098898437672
EXP_TMPRSS4 (56649),0.15952072647673088
EXP_MTDH (92140),0.1595203396677718
EXP_MYO5B (4645),0.15951994353859877
EXP_SEPTIN4 (5414),0.15951731007745096
EXP_EPM2AIP1 (9852),0.15951675739604365
EXP_RPL23A (6147),0.15951660871603401
EXP_MMP25 (64386),0.15951493481358536
EXP_AHCTF1 (25909),0.15951401567948764
EXP_MYO9A (4649),0.15951376743313794
EXP_CRACR2A (84766),0.15951373086000586
EXP_LRAT (9227),0.15951300945302904
EXP_SPDYE9 (643909),0.15950979389418585
EXP_TRAPPC5 (126003),0.15950872221950174
EXP_ABCA13 (154664),0.1595075276770226
EXP_LURAP1L (286343),0.15950717587721552
EXP_OBSCN (84033),0.1595064509014552
EXP_STIL (6491),0.15950368325258601
EXP_IFT52 (51098),0.15950297747962594
EXP_ZNF429 (353088),0.15950254323836432
EXP_ATP13A3 (79572),0.15950230315393732
EXP_PHF23 (79142),0.15950209941645
EXP_JMJD6 (23210),0.15949765820699557
EXP_GSR (2936),0.15949756625674638
EXP_CASP1 (834),0.15949652494327804
EXP_C1QTNF6 (114904),0.15949617032853425
EXP_DOCK6 (57572),0.15949511332763233
EXP_E2F8 (79733),0.15949344758644557
EXP_NOP2 (4839),0.15949148744283992
EXP_EPN3 (55040),0.15948684876451313
EXP_TNFRSF10C (8794),0.1594843201878664
EXP_NT5DC1 (221294),0.15948404211333145
EXP_CDK19 (23097),0.15948328948078938
EXP_DCP2 (167227),0.15948214264756988
EXP_ASTE1 (28990),0.159481664781433
EXP_HDGFL3 (50810),0.1594806471865331
EXP_MYO18A (399687),0.15948015058308318
EXP_LHFPL2 (10184),0.1594794555641199
EXP_SHLD2 (54537),0.15947696373256814
EXP_GTF2B (2959),0.1594763716441321
EXP_EIF3M (10480),0.15947630071191465
EXP_CLN5 (1203),0.1594757022424531
EXP_C1orf74 (148304),0.15947502558990223
EXP_QTRT2 (79691),0.15947397214843484
EXP_COL14A1 (7373),0.15947278972837342
EXP_PIWIL2 (55124),0.15947227045883938
EXP_FBXO27 (126433),0.1594711469670358
EXP_IQUB (154865),0.1594678197309758
EXP_NIF3L1 (60491),0.1594665550991694
EXP_TK1 (7083),0.15946438652031958
EXP_MAGEA12 (4111),0.15946367709187736
EXP_CCN1 (3491),0.15946332701271082
EXP_ZNF223 (7766),0.15946273458132332
EXP_PRICKLE2 (166336),0.15945900320674244
EXP_BCL7B (9275),0.15945794239139222
EXP_DHX34 (9704),0.1594575719851994
EXP_FUT10 (84750),0.15945525475936329
EXP_KCNV2 (169522),0.15945459669732287
EXP_PPP1R27 (116729),0.15945383436363336
EXP_ACVR1C (130399),0.15945016812159718
EXP_IFFO1 (25900),0.15944997815193318
EXP_TINF2 (26277),0.15944893033909224
EXP_PGRMC1 (10857),0.15944871181112852
EXP_SPRY3 (10251),0.15944846623728992
EXP_NFASC (23114),0.1594483036450125
EXP_ESPN (83715),0.15944807083052215
EXP_INTS7 (25896),0.15944804134836943
EXP_DNAAF8 (146562),0.1594476154242459
EXP_TNFSF4 (7292),0.15944734708688557
EXP_FAM200B (285550),0.15944711958433366
EXP_APLP2 (334),0.1594469645913188
EXP_NABP1 (64859),0.15944649805550082
EXP_ACHE (43),0.15944547532463726
EXP_SLC30A5 (64924),0.15944444420814818
EXP_RRAGD (58528),0.15944219073974963
EXP_NOP10 (55505),0.15944130464822504
EXP_GABRE (2564),0.1594396037292345
EXP_METTL14 (57721),0.15943905972101913
EXP_OSGIN1 (29948),0.15943799614642984
EXP_SLC38A2 (54407),0.15943796369811292
EXP_QKI (9444),0.1594363463131243
EXP_RNF141 (50862),0.15943490734930954
EXP_WDR86 (349136),0.15943427124441456
EXP_TRIM21 (6737),0.15943282546267845
EXP_BMP2 (650),0.15943184391804177
EXP_TMEM266 (123591),0.15943087227054864
EXP_CREBL2 (1389),0.1594304407012599
EXP_VBP1 (7411),0.15942989133210173
EXP_SMC1A (8243),0.15942856260155747
EXP_CIBAR1 (137392),0.15942812618080549
EXP_SPDYE18 (100505767),0.1594266700001965
EXP_LHFPL5 (222662),0.15942472490101522
EXP_DCAF16 (54876),0.15942446126990006
EXP_NDUFA3 (4696),0.15942339728429644
EXP_NMU (10874),0.1594221529241313
EXP_RBMX (27316),0.15942012194685073
EXP_TLDC2 (140711),0.15941810468306983
EXP_SLC25A29 (123096),0.15941787304387045
EXP_DNAJB5 (25822),0.1594175713854682
EXP_PIGL (9487),0.15941718405398753
EXP_TBC1D8 (11138),0.1594142061082433
EXP_RAB4B (53916),0.15941403324050896
EXP_HUWE1 (10075),0.15941012217974215
EXP_TNFSF10 (8743),0.15940969227919588
EXP_SBK1 (388228),0.1594089641516483
EXP_GNG5B (347687),0.1594064190131954
EXP_NALF1 (728215),0.15940415752165027
EXP_DIP2C (22982),0.15940317619638833
EXP_MYLK2 (85366),0.15940215786986833
EXP_GPN2 (54707),0.15940108611467263
EXP_SLC23A2 (9962),0.1594010171309197
EXP_PANK1 (53354),0.1594007273106417
EXP_UMAD1 (729852),0.15939957920973935
EXP_NPEPPS (9520),0.15939781415598464
EXP_TMEM278 (643965),0.15939566511972902
EXP_MRPS6 (64968),0.15939295892086758
EXP_OTUD7B (56957),0.15939284906746032
EXP_SETD7 (80854),0.15939282733937432
EXP_CFAP45 (25790),0.15939253999225222
EXP_BSN (8927),0.159389561813704
EXP_CROCC (9696),0.1593881350795776
EXP_VTCN1 (79679),0.15938773318300914
EXP_ATXN2L (11273),0.15938717533183322
EXP_STK32C (282974),0.15938683589064162
EXP_HTR1D (3352),0.15938562531592204
EXP_RECQL5 (9400),0.15938397225105483
EXP_RNF38 (152006),0.15938384350175205
EXP_QDPR (5860),0.15938354727027804
EXP_TMEM52 (339456),0.15938249728826825
EXP_GRHL2 (79977),0.15938158152097337
EXP_PITPNM2 (57605),0.15938135940521025
EXP_PLS1 (5357),0.15938070250643843
EXP_TIMM17A (10440),0.15938066645583504
EXP_CPAP (55835),0.15938052595325036
EXP_LRP10 (26020),0.15938042157658305
EXP_CD52 (1043),0.15937975447992336
EXP_CTAGE15 (441294),0.15937875408070212
EXP_CAPNS1 (826),0.1593784522790651
EXP_SPTAN1 (6709),0.15937715496254423
EXP_CHADL (150356),0.15937486527973732
EXP_CCNG1 (900),0.15937388181968348
EXP_B2M (567),0.15937264104478288
EXP_PMEPA1 (56937),0.1593725484844537
EXP_RHEBL1 (121268),0.15937207004988174
EXP_TTF2 (8458),0.1593718560254187
EXP_MARCHF1 (55016),0.15937080013427707
EXP_CNOT6L (246175),0.15936653684511448
EXP_CLOCK (9575),0.1593642159509816
EXP_SLC25A41 (284427),0.15936189144032387
EXP_TBC1D19 (55296),0.15936145059317042
EXP_PEX11A (8800),0.15936048881909404
EXP_MED22 (6837),0.15935847194654507
EXP_ARID5B (84159),0.1593582195667098
EXP_MVP (9961),0.15935801385721682
EXP_SURF4 (6836),0.15935670266322877
EXP_NRG1 (3084),0.15935076220407485
EXP_PLPP6 (403313),0.1593490329601508
EXP_CCDC88B (283234),0.15934713021207525
EXP_LTA4H (4048),0.15934702861220984
EXP_ABCG1 (9619),0.15934676265727354
EXP_SREBF1 (6720),0.1593449213692617
EXP_NCOA3 (8202),0.15934467745465408
EXP_TRIM52 (84851),0.1593436968183326
EXP_CCNJL (79616),0.15934269405153323
EXP_TRIM46 (80128),0.15934246758182447
EXP_LRRK1 (79705),0.15934173538177188
EXP_BDH1 (622),0.15934166945235795
EXP_REEP6 (92840),0.1593377115273098
EXP_SARS2 (54938),0.15933601981252377
EXP_NRGN (4900),0.15933534559166151
EXP_NPC1 (4864),0.1593332811277124
EXP_EHD3 (30845),0.1593331936896485
EXP_SPRYD4 (283377),0.1593324192888197
EXP_SRPK2 (6733),0.15933074964894
EXP_ZFHX2 (85446),0.1593300913638105
EXP_MAGOH (4116),0.1593299375465662
EXP_SLC2A4 (6517),0.15932824835472825
EXP_ORC5 (5001),0.15932806039659475
EXP_RNF39 (80352),0.159326915528327
EXP_MPG (4350),0.15932437122037602
EXP_FZD6 (8323),0.15932424180407967
EXP_HSPH1 (10808),0.15932352366355662
EXP_FBXW4 (6468),0.15932306793813744
EXP_SLC46A3 (283537),0.1593219323493713
EXP_IFT172 (26160),0.15932186917152347
EXP_CPSF6 (11052),0.15932048144209432
EXP_BMAL2 (56938),0.159319371018114
EXP_BRD4 (23476),0.1593174572185312
EXP_ZNF546 (339327),0.1593151005322202
EXP_TPPP (11076),0.15931323295254884
EXP_HACD1 (9200),0.1593131874073439
EXP_PTGER4 (5734),0.15931245594501586
EXP_SERPINF2 (5345),0.1593114747693889
EXP_CEBPD (1052),0.15930586190792706
EXP_H4C5 (8367),0.15930296358352347
EXP_GIGYF1 (64599),0.15930274411472478
EXP_USP44 (84101),0.15930253791487203
EXP_ISM1 (140862),0.15930168259014366
EXP_CEP78 (84131),0.15929907187623993
EXP_FBXO3 (26273),0.1592974820205848
EXP_MADCAM1 (8174),0.1592966683853696
EXP_NLRP3 (114548),0.15929464687067796
EXP_PRMT1 (3276),0.15929402065224618
EXP_PREPL (9581),0.15929381881613036
EXP_BABAM1 (29086),0.15929351228795863
EXP_SMDT1 (91689),0.1592919020169461
EXP_CHST10 (9486),0.15929147350655715
EXP_SLPI (6590),0.1592897428501372
EXP_FARP2 (9855),0.1592893446700705
EXP_USF1 (7391),0.1592890986131117
EXP_EXOSC2 (23404),0.1592869349738475
EXP_PDK1 (5163),0.1592838969383088
EXP_NPY1R (4886),0.15928205493306447
EXP_NTMT1 (28989),0.15928035436777854
EXP_ARHGAP1 (392),0.1592790989311359
EXP_RPS7 (6201),0.15927881219384155
EXP_MAPK9 (5601),0.15927845171310295
EXP_NRF1 (4899),0.15927769762011756
EXP_RNF19B (127544),0.15927767496220469
EXP_ELOVL2 (54898),0.15927635569439236
EXP_TMEM50B (757),0.15927581038235772
EXP_ELMOD2 (255520),0.15927497221345455
EXP_ARHGAP32 (9743),0.1592746165690544
EXP_AP5B1 (91056),0.15927361425207653
EXP_APRT (353),0.15927292306253005
EXP_CAPS2 (84698),0.1592728165115691
EXP_TSEN15 (116461),0.1592715829891027
EXP_PIN1 (5300),0.15927090167824787
EXP_DRAP1 (10589),0.15927075062925677
EXP_CEP295NL (100653515),0.1592705699620005
EXP_NUDT21 (11051),0.1592701288568934
EXP_NECAP2 (55707),0.15926896082173858
EXP_SYF2 (25949),0.1592688222350258
EXP_PPP2R3A (5523),0.1592683739708871
EXP_POLR2L (5441),0.15926664265515367
EXP_CTSK (1513),0.15926549220298192
EXP_PAN2 (9924),0.1592633515926627
EXP_JAGN1 (84522),0.15926155919446483
EXP_GLIS3 (169792),0.15925792382818038
EXP_IL16 (3603),0.15925741268001303
EXP_DIRAS3 (9077),0.15925697931764748
EXP_OSCAR (126014),0.15925582409590788
EXP_APCDD1 (147495),0.1592554915597555
EXP_CLDN2 (9075),0.15925547484388858
EXP_BEND3 (57673),0.15925359640669434
EXP_TAX1BP3 (30851),0.15925310577335772
EXP_MARK3 (4140),0.15925287072779337
EXP_EDRF1 (26098),0.1592527581401777
EXP_RTEL1 (51750),0.15924964203703063
EXP_TMEM241 (85019),0.1592482217501594
EXP_CYP4F3 (4051),0.15924791097832625
EXP_SLC40A1 (30061),0.1592458233312941
EXP_NKX6-2 (84504),0.15924207345359864
EXP_CRY1 (1407),0.15924203746958465
EXP_ASB7 (140460),0.15924059560613468
EXP_CCDC120 (90060),0.15923594037216038
EXP_PUF60 (22827),0.15923354218412022
EXP_FUNDC2 (65991),0.15923347949484512
EXP_PPIP5K2 (23262),0.15923242359508638
EXP_TMEM19 (55266),0.1592320832287113
EXP_COX6B2 (125965),0.1592307236391033
EXP_ZNF699 (374879),0.15923047401840673
EXP_JAZF1 (221895),0.1592297820420283
EXP_HENMT1 (113802),0.1592290344863283
EXP_TMEM86A (144110),0.15922879736921747
EXP_CISH (1154),0.15922795409700718
EXP_COPRS (55352),0.1592279318248746
EXP_SERF1B (728492),0.15922449963910612
EXP_UBE2C (11065),0.1592225319628362
EXP_NR2E3 (10002),0.15922153235578396
EXP_MRFAP1 (93621),0.15922108342497765
EXP_TNRC6A (27327),0.1592195970626351
EXP_PDGFRL (5157),0.15921746985849428
EXP_ARHGAP30 (257106),0.15921690353826
EXP_VPS13D (55187),0.1592166544810638
EXP_SUMF1 (285362),0.15921652067308312
EXP_S100A10 (6281),0.15921366658214353
EXP_CACNG8 (59283),0.15921335374739698
EXP_SULT2B1 (6820),0.15921310234720032
EXP_REEP4 (80346),0.15921148322837553
EXP_EGLN1 (54583),0.15921053663402418
EXP_RPLP2 (6181),0.15921012468573714
EXP_HEATR5B (54497),0.15920951172966635
EXP_APBA1 (320),0.1592094438587317
EXP_KCNG1 (3755),0.15920801539695706
EXP_HOXC6 (3223),0.15920743739864207
EXP_PKP3 (11187),0.15920468586953263
EXP_ZNF714 (148206),0.15920197584439322
EXP_TECPR1 (25851),0.15920001161861386
EXP_RSRC2 (65117),0.15919814864926618
EXP_SGTA (6449),0.1591967655415596
EXP_KCNS3 (3790),0.1591950696958193
EXP_MPHOSPH8 (54737),0.1591948637110674
EXP_NEK2 (4751),0.15919363727487124
EXP_HOXA1 (3198),0.15919075689516404
EXP_GTF2H1 (2965),0.15919022032791208
EXP_UEVLD (55293),0.15918975443548433
EXP_KCNQ2 (3785),0.15918923066084067
EXP_UAP1L1 (91373),0.15918664646217984
EXP_MACC1 (346389),0.1591847570507019
EXP_BCDIN3D (144233),0.15918266243560453
EXP_UBE3A (7337),0.15918165997315192
EXP_TOB1 (10140),0.15917932937010004
EXP_TAS2R3 (50831),0.1591785945188846
EXP_SOWAHB (345079),0.15917571377395934
EXP_PCNA (5111),0.15917502804270267
EXP_ZNF668 (79759),0.15917309086360198
EXP_QTRT1 (81890),0.15917253174769908
EXP_HSD11B1L (374875),0.15917205069360296
EXP_AMH (268),0.1591706769304091
EXP_INSC (387755),0.15916801090267896
EXP_SLC27A3 (11000),0.1591671964288235
EXP_DCAF4L1 (285429),0.15916474901563937
EXP_GDF7 (151449),0.15916387400232335
EXP_TMEM139 (135932),0.15916359338041808
EXP_H2BC7 (8343),0.1591633683383078
EXP_PROC (5624),0.159163149394832
EXP_WRAP53 (55135),0.15916291278086891
EXP_MEIOC (284071),0.1591622612226491
EXP_GDAP1 (54332),0.1591610754033086
EXP_S100P (6286),0.15915732622432444
EXP_CORIN (10699),0.1591550621667679
EXP_TRIM33 (51592),0.15915416172187768
EXP_PIP4K2A (5305),0.15915323480434473
EXP_DHRS7B (25979),0.15915316822617243
EXP_TSPAN18 (90139),0.15915314649076606
EXP_RP1 (6101),0.15915193798879823
EXP_BEND6 (221336),0.15914925157148208
EXP_EPS8 (2059),0.1591466754073343
EXP_USP25 (29761),0.15914641368730287
EXP_GJA1 (2697),0.1591455933886161
EXP_DTNBP1 (84062),0.15914511416404586
EXP_RAB1A (5861),0.15914354876325287
EXP_TRIM26 (7726),0.1591425409541225
EXP_RIMKLB (57494),0.159141622695822
EXP_SRSF7 (6432),0.1591383275935172
EXP_POM121 (9883),0.15913814064348752
EXP_CCR1 (1230),0.15913743852482476
EXP_LIAT1 (400566),0.15913735136705043
EXP_CENPW (387103),0.15913686433277174
EXP_UTP15 (84135),0.15913530599661474
EXP_P2RX7 (5027),0.15913424878339555
EXP_TMEM143 (55260),0.15913376590681771
EXP_GINS3 (64785),0.15913336306511283
EXP_ELMO2 (63916),0.15913180728885568
EXP_HKDC1 (80201),0.15913039221184633
EXP_GON4L (54856),0.1591296631766319
EXP_ZFTRAF1 (50626),0.15912717712358493
EXP_MALL (7851),0.15912637077947078
EXP_SPDL1 (54908),0.15912610606714406
EXP_MBP (4155),0.15912559596945997
EXP_CYB561A3 (220002),0.15912472927570498
EXP_TCP11L1 (55346),0.15912182225990712
EXP_BOD1L1 (259282),0.15912140175156875
EXP_TOMM20 (9804),0.15912000553122496
EXP_TSFM (10102),0.15911922875790996
EXP_HSD11B2 (3291),0.1591189970163498
EXP_CALML3 (810),0.15911752117465827
EXP_LAMB3 (3914),0.159116718277021
EXP_ABHD14B (84836),0.15911651986315878
EXP_SEMA4A (64218),0.15911476614408482
EXP_PDZD8 (118987),0.15911047892046515
EXP_RBX1 (9978),0.15910953506033554
EXP_MRPL2 (51069),0.15910891142337835
EXP_LRRC58 (116064),0.15910855083488595
EXP_CACNG4 (27092),0.15910826555555602
EXP_VPS54 (51542),0.15910767298861384
EXP_ABLIM2 (84448),0.15910732057716626
EXP_TAF1 (6872),0.15910564984070952
EXP_CCDC142 (84865),0.1591039074713425
EXP_HSPB1 (3315),0.15910365013541128
EXP_KDM6A (7403),0.15910328067225787
EXP_NSL1 (25936),0.15910038046312902
EXP_VASP (7408),0.15909940982207704
EXP_NT5C3B (115024),0.15909830052394902
EXP_GPT (2875),0.1590975219173716
EXP_NPIPA1 (9284),0.15909750368102138
EXP_CFAP46 (54777),0.15909649128063208
EXP_VPS29 (51699),0.15909141535328608
EXP_GNAI1 (2770),0.159090433734411
EXP_DLGAP5 (9787),0.15908797407976571
EXP_GAPVD1 (26130),0.15908685810301648
EXP_SMPD3 (55512),0.1590866482428357
EXP_SLC22A23 (63027),0.15908385521214186
EXP_USP7 (7874),0.1590812078595114
EXP_TIMM50 (92609),0.15908074119765647
EXP_ORAI2 (80228),0.159080482421869
EXP_CFAP73 (387885),0.15908028530429785
EXP_SMPDL3A (10924),0.15907732708698763
EXP_ZBTB41 (360023),0.15907500733967872
EXP_ACBD7 (414149),0.15907477838967754
EXP_UBAP1L (390595),0.15907441860490756
EXP_KCTD12 (115207),0.15907409162410158
EXP_GLT8D1 (55830),0.1590730339221702
EXP_BRIP1 (83990),0.15907199569407293
EXP_TRIM17 (51127),0.1590709936370791
EXP_AMMECR1L (83607),0.15906969127672177
EXP_CTC1 (80169),0.15906891904182974
EXP_ERVMER34-1 (100288413),0.15906707961689648
EXP_RASA3 (22821),0.15906699388797474
EXP_CNPY4 (245812),0.15906682420071405
EXP_SLC27A4 (10999),0.1590646462473222
EXP_DNAJC1 (64215),0.15905957675285531
EXP_OSBP2 (23762),0.15905904050486175
EXP_HDHD5 (27440),0.15905814611099878
EXP_SAMD1 (90378),0.15905767841698282
EXP_SYCE3 (644186),0.15905615256324612
EXP_SCAPER (49855),0.1590521905053972
EXP_PRIM2 (5558),0.15905212667592927
EXP_MRPL47 (57129),0.1590498304172101
EXP_AMIGO3 (386724),0.15904963296857932
EXP_C16orf74 (404550),0.1590495748107923
EXP_TRIM9 (114088),0.15904841322211904
EXP_RIPK2 (8767),0.15904838792336928
EXP_ABHD8 (79575),0.15904402911111148
EXP_IFNGR2 (3460),0.15904388373695166
EXP_TMEM192 (201931),0.1590437466663177
EXP_MAPK10 (5602),0.15904297784640065
EXP_CALHM2 (51063),0.15903919143703593
EXP_NRDE2 (55051),0.15903914137001962
EXP_GORASP1 (64689),0.15903825286462503
EXP_C9orf50 (375759),0.15903686643644122
EXP_PFKFB1 (5207),0.15903521820658195
EXP_ENTPD5 (957),0.15903470861653446
EXP_ACBD3 (64746),0.1590340769336951
EXP_KIF14 (9928),0.15903329984887105
EXP_CRLF3 (51379),0.15903254083148788
EXP_MMP24 (10893),0.15903024952938338
EXP_KRT23 (25984),0.15902861181139016
EXP_CMTM1 (113540),0.15902806346680798
EXP_SF3A2 (8175),0.15902586212341507
EXP_MRM1 (79922),0.15902467134137055
EXP_PLGLB1 (5343),0.15902432087577356
EXP_JAM2 (58494),0.15901387987984172
EXP_SPDYE12 (100101268),0.15901361798221725
EXP_TTI2 (80185),0.159012228967498
EXP_NKAIN1 (79570),0.15901045654436707
EXP_BARX2 (8538),0.15901008220708324
EXP_RNF217 (154214),0.15900782392936286
EXP_PRKRA (8575),0.15900663711491347
EXP_PINK1 (65018),0.15900484257711156
EXP_CCDC73 (493860),0.15900354795306182
EXP_NUDT17 (200035),0.15900184454913546
EXP_TAMM41 (132001),0.1590007310430721
EXP_SLC26A4 (5172),0.15900052791435915
EXP_TP53BP2 (7159),0.15899884925832453
EXP_RDH10 (157506),0.15899879255367466
EXP_ROMO1 (140823),0.1589984471056356
EXP_LAMA1 (284217),0.15899829433275325
EXP_PRSS22 (64063),0.1589979270402493
EXP_ZNF816 (125893),0.15899681634805596
EXP_THTPA (79178),0.15899529529459233
EXP_NHP2 (55651),0.1589951365968565
EXP_PIK3CG (5294),0.15899265886514602
EXP_ATP11C (286410),0.15899144525857345
EXP_ROPN1B (152015),0.1589881528696031
EXP_PSMC3 (5702),0.1589876890238422
EXP_GIPC2 (54810),0.15898681229234768
EXP_RANBP3L (202151),0.15898411467553952
EXP_ELAPOR1 (57535),0.15898380290519842
EXP_DZIP1L (199221),0.15898317474857215
EXP_LUC7L2 (51631),0.15898315488108317
EXP_POLR2M (81488),0.15897973872487725
EXP_PAEP (5047),0.1589796948431088
EXP_SMIM24 (284422),0.1589777184802763
EXP_XRN1 (54464),0.15897765571107048
EXP_SNRPB (6628),0.15897459087966404
EXP_HEY1 (23462),0.1589720656465481
EXP_RGPD4 (285190),0.15897018828981846
EXP_APOBEC3B (9582),0.15896945322797862
EXP_CHCHD3 (54927),0.15896881924745987
EXP_DPF3 (8110),0.15896798860020844
EXP_CNTRL (11064),0.15896632606694805
EXP_HHAT (55733),0.15896306323656173
EXP_TEAD3 (7005),0.15896163228972604
EXP_CIRSR (9541),0.15895835626969035
EXP_AASS (10157),0.15895808482408036
EXP_ZNF7 (7553),0.15895380333198883
EXP_PRUNE2 (158471),0.15895298848084316
EXP_KLF5 (688),0.158952960003524
EXP_TLNRD1 (59274),0.1589515944441935
EXP_ABHD16B (140701),0.1589509326689944
EXP_ADAMTS6 (11174),0.15895037167035575
EXP_TUBB1 (81027),0.15894839734084965
EXP_ABCC2 (1244),0.1589480901596696
EXP_H1-4 (3008),0.15894644876496766
EXP_PLD1 (5337),0.15894415346907032
EXP_EMX1 (2016),0.1589404908105445
EXP_TF (7018),0.1589396849465441
EXP_SLC47A1 (55244),0.15893955277323535
EXP_OTUD6B (51633),0.15893808777017426
EXP_GPR135 (64582),0.1589378903272829
EXP_GCNT7 (140687),0.1589358864788819
EXP_C5 (727),0.15893538482599023
EXP_HAGHL (84264),0.15893377226587013
EXP_SSPN (8082),0.15893155337355402
EXP_CLASRP (11129),0.15893151209751455
EXP_NCKAP5 (344148),0.15893128591946404
EXP_ZNF346 (23567),0.15893108087486407
EXP_ABCB7 (22),0.15892923114553703
EXP_FANCL (55120),0.15892701782059948
EXP_RAB4A (5867),0.1589253237446666
EXP_SLC16A6 (9120),0.1589232753100065
EXP_KITLG (4254),0.15892316177282062
EXP_DPY19L1 (23333),0.15892250113096384
EXP_VIL1 (7429),0.15892024738551402
EXP_PANK4 (55229),0.15891939549536005
EXP_PHYH (5264),0.15891818711558603
EXP_ERP27 (121506),0.15891735128379114
EXP_FGF22 (27006),0.15891400229862107
EXP_SSR3 (6747),0.15891281376257638
EXP_CA14 (23632),0.1589124884842965
EXP_HSFX4 (101927685),0.1589119057199877
EXP_MGAT3 (4248),0.15891089833735617
EXP_NCDN (23154),0.15891067890404553
EXP_POSTN (10631),0.15890968745204948
EXP_CFAP298 (56683),0.15890817931891643
EXP_ARHGEF11 (9826),0.1589070313309131
EXP_BNIP3L (665),0.1589067276402254
EXP_CDON (50937),0.15890644744725346
EXP_DNAJB9 (4189),0.1589062414465836
EXP_HMGA2 (8091),0.15890454895932749
EXP_ERGIC2 (51290),0.15890453840587337
EXP_MMRN2 (79812),0.1589034634532096
EXP_PRKCSH (5589),0.1589019131139855
EXP_GPR137B (7107),0.1589004162295078
EXP_WDR11 (55717),0.1588960450078245
EXP_KIAA1549L (25758),0.15889590950330135
EXP_YTHDC2 (64848),0.15889428046571208
EXP_GSDMC (56169),0.15889245729954649
EXP_DDX1 (1653),0.15889200356303324
EXP_NSG2 (51617),0.1588918004274431
EXP_CDH4 (1002),0.15887677225788543
EXP_PDS5A (23244),0.1588754812611164
EXP_CNOT3 (4849),0.15887291933887226
EXP_DEDD2 (162989),0.15887117299622666
EXP_CDH13 (1012),0.15887086180271037
EXP_SLCO2A1 (6578),0.15886854705474907
EXP_ARMC1 (55156),0.15886843431625408
EXP_ANKRD24 (170961),0.15886824682689138
EXP_ANKRD46 (157567),0.1588672584910924
EXP_HMGCS1 (3157),0.15886631642845916
EXP_NUBP1 (4682),0.15886425194211728
EXP_ALG10B (144245),0.15886354478194065
EXP_NBR1 (4077),0.15886079107210538
EXP_USP45 (85015),0.15885990910260794
EXP_SHCBP1 (79801),0.15885801068312944
EXP_C1orf198 (84886),0.15885568808341688
EXP_MRPL32 (64983),0.15885564727644041
EXP_LCN12 (286256),0.15885492827876302
EXP_PRKCI (5584),0.1588545856457202
EXP_DUSP9 (1852),0.15885292088417025
EXP_CCDC87 (55231),0.15884908948893361
EXP_ESF1 (51575),0.15884328167104034
EXP_CCDC187 (399693),0.15883975459052824
EXP_ZNF836 (162962),0.1588390882902333
EXP_TLCD3A (79850),0.158838295752882
EXP_GAN (8139),0.15883703897953882
EXP_SHC2 (25759),0.1588365129518996
EXP_PLA2G4B (100137049),0.15883612370376898
EXP_CBY3 (646019),0.1588357716372677
EXP_POLR3H (171568),0.15883393845904603
EXP_ELOC (6921),0.15883348500899253
EXP_NHSL1 (57224),0.15883250296727702
EXP_GOLT1B (51026),0.15883235152074704
EXP_ADORA1 (134),0.15882755324303943
EXP_GPD1L (23171),0.1588245841282392
EXP_KIAA1586 (57691),0.15882414104872922
EXP_CHMP4C (92421),0.1588239944341785
EXP_CCT8 (10694),0.15882377035555084
EXP_C1QL4 (338761),0.15882274319797762
EXP_ARAP3 (64411),0.15882072244177614
EXP_PITPNB (23760),0.1588200683756158
EXP_ALOX12 (239),0.15881964926761594
EXP_ALDH5A1 (7915),0.1588190523090196
EXP_RAB11FIP3 (9727),0.1588161411082032
EXP_STPG3 (441476),0.15881511283547933
EXP_PPFIBP2 (8495),0.15881479665922438
EXP_F2RL1 (2150),0.1588145444930431
EXP_TCEAL8 (90843),0.15881160288402363
EXP_CBR4 (84869),0.15880984470357884
EXP_PKP4 (8502),0.1588045221401151
EXP_SLFNL1 (200172),0.15880353737971387
EXP_PLIN2 (123),0.15880310298705247
EXP_KIFC2 (90990),0.15879993178274354
EXP_PCYOX1L (78991),0.15879816564626292
EXP_DALRD3 (55152),0.15879631503254021
EXP_MAD2L2 (10459),0.15879573301498517
EXP_TP53RK (112858),0.15879530294562283
EXP_SNRPA1 (6627),0.1587952262758643
EXP_SH3GL1 (6455),0.15879431521320253
EXP_COPA (1314),0.15879002410040766
EXP_SPAG8 (26206),0.15878974979236382
EXP_SH3BP4 (23677),0.15878882699860686
EXP_NUP85 (79902),0.15878833415181592
EXP_ADAMTS2 (9509),0.1587839044645225
EXP_MVK (4598),0.15878120919845262
EXP_HYCC1 (84668),0.15878116244305573
EXP_ME1 (4199),0.1587807430800865
EXP_NLGN3 (54413),0.15877662090842204
EXP_CAVIN2 (8436),0.15877284893486632
EXP_BRICD5 (283870),0.15877269667510951
EXP_YPEL3 (83719),0.15877121744157652
EXP_LMO3 (55885),0.15876649460291148
EXP_AGO4 (192670),0.15876580307251853
EXP_UFD1 (7353),0.1587649926129071
EXP_CAMK2N1 (55450),0.1587627002480092
EXP_FRA10AC1 (118924),0.15876097191128924
EXP_ALX3 (257),0.15875813596195165
EXP_SMCR8 (140775),0.15875382370997926
EXP_SLC46A2 (57864),0.15874898136133275
EXP_RTTN (25914),0.15874651789473493
EXP_RGPD8 (727851),0.15874456252331282
EXP_CCDC50 (152137),0.15874351121405805
EXP_ACAT2 (39),0.15874259752650044
EXP_KRT81 (3887),0.15874214834183586
EXP_NXPE3 (91775),0.1587396419647238
EXP_FAAP24 (91442),0.15873886054205588
EXP_PAICS (10606),0.15873878203545555
EXP_WDR73 (84942),0.15873735180100113
EXP_RBP3 (5949),0.15873724243110665
EXP_GARIN5A (112703),0.15873704237155462
EXP_KMT2A (4297),0.15873684001275468
EXP_ATXN1L (342371),0.1587354532548595
EXP_RAD51AP1 (10635),0.158730517353451
EXP_ATM (472),0.1587302211377084
EXP_ABCE1 (6059),0.15872835043967726
EXP_DNAJC24 (120526),0.15872821499844303
EXP_CTIF (9811),0.1587270108495593
EXP_POT1 (25913),0.158726973218271
EXP_CHTF18 (63922),0.15872544903684194
EXP_CAMTA1 (23261),0.15872491552090207
EXP_MSANTD7 (100421372),0.1587245478855337
EXP_MRPS10 (55173),0.1587216596585721
EXP_RAB21 (23011),0.15872143622998447
EXP_CPNE3 (8895),0.15872139625238635
EXP_ZC3H3 (23144),0.15872019058076692
EXP_FGD5 (152273),0.158719968737417
EXP_EBNA1BP2 (10969),0.15871932730995209
EXP_KLK6 (5653),0.15871911384340187
EXP_GHDC (84514),0.15871600917700324
EXP_HNRNPUL2 (221092),0.15871494613966952
EXP_MGRN1 (23295),0.15871489165692054
EXP_NXF3 (56000),0.1587141669398493
EXP_ERCC1 (2067),0.15871323866903264
EXP_DGCR2 (9993),0.15871315785911477
EXP_ZNF711 (7552),0.15871281386064684
EXP_NDUFAF2 (91942),0.15871195247250647
EXP_TMCO3 (55002),0.15870906846699917
EXP_PTPN18 (26469),0.15870820189321666
EXP_CIDEB (27141),0.1587070431247204
EXP_KRBOX4 (55634),0.1587059078337285
EXP_ADIRF (10974),0.1587054612960701
EXP_XPO4 (64328),0.15870499159678264
EXP_CYTH2 (9266),0.1587032751229085
EXP_BRWD1 (54014),0.15870222616830887
EXP_TMEM87B (84910),0.15870187248198064
EXP_TMEM41B (440026),0.1586995728454248
EXP_KIAA1958 (158405),0.1586990961950434
EXP_H1-2 (3006),0.15869869173605
EXP_CASP2 (835),0.158696714760179
EXP_AADAT (51166),0.15869635960441997
EXP_ARHGEF26 (26084),0.1586950035817294
EXP_ACSM3 (6296),0.15869328386705384
EXP_PSMB2 (5690),0.15869249390119045
EXP_CEL (1056),0.15869139254467868
EXP_KGD4 (92259),0.1586906209948431
EXP_ZKSCAN1 (7586),0.15868833998889897
EXP_SRRM2 (23524),0.158684036847065
EXP_MAPK3 (5595),0.15868060756737634
EXP_TJP3 (27134),0.15867953712522098
EXP_BRD1 (23774),0.15867909592743956
EXP_PPIL3 (53938),0.15867644090087296
EXP_AMIGO2 (347902),0.15867624084229348
EXP_SLC4A8 (9498),0.15867433565376654
EXP_OSBPL8 (114882),0.1586732579586183
EXP_VSTM2L (128434),0.15866845539875296
EXP_NAT14 (57106),0.1586677612535512
EXP_FGD1 (2245),0.1586660668222457
EXP_MXI1 (4601),0.1586652144160432
EXP_PFN2 (5217),0.15866378171904838
EXP_SLC9A2 (6549),0.15866350491204528
EXP_STRBP (55342),0.15866173196542288
EXP_CKB (1152),0.15866090110431674
EXP_HYAL2 (8692),0.15865941268223516
EXP_HABP4 (22927),0.1586541215497821
EXP_MRTFB (57496),0.1586536252894799
EXP_IPCEF1 (26034),0.15865247407925764
EXP_LYPLA2 (11313),0.15865213248194987
EXP_CAPN8 (388743),0.15864876225317737
EXP_MROH1 (727957),0.15864783503232793
EXP_RAB3IP (117177),0.15864633373924253
EXP_STAT6 (6778),0.15864456700417762
EXP_RBPMS (11030),0.15864408138724695
EXP_RTL8B (441518),0.15864358270953893
EXP_LAPTM5 (7805),0.15864334237844968
EXP_TOM1 (10043),0.15864072877414426
EXP_HSD17B11 (51170),0.1586398685788435
EXP_KCTD17 (79734),0.1586389727407873
EXP_NDUFAF4 (29078),0.1586386147925687
EXP_NFKBIB (4793),0.15863708359016737
EXP_MT-ND4 (4538),0.15863417412794067
EXP_HAPSTR1 (29035),0.15862792195436093
EXP_IP6K1 (9807),0.15862684530934867
EXP_ETAA1 (54465),0.15862546405652012
EXP_SLC9B1 (150159),0.15862250745680395
EXP_ZNF226 (7769),0.15862249947603768
EXP_DNAH10 (196385),0.158622170969271
EXP_TARBP2 (6895),0.15862185314580923
EXP_ZBTB14 (7541),0.15862063436436902
EXP_KCNK15 (60598),0.15861860139608908
EXP_LRRC39 (127495),0.15861485921056317
EXP_SERPINB1 (1992),0.1586145715496059
EXP_DDX54 (79039),0.15861221734311126
EXP_DPF2 (5977),0.15860326972257166
EXP_MTPN (136319),0.15860320635408875
EXP_TGFBRAP1 (9392),0.1586021700812088
EXP_PYCR2 (29920),0.15860174832349827
EXP_ADGRL3 (23284),0.15860110903256608
EXP_CDADC1 (81602),0.15859942997873677
EXP_EHBP1 (23301),0.15859640452628554
EXP_KLHL20 (27252),0.1585955023463672
EXP_ARF3 (377),0.15859432614244984
EXP_KCNS1 (3787),0.15859318696899205
EXP_CCM2 (83605),0.15859298373939446
EXP_S1PR5 (53637),0.15859240271259178
EXP_YBX2 (51087),0.1585920494738282
EXP_YTHDF2 (51441),0.15859066038454728
EXP_MUTYH (4595),0.15858924378030892
EXP_ATP5MF (9551),0.15858903377986255
EXP_TAP2 (6891),0.1585861364622616
EXP_CITED1 (4435),0.15858491374156714
EXP_HOXC9 (3225),0.15858487525525344
EXP_CDKN2AIP (55602),0.15858432856088722
EXP_TTC13 (79573),0.15858410620365415
EXP_BEND7 (222389),0.1585802528661766
EXP_ZNF2 (7549),0.158579906786243
EXP_TUBG1 (7283),0.15857805406132375
EXP_SLC38A7 (55238),0.15857752794658175
EXP_JMY (133746),0.1585773673425841
EXP_SOX18 (54345),0.15857609535561146
EXP_TRIM36 (55521),0.1585750541031441
EXP_CD19 (930),0.15857177395231226
EXP_FAM161A (84140),0.15857120533478675
EXP_SEMA4B (10509),0.15856908517444346
EXP_CAMKK1 (84254),0.15856881167402026
EXP_RAB30 (27314),0.15856817414543212
EXP_ZFAND1 (79752),0.15856718265466618
EXP_TDRD7 (23424),0.15856695740515914
EXP_PRR4 (11272),0.15856693545552059
EXP_POR (5447),0.15856484374812752
EXP_SERPINE2 (5270),0.15856188456509024
EXP_SLCO5A1 (81796),0.15856167253485687
EXP_WDR74 (54663),0.1585568150644061
EXP_MATN3 (4148),0.15855444179734768
EXP_TGM4 (7047),0.1585534782588729
EXP_CFB (629),0.15855028669717086
EXP_CCT4 (10575),0.15854945115011088
EXP_NUP62 (23636),0.1585491397062473
EXP_EFCAB11 (90141),0.1585491376645427
EXP_MYH15 (22989),0.15854890417020862
EXP_ACTR10 (55860),0.15854402515241528
EXP_PHKG2 (5261),0.1585431979601859
EXP_CD177 (57126),0.1585403373927825
EXP_CASS4 (57091),0.1585379970637968
EXP_ARHGAP21 (57584),0.15853791956059027
EXP_DCAKD (79877),0.15853543077497623
EXP_PSEN2 (5664),0.15853530968850826
EXP_FOXD4L4 (349334),0.15853402760670665
EXP_CX3CL1 (6376),0.15852932342368398
EXP_CGN (57530),0.15852899012611577
EXP_CYRIB (51571),0.15852852376937143
EXP_ATXN7 (6314),0.15852541851809043
EXP_SRGAP2B (647135),0.1585252988546939
EXP_EXT1 (2131),0.15852431146520374
EXP_TNFRSF19 (55504),0.15852408337987267
EXP_ADAM12 (8038),0.15852390625855772
EXP_LRRC49 (54839),0.15851924888376967
EXP_BEST4 (266675),0.15851834829500522
EXP_DCAF10 (79269),0.15851801807945165
EXP_POFUT1 (23509),0.15851564167136
EXP_ARHGAP35 (2909),0.1585132067480428
EXP_MUC3A (4584),0.1585131084964546
EXP_CAP2 (10486),0.15851224599901848
EXP_SGSH (6448),0.15851185160251458
EXP_CFD (1675),0.15851115835647445
EXP_NPLOC4 (55666),0.15850889758960918
EXP_ZNF644 (84146),0.15850877432360733
EXP_PABIR2 (159090),0.15850829094725238
EXP_YTHDF3 (253943),0.15850828453839494
EXP_ATN1 (1822),0.15850803663942958
EXP_ITGB4 (3691),0.1585068909395595
EXP_SMAD2 (4087),0.15850555644083641
EXP_ABTB1 (80325),0.15850490846966458
EXP_MAPRE2 (10982),0.15850490149495844
EXP_P4HB (5034),0.15850480318780935
EXP_SNU13 (4809),0.15850466087815018
EXP_CLIP4 (79745),0.15850134587207432
EXP_GSK3B (2932),0.15850113729626525
EXP_NCBP3 (55421),0.15850086770794025
EXP_TMEM106A (113277),0.15849686344957536
EXP_TLR3 (7098),0.15849623634609866
EXP_THAP8 (199745),0.15849586647838176
EXP_BCL6B (255877),0.15849371866917572
EXP_MAP3K12 (7786),0.1584856681137854
EXP_EOLA2 (541578),0.1584845192636397
EXP_FOLR1 (2348),0.15848367456968315
EXP_CORO1C (23603),0.15848255153417412
EXP_IVNS1ABP (10625),0.15848061070472497
EXP_ZFP37 (7539),0.15847916313071497
EXP_HSD17B10 (3028),0.15847759582085796
EXP_ZNF501 (115560),0.15847641099331522
EXP_MGAM (8972),0.15847239280911563
EXP_CD6 (923),0.15847236071946558
EXP_SAXO3 (101059948),0.1584687346220779
EXP_LAYN (143903),0.15846718866839904
EXP_KRT78 (196374),0.15846699035330936
EXP_GDPD1 (284161),0.1584658085392867
EXP_EEFSEC (60678),0.1584656973193166
EXP_ADAM9 (8754),0.15846507304390034
EXP_KCNC3 (3748),0.15846396636181836
EXP_AGTPBP1 (23287),0.15846379855868342
EXP_BMAL1 (406),0.15846261186694832
EXP_KRTAP5-9 (3846),0.15845883087277013
EXP_KLF6 (1316),0.15845761992723428
EXP_PSMD8 (5714),0.15845755803578854
EXP_CCNI2 (645121),0.15845550818953757
EXP_HBEGF (1839),0.1584547694781362
EXP_TPM2 (7169),0.15845395724536182
EXP_EGFR (1956),0.1584531309384909
EXP_CHST5 (23563),0.1584516854492426
EXP_STAMBPL1 (57559),0.15845099577066346
EXP_DLG3 (1741),0.15845089585282324
EXP_SNRPG (6637),0.15844609453531433
EXP_SMARCA4 (6597),0.15844601370989952
EXP_MMP7 (4316),0.1584456398321583
EXP_STON2 (85439),0.15844375360632057
EXP_RSPH1 (89765),0.15844350824646192
EXP_TEX9 (374618),0.1584420080455038
EXP_CLN3 (1201),0.15843787581422664
EXP_MFSD12 (126321),0.15843596052789266
EXP_ANKK1 (255239),0.1584346018285112
EXP_ANO7 (50636),0.15843435992915644
EXP_SEL1L3 (23231),0.15843421634373822
EXP_DLG1 (1739),0.15843274245229555
EXP_ZNF436 (80818),0.1584307459154788
EXP_RUSF1 (64755),0.1584273452198488
EXP_MCCC1 (56922),0.1584265940116385
EXP_FOXM1 (2305),0.15842563401265242
EXP_GARNL3 (84253),0.1584248085711062
EXP_CLMN (79789),0.15841817968918193
EXP_RNF40 (9810),0.1584159887090797
EXP_KLHL31 (401265),0.15841591278638312
EXP_PRDX1 (5052),0.15841471109342198
EXP_MAPK8IP1 (9479),0.15841388643154009
EXP_JMJD1C (221037),0.15841149085158435
EXP_USP18 (11274),0.15840975955675063
EXP_ZNF280C (55609),0.15840894262404248
EXP_SLC2A13 (114134),0.15840632673555444
EXP_NUAK2 (81788),0.15840118489080623
EXP_REST (5978),0.15839988969624663
EXP_IFI35 (3430),0.15839853138437032
EXP_CTSD (1509),0.1583983181967401
EXP_RGS1 (5996),0.1583940605453158
EXP_HYOU1 (10525),0.15839255031098887
EXP_TNFAIP3 (7128),0.15838904454432612
EXP_EREG (2069),0.1583861286338344
EXP_MAZ (4150),0.15838490030202124
EXP_ZYX (7791),0.15838439167309737
EXP_FGF18 (8817),0.15838313487005262
EXP_GRAMD2B (65983),0.158382733284693
EXP_TTC36 (143941),0.1583819405858815
EXP_ARFGEF1 (10565),0.1583814563606385
EXP_CEP57 (9702),0.1583813893650694
EXP_FAT1 (2195),0.15837975620041345
EXP_ZNF746 (155061),0.15837942507224323
EXP_GNA14 (9630),0.15837916000732744
EXP_CEP41 (95681),0.1583790258896931
EXP_PLAC8 (51316),0.15837866112918242
EXP_RPRD1A (55197),0.15837842358648846
EXP_MTUS1 (57509),0.15837663769322585
EXP_HECTD3 (79654),0.15837465189981614
EXP_WDR27 (253769),0.15837403463570787
EXP_INHBE (83729),0.15837259550986094
EXP_CES1 (1066),0.15836967100380672
EXP_ETS1 (2113),0.15836783775417285
EXP_PIBF1 (10464),0.15836713713876716
EXP_CARF (79800),0.15836601196127997
EXP_BCORL1 (63035),0.1583651982310199
EXP_GINS1 (9837),0.15836504879898694
EXP_RING1 (6015),0.15836477187627818
EXP_CPNE8 (144402),0.15836470212406795
EXP_SNAP29 (9342),0.1583636880226722
EXP_SLC25A1 (6576),0.15836367191262557
EXP_CREBZF (58487),0.15836230077768754
EXP_FBXO38 (81545),0.1583621018866923
EXP_JPH4 (84502),0.1583611969542673
EXP_MTFR2 (113115),0.1583610116470684
EXP_TIMM8B (26521),0.15836097791476433
EXP_POLR1D (51082),0.1583576449152817
EXP_PAF1 (54623),0.15835465728321463
EXP_KIF13B (23303),0.158353814802223
EXP_CAAP1 (79886),0.15835372465389597
EXP_GOLPH3 (64083),0.15834733283491342
EXP_DLST (1743),0.15834662888021
EXP_SEMA3C (10512),0.15834632517002145
EXP_SLFN5 (162394),0.15834626144535324
EXP_ALKBH6 (84964),0.1583424875556032
EXP_RDX (5962),0.1583405802875042
EXP_TFEC (22797),0.15833720440692378
EXP_CEACAM5 (1048),0.1583364183093936
EXP_GGT1 (2678),0.15833509121042244
EXP_HLA-A (3105),0.15833475837582878
EXP_AGO2 (27161),0.15833337335266862
EXP_CLIP3 (25999),0.1583308053613175
EXP_USP38 (84640),0.15832840093763334
EXP_SPARC (6678),0.15832757736324865
EXP_EMP2 (2013),0.15832722899813767
EXP_PRSS21 (10942),0.15832716301729644
EXP_CLVS1 (157807),0.15832091223592304
EXP_IGF2 (3481),0.15832053177342598
EXP_FYN (2534),0.1583173518357075
EXP_ERGIC1 (57222),0.1583171744594738
EXP_ZNF207 (7756),0.15831516912538746
EXP_TXNDC12 (51060),0.1583145353887616
EXP_PLXNB3 (5365),0.15831347684357766
EXP_TMEM170B (100113407),0.1583118187372632
EXP_ZNF25 (219749),0.1583033446994957
EXP_PTGR2 (145482),0.15830317869932742
EXP_LACTB2 (51110),0.15830161598357417
EXP_HSPA12A (259217),0.15829760932001324
EXP_MAL2 (114569),0.15829719876066317
EXP_PPP1R3B (79660),0.15829606090678006
EXP_CIART (148523),0.1582941075811206
EXP_ILF2 (3608),0.15829400929169957
EXP_CTPS1 (1503),0.15829248247429195
EXP_RNF123 (63891),0.15829237684027753
EXP_ITGAV (3685),0.15829154139608104
EXP_ARHGAP10 (79658),0.15829133569307352
EXP_OIP5 (11339),0.15828905829291973
EXP_APOA1 (335),0.15828872428835794
EXP_ZDHHC9 (51114),0.15828823756475519
EXP_EDEM1 (9695),0.15828591641172185
EXP_TRAK2 (66008),0.158283626933156
EXP_PDF (64146),0.15828314662814336
EXP_TBC1D12 (23232),0.15828282849037212
EXP_SYVN1 (84447),0.15828211912740198
EXP_RERG (85004),0.15827973862348
EXP_MYO9B (4650),0.15827892678237365
EXP_MGP (4256),0.15827627665418031
EXP_CUL5 (8065),0.1582748455550167
EXP_SPN (6693),0.15827105956617515
EXP_ZC3H12B (340554),0.15826941064715072
EXP_IRX5 (10265),0.15826674363509685
EXP_SVBP (374969),0.158266380313707
EXP_SOX21 (11166),0.15826552600935884
EXP_HOOK1 (51361),0.1582652319012512
EXP_SGPP2 (130367),0.15826313979395312
EXP_SDR16C5 (195814),0.1582628840747624
EXP_ITGA11 (22801),0.15826214829295537
EXP_TRAPPC12 (51112),0.15825776424105786
EXP_ITPKA (3706),0.15825549583114285
EXP_FRZB (2487),0.15825347860323635
EXP_FGL2 (10875),0.15824811052999976
EXP_IGSF6 (10261),0.15824793095731504
EXP_APCDD1L (164284),0.15824756581237143
EXP_DTX4 (23220),0.1582471636599374
EXP_PDK4 (5166),0.15824589098308106
EXP_METTL2B (55798),0.1582457010446232
EXP_GFER (2671),0.1582448790218347
EXP_ANKRD53 (79998),0.1582429456785377
EXP_SLC16A8 (23539),0.1582419440711984
EXP_REEP5 (7905),0.15824174799074875
EXP_UTS2R (2837),0.15824077284051175
EXP_AK9 (221264),0.15823945201050726
EXP_TMPPE (643853),0.1582376099207643
EXP_PIK3C2A (5286),0.15823743064137386
EXP_ALDH1A2 (8854),0.1582353057496606
EXP_GCHFR (2644),0.15823503319808196
EXP_TBX2 (6909),0.15823454813884918
EXP_PRR19 (284338),0.1582311573859556
EXP_PAPOLA (10914),0.15823091523462107
EXP_ADA2 (51816),0.1582282318524575
EXP_IL1R2 (7850),0.15822728404612452
EXP_SEPTIN5 (5413),0.15822495947362558
EXP_CMTM2 (146225),0.15822349751344778
EXP_TAGLN (6876),0.15822016109507508
EXP_MRPS7 (51081),0.15821994939815376
EXP_MRPL12 (6182),0.15821923066863874
EXP_PACSIN1 (29993),0.15821672060608716
EXP_AXDND1 (126859),0.15821337834129956
EXP_RBBP9 (10741),0.15821015093541035
EXP_SYNGR1 (9145),0.15820880192871378
EXP_MYPN (84665),0.1582087623245627
EXP_TTYH2 (94015),0.15820028692552768
EXP_NBN (4683),0.1581994313032027
EXP_BID (637),0.15819846458703157
EXP_RTL8A (26071),0.1581914475134596
EXP_COPS4 (51138),0.1581889460988588
EXP_PAQR9 (344838),0.15818887508843726
EXP_SYP (6855),0.1581887112746152
EXP_PDCD10 (11235),0.15818189365196922
EXP_DUOXA1 (90527),0.15817996397667677
EXP_MINDY2 (54629),0.15817558541478682
EXP_SETD1B (23067),0.15817263240062296
EXP_GON7 (84520),0.1581716935248707
EXP_PEX13 (5194),0.15817104194179787
EXP_TOP2A (7153),0.15817051080137468
EXP_CHGB (1114),0.15816946509989283
EXP_CENPP (401541),0.15816795695400376
EXP_CWC15 (51503),0.15816786717097386
EXP_FZD1 (8321),0.15816214256189554
EXP_WBP1 (23559),0.15816203681853835
EXP_NDUFA13 (51079),0.15816146979584733
EXP_HS3ST3B1 (9953),0.15816123729080145
EXP_TLE1 (7088),0.15815956238256135
EXP_SPATA25 (128497),0.15815897726190542
EXP_KLF8 (11279),0.1581572204061512
EXP_MFAP3L (9848),0.1581519237408857
EXP_FAM171B (165215),0.15815190795925993
EXP_THAP6 (152815),0.15814775048781815
EXP_HRAS (3265),0.1581466859857379
EXP_ZNF549 (256051),0.15814479210934707
EXP_EPOR (2057),0.1581446795978909
EXP_MARK1 (4139),0.15814365196504454
EXP_CYP4F12 (66002),0.15814211117037935
EXP_KRT19 (3880),0.15814169670942757
EXP_JCAD (57608),0.1581399845089102
EXP_ZFPM1 (161882),0.15813954811627795
EXP_FOXD4L5 (653427),0.15813814101361512
EXP_KBTBD4 (55709),0.15813762305607248
EXP_GFI1 (2672),0.158132798131021
EXP_PPP2CB (5516),0.1581307643222356
EXP_TINCR (257000),0.15813016571158478
EXP_NEDD4 (4734),0.15812946056099886
EXP_TPP2 (7174),0.1581290436746876
EXP_FMNL1 (752),0.15812853209928068
EXP_HMGCL (3155),0.1581233593186857
EXP_B3GALT4 (8705),0.1581220188197605
EXP_GEMIN7 (79760),0.1581195887862954
EXP_DNAH1 (25981),0.15811609039022567
EXP_YWHAG (7532),0.1581157528229964
EXP_CCDC174 (51244),0.15811507116144874
EXP_PLEKHA6 (22874),0.15811444030470945
EXP_C6orf120 (387263),0.15811362614487923
EXP_TMIE (259236),0.15811342279388985
EXP_RSBN1L (222194),0.1581115381254028
EXP_ECD (11319),0.15811022518070672
EXP_TLE4 (7091),0.15810901097491037
EXP_C20orf96 (140680),0.15810846663318934
EXP_H3C14 (126961),0.15810842208807152
EXP_DNAJC21 (134218),0.15810840632509127
EXP_NDUFA2 (4695),0.15810642202288605
EXP_PAK6 (56924),0.1581062110185174
EXP_INAFM2 (100505573),0.15810560516421468
EXP_CDC26 (246184),0.15810430622173843
EXP_NTN4 (59277),0.15810363929505922
EXP_RSPRY1 (89970),0.1581024079805431
EXP_MBOAT1 (154141),0.15809960198380058
EXP_CMIP (80790),0.15809927460787065
EXP_INTS6 (26512),0.15809757274877878
EXP_EIF2AK1 (27102),0.15809247949776584
EXP_SRPRA (6734),0.15809233120596478
EXP_RRM2B (50484),0.15808995465551767
EXP_STRN (6801),0.15808899474016247
EXP_DRD4 (1815),0.1580889546507116
EXP_PLEKHG3 (26030),0.1580887655785368
EXP_SLC35D3 (340146),0.15808841169447696
EXP_CD82 (3732),0.1580878027901118
EXP_ARNT2 (9915),0.15808670119909785
EXP_UBE2R2 (54926),0.1580864318218369
EXP_MLXIPL (51085),0.1580860187289561
EXP_ZNF285 (26974),0.15808450798096096
EXP_SLC27A2 (11001),0.1580841701466369
EXP_ZNF528 (84436),0.15808239171418226
EXP_DAGLA (747),0.15808187307184696
EXP_EEF1AKMT3 (25895),0.15807934713975236
EXP_MYO16 (23026),0.15807304735671313
EXP_ZNF713 (349075),0.15807266533926434
EXP_E2F6 (1876),0.15807032988714642
EXP_TMEM8B (51754),0.15806369071688575
EXP_DOCK8 (81704),0.15806251350181988
EXP_PARVG (64098),0.15806071541861932
EXP_HJURP (55355),0.15805810098598183
EXP_KIN (22944),0.15805665345387965
EXP_ZNF689 (115509),0.1580552268587585
EXP_CHMP5 (51510),0.15805450906743967
EXP_RIMS2 (9699),0.15805390254333407
EXP_SDHA (6389),0.15805345337732568
EXP_SLC12A9 (56996),0.15805344661430532
EXP_TMCC1 (23023),0.15805181990867467
EXP_CYP1A1 (1543),0.15805090264745125
EXP_BTBD19 (149478),0.15804536521516432
EXP_FAM110A (83541),0.15804023970438585
EXP_RMDN3 (55177),0.15803752360365664
EXP_ATOH7 (220202),0.1580373666675161
EXP_VWF (7450),0.15803718668114097
EXP_TTC34 (100287898),0.15803695134160467
EXP_UQCC1 (55245),0.1580349329375066
EXP_KIF13A (63971),0.15803421565805653
EXP_FBH1 (84893),0.1580322663471545
EXP_ILVBL (10994),0.1580317638721942
EXP_ZNF227 (7770),0.15803020169536452
EXP_SLC12A2 (6558),0.15802987078664543
EXP_SUSD2 (56241),0.15802984643137208
EXP_CTBP2 (1488),0.1580280379681076
EXP_SDF2L1 (23753),0.1580280013332338
EXP_NUP133 (55746),0.15802636995514963
EXP_DERL1 (79139),0.15802485694219115
EXP_RMP24 (83608),0.15802474723230198
EXP_SLX1A (548593),0.1580233411516634
EXP_ALDH1L2 (160428),0.15802081671342183
EXP_ANKFY1 (51479),0.15802021485614315
EXP_TYRP1 (7306),0.15801655123760483
EXP_FAM156B (727866),0.15801529661930225
EXP_AMZ1 (155185),0.15801419930887395
EXP_OMA1 (115209),0.1580134690103332
EXP_OAS3 (4940),0.15801029192745641
EXP_DOCK2 (1794),0.15800874372944484
EXP_VMO1 (284013),0.1580082694317042
EXP_RPA4 (29935),0.15800733754357577
EXP_CLEC11A (6320),0.1580060429395811
EXP_SCMH1 (22955),0.15800384612706875
EXP_GGT7 (2686),0.15800040231119983
EXP_NAXE (128240),0.15800020347482402
EXP_CHID1 (66005),0.15799266424127278
EXP_RECK (8434),0.15799263353986515
EXP_CNPPD1 (27013),0.15799263270049035
EXP_SRGAP2C (653464),0.15799188859955748
EXP_GPD1 (2819),0.1579911327914303
EXP_GULP1 (51454),0.15798766535482578
EXP_SNRPD3 (6634),0.15798629780165996
EXP_PELI3 (246330),0.15798452956639686
EXP_KLHL4 (56062),0.15798194530486942
EXP_CAPN5 (726),0.15798145523861074
EXP_RAB6D (150786),0.15798061665724905
EXP_GOLGA8K (653125),0.1579788709018226
EXP_RAD21 (5885),0.1579787222805793
EXP_RPF2 (84154),0.15797838817973986
EXP_ZNF280B (140883),0.15797827110893348
EXP_FBLN7 (129804),0.1579779768517673
EXP_A1BG (1),0.15797720284567118
EXP_MRPS31 (10240),0.15797703562379883
EXP_UBE2V2 (7336),0.1579763821172655
EXP_SFT2D3 (84826),0.15797226533636888
EXP_ZC3HC1 (51530),0.15797032770761454
EXP_GTPBP8 (29083),0.1579700168609044
EXP_GCSAM (257144),0.15796897400818377
EXP_RTN4R (65078),0.15796834438517937
EXP_CDC42EP4 (23580),0.15796761941732385
EXP_GOLGA7 (51125),0.15796650416308822
EXP_MGAT4A (11320),0.15796171172894624
EXP_PJA2 (9867),0.15795952789326417
EXP_RASGRP2 (10235),0.15795879624144948
EXP_PDIA5 (10954),0.1579580648216048
EXP_INHBC (3626),0.15795704716894132
EXP_OAZ2 (4947),0.1579547042496694
EXP_ZNF266 (10781),0.15794809149257372
EXP_C17orf75 (64149),0.1579479296398123
EXP_NIPAL3 (57185),0.15794559012145193
EXP_WASF2 (10163),0.15794451372557372
EXP_EPHB3 (2049),0.1579442985284505
EXP_PLEKHH2 (130271),0.15794195561415414
EXP_ZNF224 (7767),0.1579360037778894
EXP_COQ2 (27235),0.15793577929947933
EXP_FBXO33 (254170),0.15793526704823435
EXP_PUSL1 (126789),0.157933973648678
EXP_ABCF1 (23),0.1579330629952862
EXP_C11orf58 (10944),0.1579328743010615
EXP_KCNH3 (23416),0.15792380774325832
EXP_YAP1 (10413),0.15792305339554602
EXP_YPEL1 (29799),0.15792268556068212
EXP_COX7C (1350),0.15792113827646137
EXP_CENPN (55839),0.15792041707826687
EXP_IRS1 (3667),0.15791921584106206
EXP_PDE7A (5150),0.15791710191104436
EXP_DPH7 (92715),0.1579168978870511
EXP_FUS (2521),0.15791658210969484
EXP_ENPP2 (5168),0.15791460626302634
EXP_PRR7 (80758),0.1579121048404728
EXP_GCH1 (2643),0.15790708663085873
EXP_DCUN1D4 (23142),0.15790645605793152
EXP_TRIP4 (9325),0.15790423617228466
EXP_DHRS13 (147015),0.15790323435981435
EXP_TMEM101 (84336),0.15789924812761758
EXP_TRIL (9865),0.1578969333069482
EXP_ITPR1 (3708),0.15789206582001647
EXP_TRAF7 (84231),0.15788716191743113
EXP_ALG10 (84920),0.15788556470922366
EXP_LYPD5 (284348),0.15788460151054373
EXP_ZNF174 (7727),0.15788188961154148
EXP_RAB29 (8934),0.15787963725860799
EXP_AFAP1 (60312),0.1578789805713745
EXP_MT1G (4495),0.15787834638343945
EXP_SLC49A3 (84179),0.15787830700615935
EXP_ST7 (7982),0.15787583862411303
EXP_TRMT9B (57604),0.15787541235741998
EXP_CAPN14 (440854),0.15787525079251719
EXP_FBXL12 (54850),0.15787510009118932
EXP_PBX2 (5089),0.1578747502968394
EXP_TST (7263),0.15787432578152405
EXP_IFT46 (56912),0.1578742572399472
EXP_DLAT (1737),0.1578726412485869
EXP_BAHD1 (22893),0.15787254722778865
EXP_FBXL5 (26234),0.15787123648240975
EXP_TCN1 (6947),0.15787070922120883
EXP_ZNF432 (9668),0.157869711342566
EXP_CENPO (79172),0.15786700480421345
EXP_STIP1 (10963),0.15786495105273435
EXP_AANAT (15),0.1578628029127147
EXP_FAS (355),0.1578606059111829
EXP_LMOD1 (25802),0.1578568229319668
EXP_PHYHD1 (254295),0.1578563016750305
EXP_RFTN1 (23180),0.15785495530391103
EXP_DPEP1 (1800),0.15784964493910447
EXP_RAB41 (347517),0.15784934171973486
EXP_TTC6 (319089),0.15784650073203377
EXP_TAS2R13 (50838),0.15784276648050888
EXP_PCYT2 (5833),0.15784197279980994
EXP_MED26 (9441),0.15783943634861863
EXP_PCSK1 (5122),0.15783923465113858
EXP_USP16 (10600),0.15783903091072915
EXP_FOXP3 (50943),0.15783812029488065
EXP_ELF4 (2000),0.1578331934696804
EXP_PRCD (768206),0.15783130306465676
EXP_RIPK3 (11035),0.1578294684646382
EXP_SCHIP1 (29970),0.15782859247276892
EXP_ATP5MG (10632),0.15782056021317992
EXP_FZD8 (8325),0.15781532307927915
EXP_C3AR1 (719),0.15781443521865857
EXP_XRN2 (22803),0.1578136411768689
EXP_LSR (51599),0.157811482063682
EXP_TUBGCP3 (10426),0.15781035258134235
EXP_HEXIM2 (124790),0.15780815770397982
EXP_KSR2 (283455),0.1578052530795162
EXP_PDZD4 (57595),0.15780156946848223
EXP_KIF7 (374654),0.1578005408149581
EXP_ITGB1 (3688),0.15779920032976769
EXP_RAB7A (7879),0.15779730912706658
EXP_ACSL5 (51703),0.1577960741434259
EXP_NEMP2 (100131211),0.1577954033214759
EXP_ZNF496 (84838),0.15779063804796856
EXP_IZUMO1 (284359),0.15779056572333516
EXP_CCSER2 (54462),0.1577897726065176
EXP_PGRMC2 (10424),0.1577879584972015
EXP_SEPHS2 (22928),0.15778740950542325
EXP_NSMAF (8439),0.15778712562211705
EXP_FAM221A (340277),0.15778227348739282
EXP_SLCO1B3 (28234),0.1577791470776262
EXP_CPM (1368),0.1577787721984052
EXP_DDX28 (55794),0.15777792891617537
EXP_DCDC2B (149069),0.15777521060941435
EXP_WIZ (58525),0.15777375364214574
EXP_NKTR (4820),0.15777324747800403
EXP_ZDHHC12 (84885),0.15777114451613983
EXP_MTR (4548),0.15776909080052626
EXP_PIGX (54965),0.15776614384826537
EXP_PILRA (29992),0.15776586173851737
EXP_FUNDC1 (139341),0.15775521770415946
EXP_LANCL2 (55915),0.15775080865890878
EXP_SAMSN1 (64092),0.1577470001590271
EXP_RAB43 (339122),0.15774386575898447
EXP_FHOD1 (29109),0.15774254941900612
EXP_DOCK11 (139818),0.15773577188469634
EXP_RAB1B (81876),0.15773435864664798
EXP_CACNA1G (8913),0.15773192938048997
EXP_PVRIG (79037),0.15773159436322803
EXP_ZBTB8OS (339487),0.15773154111850474
EXP_DPH6 (89978),0.15773088012813474
EXP_STARD9 (57519),0.15772869460002248
EXP_ZNF202 (7753),0.15772792812226388
EXP_PHF20L1 (51105),0.15772275103508004
EXP_OVGP1 (5016),0.15772181642800742
EXP_CD276 (80381),0.1577211225189421
EXP_TMED3 (23423),0.1577208608955205
EXP_RPL36A (6173),0.1577199525503108
EXP_CCL5 (6352),0.15771971404742668
EXP_CTSV (1515),0.1577195844982926
EXP_SLC2A9 (56606),0.15771868454923865
EXP_NQO2 (4835),0.15771465945860275
EXP_EXO1 (9156),0.15771393375881537
EXP_TAMALIN (160622),0.15771253654185635
EXP_SCAF11 (9169),0.15771212081455044
EXP_CSPG5 (10675),0.15771130643641662
EXP_CDHR3 (222256),0.15770916554349945
EXP_KNDC1 (85442),0.15770892657354718
EXP_TENM3 (55714),0.15770603897738678
EXP_LIMK1 (3984),0.15770577797149343
EXP_WDR59 (79726),0.15770133671765496
EXP_SNRNP48 (154007),0.15770085881102158
EXP_MIOS (54468),0.157698751946028
EXP_LIMS2 (55679),0.1576975848776181
EXP_PARM1 (25849),0.15769169174919728
EXP_STK17A (9263),0.15768978390557287
EXP_CTSF (8722),0.1576887851479638
EXP_ZNF443 (10224),0.157686314585062
EXP_LDHAL6B (92483),0.15768222204244697
EXP_VWA1 (64856),0.1576811969407803
EXP_CIP2A (57650),0.1576807061330232
EXP_TRAPPC2B (10597),0.15767528513789486
EXP_OCIAD1 (54940),0.1576751441743136
EXP_SMYD4 (114826),0.15767511704125514
EXP_PLCD4 (84812),0.1576729080455319
EXP_ARL1 (400),0.15767212671438813
EXP_SLC25A45 (283130),0.1576714264856678
EXP_U2SURP (23350),0.15766899658837552
EXP_ENTREP1 (9413),0.1576663438146868
EXP_ZFP14 (57677),0.15766019912060258
EXP_PI4KB (5298),0.15765826920018533
EXP_SERINC5 (256987),0.15765728814715363
EXP_TMEM87A (25963),0.15765624987759708
EXP_DNAJB7 (150353),0.15765248921484076
EXP_DUS2 (54920),0.15764841454676226
EXP_ZNG1C (445571),0.15764507232308222
EXP_P3H1 (64175),0.15764180497111013
EXP_MCF2L (23263),0.1576399542706186
EXP_TAL2 (6887),0.1576382699090768
EXP_URB1 (9875),0.15763579560487173
EXP_SLMAP (7871),0.15763538134147215
EXP_SPCS1 (28972),0.15763357869981132
EXP_THOC3 (84321),0.15763266167598644
EXP_CLTRN (57393),0.15763168316635845
EXP_SDC3 (9672),0.1576303817737088
EXP_BAIAP3 (8938),0.15762953366215804
EXP_NPIPA3 (642778),0.1576271627484127
EXP_MIA2 (4253),0.15761695117482422
EXP_AHR (196),0.1576136082157671
EXP_VSTM5 (387804),0.15760838931973087
EXP_ASNSD1 (54529),0.1576077450184581
EXP_PRR13 (54458),0.15760661192782166
EXP_FXYD7 (53822),0.15760452590830187
EXP_PLLP (51090),0.15760413962206687
EXP_KDM4C (23081),0.15760083218745002
EXP_RIC8B (55188),0.15760030296346983
EXP_MYO15A (51168),0.1575997651430363
EXP_GGNBP2 (79893),0.15759476291900754
EXP_ANKRD54 (129138),0.15759206473319232
EXP_ADAM11 (4185),0.15758988199703428
EXP_COASY (80347),0.15758975930705876
EXP_SREK1IP1 (285672),0.15758948021087615
EXP_ALPG (251),0.15758816335216075
EXP_SYNRG (11276),0.1575864625913752
EXP_TMEM40 (55287),0.1575829995837399
EXP_CWF19L1 (55280),0.15758008985965422
EXP_RASGRF2 (5924),0.15757968208131334
EXP_SAPCD2 (89958),0.1575785991044416
EXP_SCFD1 (23256),0.15757804055571523
EXP_MEI1 (150365),0.1575741212438002
EXP_ATOX1 (475),0.15757374419014702
EXP_HOMER3 (9454),0.15757192585294977
EXP_JAKMIP3 (282973),0.15757062305664427
EXP_MANEA (79694),0.1575690758766326
EXP_ZNF502 (91392),0.1575677062911236
EXP_ANKRD13B (124930),0.15756451116808456
EXP_ZNF548 (147694),0.15756228269638406
EXP_MUS81 (80198),0.15756202548052745
EXP_CCDC85B (11007),0.1575616981800847
EXP_CABLES2 (81928),0.15755978119300273
EXP_LSM10 (84967),0.1575591766976654
EXP_PCSK4 (54760),0.1575575915627887
EXP_RAD54B (25788),0.1575535559665724
EXP_ZNF414 (84330),0.15755340170845056
EXP_FAM76A (199870),0.1575528865654734
EXP_VWA5B2 (90113),0.1575510797073738
EXP_MROH8 (140699),0.1575482252226319
EXP_C1QBP (708),0.1575451541640005
EXP_BCL2L2 (599),0.15754445857543953
EXP_CYCS (54205),0.1575422716997048
EXP_EGR1 (1958),0.15753884099034554
EXP_TRMT2B (79979),0.15753725868014268
EXP_NKIRAS2 (28511),0.15753592001547112
EXP_ATP6V1B1 (525),0.15753451930363305
EXP_TTC28 (23331),0.15753438694959598
EXP_GPR20 (2843),0.15753416775530482
EXP_ALG14 (199857),0.15753399410825875
EXP_TMEM9B (56674),0.157530429831362
EXP_PRDX2 (7001),0.15752502774573962
EXP_SMARCB1 (6598),0.1575241385074948
EXP_DTNA (1837),0.15752390596804045
EXP_PEX7 (5191),0.15751662673951916
EXP_TSPAN17 (26262),0.1575123232070812
EXP_ADAMTS16 (170690),0.15751210002299398
EXP_FBXW10B (374286),0.15751141712763594
EXP_RETREG1 (54463),0.15750748374831858
EXP_EXD2 (55218),0.15750659549189105
EXP_LRRC66 (339977),0.1575056285373888
EXP_GMFG (9535),0.1575048804383643
EXP_IMMT (10989),0.1575027998282028
EXP_HNRNPA2B1 (3181),0.15750102468892457
EXP_BUB1 (699),0.157499904277989
EXP_IDO1 (3620),0.15749915041370333
EXP_C11orf71 (54494),0.15749876191503898
EXP_DTX1 (1840),0.15749767140546922
EXP_KLRC2 (3822),0.15749628758581835
EXP_MLLT6 (4302),0.15749214088260022
EXP_KANSL1L (151050),0.15749111736665622
EXP_FBXL17 (64839),0.1574898762052257
EXP_PRPF4 (9128),0.1574881710078433
EXP_NFU1 (27247),0.1574881164527513
EXP_ANKDD1B (728780),0.15748689931192583
EXP_PADI3 (51702),0.1574862161448909
EXP_LENG9 (94059),0.15748417708507745
EXP_DOCK10 (55619),0.15748416616336325
EXP_C1orf162 (128346),0.1574817696772488
EXP_CDC40 (51362),0.15747981007315026
EXP_GOPC (57120),0.15747844643435105
EXP_APC2 (10297),0.15747832824909036
EXP_H2BC21 (8349),0.15746942567163558
EXP_SMPD2 (6610),0.15746803155282052
EXP_CHCHD4 (131474),0.15746363496865445
EXP_FAM246C (117134596),0.15745683869874139
EXP_MYL6B (140465),0.15745330849733552
EXP_SMCO3 (440087),0.15745260370064607
EXP_ZNHIT3 (9326),0.15745074860208153
EXP_MED13L (23389),0.15744943520376253
EXP_PINX1 (54984),0.15744879490280805
EXP_ZFAND6 (54469),0.1574480955609614
EXP_UBE2L6 (9246),0.1574459697206061
EXP_CLTC (1213),0.15744471456803932
EXP_ANGPTL6 (83854),0.15744448107793296
EXP_KHDC1 (80759),0.1574412164608523
EXP_UBXN11 (91544),0.15743793573894838
EXP_FAM72A (729533),0.15743667990207832
EXP_LRRFIP1 (9208),0.1574355973083179
EXP_THNSL2 (55258),0.15743513442377122
EXP_CD93 (22918),0.1574305808900256
EXP_HK1 (3098),0.15742828831293654
EXP_RIF1 (55183),0.1574254759956517
EXP_BLNK (29760),0.15742354393865376
EXP_ACP3 (55),0.1574220392498482
EXP_H3C10 (8357),0.1574214423261946
EXP_RHOU (58480),0.15742094596574496
EXP_PSMA3 (5684),0.15741983376897206
EXP_RUNX2 (860),0.1574197040680474
EXP_IFITM2 (10581),0.15741920744489146
EXP_TM4SF1 (4071),0.15741289518790857
EXP_LRRC37B (114659),0.15741285996363974
EXP_WFIKKN1 (117166),0.15741210611466983
EXP_UBXN10 (127733),0.1574094123190939
EXP_MAP2K4 (6416),0.15740514027615848
EXP_HFE (3077),0.1574025320336272
EXP_AGO1 (26523),0.15740198481124867
EXP_SYMPK (8189),0.15740102232417907
EXP_TP53I13 (90313),0.15739973992655454
EXP_ARFIP2 (23647),0.15739907507939765
EXP_NEMP1 (23306),0.15739794129701057
EXP_LRRC42 (115353),0.15739636474592356
EXP_ATP5MGL (267020),0.1573962319783675
EXP_CEMP1 (752014),0.1573958717291557
EXP_MLF2 (8079),0.15739499435386417
EXP_UBE2F (140739),0.15739266940809493
EXP_TMEM169 (92691),0.15739019831240597
EXP_ZNF571 (51276),0.15738757602925535
EXP_SPRING1 (79794),0.15738637184195348
EXP_ZNF607 (84775),0.1573831397452734
EXP_TSSK6 (83983),0.1573828062799194
EXP_BMS1 (9790),0.15738196945582672
EXP_LRRC70 (100130733),0.15736996570074968
EXP_CAPN10 (11132),0.15736665932948224
EXP_ZNF268 (10795),0.1573649974738558
EXP_ZFAND3 (60685),0.1573629155036782
EXP_SPNS3 (201305),0.15736005812698917
EXP_ZNF177 (7730),0.15735943563652555
EXP_UBR5 (51366),0.15735778674780398
EXP_GJD3 (125111),0.15735448730914925
EXP_LDLRAD3 (143458),0.15735366632205317
EXP_MAPKBP1 (23005),0.15735080223137476
EXP_SERPING1 (710),0.15734277517234574
EXP_ERLIN2 (11160),0.1573404430979668
EXP_KLHDC4 (54758),0.1573398266151962
EXP_TMED1 (11018),0.15732719358173242
EXP_STK38 (11329),0.1573266059736138
EXP_PSEN1 (5663),0.15732480608097532
EXP_SYNJ2BP (55333),0.1573240353344758
EXP_NUDT1 (4521),0.15732244240043514
EXP_FASTKD5 (60493),0.15732164415128924
EXP_LONP2 (83752),0.15732013676919188
EXP_PDZK1 (5174),0.15731994105551284
EXP_TWF2 (11344),0.15731600401690393
EXP_GCLM (2730),0.1573156676354861
EXP_PAQR5 (54852),0.1573154812589399
EXP_A2M (2),0.15731099748988253
EXP_GALNT4 (8693),0.1573091311570094
EXP_SLC66A3 (130814),0.15730599694048397
EXP_CTTN (2017),0.15730299701388617
EXP_TTLL1 (25809),0.15730168866811312
EXP_EPHA7 (2045),0.15730127885136014
EXP_BLOC1S4 (55330),0.15729975181186084
EXP_MYB (4602),0.15729881691009595
EXP_BEX1 (55859),0.157295095414276
EXP_TUBA1B (10376),0.15728582794687274
EXP_KIF20B (9585),0.15728100145650714
EXP_EIF4EBP3 (8637),0.15727942111523063
EXP_SLC5A10 (125206),0.1572784305894004
EXP_FAM86B2 (653333),0.15727818497838442
EXP_CIMIP2C (339778),0.15727671487528028
EXP_TAX1BP1 (8887),0.15727385355437917
EXP_MED27 (9442),0.15727193358237823
EXP_TGM2 (7052),0.1572677776219651
EXP_ARK2C (494470),0.1572671505773391
EXP_PSPN (5623),0.15726430986523177
EXP_SORBS1 (10580),0.15726301440432433
EXP_ZBTB46 (140685),0.15726136880369967
EXP_CHRNB2 (1141),0.15725776040852857
EXP_FGD3 (89846),0.15725717357000857
EXP_GRPR (2925),0.15725659598200092
EXP_RNF112 (7732),0.1572531641409025
EXP_OSR1 (130497),0.15724856065382298
EXP_SYTL5 (94122),0.15724568389610916
EXP_S100A3 (6274),0.15724525400587908
EXP_IL1RL1 (9173),0.15724191125777676
EXP_CCND3 (896),0.15723731398608276
EXP_PLEKHG1 (57480),0.1572320581692903
EXP_RIT1 (6016),0.15723023396825564
EXP_KLRG1 (10219),0.1572247828545601
EXP_RNMT (8731),0.15722036787205518
EXP_SLC46A1 (113235),0.15721683662967667
EXP_ZNF566 (84924),0.1572161346838996
EXP_SLFN13 (146857),0.15721282029904948
EXP_NARS1 (4677),0.15721211776037425
EXP_ARL5B (221079),0.15721069179631808
EXP_EPPK1 (83481),0.1572101180770833
EXP_SELENOP (6414),0.15721007850873647
EXP_FAM151B (167555),0.15720999335192776
EXP_HOXB5 (3215),0.15720347834353365
EXP_KNL1 (57082),0.1572015533085338
EXP_H4C2 (8366),0.15720033855500581
EXP_NUDT19 (390916),0.1571975662169507
EXP_HROB (78995),0.15719709385863112
EXP_ARMCX2 (9823),0.1571968728170381
EXP_IGSF8 (93185),0.15719636291955918
EXP_OSTC (58505),0.15719454561063984
EXP_NCBP1 (4686),0.1571936159168308
EXP_QRICH1 (54870),0.1571911016878884
EXP_MAFB (9935),0.15719058903313687
EXP_PLIN5 (440503),0.15718949711938368
EXP_PLEKHA5 (54477),0.15718651925623917
EXP_XAF1 (54739),0.15718158333700671
EXP_SRF (6722),0.15717844814784243
EXP_CYP2R1 (120227),0.15717686370200834
EXP_CPSF1 (29894),0.15717375311405135
EXP_SCN4A (6329),0.1571691400397892
EXP_IST1 (9798),0.1571657783735434
EXP_PASK (23178),0.15715784656315446
EXP_SLC12A7 (10723),0.15714946689132958
EXP_HNF4A (3172),0.1571474804582449
EXP_GRID2IP (392862),0.15714618218390708
EXP_RAET1G (353091),0.15714599578327793
EXP_LSM1 (27257),0.15714599408090724
EXP_NR4A2 (4929),0.1571454616605079
EXP_ANKRD18A (253650),0.15714110555829386
EXP_COQ8B (79934),0.1571389878581364
EXP_CKAP2L (150468),0.15713714627424835
EXP_NEK8 (284086),0.15713684343713297
EXP_SPC25 (57405),0.15713229428613218
EXP_ERICH6B (220081),0.15712943390125744
EXP_GZMM (3004),0.15712902797009853
EXP_RBM20 (282996),0.1571173344550374
EXP_RAPGEF5 (9771),0.15711496455323193
EXP_TRHDE (29953),0.15711480947446965
EXP_GNRH1 (2796),0.15711212074598002
EXP_KCNC4 (3749),0.15709871221757332
EXP_MYLK (4638),0.15709705292720866
EXP_DMAC1 (90871),0.15709686713529436
EXP_RANBP6 (26953),0.15709665734425737
EXP_WNK4 (65266),0.1570921308028943
EXP_PRMT2 (3275),0.15709000757484404
EXP_TRIM35 (23087),0.1570890246585046
EXP_NUP214 (8021),0.15708674509538945
EXP_CARD8 (22900),0.15708414442101937
EXP_TBL1X (6907),0.15707533899895054
EXP_AZU1 (566),0.1570737279306078
EXP_APOBEC2 (10930),0.15707353644152988
EXP_TAF9B (51616),0.15707280114488675
EXP_C11orf96 (387763),0.15706748633341583
EXP_LRRFIP2 (9209),0.15706488024879128
EXP_POLK (51426),0.15705983209783891
EXP_NACAD (23148),0.1570573194225382
EXP_NIPAL4 (348938),0.15705684953196997
EXP_DCLK1 (9201),0.15705545668936427
EXP_FBXW12 (285231),0.15705502057061071
EXP_FAM120B (84498),0.15705293081054705
EXP_AKAP1 (8165),0.15704968249649554
EXP_TMEM107 (84314),0.15704940032207038
EXP_SIRT3 (23410),0.15704908707366538
EXP_FOXF1 (2294),0.15704793366060787
EXP_VMA12 (147007),0.15703887142731432
EXP_BMP8A (353500),0.15703009159665715
EXP_EFHC1 (114327),0.15702892858578732
EXP_PPP2R2A (5520),0.15702826465527497
EXP_MT1X (4501),0.15702822808329842
EXP_CNOT11 (55571),0.15702765450584977
EXP_SOAT2 (8435),0.15702478856376345
EXP_STX11 (8676),0.1570229611939995
EXP_SLF1 (84250),0.15702111054071732
EXP_SSBP4 (170463),0.15701931266963243
EXP_MDC1 (9656),0.15701914262885897
EXP_PRODH (5625),0.15701859889813186
EXP_PROZ (8858),0.1570162468174363
EXP_TNNC1 (7134),0.15701380769519435
EXP_MUC13 (56667),0.15701201185495695
EXP_PTPRS (5802),0.15701074721231656
EXP_EIF3G (8666),0.1570095174915469
EXP_ZNF580 (51157),0.15700503894063278
EXP_ZFX (7543),0.15700441571901358
EXP_TBX4 (9496),0.15700344427286783
EXP_MIS12 (79003),0.15700167994141268
EXP_ASCC2 (84164),0.15700047932327443
EXP_GTPBP10 (85865),0.15699957501253792
EXP_CAMK4 (814),0.15699735953541438
EXP_ESPNL (339768),0.15699533393445453
EXP_H1-3 (3007),0.15699488061729205
EXP_GRIP1 (23426),0.15699269359245882
EXP_CCDC88A (55704),0.15699227257187331
EXP_PDE4C (5143),0.1569907630589702
EXP_MAPK14 (1432),0.1569888706052449
EXP_ANTXR2 (118429),0.15698420708399485
EXP_AOPEP (84909),0.15698282431642685
EXP_VPS36 (51028),0.1569823228616931
EXP_FAM168B (130074),0.15697794684960797
EXP_PFDN6 (10471),0.15697720910768354
EXP_SLC3A2 (6520),0.15697389206059498
EXP_FAM83B (222584),0.1569737373451181
EXP_LRMDA (83938),0.1569729941103022
EXP_HNF4G (3174),0.15697223649537406
EXP_SIRT2 (22933),0.1569649510980149
EXP_H2AC16 (8332),0.15696389278784562
EXP_SUV39H1 (6839),0.15696242820751927
EXP_NCLN (56926),0.15695998307452186
EXP_PICK1 (9463),0.15695995248111583
EXP_STIM1 (6786),0.15695803496728633
EXP_IDH3A (3419),0.15695457415984926
EXP_LYRM1 (57149),0.1569541898281246
EXP_FAM86B1 (85002),0.15695140036946942
EXP_KLHL24 (54800),0.1569506129093634
EXP_OLFML3 (56944),0.1569493733840055
EXP_SCG3 (29106),0.15694910934997974
EXP_SLC25A20 (788),0.15694567729879516
EXP_C19orf38 (255809),0.15693873770178346
EXP_CHM (1121),0.1569368951216621
EXP_ALPK3 (57538),0.1569366418772029
EXP_TJP2 (9414),0.1569339668117049
EXP_CSNK1D (1453),0.1569336194928681
EXP_SYT15 (83849),0.15693136886687142
EXP_TOPBP1 (11073),0.15693094870112123
EXP_ACSL3 (2181),0.15693090675912114
EXP_STARD3 (10948),0.1569306498690759
EXP_ZNF595 (152687),0.15693056322830934
EXP_CYFIP2 (26999),0.1569305471570157
EXP_PLBD1 (79887),0.15692548006532547
EXP_GLG1 (2734),0.15692487453414472
EXP_CDH2 (1000),0.15692429848247968
EXP_INO80 (54617),0.15692382671045912
EXP_TCHH (7062),0.15691748151656704
EXP_C8G (733),0.15691722178681022
EXP_MTX1 (4580),0.1569154561877033
EXP_CCND2 (894),0.15691293502615267
EXP_ABLIM3 (22885),0.1569019620808385
EXP_CNOT2 (4848),0.1569017196506115
EXP_SLC16A11 (162515),0.15689880117720012
EXP_DEF6 (50619),0.15689804003718955
EXP_TENT4B (64282),0.1568955670930432
EXP_KTI12 (112970),0.15689523104579717
EXP_LGALS1 (3956),0.15689420056445513
EXP_KLK5 (25818),0.1568927472050854
EXP_SLC39A5 (283375),0.15689267017505326
EXP_CASKIN1 (57524),0.15688985621975338
EXP_MTMR7 (9108),0.15688549375970684
EXP_SHOC1 (158401),0.1568795639496532
EXP_TIMM8A (1678),0.15687198549898174
EXP_PLPBP (11212),0.15687040956579956
EXP_TFPT (29844),0.15686943592091396
EXP_ZNF700 (90592),0.1568672156361819
EXP_MRPL1 (65008),0.1568660129510695
EXP_MT-ND3 (4537),0.1568630918504379
EXP_SNAI2 (6591),0.15685766839307913
EXP_CYB5RL (606495),0.15685456181459845
EXP_OTUD1 (220213),0.15685436767235572
EXP_IFT74 (80173),0.1568542722774504
EXP_NR5A2 (2494),0.15685282449415716
EXP_TMEM245 (23731),0.1568460522068742
EXP_PCLO (27445),0.1568407532937277
EXP_C3orf18 (51161),0.156835529107493
EXP_EEF1B2 (1933),0.1568342941300962
EXP_GNAO1 (2775),0.156831909830089
EXP_NUDCD1 (84955),0.15683084849885987
EXP_CYP27A1 (1593),0.15683068509748743
EXP_H2AX (3014),0.15682528335380397
EXP_CENPU (79682),0.15681324483613146
EXP_ROR2 (4920),0.15681285421289282
EXP_ZXDC (79364),0.15680920795122333
EXP_CACNA1H (8912),0.156804385314826
EXP_TMSB4X (7114),0.1568038393721629
EXP_E2F1 (1869),0.15680312635912497
EXP_TRAPPC2 (6399),0.1568021578805121
EXP_DDX39A (10212),0.156800407918384
EXP_PPP1R3C (5507),0.15679955542720592
EXP_ESPL1 (9700),0.1567959010552613
EXP_CTNNAL1 (8727),0.15679169324096875
EXP_MUC4 (4585),0.15679157942227295
EXP_FMR1 (2332),0.15678782705539795
EXP_INTS15 (79034),0.15678534676115952
EXP_NPL (80896),0.15678488143942548
EXP_SIPA1L2 (57568),0.15678357278092925
EXP_VNN1 (8876),0.156783213523914
EXP_CNDP2 (55748),0.156782252383052
EXP_MACROD1 (28992),0.1567811087702422
EXP_AQP3 (360),0.15678002654246104
EXP_SLC22A13 (9390),0.15677906088655646
EXP_CDH17 (1015),0.15677645748204272
EXP_MRPL57 (78988),0.15677570639402827
EXP_C2CD2L (9854),0.15676828204999005
EXP_TNF (7124),0.15676741445258013
EXP_COBLL1 (22837),0.15676442449637928
EXP_SERINC3 (10955),0.1567605500937912
EXP_DCXR (51181),0.15675892229355437
EXP_DNAAF4 (161582),0.15675890270807713
EXP_RNPC3 (55599),0.15675792111387477
EXP_MCMBP (79892),0.15675271244707023
EXP_LIN9 (286826),0.15675055763491574
EXP_ZNF764 (92595),0.1567502577248714
EXP_SAMD11 (148398),0.15675006103494127
EXP_MESP2 (145873),0.15674978001083506
EXP_MAMDC2 (256691),0.15674759974590557
EXP_KLF15 (28999),0.15674571677880333
EXP_PALM3 (342979),0.1567450960474721
EXP_LSMEM1 (286006),0.1567443429413311
EXP_ARHGAP17 (55114),0.15674377916562232
EXP_RAP2A (5911),0.1567412449349499
EXP_RWDD4 (201965),0.1567405122272012
EXP_YAF2 (10138),0.15673333693981562
EXP_ANKLE2 (23141),0.15672879618483915
EXP_CATSPERZ (25858),0.15672841554437245
EXP_CBLB (868),0.1567269892984564
EXP_KCNJ5 (3762),0.15672534234225122
EXP_RRM2 (6241),0.15672076713714578
EXP_OGDHL (55753),0.15671638520974351
EXP_TULP4 (56995),0.1567152008721866
EXP_ZNF547 (284306),0.15671130389057453
EXP_WBP2 (23558),0.15670861351203857
EXP_MVB12A (93343),0.15670840592843938
EXP_VWA8 (23078),0.156706922902492
EXP_SLC36A4 (120103),0.156706255544119
EXP_COL1A2 (1278),0.15670184719509184
EXP_ZCCHC18 (644353),0.1567016137946533
EXP_CFAP58 (159686),0.15670080782069107
EXP_DTX3L (151636),0.15669867225122935
EXP_EML1 (2009),0.15669595387925828
EXP_RALGPS1 (9649),0.1566953430450635
EXP_GINS2 (51659),0.1566912158027307
EXP_CDHR5 (53841),0.1566901266768186
EXP_MT-ND4L (4539),0.1566881422743247
EXP_FHIP1B (84067),0.15668773063421515
EXP_GTF3C1 (2975),0.15668368089783868
EXP_VPS26A (9559),0.15668016965903586
EXP_TMEM231 (79583),0.15667908094280403
EXP_TRPS1 (7227),0.15667885140106463
EXP_TRMU (55687),0.15667613552185067
EXP_AP3B2 (8120),0.1566742682820621
EXP_ATP8A1 (10396),0.1566736024841111
EXP_BDKRB1 (623),0.15667325411569077
EXP_RSPH4A (345895),0.156668479572458
EXP_FGF5 (2250),0.15666742582190452
EXP_TLL2 (7093),0.15666662888392402
EXP_DELE1 (9812),0.15666512859834647
EXP_NINJ2 (4815),0.15666167517178842
EXP_GALT (2592),0.15665959306773924
EXP_NEU1 (4758),0.15665869591987835
EXP_COPS6 (10980),0.15665692243523566
EXP_NEK5 (341676),0.15665572616946744
EXP_SPINT1 (6692),0.15665459950956073
EXP_ZDHHC18 (84243),0.15665167971662886
EXP_EPGN (255324),0.1566498856795544
EXP_TYW1B (441250),0.15664914297519505
EXP_CEND1 (51286),0.15664907599882305
EXP_PPP1R16B (26051),0.15664704163168075
EXP_SOSTDC1 (25928),0.15664697420633455
EXP_CCRL2 (9034),0.15664512732401903
EXP_NEK1 (4750),0.15664498473458188
EXP_WRNIP1 (56897),0.1566415005549855
EXP_RCN1 (5954),0.15663620357048114
EXP_PPP6C (5537),0.15663386188031492
EXP_ZNF273 (10793),0.15663315414976875
EXP_ARHGAP8 (23779),0.15663137998286025
EXP_PAWR (5074),0.15662967730993227
EXP_ADHFE1 (137872),0.15662886118144215
EXP_XRCC4 (7518),0.15662840707289494
EXP_CDKN2AIPNL (91368),0.15662466647034812
EXP_LRRC75A (388341),0.15662358261274356
EXP_CCNB2 (9133),0.1566211338466772
EXP_NXT2 (55916),0.15662037873741852
EXP_TMC8 (147138),0.15662036417800085
EXP_QSOX2 (169714),0.15661894523004527
EXP_HRNR (388697),0.15661835149132308
EXP_RNF168 (165918),0.15661776387397275
EXP_RIMBP3B (440804),0.156616229777649
EXP_RIOX1 (79697),0.15661424456755935
EXP_JADE2 (23338),0.15660967466670428
EXP_SLC17A5 (26503),0.15660840278992794
EXP_COMMD10 (51397),0.15660175829548528
EXP_THAP7 (80764),0.15659529054654797
EXP_TMUB2 (79089),0.1565935717856668
EXP_RAET1L (154064),0.15658881046418305
EXP_NOP14 (8602),0.15658642448445192
EXP_RAET1E (135250),0.15658443628100027
EXP_ZNF799 (90576),0.15658349595017906
EXP_ZFHX3 (463),0.15658295307911363
EXP_HACD3 (51495),0.15657819274200602
EXP_TLR9 (54106),0.15657336525970145
EXP_CEP20 (123811),0.1565685424479506
EXP_WDR75 (84128),0.15656432552537858
EXP_HLA-DQB1 (3119),0.15655789073347837
EXP_CD38 (952),0.1565574234350917
EXP_ZNF182 (7569),0.1565571021598151
EXP_RND3 (390),0.1565558539699463
EXP_ZC3HAV1 (56829),0.15655095490236715
EXP_UHMK1 (127933),0.15654848032103352
EXP_ADCY4 (196883),0.15654784021103385
EXP_RAB8A (4218),0.15654585776653818
EXP_USP32 (84669),0.15654499113827391
EXP_FBXO11 (80204),0.15654466045515836
EXP_SHLD3 (112441434),0.15654204012614326
EXP_KIF3C (3797),0.1565337061736427
EXP_PCNT (5116),0.1565274171951998
EXP_TMEM132A (54972),0.15651970515845282
EXP_KIF27 (55582),0.15651939505407242
EXP_GEMIN2 (8487),0.15651815239480182
EXP_RBM24 (221662),0.1565173025014177
EXP_TREX2 (11219),0.1565157731500415
EXP_KPNA3 (3839),0.1565142641920394
EXP_TSC1 (7248),0.1565089802838866
EXP_SLC30A3 (7781),0.15650887535220281
EXP_HCAR2 (338442),0.15650806068270473
EXP_SLC29A3 (55315),0.15650653064721531
EXP_PSMD11 (5717),0.15650639114259235
EXP_MTSS1 (9788),0.15649899230475128
EXP_SLC30A4 (7782),0.15649678046209647
EXP_KYAT1 (883),0.15649551647194926
EXP_RELCH (57614),0.15649085551150677
EXP_BCAS4 (55653),0.15648884535351115
EXP_AADAC (13),0.15648790698356585
EXP_THNSL1 (79896),0.15648760814484408
EXP_LHFPL6 (10186),0.15648722993606334
EXP_B4GAT1 (11041),0.15648440325438706
EXP_ZPLD1 (131368),0.1564823089755869
EXP_MTMR14 (64419),0.1564816479446831
EXP_CALM2 (805),0.1564811600763667
EXP_KRT5 (3852),0.15647819774202798
EXP_TMPRSS13 (84000),0.1564772188193615
EXP_IL36G (56300),0.15646561535589143
EXP_SIPA1L1 (26037),0.15646292183965205
EXP_DOCK3 (1795),0.15645913940435463
EXP_GET4 (51608),0.15645874958580386
EXP_ACTL8 (81569),0.15644738143460302
EXP_MAP9 (79884),0.15644527605856773
EXP_NEURL3 (93082),0.1564447386734944
EXP_VSIG2 (23584),0.15643919551713203
EXP_P4HA3 (283208),0.15642995976316776
EXP_ARSG (22901),0.15642750280630757
EXP_OSBPL3 (26031),0.15642257561709094
EXP_MAP7D3 (79649),0.15642151752502542
EXP_UROS (7390),0.15641816758250915
EXP_KIAA0586 (9786),0.1564146104490911
EXP_RAD23A (5886),0.15641341884661308
EXP_PALMD (54873),0.15641020738751354
EXP_KLHL33 (123103),0.15640844953215893
EXP_OSBP (5007),0.15640725151791024
EXP_KIF15 (56992),0.15640542783939182
EXP_SANBR (84542),0.156404553122802
EXP_MAP1LC3A (84557),0.15640293203133204
EXP_PDAP1 (11333),0.15639732699389075
EXP_DCAF6 (55827),0.1563959657631644
EXP_BRWD3 (254065),0.1563915040423609
EXP_BCL2L14 (79370),0.15638721709559533
EXP_JADE3 (9767),0.15638180662664158
EXP_TTYH3 (80727),0.15638152291810226
EXP_REXO1 (57455),0.15637662388089435
EXP_PRSS27 (83886),0.15637275225815017
EXP_HOXA10 (3206),0.1563666488160793
EXP_FOXO4 (4303),0.1563657365827451
EXP_SLC16A5 (9121),0.15636379478603146
EXP_ACAP3 (116983),0.15636096955703227
EXP_PRDX6 (9588),0.15635781046268793
EXP_RRAS2 (22800),0.1563561606819679
EXP_PES1 (23481),0.1563522128246193
EXP_C1orf159 (54991),0.15635063915869907
EXP_ODAD3 (115948),0.15634974249321854
EXP_PRMT7 (54496),0.15634437644937282
EXP_ASDURF (110599588),0.15634242860897363
EXP_JSRP1 (126306),0.1563406446214799
EXP_PARPBP (55010),0.15634004959223002
EXP_SPAAR (158376),0.1563333974631531
EXP_PRTN3 (5657),0.15632948130183344
EXP_XK (7504),0.1563244938085413
EXP_CMTM6 (54918),0.1563203300213969
EXP_P2RY8 (286530),0.15632032340480784
EXP_GRM2 (2912),0.1563175092710356
EXP_YBX3 (8531),0.15631097723855802
EXP_PRKD1 (5587),0.15630942968865025
EXP_NPNT (255743),0.1563075295545131
EXP_TDRD6 (221400),0.15630352686318005
EXP_H2AC21 (317772),0.15630303783092803
EXP_PITX2 (5308),0.15630023074863164
EXP_ESM1 (11082),0.1562871809228561
EXP_NFIB (4781),0.15628653912747392
EXP_VANGL2 (57216),0.1562837508040369
EXP_EIF4A2 (1974),0.15628285943851772
EXP_NUP88 (4927),0.15628130547085828
EXP_CTBS (1486),0.15627794540794593
EXP_MAP2K5 (5607),0.15627772433456233
EXP_ZNF195 (7748),0.15627508035421034
EXP_ECI2 (10455),0.15626962922665477
EXP_FGFR1OP2 (26127),0.15626912680835758
EXP_TMEM204 (79652),0.1562672187498566
EXP_PATL2 (197135),0.15626447462333815
EXP_PKDCC (91461),0.15626433305882514
EXP_ENDOD1 (23052),0.15626389762365456
EXP_SCNN1D (6339),0.15626308533002664
EXP_CCDC89 (220388),0.15626284201385943
EXP_EFEMP2 (30008),0.15626028626309552
EXP_CRMP1 (1400),0.15625965194487978
EXP_BRPF1 (7862),0.15625855395227717
EXP_NLRP11 (204801),0.15625800221209207
EXP_SMCO4 (56935),0.15625378477035934
EXP_ATP2B1 (490),0.1562523354008416
EXP_SPATA46 (284680),0.15625193918297953
EXP_TLCD3B (83723),0.15624976106481903
EXP_DEGS2 (123099),0.15624855574742202
EXP_RNF157 (114804),0.15624716829550778
EXP_SPOCK3 (50859),0.15623808058383037
EXP_PIP5K1B (8395),0.15623736050601256
EXP_KLHL3 (26249),0.1562362866125273
EXP_GPKOW (27238),0.15623520242584643
EXP_ADGRL1 (22859),0.1562329765558692
EXP_SMG8 (55181),0.15623225729193724
EXP_KCNJ10 (3766),0.1562316231311005
EXP_SLC15A1 (6564),0.1562296205086966
EXP_SH3RF1 (57630),0.1562169105634723
EXP_BICC1 (80114),0.1562131901573789
EXP_TRAK1 (22906),0.15621276481332202
EXP_ZNF587 (84914),0.15620935521456047
EXP_CTDSP2 (10106),0.15619973476692017
EXP_KIF5C (3800),0.15619961391480697
EXP_ATP1B2 (482),0.1561967248018039
EXP_CRY2 (1408),0.1561945721841127
EXP_COIL (8161),0.15619306377906295
EXP_LMNB1 (4001),0.15618764782266936
EXP_MAP2K2 (5605),0.15618672461176786
EXP_HPRT1 (3251),0.15618408503955372
EXP_DHRSX (207063),0.15618312755362407
EXP_SRPK3 (26576),0.1561799854438739
EXP_TTLL13 (440307),0.15617884534240112
EXP_AIFM3 (150209),0.15617710096292559
EXP_NCAPG (64151),0.1561770305794532
EXP_CEP112 (201134),0.15617528722241136
EXP_SIRT4 (23409),0.1561739845802954
EXP_CHST4 (10164),0.1561727391031864
EXP_TRMT61A (115708),0.1561725715418687
EXP_BACE1 (23621),0.15617159533001512
EXP_SPON1 (10418),0.15617042685112015
EXP_TIMM13 (26517),0.15616426183317422
EXP_CHEK1 (1111),0.1561635235118901
EXP_RPA2 (6118),0.1561567332522893
EXP_ATP6V0E2 (155066),0.1561520590608163
EXP_MME (4311),0.156150867850104
EXP_JPH1 (56704),0.15614151379029284
EXP_SLC19A2 (10560),0.15613789131230593
EXP_NKX3-2 (579),0.15613388232713188
EXP_ZNF888 (388559),0.15612881565759285
EXP_TADA2A (6871),0.15612204838614563
EXP_ELAPOR2 (222223),0.15611871667436006
EXP_POLD1 (5424),0.1561146446804882
EXP_YAE1 (57002),0.15611257571124248
EXP_ZMYND8 (23613),0.15611158636496647
EXP_HOXC4 (3221),0.1561107148556573
EXP_CCDC93 (54520),0.15610929428028708
EXP_ZGRF1 (55345),0.1561077643242692
EXP_NBPF11 (200030),0.15609701679713606
EXP_EMP1 (2012),0.15609608725901847
EXP_ITGA1 (3672),0.15609162394607878
EXP_TFDP1 (7027),0.15609112339587394
EXP_PSG9 (5678),0.15608976789547935
EXP_SCG5 (6447),0.15608923683194043
EXP_SLC24A5 (283652),0.1560854285938138
EXP_ELL (8178),0.15608513485630837
EXP_USB1 (79650),0.1560827829660747
EXP_MAPK13 (5603),0.15608275805471727
EXP_ZMAT1 (84460),0.15607844302598206
EXP_EPB41L4A (64097),0.15607501953313196
EXP_LTB4R (1241),0.15607332333918933
EXP_ADSL (158),0.15607318621738653
EXP_EYA1 (2138),0.15606986283890745
EXP_SART3 (9733),0.15606382952723674
EXP_IFI30 (10437),0.15606373705642973
EXP_KLK8 (11202),0.1560627203074274
EXP_ARHGEF17 (9828),0.15606012092292953
EXP_FGF19 (9965),0.15604947061208385
EXP_MLC1 (23209),0.15604101086209532
EXP_PRPF38B (55119),0.15604012530739375
EXP_SCNN1G (6340),0.15603977288975956
EXP_FGG (2266),0.15603832598779732
EXP_PDLIM1 (9124),0.1560325139411347
EXP_B3GALT2 (8707),0.15602948258025506
EXP_BRAT1 (221927),0.156024137734752
EXP_RGPD3 (653489),0.15602308905686613
EXP_ADGRA2 (25960),0.15602034972722656
EXP_PML (5371),0.15601849802509182
EXP_GPR37 (2861),0.15601816783886502
EXP_CCNT1 (904),0.15601524955001356
EXP_KRT6A (3853),0.15601441026324636
EXP_PHACTR1 (221692),0.15601141551545528
EXP_SVEP1 (79987),0.1560105560270193
EXP_IQCN (80726),0.15600989913454555
EXP_LRRN1 (57633),0.15600882788582648
EXP_TSPAN7 (7102),0.15600743129408468
EXP_PRR15L (79170),0.15600562153333275
EXP_FEZ1 (9638),0.15600060827054918
EXP_CDH1 (999),0.1560004993345947
EXP_GPC3 (2719),0.15599570083011827
EXP_MYLK3 (91807),0.15599356512616058
EXP_LRRC51 (120356739),0.15599301452891545
EXP_C16orf95 (100506581),0.15598789954339765
EXP_SCN2A (6326),0.1559851937293173
EXP_PRX (57716),0.15598383353850132
EXP_TIGAR (57103),0.15598209776816852
EXP_DTNB (1838),0.15598089857393838
EXP_PPP2R5E (5529),0.15597672082745717
EXP_PLA2G10 (8399),0.15597442624205726
EXP_TNFRSF12A (51330),0.15596662776004422
EXP_H4C1 (8359),0.15596517945414234
EXP_NEIL3 (55247),0.15596065059846254
EXP_ARHGAP23 (57636),0.1559593923647915
EXP_STRADA (92335),0.155953957132688
EXP_KCP (375616),0.15594731368388093
EXP_COCH (1690),0.1559452929743541
EXP_LEMD1 (93273),0.15593756392748404
EXP_PIP5KL1 (138429),0.15593434305445086
EXP_PPIL6 (285755),0.15592777617767162
EXP_MPZL1 (9019),0.1559196007497068
EXP_SLC7A7 (9056),0.15591359639724267
EXP_ZNF48 (197407),0.15591288061543462
EXP_TAS2R10 (50839),0.1559119051716209
EXP_BNIP2 (663),0.15590473762814128
EXP_TMEM259 (91304),0.1559037156249783
EXP_COL2A1 (1280),0.15590264712967628
EXP_PPP2R3C (55012),0.15589325881074956
EXP_NPIPB9 (100507607),0.15589274739261505
EXP_PDE6C (5146),0.15589116952383542
EXP_OPA3 (80207),0.1558871827188124
EXP_GMPS (8833),0.1558818402823663
EXP_PTPRC (5788),0.15587965958632566
EXP_MAFA (389692),0.15587652436148502
EXP_FRYL (285527),0.155871443828568
EXP_H3-7 (440686),0.15586815816495303
EXP_ZNF783 (100289678),0.155862447585136
EXP_MKRN3 (7681),0.15585922567351407
EXP_DHRS4L2 (317749),0.15585209403373934
EXP_CXCR6 (10663),0.1558515818582924
EXP_IPMK (253430),0.15584930212521897
EXP_ZNF814 (730051),0.15584771951930065
EXP_SYN3 (8224),0.1558450795747479
EXP_SETD2 (29072),0.15583993686472652
EXP_IRF8 (3394),0.15583724984326164
EXP_MAPK8IP2 (23542),0.15583537495836985
EXP_DDX59 (83479),0.15583362796374356
EXP_THSD1 (55901),0.155833168973861
EXP_TVP23C (201158),0.1558291663779947
EXP_HOXB6 (3216),0.15582707928021655
EXP_IL2RB (3560),0.15582562444039016
EXP_MAMSTR (284358),0.1558217010297076
EXP_PDCD6IP (10015),0.15581851390893764
EXP_ARHGAP39 (80728),0.1558157584761375
EXP_NIPBL (25836),0.15581192143674016
EXP_CLDN10 (9071),0.1558114715854142
EXP_IMPACT (55364),0.1558092759074352
EXP_DHRS1 (115817),0.15580446151761862
EXP_RAB39B (116442),0.15580378171096632
EXP_GBP3 (2635),0.15580110298495242
EXP_MPDZ (8777),0.1557912445788956
EXP_ABCA12 (26154),0.15579107282980686
EXP_DRG2 (1819),0.15578967962125922
EXP_TMEM51 (55092),0.15578911901797632
EXP_SYPL2 (284612),0.15578692519423587
EXP_TSPAN32 (10077),0.1557840329915967
EXP_ARPP19 (10776),0.15578144455749765
EXP_ITGB3 (3690),0.155780746735231
EXP_GRAMD1B (57476),0.1557796128408322
EXP_DAXX (1616),0.15577786071181166
EXP_EFNA5 (1946),0.15577391847008482
EXP_SLITRK6 (84189),0.15577268878678474
EXP_TXNRD2 (10587),0.1557706807475876
EXP_WSCD1 (23302),0.15576896782442695
EXP_GOLGA8B (440270),0.15576816407443062
EXP_CCDC154 (645811),0.15576662161135424
EXP_E2F5 (1875),0.1557594233123476
EXP_SMAP2 (64744),0.15575573647646124
EXP_ZSCAN18 (65982),0.15575413793312443
EXP_SKIDA1 (387640),0.15574466017887278
EXP_IFNAR1 (3454),0.15574356150912472
EXP_VRK2 (7444),0.15573948956753636
EXP_VAMP5 (10791),0.1557369148194736
EXP_RAP1GDS1 (5910),0.1557362388973189
EXP_TTC21A (199223),0.15573253201482729
EXP_TNXB (7148),0.15571969977797462
EXP_VPS4A (27183),0.15571786767829288
EXP_RADIL (55698),0.15571400231905486
EXP_TSTD3 (100130890),0.15570995114228037
EXP_C9orf78 (51759),0.15570919113105752
EXP_CTDSPL (10217),0.15570716854987765
EXP_SPOCK2 (9806),0.1557026548022442
EXP_MORN1 (79906),0.1557009232579576
EXP_AFAP1L1 (134265),0.15568912078028596
EXP_GOLGA8H (728498),0.15568006494371378
EXP_TNS3 (64759),0.15567786030234654
EXP_CIMAP1B (440836),0.15567658964571685
EXP_RPL15 (6138),0.1556761300841698
EXP_SIGIRR (59307),0.1556726862956097
EXP_TTLL7 (79739),0.15567130063491152
EXP_QPRT (23475),0.1556691883926664
EXP_COLGALT2 (23127),0.1556658209693973
EXP_MYCL (4610),0.1556582445977801
EXP_CCDC14 (64770),0.15565323753542426
EXP_CCDC198 (55195),0.15565284458380813
EXP_FMO5 (2330),0.15564157901619335
EXP_SLC38A6 (145389),0.15564082395785128
EXP_TPGS2 (25941),0.15563782925022895
EXP_DEF8 (54849),0.15563598918990973
EXP_LYRM9 (201229),0.15562431629020246
EXP_CERKL (375298),0.15562001309924955
EXP_C1QTNF5 (114902),0.15561978139630472
EXP_EFNA2 (1943),0.15561600498059036
EXP_CD4 (920),0.15561470411277778
EXP_TUBGCP4 (27229),0.1556131028527421
EXP_PLIN4 (729359),0.15560281694756561
EXP_MSL1 (339287),0.15559830775458572
EXP_LSMEM2 (132228),0.15559280190335567
EXP_C20orf144 (128864),0.15558692578601718
EXP_SLC2A1 (6513),0.155585883358337
EXP_KIF17 (57576),0.15557034195067576
EXP_TMEM187 (8269),0.15556014283635822
EXP_RPP14 (11102),0.15555975284248014
EXP_SLC22A17 (51310),0.1555517504456434
EXP_LIN28B (389421),0.15555090648454417
EXP_SLC6A15 (55117),0.15554607146122823
EXP_C1QTNF12 (388581),0.15554177241787315
EXP_TNFAIP8L3 (388121),0.15553567639801358
EXP_PSAT1 (29968),0.15553548023271357
EXP_ZNF470 (388566),0.15553473532515394
EXP_NDST3 (9348),0.15553108251418024
EXP_C2CD6 (151254),0.15552833624521778
EXP_ERCC6L (54821),0.15552476530135095
EXP_VN1R1 (57191),0.1555199830089551
EXP_GPRIN2 (9721),0.15551760177198037
EXP_ZNF737 (100129842),0.15551549711243684
EXP_ARHGEF4 (50649),0.15550961813013942
EXP_DIXDC1 (85458),0.1555095814728249
EXP_C1QTNF2 (114898),0.15550843301568573
EXP_PDHB (5162),0.15550671178065123
EXP_HLA-DRA (3122),0.1555048441735547
EXP_SNX8 (29886),0.15550327363759742
EXP_SPI1 (6688),0.15550308039878402
EXP_UBE2J2 (118424),0.15549115748041764
EXP_SKAP2 (8935),0.1554886091675094
EXP_CA11 (770),0.15548839862735875
EXP_SCRN2 (90507),0.15548524468503988
EXP_CALB2 (794),0.1554836493840588
EXP_PLAA (9373),0.15548193904980234
EXP_VSIG10L2 (338667),0.15547837528258146
EXP_PRR14 (78994),0.15547702918557427
EXP_SORCS2 (57537),0.15547326548042983
EXP_L3HYPDH (112849),0.1554713460237469
EXP_H4C9 (8294),0.15547010440033482
EXP_MUC5AC (4586),0.15546805635427763
EXP_ZSCAN30 (100101467),0.15546202850774993
EXP_MN1 (4330),0.15545867241996536
EXP_RTBDN (83546),0.15545611322452313
EXP_AREG (374),0.15544853884670928
EXP_SPTSSA (171546),0.15544186978050867
EXP_MAU2 (23383),0.1554396768393218
EXP_HEY2 (23493),0.1554327761339911
EXP_ASRGL1 (80150),0.15541920059085523
EXP_TLE6 (79816),0.1554174753329436
EXP_COPG1 (22820),0.15541337238180297
EXP_ZNF624 (57547),0.15541244682329847
EXP_TMT1B (196410),0.15541149369334484
EXP_POLR2D (5433),0.15540163101587634
EXP_SPATA18 (132671),0.15539360699274507
EXP_ZFYVE28 (57732),0.15539299577627208
EXP_LIX1L (128077),0.15538206794745957
EXP_ZNF532 (55205),0.15538142271187727
EXP_NEK9 (91754),0.15537952113228393
EXP_FRMD6 (122786),0.1553773620718486
EXP_SH2B1 (25970),0.15537730817029516
EXP_PIEZO1 (9780),0.1553731729159642
EXP_SGK1 (6446),0.155367864727201
EXP_TTLL9 (164395),0.15536517351342827
EXP_TMEM249 (340393),0.15536508531022086
EXP_SLC9A9 (285195),0.1553566800968369
EXP_KCNT2 (343450),0.1553565572261726
EXP_SCN4B (6330),0.155354211620792
EXP_EIF1B (10289),0.15535299427144622
EXP_TTC23L (153657),0.15535119285702947
EXP_TNFSF18 (8995),0.15535024082472138
EXP_BOLA2B (654483),0.15534986347150959
EXP_CDC42BPB (9578),0.15534173358428038
EXP_SNF8 (11267),0.1553417186314734
EXP_VIPAS39 (63894),0.1553410862225979
EXP_DDX39B (7919),0.15533989754204125
EXP_TNFAIP8L2 (79626),0.15533925564250062
EXP_MTLN (205251),0.15533856343772978
EXP_SLC8A1 (6546),0.15532937940634017
EXP_ZNF572 (137209),0.1553236374001825
EXP_CDC20 (991),0.15531825963583223
EXP_DISP2 (85455),0.15531112389067836
EXP_RMI2 (116028),0.1553094253209153
EXP_ALDH3B1 (221),0.15530568495732222
EXP_ZNF688 (146542),0.15530192337240223
EXP_RUNDC3B (154661),0.15529901691952386
EXP_CLDN14 (23562),0.15529834924258212
EXP_NOTCH2NLC (100996717),0.1552960004631574
EXP_LRRC46 (90506),0.15529574082879982
EXP_KHDC1L (100129128),0.15529040281961937
EXP_TBC1D4 (9882),0.15528465437411398
EXP_RCE1 (9986),0.1552845649842487
EXP_CABP7 (164633),0.15528282857918985
EXP_SPEF1 (25876),0.1552817875171515
EXP_GFUS (7264),0.15527720376259424
EXP_FICD (11153),0.15527580867119006
EXP_ADAM23 (8745),0.15527365508523605
EXP_NPFFR1 (64106),0.15526849252409658
EXP_DIO2 (1734),0.15526837903030088
EXP_VASH1 (22846),0.15526552062156718
EXP_ALG5 (29880),0.15526148333882972
EXP_COPS7A (50813),0.1552606659985205
EXP_P4HA2 (8974),0.15525519807650756
EXP_MSL3 (10943),0.1552531777074595
EXP_TNFRSF13C (115650),0.1552505941779776
EXP_BIN3 (55909),0.15525004690514255
EXP_DBP (1628),0.15524436006470577
EXP_WDCP (80304),0.15523801279970417
EXP_ASB3 (51130),0.15523791394279485
EXP_SPATA1 (100505741),0.15523696076294335
EXP_CABP1 (9478),0.15523671970099695
EXP_SEC14L5 (9717),0.15523367981672376
EXP_GPAA1 (8733),0.1552296248734768
EXP_ADAMTS10 (81794),0.1552277802524067
EXP_HOXA9 (3205),0.1552258313535413
EXP_SUSD5 (26032),0.15522334908883018
EXP_IQCH (64799),0.15521626835486657
EXP_UGGT1 (56886),0.15520132750350157
EXP_ENDOV (284131),0.15519877872270094
EXP_GNPNAT1 (64841),0.15519168984805098
EXP_SH3BP5L (80851),0.15518618676508655
EXP_ELFN1 (392617),0.15518593969202588
EXP_RIPPLY3 (53820),0.1551857681789457
EXP_MMP24OS (101410538),0.15518561910121864
EXP_BCAT1 (586),0.15517788690573742
EXP_NDUFB9 (4715),0.15516445996441952
EXP_RBP7 (116362),0.15516315069005682
EXP_ALDH9A1 (223),0.15516191001559232
EXP_DNAJA1 (3301),0.15514464571617115
EXP_RASSF10 (644943),0.15513862964662284
EXP_RGPD6 (729540),0.15513706517126824
EXP_HOXC11 (3227),0.15513394374045042
EXP_GPRASP1 (9737),0.15513392239153223
EXP_C6orf89 (221477),0.15513121550567188
EXP_THUMPD3 (25917),0.1551309684980442
EXP_KCTD6 (200845),0.1551294054561385
EXP_RIMBP3C (150221),0.15512674696022
EXP_ZNF586 (54807),0.15512604925425233
EXP_FAM184A (79632),0.1551233336226483
EXP_SKIC3 (9652),0.15512236712922878
EXP_SNX24 (28966),0.1551195935734606
EXP_MST1R (4486),0.1551185161099946
EXP_LRP2 (4036),0.15511748639721334
EXP_FERRY3 (57102),0.15511709945596497
EXP_ABCC10 (89845),0.15511587512061809
EXP_IFI27L2 (83982),0.1551129333866612
EXP_FLT4 (2324),0.15511004835356612
EXP_EFNB3 (1949),0.15510697837729825
EXP_BTN3A2 (11118),0.15510123941581
EXP_TCEAL9 (51186),0.15510041255560125
EXP_SGSM3 (27352),0.1550983314807528
EXP_TSPAN2 (10100),0.15509772237778652
EXP_LYG1 (129530),0.15509251539004065
EXP_CLASP1 (23332),0.15508705887125274
EXP_SATB1 (6304),0.1550775843063814
EXP_ATP6V1G1 (9550),0.15507750621227423
EXP_PLK4 (10733),0.15507472289524582
EXP_LEMD3 (23592),0.15507292702483433
EXP_S100A5 (6276),0.15507235510321404
EXP_ABRACL (58527),0.15507114451353576
EXP_RGPD1 (400966),0.15505985401182798
EXP_RAMAC (83640),0.15505830057825154
EXP_SLC1A2 (6506),0.15505629941534327
EXP_TEAD1 (7003),0.15503692243411837
EXP_TNNI1 (7135),0.15502528651826708
EXP_FAXC (84553),0.15501996890489522
EXP_BTBD6 (90135),0.15501572462789515
EXP_ELAC1 (55520),0.1550149858441845
EXP_LGI4 (163175),0.15500784212625174
EXP_PRR11 (55771),0.1550046586476599
EXP_ADRA2C (152),0.15499326136658365
EXP_SLC39A14 (23516),0.1549925429912724
EXP_TAGAP (117289),0.15499118068333484
EXP_WNT5B (81029),0.1549791284594617
EXP_SERPINB7 (8710),0.1549749058097154
EXP_NRIP2 (83714),0.15496943566238652
EXP_GRIK2 (2898),0.1549606353820554
EXP_TARBP1 (6894),0.1549576285784866
EXP_ZNF821 (55565),0.15494819389805858
EXP_LHX6 (26468),0.15494719177326388
EXP_EFCAB8 (388795),0.15494640132408843
EXP_EML5 (161436),0.15493997781433322
EXP_TUT4 (23318),0.15493502749764154
EXP_PLEKHG7 (440107),0.1549341716864694
EXP_RWDD2B (10069),0.15492744564368
EXP_DIMT1 (27292),0.15492674293150266
EXP_ZNF675 (171392),0.15492667367452384
EXP_ALDH16A1 (126133),0.15492375097267175
EXP_ITPKB (3707),0.15492220388972644
EXP_PVR (5817),0.15492062484987024
EXP_MCM4 (4173),0.15492057846946494
EXP_CIMIP5 (130813),0.15491557921507493
EXP_H3C11 (8354),0.15491404848466672
EXP_PALM2AKAP2 (445815),0.15491015561040822
EXP_ZNF165 (7718),0.15490313109005704
EXP_ARMCX6 (54470),0.15489737523383873
EXP_SLC35F6 (54978),0.15489241367395312
EXP_ECM2 (1842),0.15489100265613853
EXP_GRK3 (157),0.15488498073507184
EXP_ADAMTS4 (9507),0.15488433929123557
EXP_ID4 (3400),0.15488406919690556
EXP_SLC22A3 (6581),0.154880457665989
EXP_EID3 (493861),0.15487774929003084
EXP_ASMTL (8623),0.15487359966432024
EXP_CBLC (23624),0.15487210523917305
EXP_SLC16A12 (387700),0.15486599490999975
EXP_KRBA1 (84626),0.15486446535681697
EXP_MPPE1 (65258),0.15486321109833678
EXP_ONECUT2 (9480),0.15485478367933148
EXP_C2orf66 (401027),0.15485345287598395
EXP_ING5 (84289),0.15485341741379166
EXP_TSHZ2 (128553),0.15485096713346191
EXP_FGF11 (2256),0.15484390555871297
EXP_RASIP1 (54922),0.15483166517752878
EXP_CADM1 (23705),0.15483019867609027
EXP_TBC1D32 (221322),0.1548174590217073
EXP_AKNAD1 (254268),0.1548153959589058
EXP_NINJ1 (4814),0.1548129671055669
EXP_C3orf38 (285237),0.15480939995951903
EXP_SNTB1 (6641),0.15480933037171862
EXP_CECR2 (27443),0.15480492451583538
EXP_AAK1 (22848),0.15480481237645627
EXP_NEGR1 (257194),0.15480456313887547
EXP_YIPF1 (54432),0.15480155532523376
EXP_SSBP3 (23648),0.1547993726037138
EXP_HLA-DQA1 (3117),0.15479735698245278
EXP_MFN1 (55669),0.1547971253361764
EXP_PTRH1 (138428),0.15479584410071467
EXP_ACTG1 (71),0.1547958388302062
EXP_NODAL (4838),0.15479423628125133
EXP_DAPP1 (27071),0.15479324000850525
EXP_TRAPPC2L (51693),0.1547920002996177
EXP_ARSL (415),0.15477932102985825
EXP_EYA2 (2139),0.15477823539443136
EXP_GTF2H2C (728340),0.1547739286839125
EXP_BIRC6 (57448),0.15477353055433163
EXP_SLC7A11 (23657),0.15477196902839552
EXP_KCNJ11 (3767),0.1547701436880713
EXP_NELFA (7469),0.15476597249614432
EXP_TBX1 (6899),0.15476358309779759
EXP_CACNA1I (8911),0.15475635840439672
EXP_LTBR (4055),0.15475424742892052
EXP_RSC1A1 (6248),0.15475257052607727
EXP_R3HDM2 (22864),0.15474769667392874
EXP_P2RY11 (5032),0.1547454519877265
EXP_TSPOAP1 (9256),0.15474226226277032
EXP_ACCS (84680),0.1547389553439329
EXP_SEC16B (89866),0.15473790599792103
EXP_AHSG (197),0.15473760380540114
EXP_SNX29 (92017),0.15473380251303936
EXP_NCF4 (4689),0.15472868080000612
EXP_TAPBP (6892),0.15471743095209245
EXP_ZNF865 (100507290),0.15470889312470515
EXP_THEM6 (51337),0.15470350569334013
EXP_PLAAT2 (54979),0.1547006274930034
EXP_IMPG1 (3617),0.15469881342477798
EXP_TMPRSS6 (164656),0.15469508837438894
EXP_POLE2 (5427),0.1546903035789189
EXP_MRPL48 (51642),0.1546896051926332
EXP_BNC1 (646),0.15467862493171225
EXP_HES4 (57801),0.15467839243918835
EXP_NSUN3 (63899),0.15467702119720084
EXP_NELL2 (4753),0.1546673175835016
EXP_ZFP90 (146198),0.15465883167065542
EXP_FAF2 (23197),0.15465783884786166
EXP_FCRLA (84824),0.15464916768772508
EXP_KLHL30 (377007),0.15464780615022455
EXP_FGFBP3 (143282),0.15464378013677216
EXP_RAB35 (11021),0.15463886500276214
EXP_ZBTB17 (7709),0.1546383760343497
EXP_ASCL5 (647219),0.154630880391756
EXP_NUP98 (4928),0.15462499176024203
EXP_CBS (875),0.15462354775205078
EXP_TARDBP (23435),0.15462102368598352
EXP_GBP5 (115362),0.15461840741183863
EXP_KAT6A (7994),0.15461762812383473
EXP_NELFE (7936),0.15461732805965678
EXP_GOLT1A (127845),0.15461712689533602
EXP_RDH12 (145226),0.1546156171865709
EXP_FAM171A1 (221061),0.15461040327472997
EXP_PTPN22 (26191),0.15460979168712008
EXP_GPER1 (2852),0.15460189131695223
EXP_FBXW10 (10517),0.15460113699882605
EXP_MYOZ3 (91977),0.15459940857531773
EXP_GALNT9 (50614),0.15458891582485634
EXP_ZNF596 (169270),0.15457956441345821
EXP_D2HGDH (728294),0.15456977478597533
EXP_FAM3C (10447),0.15456309048399497
EXP_NEK11 (79858),0.154560875344516
EXP_LPAR6 (10161),0.1545600200788284
EXP_MIS18BP1 (55320),0.15455978847073304
EXP_DNASE2 (1777),0.15455529198683404
EXP_SASH3 (54440),0.15455147248126444
EXP_MTCL3 (387104),0.1545497726754741
EXP_DCST2 (127579),0.15454832148129594
EXP_ALOX5AP (241),0.15454533743222587
EXP_NXPH4 (11247),0.15453729792071158
EXP_UBXN2A (165324),0.15453067774242069
EXP_PRRT4 (401399),0.1545270549185922
EXP_RNPEP (6051),0.1545242644642526
EXP_PLP2 (5355),0.1545220630728421
EXP_SLC35G6 (643664),0.15451945569556713
EXP_BASP1 (10409),0.15451884240360236
EXP_RPAIN (84268),0.1545186347796772
EXP_GPALPP1 (55425),0.15451680397530243
EXP_FBN2 (2201),0.1545104567587443
EXP_PAX8 (7849),0.15450732517965893
EXP_LCORL (254251),0.15450718940468455
EXP_CACNB4 (785),0.15450565200114497
EXP_CPVL (54504),0.15449764819778977
EXP_IL31RA (133396),0.15449093469006048
EXP_CCL2 (6347),0.1544895005779443
EXP_ACTR3 (10096),0.15448479079999622
EXP_ICOSLG (23308),0.15448456946549705
EXP_SMC4 (10051),0.15448223270738382
EXP_KRT86 (3892),0.15446185263503942
EXP_TMEM59 (9528),0.1544559795457765
EXP_TMEM39A (55254),0.15445216965243969
EXP_HSPA8 (3312),0.1544516162138727
EXP_WDR88 (126248),0.154446010537443
EXP_SMIM15 (643155),0.1544454669954849
EXP_NEURL1 (9148),0.15444509554033026
EXP_EDIL3 (10085),0.1544361073653162
EXP_ASF1B (55723),0.15443268837964652
EXP_HOXA13 (3209),0.1544146863301581
EXP_ASIC4 (55515),0.15440952806181496
EXP_SLC16A4 (9122),0.15440147811369886
EXP_DQX1 (165545),0.15439898457473866
EXP_STOX1 (219736),0.1543985949872022
EXP_SLC5A1 (6523),0.1543950632427853
EXP_SLC8A2 (6543),0.15438897008989816
EXP_STEAP1B (256227),0.15438147936304247
EXP_KIT (3815),0.15438145178615503
EXP_BIN2 (51411),0.15438114943639558
EXP_SKP2 (6502),0.15437853109853528
EXP_CPZ (8532),0.1543682420831889
EXP_CHD9NB (105371267),0.15435658664191365
EXP_MZT2B (80097),0.1543516944961958
EXP_MKRN2 (23609),0.15435106140626242
EXP_TLX1 (3195),0.15434247363458198
EXP_REL (5966),0.1543424421492814
EXP_KIF5B (3799),0.15434163061710215
EXP_PTBP1 (5725),0.15433650422315104
EXP_CMKLR2 (2825),0.15433252436438494
EXP_ZNF883 (169834),0.15432095934755452
EXP_SYN2 (6854),0.15431688594999216
EXP_ANXA10 (11199),0.1543155754818164
EXP_BGN (633),0.15431269057828345
EXP_RAB40AL (282808),0.1543114727190824
EXP_CELSR3 (1951),0.1543085818329093
EXP_NAT1 (9),0.1543064576197155
EXP_TMEM178B (100507421),0.15430544557548131
EXP_CADPS (8618),0.15430086990367453
EXP_PREX1 (57580),0.1543005903968675
EXP_MXRA5 (25878),0.15429201648300328
EXP_SLC38A5 (92745),0.15428287903090254
EXP_ARHGEF6 (9459),0.15428134749144284
EXP_TCL1A (8115),0.15428020195442915
EXP_PHLDA2 (7262),0.1542756410596553
EXP_VCAM1 (7412),0.15426918790105937
EXP_KCNRG (283518),0.15426751130514305
EXP_TEAD4 (7004),0.15425760022152435
EXP_LITAF (9516),0.15425653891800906
EXP_CCDC124 (115098),0.15425344595674684
EXP_CFAP96 (441054),0.15424613512919727
EXP_H2BC8 (8339),0.1542438840090723
EXP_C6orf163 (206412),0.15423750860559693
EXP_SMIM22 (440335),0.15423457444618194
EXP_RBBP8NL (140893),0.15423123506806036
EXP_ARMT1 (79624),0.15422687609780716
EXP_BAZ1A (11177),0.15422412206999514
EXP_BMP7 (655),0.15422360055942885
EXP_CARMIL3 (90668),0.15421705143206754
EXP_GALNT3 (2591),0.15421604398344257
EXP_PDE7B (27115),0.15421067536698185
EXP_RORB (6096),0.15421056021539226
EXP_RPE (6120),0.15419465230841833
EXP_RCAN2 (10231),0.15417289633331865
EXP_ZNF880 (400713),0.15416683074290916
EXP_APC (324),0.1541632777401576
EXP_SERPINB2 (5055),0.15416221484614834
EXP_MAP2K1 (5604),0.15415818247386515
EXP_PLCB3 (5331),0.15415183880819772
EXP_PAIP2B (400961),0.1541501161597596
EXP_RIPOR2 (9750),0.15414965749673737
EXP_SUPT3H (8464),0.15414924608260527
EXP_TES (26136),0.15414868359087386
EXP_CCDC157 (550631),0.15414733367832678
EXP_DOCK4 (9732),0.15414474092604014
EXP_PRDM6 (93166),0.15412823379627572
EXP_TMEM236 (653567),0.15412197136092765
EXP_KLF10 (7071),0.1541217428806787
EXP_GSTM4 (2948),0.15412171896157023
EXP_F5 (2153),0.15412112411275203
EXP_SDK1 (221935),0.1541175698147308
EXP_CCDC188 (388849),0.1541169764911423
EXP_IL20RA (53832),0.15411500699441838
EXP_CHRNE (1145),0.1541141538259847
EXP_KLF7 (8609),0.15411395892968383
EXP_CIMIP2B (730112),0.15411268921498245
EXP_AP1G1 (164),0.1541035625464211
EXP_SBSN (374897),0.15410181456982475
EXP_ZBTB32 (27033),0.15409964742176463
EXP_HCFC2 (29915),0.15409906099776194
EXP_DIAPH2 (1730),0.15409905098806664
EXP_B3GALT9 (100288842),0.15409815434882113
EXP_FAM193A (8603),0.15409727172563237
EXP_F2RL2 (2151),0.1540835969090626
EXP_HDX (139324),0.15408308201834497
EXP_LRRC4B (94030),0.15408064311338876
EXP_TBCK (93627),0.15407588851122078
EXP_SERTAD3 (29946),0.15407483698229196
EXP_IFITM3 (10410),0.15407087360348726
EXP_LRRC17 (10234),0.15406716922406893
EXP_CLDN5 (7122),0.15406570097889682
EXP_CDH15 (1013),0.15406166473757033
EXP_SOWAHA (134548),0.15406091643757858
EXP_SCN3A (6328),0.15406074020011218
EXP_SDCCAG8 (10806),0.15406035992898737
EXP_ZNF664 (144348),0.1540499312347876
EXP_AQP5 (362),0.15404545676685633
EXP_DIRAS1 (148252),0.15404461293399674
EXP_LCP2 (3937),0.15404030900190424
EXP_MIGA2 (84895),0.154036102988381
EXP_SLC16A2 (6567),0.15403088168917378
EXP_NT5DC4 (284958),0.15402847989983748
EXP_ZNF71 (58491),0.15402756407589369
EXP_WDR76 (79968),0.15401756729217464
EXP_ALK (238),0.15401460352369511
EXP_TOLLIP (54472),0.15401387087326324
EXP_VCAN (1462),0.15399600315193318
EXP_BCO2 (83875),0.15399346426760907
EXP_ZSWIM5 (57643),0.15399252500725602
EXP_MYO1F (4542),0.15398934755047478
EXP_TBC1D2 (55357),0.15398695465049528
EXP_PID1 (55022),0.15398007483531995
EXP_SYT14 (255928),0.15397027364084703
EXP_TXN (7295),0.15396966513075938
EXP_H3C15 (333932),0.15396884151700885
EXP_MOGS (7841),0.15396814709920204
EXP_GPR180 (160897),0.15396797915468685
EXP_EVC (2121),0.15396598246378268
EXP_FOXD2 (2306),0.15396287245346585
EXP_GM2A (2760),0.15395885523172925
EXP_C11orf91 (100131378),0.15395559155053373
EXP_NUTM2A (728118),0.1539524739581486
EXP_DEPDC1 (55635),0.15394337976450956
EXP_NAALADL1 (10004),0.15394114516815627
EXP_SEC13 (6396),0.15393866512346932
EXP_TEX264 (51368),0.15393732270619154
EXP_TCEAL1 (9338),0.15393438738212417
EXP_FAM167B (84734),0.15393405494139412
EXP_ACRBP (84519),0.15393210658473322
EXP_ZC3HAV1L (92092),0.15393210657842804
EXP_OSER1 (51526),0.15392768595021522
EXP_UBE2G2 (7327),0.15391942491112687
EXP_BLK (640),0.15391227191969392
EXP_MFSD9 (84804),0.15390475274546134
EXP_PPARGC1A (10891),0.15389911305408877
EXP_GUCA1B (2979),0.1538989032006386
EXP_NFATC2IP (84901),0.15389522179482018
EXP_CCDC25 (55246),0.15389196568498065
EXP_PRKG1 (5592),0.15388543504833763
EXP_GRIK5 (2901),0.15388465768092896
EXP_SECISBP2L (9728),0.15388442733168706
EXP_GNB5 (10681),0.15388344145986643
EXP_PTPRZ1 (5803),0.1538829451263961
EXP_ZNF90 (7643),0.1538821719468153
EXP_MAGEA3 (4102),0.15387105729331108
EXP_MYADML2 (255275),0.1538670855232258
EXP_AARSD1 (80755),0.15386329507144314
EXP_LRRN4CL (221091),0.15383915809869908
EXP_CLDN15 (24146),0.15383442446624507
EXP_ASL (435),0.1538319954194396
EXP_TAS1R3 (83756),0.15383038350491596
EXP_CACNA2D1 (781),0.15382866268256912
EXP_FOXA2 (3170),0.1538164860266127
EXP_C1QTNF4 (114900),0.15381578659489747
EXP_CAPN3 (825),0.15381362770048668
EXP_ZDHHC5 (25921),0.1538114014767915
EXP_GFRA3 (2676),0.1538095727819373
EXP_NCAM2 (4685),0.15380177890004587
EXP_FXYD1 (5348),0.15378848715658133
EXP_RAB25 (57111),0.1537873378405763
EXP_INSYN2A (642938),0.15377927330280983
EXP_TRIM44 (54765),0.15377833138454378
EXP_NSUN7 (79730),0.1537763607418361
EXP_SULT1A3 (6818),0.15376745101796363
EXP_ZNF469 (84627),0.15376154923594498
EXP_REG4 (83998),0.15376138940904704
EXP_HMOX1 (3162),0.15375710313537105
EXP_FKBP5 (2289),0.15374447311243689
EXP_AKAP5 (9495),0.15373811266092474
EXP_FXYD3 (5349),0.15372428404555905
EXP_KLRK1 (22914),0.15372314845089807
EXP_MTMR9 (66036),0.15372308098460685
EXP_PGBD5 (79605),0.15372216844767994
EXP_H3-3A (3020),0.15371764159522439
EXP_C18orf32 (497661),0.15370671274778758
EXP_IL12RB2 (3595),0.15370435595363396
EXP_LHX9 (56956),0.1537010337941993
EXP_RAB34 (83871),0.15369063492710122
EXP_TNFRSF11B (4982),0.15368416267469076
EXP_SLC44A5 (204962),0.1536794361090994
EXP_ZNF829 (374899),0.1536769009243315
EXP_STK32B (55351),0.1536676072355334
EXP_TRO (7216),0.15366635919489724
EXP_LRP1B (53353),0.15366160295410314
EXP_ZP3 (7784),0.15365655623213215
EXP_GRAMD2A (196996),0.1536504072956424
EXP_PRRG4 (79056),0.1536449323594491
EXP_ANKRD35 (148741),0.15362969644012825
EXP_NTF4 (4909),0.15362578969398388
EXP_CPEB3 (22849),0.15361685108164025
EXP_LIPG (9388),0.15361331727323435
EXP_ZNF652 (22834),0.15360587977405693
EXP_ZNF610 (162963),0.1536039799101978
EXP_CAND2 (23066),0.15360148356057834
EXP_SLC19A3 (80704),0.1535991256409197
EXP_TUB (7275),0.1535925515042682
EXP_LINGO1 (84894),0.15358531687685595
EXP_YLPM1 (56252),0.153578491048596
EXP_PCDH12 (51294),0.15357810376448544
EXP_SLC13A4 (26266),0.15357643791916775
EXP_CLN6 (54982),0.15357189694190065
EXP_DSC3 (1825),0.15357134756870927
EXP_ALB (213),0.15356949269223286
EXP_SLC2A5 (6518),0.1535553225711519
EXP_STON1 (11037),0.15354933261652093
EXP_NFAM1 (150372),0.15354541736374028
EXP_PTGS1 (5742),0.15354206765106415
EXP_PLAC8L1 (153770),0.1535392186435267
EXP_PIK3CB (5291),0.15353672521473793
EXP_CP (1356),0.15353099480124488
EXP_CCDC144A (9720),0.153529676560213
EXP_PCDH18 (54510),0.15352585215171022
EXP_CCDC106 (29903),0.1535250680944804
EXP_EFCAB6 (64800),0.1535220294036419
EXP_SURF1 (6834),0.15351740662920932
EXP_ZBTB8B (728116),0.1535147500278402
EXP_CHST2 (9435),0.15351161105474986
EXP_ATP9B (374868),0.15350748049593488
EXP_TBC1D5 (9779),0.15350632220952765
EXP_CCDC181 (57821),0.15349927617716475
EXP_SETBP1 (26040),0.15348980102337784
EXP_UHRF1 (29128),0.15348849906320972
EXP_TRPV2 (51393),0.1534727573749297
EXP_TIE1 (7075),0.15347206283756254
EXP_DCDC1 (341019),0.15347135236705167
EXP_CSTA (1475),0.15344900903521186
EXP_ISLR (3671),0.15344807408617722
EXP_DIO1 (1733),0.15344602007525676
EXP_CHPF2 (54480),0.15344292307186613
EXP_SSTR5 (6755),0.15344000611399933
EXP_GDF1 (2657),0.15343759822368064
EXP_SV2A (9900),0.15343544559390043
EXP_FOXD4L3 (286380),0.15343523890665
EXP_SMIM10L2B (644596),0.1534350865124443
EXP_LANCL3 (347404),0.1534207142100934
EXP_PDE5A (8654),0.1534202725958238
EXP_CARMIL1 (55604),0.1534140433108
EXP_APBA2 (321),0.15341128060602793
EXP_GCNA (93953),0.15339485017421506
EXP_TRPV6 (55503),0.15338250150592625
EXP_GABRB3 (2562),0.15336896547294243
EXP_TRAPPC6A (79090),0.15336276134036808
EXP_ZFP1 (162239),0.15336180526697696
EXP_BRMS1 (25855),0.15335555568797776
EXP_BCR (613),0.15335411993702674
EXP_ETV3 (2117),0.15334052130843645
EXP_STX4 (6810),0.1533369775078688
EXP_ADAMTS15 (170689),0.15333604866653783
EXP_LDHB (3945),0.15333500822850432
EXP_SIX2 (10736),0.1533347743786333
EXP_ALDH8A1 (64577),0.15333305766904726
EXP_GFM1 (85476),0.15331545122098955
EXP_SLIT3 (6586),0.1533142449589393
EXP_NMRAL1 (57407),0.1533122065498942
EXP_SEL1L (6400),0.15331193936025844
EXP_KLHL9 (55958),0.1532958387947918
EXP_PFKFB3 (5209),0.15329274903367462
EXP_COL26A1 (136227),0.15328645166260912
EXP_CLSTN3 (9746),0.15326465954015767
EXP_MOSMO (730094),0.15325321290457783
EXP_NDUFAB1 (4706),0.15325149086555356
EXP_CSF2RA (1438),0.15320049482651932
EXP_RGS7 (6000),0.15319648030773703
EXP_ERBB4 (2066),0.15319645954946903
EXP_MOB3B (79817),0.15319122039382904
EXP_RBCK1 (10616),0.15318926281305778
EXP_METTL5 (29081),0.15318284205172805
EXP_BCS1L (617),0.15316883827699979
EXP_PPDPF (79144),0.15316556163505446
EXP_ZBTB25 (7597),0.15316177254709284
EXP_STAT3 (6774),0.15315628963291772
EXP_ZNF771 (51333),0.15313566128955536
EXP_CLEC18B (497190),0.1531352484073505
EXP_SUCNR1 (56670),0.15313002417566812
EXP_MUC5B (727897),0.15312464736917208
EXP_PDLIM7 (9260),0.1531218138251642
EXP_MAGED4B (81557),0.15312088947027114
EXP_GALNT14 (79623),0.1531181738111238
EXP_SLFN11 (91607),0.1531164802046785
EXP_ITGA4 (3676),0.1530952839972768
EXP_WARS1 (7453),0.1530888128450245
EXP_TINAGL1 (64129),0.15308857896580808
EXP_CUBN (8029),0.1530820686445784
EXP_SEC14L4 (284904),0.153081757847497
EXP_KCNG3 (170850),0.1530677959221336
EXP_ITFG2 (55846),0.15306690067083117
EXP_FOXA3 (3171),0.15306471919013287
EXP_TTLL6 (284076),0.15306456848605343
EXP_FRMPD3 (84443),0.1530619998777656
EXP_ANKRD31 (256006),0.15306138458335106
EXP_CCL3 (6348),0.15305698249260313
EXP_TUBB8 (347688),0.15305363496376767
EXP_RNF183 (138065),0.15304742914413882
EXP_SACM1L (22908),0.1530385415464801
EXP_VPREB3 (29802),0.15302074878819028
EXP_COG5 (10466),0.15300165158003676
EXP_CYS1 (192668),0.15299192799115247
EXP_TMSB15A (11013),0.15298384139011478
EXP_SUSD3 (203328),0.15297694026613495
EXP_SOX8 (30812),0.15297576569682736
EXP_KCNIP4 (80333),0.1529747968396764
EXP_SHC3 (53358),0.15296990783192932
EXP_FREM2 (341640),0.15295265389086232
EXP_ABCG4 (64137),0.1529443980703995
EXP_COL6A3 (1293),0.15293568950827297
EXP_PSMC3IP (29893),0.15292841988451578
EXP_KIF23 (9493),0.15292232753857604
EXP_CELF6 (60677),0.15292002719945064
EXP_UNC93B1 (81622),0.15291622775389513
EXP_EIF3B (8662),0.15291433656818398
EXP_HSD17B14 (51171),0.15291268661212332
EXP_VWA3A (146177),0.15289834668575253
EXP_H3C12 (8356),0.15289125436426865
EXP_ZDBF2 (57683),0.15288275847034605
EXP_FMN2 (56776),0.15287423068325623
EXP_CYGB (114757),0.15287085706364412
EXP_RAD50 (10111),0.15287062348038116
EXP_ADAMTS8 (11095),0.15286484322365723
EXP_EI24 (9538),0.15285974707427297
EXP_CDC14B (8555),0.15284743790502286
EXP_ZNF844 (284391),0.1528360404638338
EXP_CD248 (57124),0.15282762368372804
EXP_PSMD7 (5713),0.15281869086784727
EXP_FAM72C (554282),0.15281243409923828
EXP_TTLL10 (254173),0.1528076510515719
EXP_THY1 (7070),0.1527894292548746
EXP_SERPINC1 (462),0.1527692397432574
EXP_LRFN1 (57622),0.15276188021868098
EXP_TMSB15B (286527),0.1527480093533189
EXP_GGH (8836),0.152746424707086
EXP_GNB4 (59345),0.15273764919344224
EXP_NTN1 (9423),0.15273720457083506
EXP_ILKAP (80895),0.15273604499608062
EXP_STOX2 (56977),0.1527335907351981
EXP_HLA-DRB1 (3123),0.15272996455676235
EXP_ABCG2 (9429),0.15272832163015782
EXP_SRSF12 (135295),0.15272728925720713
EXP_NKAIN3 (286183),0.15272478151322488
EXP_METTL16 (79066),0.1527246962908455
EXP_GADD45B (4616),0.1527196105217632
EXP_POU2AF3 (120376),0.15271465920944394
EXP_ALKBH3 (221120),0.15269057569420408
EXP_VTN (7448),0.15268406976535598
EXP_MUC6 (4588),0.1526768300128678
EXP_MISFA (100506540),0.15267572360658832
EXP_CDRT15 (146822),0.15267111812691514
EXP_NUTM2E (283008),0.15266041012459208
EXP_CLUL1 (27098),0.15265915821028564
EXP_CCSER1 (401145),0.15265050403039204
EXP_BIVM (54841),0.1526479942217982
EXP_RNF34 (80196),0.15264336427527336
EXP_TPX2 (22974),0.15263474366023644
EXP_PAX9 (5083),0.1526190440954034
EXP_TDRD5 (163589),0.1526091959217073
EXP_DARS1 (1615),0.15260816656741394
EXP_NID1 (4811),0.1526037402255982
EXP_ZNF334 (55713),0.15260015359440438
EXP_LCTL (197021),0.15259048274234566
EXP_GRIP2 (80852),0.1525880389206833
EXP_SYCP2L (221711),0.1525832404768499
EXP_DTX2 (113878),0.1525599156408095
EXP_C6orf132 (647024),0.15255580156797244
EXP_HSF2 (3298),0.15254805346622646
EXP_RPRD1B (58490),0.15254525127214436
EXP_RTL9 (57529),0.15254306975996013
EXP_MMP23B (8510),0.15253146157981234
EXP_COL4A3 (1285),0.15253136499491315
EXP_PRKAG1 (5571),0.15249120437476904
EXP_THBS2 (7058),0.15248032889288687
EXP_FOXP2 (93986),0.15247773595210035
EXP_ADGRE2 (30817),0.15247654402414224
EXP_GNA15 (2769),0.15247343737167363
EXP_EOGT (285203),0.15247088383554797
EXP_ATP10A (57194),0.15246663287636197
EXP_KIF25 (3834),0.15246465251551644
EXP_FAM178B (51252),0.15245969534070447
EXP_SOBP (55084),0.1524488606428589
EXP_NGDN (25983),0.15244538589795376
EXP_CFI (3426),0.1524332986605561
EXP_GDPD2 (54857),0.15243075708996567
EXP_ADAMTSL5 (339366),0.15241636570277972
EXP_FOXF2 (2295),0.15241026086860243
EXP_HOXB8 (3218),0.1524042382482671
EXP_BCL11A (53335),0.1523957815975514
EXP_TMPRSS11E (28983),0.15239517896948662
EXP_CTSW (1521),0.15237802527764366
EXP_SLC22A15 (55356),0.15237799965997834
EXP_EIF4EBP1 (1978),0.1523734562499266
EXP_TTLL12 (23170),0.1523725610974518
EXP_SNX16 (64089),0.15236948364435499
EXP_C17orf58 (284018),0.15236272103900816
EXP_GATM (2628),0.15235770761725398
EXP_SEC62 (7095),0.15235366124974625
EXP_INPP4B (8821),0.15234346793849252
EXP_MPO (4353),0.15233987952927386
EXP_RGN (9104),0.15233845447408623
EXP_SLC44A4 (80736),0.15233499818691154
EXP_TM4SF19 (116211),0.15232871067247267
EXP_SYT1 (6857),0.15232435283822987
EXP_S1PR4 (8698),0.15232408934121544
EXP_SNORC (389084),0.15231589829002434
EXP_FGF12 (2257),0.15231558996771444
EXP_HLA-G (3135),0.15231425967930878
EXP_SCOC (60592),0.1523123037064824
EXP_CAMK2A (815),0.1523010060767902
EXP_F10 (2159),0.152296143331081
EXP_ANXA8 (653145),0.15229092717691461
EXP_COX6A1 (1337),0.15227816935358796
EXP_GPR158 (57512),0.15226496186732152
EXP_ZFYVE16 (9765),0.15226142773557338
EXP_ZNF660 (285349),0.1522549366691397
EXP_KLHDC10 (23008),0.15224926694384777
EXP_ITGAM (3684),0.15222961961745707
EXP_CLCNKB (1188),0.15222365028953355
EXP_MYL11 (29895),0.15221739257090316
EXP_ENDOU (8909),0.15221717025453607
EXP_AMBP (259),0.15221300443022034
EXP_ADAT1 (23536),0.15221196290553252
EXP_UBR7 (55148),0.15221113526631314
EXP_PGAM2 (5224),0.15220878694985718
EXP_SMIM10 (644538),0.15220085289788
EXP_SEPHS1 (22929),0.15219848921473478
EXP_FAM124A (220108),0.15219733140372416
EXP_INHBB (3625),0.15219425618612892
EXP_PPP2R2B (5521),0.1521799156578849
EXP_ANKDD1A (348094),0.15217149443753275
EXP_ADGRB1 (575),0.15213741834374872
EXP_GNL3 (26354),0.1521296156267944
EXP_SLC26A1 (10861),0.152126778887963
EXP_SOX4 (6659),0.15212289422069158
EXP_GBGT1 (26301),0.1521159553944127
EXP_USP51 (158880),0.15210961485367314
EXP_GSTT2 (2953),0.15210744495206718
EXP_KCNN1 (3780),0.15208627191230573
EXP_SLC4A10 (57282),0.15206221715201185
EXP_ILDR1 (286676),0.15206170176531142
EXP_WDR35 (57539),0.15205297087229486
EXP_FSTL5 (56884),0.15205272786307722
EXP_TBC1D3I (102724862),0.15205044281365332
EXP_TBXA2R (6915),0.15204858039714342
EXP_CD96 (10225),0.1520427786443479
EXP_GAL (51083),0.15201379048770214
EXP_NECAB2 (54550),0.15200714480181698
EXP_DCLK2 (166614),0.15200397549089573
EXP_SEPTIN3 (55964),0.1520020233118098
EXP_COL4A4 (1286),0.15199022345651336
EXP_CLCA2 (9635),0.1519894225386378
EXP_APOD (347),0.15198938766359849
EXP_IL17C (27189),0.151986112216429
EXP_IL1B (3553),0.15197853494960611
EXP_POPDC1 (11149),0.1519678337479986
EXP_ARHGEF33 (100271715),0.15195503680247668
EXP_TMEM178A (130733),0.15195315958633593
EXP_TLN1 (7094),0.15195136083168315
EXP_TACO1 (51204),0.15194146992614144
EXP_FLI1 (2313),0.1519412065902781
EXP_SLC16A10 (117247),0.15194004146069773
EXP_GPR55 (9290),0.1519317154524149
EXP_EFCC1 (79825),0.15193106024887726
EXP_CLCN3 (1182),0.15191913595102147
EXP_KLHL41 (10324),0.1519108535025806
EXP_MAST4 (375449),0.15190913516577353
EXP_GASK1A (729085),0.15189418327928728
EXP_RNASEH1 (246243),0.1518910798577524
EXP_SPX (80763),0.15189012471870367
EXP_GPC6 (10082),0.15188038706907614
EXP_AR (367),0.1518793201992037
EXP_GALNT6 (11226),0.15185438192456946
EXP_TAS2R31 (259290),0.15185301605344392
EXP_CHRFAM7A (89832),0.15185202291250288
EXP_HIP1 (3092),0.15184855360808047
EXP_RPS4Y1 (6192),0.1518206761866967
EXP_ZNF260 (339324),0.1518195475489863
EXP_MUC2 (4583),0.15181170849479475
EXP_TIA1 (7072),0.15180968485700586
EXP_TCERG1 (10915),0.1518059791308266
EXP_PANO1 (101927423),0.15180272427402208
EXP_NTS (4922),0.15179918757294342
EXP_PDZD9 (255762),0.1517935081906998
EXP_CYTH3 (9265),0.15178567479355287
EXP_TM4SF4 (7104),0.15176883055046275
EXP_H4C4 (8360),0.1517637135827936
EXP_CCR3 (1232),0.1517563551630614
EXP_KCNJ12 (3768),0.15175096058247473
EXP_ARMCX1 (51309),0.15174542403478863
EXP_SAMD5 (389432),0.15173738587879093
EXP_SIDT1 (54847),0.15173660347803786
EXP_NEU4 (129807),0.15173530830930737
EXP_DNAAF11 (23639),0.15172711027651342
EXP_PAK3 (5063),0.15172405132832
EXP_ZNF410 (57862),0.1517170930454501
EXP_TMEM98 (26022),0.15171664385458694
EXP_TUBA8 (51807),0.15171538933491924
EXP_PLAGL1 (5325),0.15171530795965804
EXP_KCNJ2 (3759),0.15171240896773686
EXP_AGAP2 (116986),0.15169908613489547
EXP_PLCXD3 (345557),0.1516978783524916
EXP_ACE2 (59272),0.1516963814937462
EXP_KIF26B (55083),0.15169131747877795
EXP_FAM107B (83641),0.15167842472524917
EXP_BCL2L15 (440603),0.15167014322801808
EXP_KCNE5 (23630),0.1516655475021249
EXP_SULF1 (23213),0.15166053997518114
EXP_RAD52 (5893),0.15164988493845755
EXP_TTLL3 (26140),0.15164344967661325
EXP_IGSF11 (152404),0.15164125004121853
EXP_PAPPA (5069),0.15163788483581175
EXP_DNAI7 (55259),0.15162659358247943
EXP_CDK5R2 (8941),0.15162379900706036
EXP_CHRAC1 (54108),0.15158289827851767
EXP_MAN1A2 (10905),0.15157111169262283
EXP_CBFA2T3 (863),0.15156813389252033
EXP_PLCB4 (5332),0.15156778679766436
EXP_CMYA5 (202333),0.15154342615217153
EXP_CPLANE1 (65250),0.15154269492237749
EXP_ADAMTS1 (9510),0.15152808043001098
EXP_RNF152 (220441),0.15152073167119884
EXP_STXBP2 (6813),0.15151051735356091
EXP_TRAPPC11 (60684),0.15150241342830295
EXP_MGAT5B (146664),0.15149315426262433
EXP_MFSD2A (84879),0.1514921688691997
EXP_AVPR2 (554),0.15149060782377965
EXP_CSF2RB (1439),0.1514783556585324
EXP_IRAG1 (10335),0.15147725731929373
EXP_TMPRSS7 (344805),0.15146175941867046
EXP_ANOS1 (3730),0.15145509233873344
EXP_SLC10A4 (201780),0.1514489968499566
EXP_EIF3J (8669),0.15143992907334614
EXP_SH3RF3 (344558),0.1514328473586386
EXP_TFF2 (7032),0.15142661226717014
EXP_PSTK (118672),0.15141322727502438
EXP_ADAMTS12 (81792),0.15140179956088584
EXP_GCAT (23464),0.15139394409207174
EXP_KCNK9 (51305),0.15138822608602354
EXP_KRTAP2-3 (730755),0.15138259830674627
EXP_CACNA1C (775),0.15137043795975913
EXP_ANKRD36B (57730),0.15134348418936572
EXP_GAL3ST2 (64090),0.15132241216860187
EXP_C1QTNF9B (387911),0.15131486073216394
EXP_LAG3 (3902),0.151309534194783
EXP_TNFAIP6 (7130),0.15130429364409093
EXP_PRPH2 (5961),0.15129881204165851
EXP_PLEK (5341),0.15127712969694862
EXP_H1-5 (3009),0.1512593358401988
EXP_CD5 (921),0.15125363361018263
EXP_USH1G (124590),0.1512529611860285
EXP_RHBG (57127),0.15124712669968954
EXP_KIF1B (23095),0.15123640929639226
EXP_HPCAL4 (51440),0.15123050669735072
EXP_ANO5 (203859),0.1512089806830863
EXP_DLL4 (54567),0.15120587005861186
EXP_C9orf152 (401546),0.15119004580455453
EXP_MAGEH1 (28986),0.15118977419407376
EXP_CRIP1 (1396),0.1511878794197994
EXP_CLCN7 (1186),0.15118708060446373
EXP_VPS52 (6293),0.15118422130165232
EXP_MYCBPAP (84073),0.15117461634305407
EXP_MYO1A (4640),0.1511708828502396
EXP_DNAH6 (1768),0.15117067218848135
EXP_PI16 (221476),0.15115919190541938
EXP_TNFSF14 (8740),0.15115536071637425
EXP_SFTPA2 (729238),0.15112740498375743
EXP_RSPH14 (27156),0.1511187701655503
EXP_IL12RB1 (3594),0.15108679508661815
EXP_UBAP2L (9898),0.15108424531152753
EXP_KRT7 (3855),0.15107222342220616
EXP_CALHM5 (254228),0.15106973138601187
EXP_SGO1 (151648),0.1510640505576113
EXP_BNC2 (54796),0.1510514589571832
EXP_FLT1 (2321),0.15103541218425498
EXP_ATP8A2 (51761),0.15102865160570111
EXP_LMOD3 (56203),0.15101069217389274
EXP_MEGF11 (84465),0.15100773681831914
EXP_PDPN (10630),0.15100632576071638
EXP_B3GALT1 (8708),0.15099597884378646
EXP_RNF225 (646862),0.1509923882303088
EXP_OLFM1 (10439),0.1509798984159092
EXP_ARHGAP6 (395),0.15097795032113392
EXP_SLC4A5 (57835),0.15097354778859717
EXP_RAPSN (5913),0.15097133520540407
EXP_GJA5 (2702),0.15095736886317823
EXP_HEYL (26508),0.15095534795646692
EXP_HSD17B3 (3293),0.15094065558258674
EXP_IQSEC3 (440073),0.15093919488946383
EXP_RIBC2 (26150),0.15091241421359314
EXP_SFRP1 (6422),0.1509121849695747
EXP_CYTIP (9595),0.15090849869036393
EXP_DMD (1756),0.15090513685274587
EXP_NTNG2 (84628),0.15088249290534295
EXP_MGARP (84709),0.15087212214801493
EXP_IHH (3549),0.15086796329986774
EXP_DAW1 (164781),0.15086327274922073
EXP_FERMT3 (83706),0.15085884722121357
EXP_LRRN2 (10446),0.15085298866690255
EXP_GLI1 (2735),0.15082049529128838
EXP_ALDH1L1 (10840),0.15080772177903246
EXP_TRIM27 (5987),0.15080740812739624
EXP_INTS14 (81556),0.15079623177295076
EXP_TTPA (7274),0.15077727321621026
EXP_DLGAP3 (58512),0.1507620262293572
EXP_ERN2 (10595),0.15075573090511263
EXP_BIRC7 (79444),0.15075400903597824
EXP_SPACA4 (171169),0.15074800929753263
EXP_NID2 (22795),0.15074719865672304
EXP_MYNN (55892),0.1507230088664926
EXP_IVL (3713),0.15072180966910054
EXP_GABRA3 (2556),0.15071630241678635
EXP_H2AC14 (8331),0.1507093408972926
EXP_SYN1 (6853),0.1506862308361674
EXP_PIEZO2 (63895),0.15068303335255262
EXP_STK33 (65975),0.1506768270610328
EXP_TEX15 (56154),0.15066500009591532
EXP_PRKG2 (5593),0.1506553807265174
EXP_XYLT1 (64131),0.15065404793725445
EXP_ALG1L2 (644974),0.1506507628556859
EXP_STXBP6 (29091),0.15061343766705448
EXP_GAS1 (2619),0.15059517819208512
EXP_DGKI (9162),0.15059125284552977
EXP_POU3F2 (5454),0.15055536511255596
EXP_UBD (10537),0.15055448585323195
EXP_NRN1 (51299),0.15055100178598657
EXP_TLR10 (81793),0.15055038339322024
EXP_PRLR (5618),0.15053732874697534
EXP_PRDM16 (63976),0.150533623504141
EXP_CCER2 (643669),0.15052220953946804
EXP_DACT3 (147906),0.15049158700619092
EXP_MAK (4117),0.15047378677055523
EXP_SIRPB1 (10326),0.15045623767697336
EXP_WBP2NL (164684),0.15043985413374283
EXP_SPATA13 (221178),0.15042514719907807
EXP_IFNE (338376),0.150419675354458
EXP_CFAP52 (146845),0.1504117910500895
EXP_BEST3 (144453),0.1503948534878612
EXP_STAB2 (55576),0.15036479630163324
EXP_AFF3 (3899),0.15035594662311347
EXP_MAGEA10 (4109),0.15031958116215094
EXP_TENM4 (26011),0.15031800279762564
EXP_ARL14EP (120534),0.1503170414539623
EXP_THEM5 (284486),0.1503072965500971
EXP_MMACHC (25974),0.15030478352148968
EXP_ZNF750 (79755),0.15029912475154594
EXP_ZCCHC2 (54877),0.15027458216620548
EXP_TBX15 (6913),0.15026767147767828
EXP_GAL3ST1 (9514),0.1502670045715746
EXP_HACD4 (401494),0.15024745428356123
EXP_ZNF365 (22891),0.15023085891934862
EXP_COL4A1 (1282),0.150208735791856
EXP_TCF7L1 (83439),0.1502054391327876
EXP_GRAP (10750),0.15020492589313195
EXP_MAB21L3 (126868),0.15020112957090337
EXP_SEZ6 (124925),0.15020066084148276
EXP_NXPH3 (11248),0.15018832578074903
EXP_H3C3 (8352),0.15018051858487969
EXP_NLRP2 (55655),0.1501633963965996
EXP_ZC3H7A (29066),0.15016059996472197
EXP_NAT8L (339983),0.1501587322629243
EXP_DPYSL4 (10570),0.15015329189330107
EXP_ACAA1 (30),0.15013889730854224
EXP_INPP1 (3628),0.15013734604268425
EXP_FLRT2 (23768),0.15012740188340512
EXP_SAXO5 (374877),0.15012678477660302
EXP_AQP6 (363),0.1501072273322741
EXP_ZYG11A (440590),0.15007861862089156
EXP_BOP1 (23246),0.1500359486344296
EXP_ZNF438 (220929),0.1500333339607014
EXP_PAIP2 (51247),0.15001961567861155
EXP_ABCB11 (8647),0.1499956903125126
EXP_CCNL2 (81669),0.1499790201233573
EXP_OPRD1 (4985),0.1499749374292505
EXP_SIGLEC15 (284266),0.1499627879990344
EXP_TMF1 (7110),0.14996123895627367
EXP_EFHD1 (80303),0.14994409031661693
EXP_RORC (6097),0.14993877502572506
EXP_SLC10A5 (347051),0.14993162969008456
EXP_MFNG (4242),0.14991442748392814
EXP_IKZF3 (22806),0.1499014573066697
EXP_LDOC1 (23641),0.14988793513776777
EXP_GNAZ (2781),0.14987621067448575
EXP_MOCS1 (4337),0.1498709058061234
EXP_LRRC43 (254050),0.14986587736720036
EXP_CFAP43 (80217),0.1498481082443508
EXP_ACMSD (130013),0.1498442792087218
EXP_SLC9A4 (389015),0.14984038710577252
EXP_LRRIQ1 (84125),0.14983700467858085
EXP_RPS6KA6 (27330),0.14981792835634877
EXP_MEX3B (84206),0.1497957485354986
EXP_PSG1 (5669),0.1497927527977163
EXP_MUC16 (94025),0.1497911720579852
EXP_PCP2 (126006),0.14978843710624812
EXP_TREML2 (79865),0.1497748006848787
EXP_MFAP5 (8076),0.14977472760747101
EXP_GREM1 (26585),0.14975139390104086
EXP_CTRC (11330),0.14972758239608286
EXP_ALX4 (60529),0.14972214567550512
EXP_RARB (5915),0.14972109148560442
EXP_NKG7 (4818),0.14971775378096464
EXP_TNFRSF8 (943),0.14970579383270266
EXP_EFR3B (22979),0.14969355995963607
EXP_CARS2 (79587),0.14965887237178066
EXP_AUTS2 (26053),0.14965324646955214
EXP_DBNL (28988),0.14964169381432502
EXP_PDE3A (5139),0.1496377934649189
EXP_CERS4 (79603),0.14963110474755936
EXP_ENTPD3 (956),0.1496296540604929
EXP_MAP3K15 (389840),0.14962772122473922
EXP_C12orf56 (115749),0.14960855665083894
EXP_MMP3 (4314),0.1496006819353486
EXP_TUSC1 (286319),0.14959949070656808
EXP_LIPC (3990),0.14959582099764734
EXP_UNC45A (55898),0.14958936512758036
EXP_POPDC2 (64091),0.14958670185844358
EXP_ZBTB7C (201501),0.1495805413673219
EXP_NLRP10 (338322),0.14957782856511415
EXP_PRPH (5630),0.14957741263117086
EXP_GABRP (2568),0.14956752194721457
EXP_TFR2 (7036),0.1495635242884532
EXP_ZNF518B (85460),0.14954196826930977
EXP_SCN3B (55800),0.14953691153473603
EXP_TAFA3 (284467),0.14953072273938162
EXP_POU5F1B (5462),0.14952911710735695
EXP_SLIT1 (6585),0.1495119812019574
EXP_CLEC20A (400797),0.1495101414792286
EXP_CDKN2B (1030),0.1495002775603238
EXP_ITIH4 (3700),0.14946807489064273
EXP_PRKCQ (5588),0.14945648980980142
EXP_ALPK2 (115701),0.14945643934082486
EXP_DNAH11 (8701),0.14945447433998638
EXP_SMOC1 (64093),0.14944197851793195
EXP_CCR7 (1236),0.14943466531027916
EXP_MCM3AP (8888),0.14942807395440028
EXP_SPDYE11 (100996746),0.14942584068209097
EXP_PON3 (5446),0.14940075541953224
EXP_KRT6B (3854),0.14939579608735976
EXP_PHEX (5251),0.14939027682125605
EXP_DACH1 (1602),0.14937842650086042
EXP_HOXC5 (3222),0.14935929460504038
EXP_TGFA (7039),0.14935143714522514
EXP_MAGEA1 (4100),0.1493423697680294
EXP_PROM1 (8842),0.14933717468243302
EXP_NPIPA8 (101059953),0.1493297118285568
EXP_CCL24 (6369),0.14932832515221062
EXP_AXIN2 (8313),0.14932115645367805
EXP_LZTS1 (11178),0.14930326142049077
EXP_DLX3 (1747),0.14929385685610264
EXP_FCGBP (8857),0.14928395813896955
EXP_ADCY10 (55811),0.14928254849776001
EXP_ADD2 (119),0.14924211175945823
EXP_RBBP4 (5928),0.14923023894795673
EXP_ASPDH (554235),0.14921049274541254
EXP_WDR17 (116966),0.14919261869345046
EXP_ZNF385B (151126),0.14918914757310198
EXP_HRK (8739),0.14917927073195614
EXP_C17orf50 (146853),0.14915101952811183
EXP_AP1M2 (10053),0.14914904020243203
EXP_TMEM30B (161291),0.14914178563248726
EXP_PSG5 (5673),0.14913858312347195
EXP_FOXL2 (668),0.14911067291403945
EXP_ALDOB (229),0.14909964410550458
EXP_SHISAL1 (85352),0.14909901619843202
EXP_DEFB1 (1672),0.1490971688666125
EXP_HLA-DPB1 (3115),0.14906929465530805
EXP_ULBP1 (80329),0.14903095780195663
EXP_CREB3L3 (84699),0.14902801854981185
EXP_MKX (283078),0.14902185077984154
EXP_SLC39A2 (29986),0.14901194092629222
EXP_FAM90A1 (55138),0.14900474437276845
EXP_MED23 (9439),0.1489948953825211
EXP_IRAG2 (4033),0.14898106038407377
EXP_FOXC2 (2303),0.1489791472764752
EXP_CXCL11 (6373),0.14896869365108678
EXP_CACNA1D (776),0.1489659091695188
EXP_C14orf132 (56967),0.14895996323545457
EXP_UPB1 (51733),0.148959410911794
EXP_SMOC2 (64094),0.14895493188932107
EXP_PRSS51 (346702),0.14895428577052616
EXP_MPP4 (58538),0.14893807842587492
EXP_CEP152 (22995),0.14892829953741327
EXP_NCKAP5L (57701),0.1489264528490839
EXP_TMEM63C (57156),0.14892111774562977
EXP_GRID1 (2894),0.14891173243568145
EXP_NHSL2 (340527),0.1488962780804659
EXP_RASGRP1 (10125),0.1488907754993054
EXP_PAX2 (5076),0.14888198150173926
EXP_STXBP5L (9515),0.14888034281979934
EXP_GAL3ST3 (89792),0.14888024556346835
EXP_KCNK3 (3777),0.14886873462071026
EXP_FXYD2 (486),0.1488629158369239
EXP_CD247 (919),0.14884591410215187
EXP_MUCL3 (135656),0.1488001574911264
EXP_KLHL14 (57565),0.14877727652851735
EXP_NKX6-1 (4825),0.14874109184737527
EXP_COL5A2 (1290),0.14872914130487747
EXP_CLDN18 (51208),0.14872480786278341
EXP_DIO3 (1735),0.14871784510205455
EXP_TFAP2C (7022),0.14867445592211226
EXP_ZNF287 (57336),0.14866778170115236
EXP_ROBO4 (54538),0.14863426833201476
EXP_OMD (4958),0.1486255165542918
EXP_FGF8 (2253),0.14860948593389534
EXP_ZAP70 (7535),0.14860649584941044
EXP_CRTAC1 (55118),0.14860392894253227
EXP_VCF1 (84923),0.14857955801713363
EXP_NTRK1 (4914),0.1485759307567056
EXP_EN2 (2020),0.14855204949299505
EXP_DNAI3 (126820),0.14855009580823264
EXP_LRP3 (4037),0.14854078782811087
EXP_ZSCAN5A (79149),0.1485336176445271
EXP_TLX2 (3196),0.14850954491741986
EXP_C2CD4A (145741),0.14849784041338498
EXP_PKNOX2 (63876),0.1484898270909607
EXP_OXER1 (165140),0.1484757280199176
EXP_TMEM255A (55026),0.14847370866735687
EXP_HIPK4 (147746),0.14845488885648273
EXP_HAVCR1 (26762),0.14844393540568657
EXP_SFRP5 (6425),0.14843766640370504
EXP_TH (7054),0.14843759343975016
EXP_CARNS1 (57571),0.14843165118097623
EXP_SCUBE3 (222663),0.14842057243902929
EXP_COL11A1 (1301),0.1483592183948712
EXP_SLC6A7 (6534),0.14833757229864153
EXP_NCAM1 (4684),0.1483354853132588
EXP_EPB41L3 (23136),0.14831226337230108
EXP_CEP63 (80254),0.14830065046058927
EXP_DLGAP1 (9229),0.14829017860642102
EXP_GRM8 (2918),0.14828782183072953
EXP_HLX (3142),0.14827112969173495
EXP_MRAP2 (112609),0.1482546123122077
EXP_SLC4A4 (8671),0.14825150974767176
EXP_ARID2 (196528),0.14825080769398635
EXP_FREY1 (143678),0.14824633922345765
EXP_PDE1C (5137),0.14823330821680258
EXP_ACSL6 (23305),0.14821720704385388
EXP_MAP6 (4135),0.148210790587183
EXP_ZNF677 (342926),0.14820570183585735
EXP_SULT1C2 (6819),0.1481988118054378
EXP_DRC1 (92749),0.1481787506690191
EXP_MSC (9242),0.14817864474186582
EXP_RBFOX3 (146713),0.14817334888468192
EXP_OR10AD1 (121275),0.14816926470287495
EXP_ODAD2 (55130),0.1481635162975934
EXP_GJB1 (2705),0.14816335262892366
EXP_TLR4 (7099),0.14814177206381185
EXP_CHSY3 (337876),0.14813626360981402
EXP_VSIG1 (340547),0.14812652967593998
EXP_TYMP (1890),0.1481213284656384
EXP_ZBP1 (81030),0.14810500967292217
EXP_PRAM1 (84106),0.14808137316554149
EXP_GRAPL (400581),0.14807684986459435
EXP_SLCO2B1 (11309),0.14807037048141014
EXP_EPHX3 (79852),0.14805210196334162
EXP_HSD17B2 (3294),0.14804527447340554
EXP_HRH2 (3274),0.14803113961829428
EXP_GPRIN3 (285513),0.1479909412682665
EXP_CCDC38 (120935),0.14799091748778537
EXP_LST1 (7940),0.14799041850198424
EXP_GJA9 (81025),0.14797844614846234
EXP_RHCG (51458),0.14796907447747643
EXP_CYRIA (81553),0.14796492109871995
EXP_EVI2A (2123),0.14795917621763355
EXP_TSPYL5 (85453),0.14795689852661553
EXP_VWDE (221806),0.1479125332915876
EXP_SLC45A1 (50651),0.14790719424091847
EXP_STARD8 (9754),0.1479013855243947
EXP_CXCL10 (3627),0.14789219530983289
EXP_KRT14 (3861),0.14786843873805466
EXP_FXYD6 (53826),0.14782530946182781
EXP_SEMA3G (56920),0.1478176901579884
EXP_TNFRSF6B (8771),0.14779876034640616
EXP_CYP27C1 (339761),0.1477892506453271
EXP_SEMA5A (9037),0.14778803228629478
EXP_PTGIR (5739),0.1477829678222129
EXP_NOX1 (27035),0.14778226681821405
EXP_PSMB9 (5698),0.14776984175581287
EXP_KRT20 (54474),0.14773486249992107
EXP_SHROOM4 (57477),0.14768945082977414
EXP_LGALS4 (3960),0.1476669530343706
EXP_BROX (148362),0.14764233966435913
EXP_LAMP5 (24141),0.1476408506048248
EXP_KCNE1 (3753),0.1476367276831123
EXP_GCNT3 (9245),0.1476347548082142
EXP_GPX7 (2882),0.14762792026432203
EXP_PGM5 (5239),0.1476256411824295
EXP_TOX (9760),0.14761783046269006
EXP_RFX8 (731220),0.14760696327151646
EXP_CDH5 (1003),0.14759222804949257
EXP_CNGA4 (1262),0.1475828879357195
EXP_HCLS1 (3059),0.14757930263929264
EXP_PI15 (51050),0.14755203520278748
EXP_FOXK1 (221937),0.14754023930886895
EXP_ADRA1D (146),0.147530312656178
EXP_CCN5 (8839),0.1475094031447597
EXP_C14orf39 (317761),0.14747671107133353
EXP_HNF1A (6927),0.1474743258494553
EXP_AIM2 (9447),0.14746931197230229
EXP_IGFBP1 (3484),0.14745802458757762
EXP_FEZF1 (389549),0.1474538625291686
EXP_SLC12A5 (57468),0.1474263485865439
EXP_KISS1R (84634),0.14739912769599828
EXP_GUCY1B1 (2983),0.14739763369728376
EXP_PRSS35 (167681),0.14739587595282444
EXP_MPPED2 (744),0.14732532240330976
EXP_C22orf15 (150248),0.14731608681532293
EXP_PDIA2 (64714),0.1472946909505568
EXP_OLFM2 (93145),0.14728769319712676
EXP_EPB41L1 (2036),0.14725639335255547
EXP_DRD1 (1812),0.14721687318929577
EXP_REEP1 (65055),0.1471890365398565
EXP_SP5 (389058),0.14718511985814775
EXP_HGD (3081),0.14717828683992007
EXP_LDLRAD1 (388633),0.1471556455397307
EXP_INSYN2B (100131897),0.1471509996681304
EXP_PLEKHG4B (153478),0.14713294691775758
EXP_PDE6A (5145),0.14707662573676927
EXP_PRKN (5071),0.14705717396965667
EXP_ZNF556 (80032),0.1470559220829033
EXP_WDFY4 (57705),0.14698466513754926
EXP_IGF2BP1 (10642),0.1469686287711509
EXP_HOXB13 (10481),0.14696749866722936
EXP_CNRIP1 (25927),0.14690885570371837
EXP_TENM2 (57451),0.14688420982564132
EXP_NOX5 (79400),0.14688134153237797
EXP_BAALC (79870),0.14688091402081938
EXP_NLGN1 (22871),0.1468639231617539
EXP_EDA2R (60401),0.14685427548098007
EXP_ZNF665 (79788),0.14685313643374265
EXP_CHI3L2 (1117),0.14684124189573033
EXP_RIMBP2 (23504),0.14683757499111483
EXP_M1AP (130951),0.1468270695081486
EXP_PEX5L (51555),0.14682118099575003
EXP_PALM (5064),0.1468135271688933
EXP_COL8A2 (1296),0.14678392859952272
EXP_HS6ST2 (90161),0.14674442348841676
EXP_TEX54 (111216277),0.14673677444691346
EXP_SLCO1B1 (10599),0.14671477036219382
EXP_TNFRSF17 (608),0.14671250980960204
EXP_A1CF (29974),0.146705767003537
EXP_MYCN (4613),0.14667837975903097
EXP_PSG4 (5672),0.14666431836501737
EXP_SDK2 (54549),0.14663080123381977
EXP_MTNR1A (4543),0.14659735002609642
EXP_FOXH1 (8928),0.1465854394945154
EXP_CYP19A1 (1588),0.1465738476128342
EXP_DACT1 (51339),0.14655868014706286
EXP_NUDT11 (55190),0.14653779302305958
EXP_HSPB9 (94086),0.14649045431952512
EXP_CHRD (8646),0.14648725375085858
EXP_C1GALT1C1L (728819),0.14646769616023647
EXP_MMP16 (4325),0.14645451480546168
EXP_DCST1 (149095),0.14645403441262506
EXP_CACNA1B (774),0.14644121128214937
EXP_SCUBE2 (57758),0.14644092511111673
EXP_GLRB (2743),0.1464350778962764
EXP_MAGEC2 (51438),0.14642879051690727
EXP_SOX5 (6660),0.14637584090808176
EXP_COL22A1 (169044),0.14631080678577923
EXP_FAT2 (2196),0.1463078459317848
EXP_CHRM3 (1131),0.14629254506405243
EXP_SLC4A9 (83697),0.14628963677432694
EXP_PNCK (139728),0.14625451921350408
EXP_CR2 (1380),0.14622810583819268
EXP_GLTPD2 (388323),0.14622762291710512
EXP_FAM209B (388799),0.14622479352990414
EXP_CD200 (4345),0.14621831294774257
EXP_SMIM2 (79024),0.14621600632264853
EXP_BCL2A1 (597),0.14619430398836109
EXP_CTSG (1511),0.14618060649723663
EXP_DES (1674),0.14618029319458126
EXP_RSPH10B2 (728194),0.14615249526705743
EXP_LMX1B (4010),0.14614442378705395
EXP_COL5A3 (50509),0.1461405719598723
EXP_PLXNA4 (91584),0.1461279228442347
EXP_JPH3 (57338),0.14611902996611015
EXP_ARHGAP9 (64333),0.1461123124532122
EXP_CCL22 (6367),0.14611031371949945
EXP_NAP1L5 (266812),0.14609933472583414
EXP_HHIPL1 (84439),0.14607996516799293
EXP_B3GNT6 (192134),0.14603340487461214
EXP_IYD (389434),0.14601654009077691
EXP_LGR5 (8549),0.14600447650621184
EXP_ISLR2 (57611),0.14599581383082993
EXP_DAAM2 (23500),0.14598773329304837
EXP_GPR162 (27239),0.14598754976289152
EXP_SPEGNB (100996693),0.14598353956875787
EXP_EDNRB (1910),0.14597907606082394
EXP_HIGD1B (51751),0.1459642471235183
EXP_CALB1 (793),0.14596071883265438
EXP_MAGEA6 (4105),0.14595673731703052
EXP_EDAR (10913),0.14595138476398528
EXP_FTCD (10841),0.14594180996518435
EXP_ALPL (249),0.14592172490476774
EXP_TMEM151A (256472),0.1459169272598757
EXP_NPBWR1 (2831),0.14590813470518427
EXP_RAB19 (401409),0.14589059730449438
EXP_FABP6 (2172),0.14588383802352922
EXP_SLC34A1 (6569),0.14586758369144182
EXP_FGF9 (2254),0.14584039438134955
EXP_RET (5979),0.14579529668481328
EXP_ZNF415 (55786),0.14576820078115693
EXP_VAX2 (25806),0.14575522291286802
EXP_GBX2 (2637),0.14574480742420493
EXP_TWIST1 (7291),0.14570987723622242
EXP_CLGN (1047),0.1457046857211397
EXP_CSF3R (1441),0.1457033224184654
EXP_MROH7 (374977),0.14567031959757681
EXP_PTCHD4 (442213),0.14566575471545518
EXP_DDC (1644),0.14566480034389429
EXP_MT1A (4489),0.1456645165781767
EXP_PLXDC2 (84898),0.145662307086611
EXP_GLIPR1L1 (256710),0.14563906701425022
EXP_PTGER2 (5732),0.1456368319054384
EXP_CYTL1 (54360),0.14563680849159466
EXP_MYT1 (4661),0.1455914522607773
EXP_KCNQ5 (56479),0.14558037387908884
EXP_HYAL4 (23553),0.1455744998863855
EXP_ACP5 (54),0.14557307086017968
EXP_PPP1R14A (94274),0.14556560727237322
EXP_STRC (161497),0.14556512012631462
EXP_LRRK2 (120892),0.1455348486647634
EXP_TMEM200A (114801),0.1455337365840541
EXP_COLEC10 (10584),0.1455328304046617
EXP_ST6GALNAC3 (256435),0.1455300965673132
EXP_DMGDH (29958),0.14552487654274326
EXP_FGF7 (2252),0.145507018450719
EXP_MKNK2 (2872),0.14549441343974223
EXP_RNASE7 (84659),0.14546639151566065
EXP_HUS1B (135458),0.14543480514858054
EXP_FBLL1 (345630),0.14543207741702346
EXP_ZFP2 (80108),0.14543103756748277
EXP_MOXD1 (26002),0.14542809857963857
EXP_CCDC3 (83643),0.14541826375497058
EXP_PDE6G (5148),0.14539775104471264
EXP_ATRNL1 (26033),0.14539117917143685
EXP_FER1L6 (654463),0.14536408451804483
EXP_FAM184B (27146),0.14536077339461606
EXP_ZIK1 (284307),0.1453599003480397
EXP_RYR1 (6261),0.14532802651834587
EXP_RLN1 (6013),0.1453157841409194
EXP_PTH1R (5745),0.1453016159656526
EXP_SCNN1B (6338),0.14529903368450547
EXP_RYR2 (6262),0.14528797559696294
EXP_FAM50B (26240),0.14526808171365158
EXP_MOGAT2 (80168),0.14525921336198833
EXP_H2AB2 (474381),0.14525508674561483
EXP_ZNF879 (345462),0.14525378931529698
EXP_LY6G6C (80740),0.14524882277452278
EXP_LTA (4049),0.14524581502257927
EXP_H4C12 (8362),0.14524275781225526
EXP_ZFP28 (140612),0.14522791077730934
EXP_TM6SF2 (53345),0.14521975768232576
EXP_FSIP2 (401024),0.1452186532605344
EXP_TRIM15 (89870),0.14519965995430173
EXP_TEX29 (121793),0.14519567344455453
EXP_ALOX12B (242),0.1451931978017731
EXP_CRLF2 (64109),0.1451718945860332
EXP_ERICH6 (131831),0.14517164517681547
EXP_ITIH5 (80760),0.1451649165536999
EXP_FAM161B (145483),0.14514992150258355
EXP_TMEM71 (137835),0.1451163288046171
EXP_CYP21A2 (1589),0.14510317906627979
EXP_MYOT (9499),0.14509755235092925
EXP_SHISA3 (152573),0.1450428193622173
EXP_EFHC2 (80258),0.14504029100051063
EXP_TDRP (157695),0.14503823309410224
EXP_PLEKHS1 (79949),0.1450230888571804
EXP_NRXN2 (9379),0.14494719773198828
EXP_DLX5 (1749),0.1449417481681472
EXP_MTTP (4547),0.1449389373903367
EXP_PCDH19 (57526),0.1449347779971908
EXP_ERLN (100130933),0.14493014554924066
EXP_ELF5 (2001),0.14492960410792222
EXP_HOXD12 (3238),0.14492428020215442
EXP_SEMA3E (9723),0.14491402630432315
EXP_SLC7A9 (11136),0.14489193321727178
EXP_AKR1B1 (231),0.14486514669672612
EXP_GPR150 (285601),0.14484223144366837
EXP_KCNN3 (3782),0.14481244859329534
EXP_GUCY1A2 (2977),0.14479944734035266
EXP_NCMAP (400746),0.14478895340409714
EXP_FUT9 (10690),0.14478854498599825
EXP_CDHR2 (54825),0.14476416976039896
EXP_NHERF4 (79849),0.14476231247451743
EXP_PTN (5764),0.14471762508349784
EXP_AQP7 (364),0.1447062474438372
EXP_XKR5 (389610),0.14469428487806235
EXP_IGSF10 (285313),0.14469040762514718
EXP_ZNF878 (729747),0.14467836621906205
EXP_F2 (2147),0.14467515938517828
EXP_ENPP3 (5169),0.14466613991211563
EXP_PTGER1 (5731),0.14466244077123758
EXP_GP1BB (2812),0.14465385479345727
EXP_TGM5 (9333),0.14464081792878547
EXP_PPP1R1B (84152),0.14464070254737393
EXP_KIRREL2 (84063),0.14461864827293436
EXP_ASCL1 (429),0.14459158994877885
EXP_GGT6 (124975),0.14457556696804064
EXP_CFAP65 (255101),0.14456553212341472
EXP_CFAP99 (402160),0.14455633041282834
EXP_NTRK2 (4915),0.1445347944327371
EXP_CCBE1 (147372),0.14447556209024714
EXP_CADM2 (253559),0.14446752740156565
EXP_CALHM3 (119395),0.14441206718058375
EXP_ASPRV1 (151516),0.14437928190819171
EXP_LGALS9C (654346),0.14435988036338898
EXP_FOXD3 (27022),0.14435655142276538
EXP_GALNT13 (114805),0.144355755135118
EXP_GPR143 (4935),0.14434905673252718
EXP_MATK (4145),0.1443357749003984
EXP_OTOP2 (92736),0.14432987049126833
EXP_ADAMTS3 (9508),0.14430744928975914
EXP_PDE1A (5136),0.1442465013411205
EXP_SLC18A2 (6571),0.14424420112938297
EXP_C11orf86 (254439),0.14421709750364986
EXP_ZFP82 (284406),0.14412034924632433
EXP_REN (5972),0.14411240724822338
EXP_ABCB1 (5243),0.1440938925019708
EXP_LHX2 (9355),0.14407394450068267
EXP_RTN1 (6252),0.14406586508829466
EXP_EMID1 (129080),0.14402515541327876
EXP_SLC6A16 (28968),0.14399765364928374
EXP_CHD5 (26038),0.14397988490021252
EXP_FAM107A (11170),0.14391142815188473
EXP_LRATD1 (151354),0.1438305130720412
EXP_ACR (49),0.14382415870884024
EXP_PKHD1L1 (93035),0.14381632533223154
EXP_STAB1 (23166),0.14381452359720814
EXP_LENEP (55891),0.14380730259169017
EXP_MAF (4094),0.14375721039412426
EXP_DHH (50846),0.14371781847309384
EXP_GHR (2690),0.14368605063289053
EXP_H4C11 (8363),0.1436795955613217
EXP_KLRG2 (346689),0.14363048958299007
EXP_DDX43 (55510),0.14358918358762018
EXP_ABCB4 (5244),0.14358037148224145
EXP_FSTL4 (23105),0.1435643756352123
EXP_MMP9 (4318),0.1435195432907066
EXP_CALR3 (125972),0.143476225325883
EXP_FABP4 (2167),0.1434276486638275
EXP_HLA-DRB5 (3127),0.14339988935529213
EXP_SLC6A20 (54716),0.14333337091186493
EXP_RHBDL3 (162494),0.1433273188992774
EXP_KCNH4 (23415),0.1432851489808904
EXP_FILIP1 (27145),0.14327595444647745
EXP_KLK13 (26085),0.14326531574499857
EXP_ANKRD33 (341405),0.14326408451457118
EXP_RHOJ (57381),0.14321765139085452
EXP_PDLIM3 (27295),0.1432091850696544
EXP_PLAAT1 (57110),0.14320155701043102
EXP_RPGRIP1 (57096),0.14316502367948658
EXP_CYP2C18 (1562),0.14316359778713483
EXP_NPIPB6 (728741),0.14315650363516053
EXP_TOX3 (27324),0.14314830712947924
EXP_GABRG2 (2566),0.14314428055741013
EXP_LCNL1 (401562),0.1431290655110251
EXP_LILRB3 (11025),0.14312259200391964
EXP_ANKRD65 (441869),0.14311381605983886
EXP_KLK7 (5650),0.14309129058239733
EXP_DPY19L2 (283417),0.14307141439841775
EXP_STAC (6769),0.14304281466641333
EXP_NRXN3 (9369),0.1430216204822976
EXP_FOXE1 (2304),0.14301512850092735
EXP_ZNF418 (147686),0.1430107703677974
EXP_FCGR1A (2209),0.1429896071176433
EXP_LYPD2 (137797),0.14294018116098872
EXP_SNCA (6622),0.1429377028555483
EXP_GPR65 (8477),0.14293042333988204
EXP_CLEC7A (64581),0.14291725845854053
EXP_KLF14 (136259),0.14290695053043212
EXP_TRIM55 (84675),0.14283140070780043
EXP_ACKR2 (1238),0.14280794432839983
EXP_SUN3 (256979),0.1427477309562768
EXP_RNASE2 (6036),0.1427175434484882
EXP_LY9 (4063),0.14271497396105826
EXP_ZNF682 (91120),0.14270735451497973
EXP_OR11H7 (390441),0.14269523404841244
EXP_C2orf78 (388960),0.14269520834069738
EXP_COL10A1 (1300),0.14268454018142673
EXP_KDR (3791),0.14267320015236074
EXP_TRIM74 (378108),0.14266137715146643
EXP_ODAPH (152816),0.1426353552550994
EXP_HOPX (84525),0.14262918209984576
EXP_BPIFB1 (92747),0.14262208003762789
EXP_LAMC3 (10319),0.14258749261180625
EXP_MYL4 (4635),0.14252167132636817
EXP_UGT3A2 (167127),0.14251630486387734
EXP_FAM151A (338094),0.14251361784610062
EXP_ANGPT1 (284),0.14251002487963849
EXP_TRPC4 (7223),0.14242695548650675
EXP_SLC38A3 (10991),0.14241488893096133
EXP_GPA33 (10223),0.14239035243731957
EXP_CCDC169 (728591),0.14232015295115952
EXP_LRRC71 (149499),0.1422545170789573
EXP_NTM (50863),0.14222489056311804
EXP_ENPP5 (59084),0.142199852648087
EXP_ZNF256 (10172),0.14217960459823864
EXP_SLC5A11 (115584),0.1421400922584084
EXP_ANKRD2 (26287),0.14209320083073962
EXP_ADGRG2 (10149),0.1420889051766161
EXP_ENPEP (2028),0.14207418296007734
EXP_PLK5 (126520),0.1420440029011898
EXP_ARHGAP15 (55843),0.1420039725766884
EXP_KLHL10 (317719),0.14199108199996235
EXP_PKLR (5313),0.14198246014962734
EXP_GPC4 (2239),0.14195421594392776
EXP_ST8SIA4 (7903),0.14192659513135508
EXP_NKX2-1 (7080),0.14191910267403252
EXP_PDE1B (5153),0.1418399393429559
EXP_BMPER (168667),0.14183281491706534
EXP_C10orf105 (414152),0.14182874639105592
EXP_CD200R1 (131450),0.14180796636256154
EXP_PRSS2 (5645),0.14179642434463258
EXP_SMIM44 (122405565),0.14178964937506588
EXP_PNMA8A (55228),0.14177132042072182
EXP_CC2D2B (387707),0.1417586949158114
EXP_TRPM6 (140803),0.14175123058813766
EXP_HP (3240),0.14174280966161268
EXP_PSORS1C2 (170680),0.1417396554602366
EXP_CACNA1F (778),0.1416673775639361
EXP_ALOX15 (246),0.14166242790843597
EXP_ZC3H12D (340152),0.14166099236771412
EXP_ARMC12 (221481),0.14165863702087034
EXP_TM4SF5 (9032),0.14165388477097185
EXP_RAG2 (5897),0.1416470222994688
EXP_FOXD4L6 (653404),0.14156424571202297
EXP_LYG2 (254773),0.14156337227246496
EXP_TSHZ3 (57616),0.14154534744328684
EXP_NTNG1 (22854),0.14153455136285364
EXP_IGFL1 (374918),0.141525824976374
EXP_ACADL (33),0.1414607280581679
EXP_ADCY1 (107),0.14144944696394068
EXP_SOX30 (11063),0.1414448393448966
EXP_SPAG17 (200162),0.14143362015541783
EXP_RFPL2 (10739),0.14142240410858475
EXP_KIAA0408 (9729),0.14137823360252177
EXP_TERB1 (283847),0.14133192956046425
EXP_GSC (145258),0.1413238982127254
EXP_PRG2 (5553),0.1413088299771017
EXP_LHX5 (64211),0.14129928109749246
EXP_BCL2L10 (10017),0.1412978529771829
EXP_CTTNBP2 (83992),0.1412826253946986
EXP_S1PR1 (1901),0.1412783015533572
EXP_ACSBG2 (81616),0.14124419104924701
EXP_H2AC4 (8335),0.14123946337962945
EXP_HNF1B (6928),0.14123874888479993
EXP_KBTBD12 (166348),0.14123802148578557
EXP_RFPL3 (10738),0.14122811713699868
EXP_KIF26A (26153),0.14122455523158717
EXP_FUT6 (2528),0.1412137195576575
EXP_HS6ST3 (266722),0.1412117062033409
EXP_LEFTY1 (10637),0.141168538268845
EXP_CES4A (283848),0.14115364700501853
EXP_RHD (6007),0.14114056326564484
EXP_PRAC2 (360205),0.1411094216258224
EXP_UPK1B (7348),0.1411089903774041
EXP_ARHGAP28 (79822),0.14110275494861924
EXP_CFTR (1080),0.14109913344451153
EXP_TMEM225B (100289187),0.14109323656117834
EXP_TMEM74 (157753),0.14108814310124185
EXP_PLCL1 (5334),0.14107632727487562
EXP_RFPL4A (342931),0.14100418896379985
EXP_ACKR3 (57007),0.14098393190923542
EXP_PIWIL1 (9271),0.14089930742892154
EXP_RASL12 (51285),0.14083207761976624
EXP_CXCL17 (284340),0.1408265690478423
EXP_FGF13 (2258),0.1407527491043039
EXP_CRISPLD1 (83690),0.14072593624438534
EXP_NOL4 (8715),0.1407176988168617
EXP_TAS2R19 (259294),0.1407166544045486
EXP_DCDC2 (51473),0.1406808288959578
EXP_CA1 (759),0.14063115968059625
EXP_ADAMTSL2 (9719),0.14063106963106398
EXP_LCN10 (414332),0.14062569611519127
EXP_IGSF5 (150084),0.14061975948821548
EXP_ITM2A (9452),0.1406188482696118
EXP_OR2A1 (346528),0.14061552927003618
EXP_CCDC8 (83987),0.14060494779249177
EXP_ZNF135 (7694),0.1405972589182265
EXP_HGF (3082),0.14054143205597702
EXP_CST4 (1472),0.14051961513028743
EXP_H2AB3 (83740),0.14048680377222933
EXP_RAMP2 (10266),0.14045401438534633
EXP_HBG2 (3048),0.1403960741101442
EXP_MGAM2 (93432),0.14032751294845003
EXP_FOXB1 (27023),0.1403233175603935
EXP_EXTL1 (2134),0.14029934588235804
EXP_IL33 (90865),0.14026392796143128
EXP_ERAS (3266),0.14021765637896255
EXP_PRELP (5549),0.14019460160849828
EXP_EDDM13 (100506374),0.14015360096423146
EXP_CXCL6 (6372),0.1401422075397809
EXP_NPPA (4878),0.14011756677512377
EXP_PPM1E (22843),0.14006280977458108
EXP_CNTNAP2 (26047),0.14004971027345148
EXP_SYT16 (83851),0.14003784051852008
EXP_CA9 (768),0.14001146280220667
EXP_PIGR (5284),0.1400084398565955
EXP_CHRDL1 (91851),0.14000128259616673
EXP_CHST13 (166012),0.13996274576375622
EXP_ALDH3B2 (222),0.13996045351098108
EXP_CSAG1 (158511),0.13994009411083974
EXP_TDRD12 (91646),0.13989935230842754
EXP_ELOVL4 (6785),0.13988125593854495
EXP_CCK (885),0.13986688839754446
EXP_CRYM (1428),0.13982400173203047
EXP_HAPLN2 (60484),0.13981965724917522
EXP_COL24A1 (255631),0.13979529086433384
EXP_PLA2G2A (5320),0.13979331375071125
EXP_LRRC19 (64922),0.13979084956196086
EXP_SLC26A7 (115111),0.13976210368188546
EXP_LINGO3 (645191),0.13975541638192857
EXP_ABCA6 (23460),0.13975016470771262
EXP_GFRA1 (2674),0.13974184616226148
EXP_CETP (1071),0.13967949287726888
EXP_B4GALNT2 (124872),0.13966446783330078
EXP_GLP2R (9340),0.13962664766134214
EXP_MAGED4 (728239),0.13960870296306105
EXP_PTPRO (5800),0.13959633385474213
EXP_TMPRSS11D (9407),0.13958332573421028
EXP_GJB6 (10804),0.13954456043977093
EXP_SNURF (8926),0.13952030760350898
EXP_HSD11B1 (3290),0.1394998327902397
EXP_RTN4RL1 (146760),0.1394220903075425
EXP_SPINK4 (27290),0.13939258186175607
EXP_MT1M (4499),0.13938023953327594
EXP_ARHGAP40 (343578),0.1393466141817452
EXP_NTF3 (4908),0.13931713742771512
EXP_PRF1 (5551),0.1393123765798281
EXP_CDK15 (65061),0.13928880507253982
EXP_CRYBA2 (1412),0.13928369682425856
EXP_SPATA4 (132851),0.13921643437920572
EXP_ASB4 (51666),0.13920953639469058
EXP_OTOA (146183),0.13918184730622585
EXP_RHOH (399),0.13917943183993664
EXP_CGB5 (93659),0.13917735204200543
EXP_LGI3 (203190),0.13917512927057718
EXP_TEK (7010),0.13909560294867784
EXP_GRIN3B (116444),0.13906954985863695
EXP_PKIA (5569),0.1390619714466954
EXP_KEL (3792),0.13904871918440742
EXP_ELANE (1991),0.13898789377824894
EXP_PPP1R14D (54866),0.13895597276595417
EXP_HECW1 (23072),0.13892639456935907
EXP_TEX38 (374973),0.1388972334021128
EXP_MEI4 (101928601),0.13880619655501514
EXP_KCNA7 (3743),0.1387461583265006
EXP_KRT79 (338785),0.13874084282787225
EXP_MANSC4 (100287284),0.13870051271658923
EXP_SMC1B (27127),0.13869888003353692
EXP_RANBP17 (64901),0.13867608328526781
EXP_PDE6B (5158),0.13858823191636915
EXP_ARHGAP20 (57569),0.13858514774760566
EXP_KCNQ3 (3786),0.13851079398528077
EXP_FAM124B (79843),0.13850543474075971
EXP_UTS2B (257313),0.13850006121998293
EXP_GLDN (342035),0.13848893741777157
EXP_CLIC6 (54102),0.13848113440639942
EXP_WFDC10B (280664),0.13847675349337596
EXP_BTBD16 (118663),0.13847523746533685
EXP_ANKUB1 (389161),0.1383246912415359
EXP_FABP1 (2168),0.13807281885854117
EXP_CCDC170 (80129),0.1380713119103527
EXP_LY96 (23643),0.1380659647321405
EXP_ST8SIA1 (6489),0.13806343908088614
EXP_KRT32 (3882),0.1380215028123799
EXP_ADAMTSL1 (92949),0.13799929713284076
EXP_CYP3A7 (1551),0.13796415701836917
EXP_SDS (10993),0.13790780429196037
EXP_HRG (3273),0.13789614726684007
EXP_PRDM5 (11107),0.13784134355358324
EXP_ZNF781 (163115),0.1378138221430607
EXP_PNLDC1 (154197),0.13777503082692188
EXP_GSG1 (83445),0.13777087098199114
EXP_CAMSAP2 (23271),0.1377622415104467
EXP_AOAH (313),0.1377582895553271
EXP_PSAPL1 (768239),0.13773718695052972
EXP_CRIP3 (401262),0.1376864321807565
EXP_SLCO1A2 (6579),0.13767418120809394
EXP_TMEM132B (114795),0.13766053716766136
EXP_EDN2 (1907),0.1376475409652227
EXP_CXCL14 (9547),0.13762279352660256
EXP_PLSCR2 (57047),0.137531591575613
EXP_ASXL3 (80816),0.13750094529484835
EXP_GSTM1 (2944),0.13746703992677833
EXP_ICAM4 (3386),0.13746427391567417
EXP_KCNJ4 (3761),0.13743965227541732
EXP_IKZF1 (10320),0.1374388847083674
EXP_C3orf70 (285382),0.13741344843830117
EXP_CA3 (761),0.13737435141091403
EXP_UNC5C (8633),0.13737255939726412
EXP_TRPM2 (7226),0.13735875954432508
EXP_CCNA1 (8900),0.13731600601711103
EXP_C16orf89 (146556),0.13727693857025347
EXP_HAPLN1 (1404),0.13722650387858293
EXP_SGIP1 (84251),0.13722097384992304
EXP_MAGEB17 (645864),0.1371712467740549
EXP_SLC6A14 (11254),0.13716155992724222
EXP_ABCA8 (10351),0.1371240536285545
EXP_PCK1 (5105),0.13708088173651056
EXP_HEPH (9843),0.13707938828548105
EXP_RFPL4B (442247),0.13703335534218208
EXP_IGLL5 (100423062),0.13701553222283902
EXP_ZNF521 (25925),0.1369706957592287
EXP_EMILIN3 (90187),0.13694300872752407
EXP_CLCN1 (1180),0.13691009520837838
EXP_RNF150 (57484),0.1369001441386235
EXP_DSG3 (1830),0.13688372019061257
EXP_H2BC12L (54145),0.13676122281669123
EXP_STK32A (202374),0.13675553678329155
EXP_GRM1 (2911),0.13670209568620795
EXP_SLC7A4 (6545),0.1366858501212489
EXP_PDZRN3 (23024),0.1366640879014298
EXP_S100B (6285),0.1366073311433782
EXP_SLCO4C1 (353189),0.13653882479793955
EXP_GPR179 (440435),0.13651127383008177
EXP_GOLGA8M (653720),0.13643953392571806
EXP_ADRA2A (150),0.13635601777123352
EXP_CNTFR (1271),0.13634834836112608
EXP_NUDT10 (170685),0.1363297478097869
EXP_PNMA6A (84968),0.13628822971194499
EXP_GABRD (2563),0.13627418276846104
EXP_FAM133A (286499),0.13622437982333446
EXP_GNRH2 (2797),0.1362197795257991
EXP_CAPN13 (92291),0.13612062583560158
EXP_MYRIP (25924),0.13611787713397172
EXP_CALHM6 (441168),0.13607044610830998
EXP_ZFP92 (139735),0.13599448378579515
EXP_FER1L5 (90342),0.13598813879498772
EXP_HTRA3 (94031),0.13596081935144344
EXP_GPR183 (1880),0.135918450089334
EXP_TAL1 (6886),0.13586130006296804
EXP_SIRPB2 (284759),0.13580729392374113
EXP_EVPLL (645027),0.13579070435812435
EXP_PCP4L1 (654790),0.1357822881015993
EXP_PNPLA1 (285848),0.13577903578611084
EXP_WNT5A (7474),0.13577878856033987
EXP_KCNK2 (3776),0.13577845797691657
EXP_ADAMTSL3 (57188),0.13573037520605213
EXP_MEIG1 (644890),0.1357292353125441
EXP_ANGPTL3 (27329),0.1357268586184346
EXP_ASCL2 (430),0.1357145852731052
EXP_TNN (63923),0.13570755924632216
EXP_FAM25A (643161),0.13561734592096197
EXP_PRR16 (51334),0.13559619129029876
EXP_ABCA9 (10350),0.13557790312609752
EXP_ATP10B (23120),0.13557249358964985
EXP_VWA2 (340706),0.1355532326245985
EXP_LHFPL4 (375323),0.13549639357675902
EXP_CALML5 (51806),0.13548978885072227
EXP_PLP1 (5354),0.13545610385129514
EXP_SLFN12L (100506736),0.13545561553062857
EXP_CELF4 (56853),0.13530757611495137
EXP_DDIT4L (115265),0.13530485091453448
EXP_EXOC3L2 (90332),0.13529742996512484
EXP_TRIM10 (10107),0.13529589385008567
EXP_TMEM176A (55365),0.13527618709559874
EXP_SLCO1B7 (338821),0.13527056227910972
EXP_SPRR1B (6699),0.135226001351187
EXP_FBXO39 (162517),0.13521220693570823
EXP_TNFRSF13B (23495),0.13520388832974106
EXP_SPDYE21 (442572),0.1352017343339691
EXP_MMRN1 (22915),0.13519234210085607
EXP_UPK1A (11045),0.13516952854366782
EXP_CELF2 (10659),0.1351213501744013
EXP_KDM5D (8284),0.13509706619526796
EXP_CDSN (1041),0.13507470205787353
EXP_AIF1 (199),0.1350726425475397
EXP_SYCE1 (93426),0.13495005760055756
EXP_DPYSL5 (56896),0.13491033748677772
EXP_PHF24 (23349),0.13474447563741299
EXP_OR2A42 (402317),0.1347381741588789
EXP_SNAP25 (6616),0.13465299625634675
EXP_PLPP4 (196051),0.13465081981595306
EXP_ACP7 (390928),0.13455247610805632
EXP_SULT1B1 (27284),0.1345336561803654
EXP_GAP43 (2596),0.13451130011305956
EXP_TBX18 (9096),0.13450051145851605
EXP_CYSLTR1 (10800),0.13444518313158538
EXP_PON1 (5444),0.13441173985305843
EXP_HOXD8 (3234),0.13438996202455034
EXP_GLI3 (2737),0.1343321479221089
EXP_FAM110B (90362),0.1343202651432538
EXP_TSLP (85480),0.1342926639708124
EXP_NAP1L2 (4674),0.13428409112325257
EXP_TMEFF1 (8577),0.13422309607210048
EXP_POTEF (728378),0.13422146232502463
EXP_PRR18 (285800),0.13421876748471195
EXP_CALCB (797),0.13420090220524816
EXP_FZD9 (8326),0.13418328172697613
EXP_FCN3 (8547),0.13416213355443718
EXP_PRSS1 (5644),0.13416087602425897
EXP_PLPPR3 (79948),0.13416003370568852
EXP_KCND3 (3752),0.13415770083678868
EXP_BEX4 (56271),0.13414819832447744
EXP_SEC14L6 (730005),0.13413173126917277
EXP_TRIML2 (205860),0.13409315687033052
EXP_NPPC (4880),0.13408069431171477
EXP_CD180 (4064),0.1340292084322856
EXP_SLITRK5 (26050),0.1339877137712273
EXP_TEKT5 (146279),0.1339589873028757
EXP_GPR27 (2850),0.1339333460345764
EXP_ECHDC3 (79746),0.133854933030626
EXP_KCNK13 (56659),0.1338515381169798
EXP_SEMA6D (80031),0.13381819113652327
EXP_RAD51AP2 (729475),0.13381392266423742
EXP_CNGB1 (1258),0.13379828589051357
EXP_PAMR1 (25891),0.1337757982989749
EXP_FAM3D (131177),0.13373639348659205
EXP_OMP (4975),0.1337069977790919
EXP_COL20A1 (57642),0.13356384062286564
EXP_MTMR8 (55613),0.1335485365902498
EXP_LGI2 (55203),0.1335321262134701
EXP_GAS2L2 (246176),0.13341372898909443
EXP_SPATC1 (375686),0.1334119236017246
EXP_PIK3R5 (23533),0.13341065690070097
EXP_P2RX1 (5023),0.13327566504736854
EXP_GFY (100507003),0.13327322873646752
EXP_C8orf74 (203076),0.13326448035784955
EXP_TMEM130 (222865),0.13325389158649337
EXP_RTL1 (388015),0.13323894210922838
EXP_C7orf78 (102725191),0.1332224816604075
EXP_PCYT1B (9468),0.133204975848074
EXP_ERG (2078),0.13318898129850476
EXP_TMEM176B (28959),0.13313586939324695
EXP_IGSF22 (283284),0.133081237276226
EXP_KCND2 (3751),0.13303997385686328
EXP_MUC17 (140453),0.1330384441964596
EXP_LDHC (3948),0.13301969846877837
EXP_EYA4 (2070),0.13300716885683705
EXP_GJB7 (375519),0.13300310519661362
EXP_CTRB2 (440387),0.13297947472286653
EXP_COL15A1 (1306),0.13297028616892925
EXP_ZNF582 (147948),0.13291240943387228
EXP_MIP (4284),0.1328906596829329
EXP_ABCD2 (225),0.13285477527693068
EXP_CXorf49B (100132994),0.13284644719789052
EXP_BTN1A1 (696),0.132790563651493
EXP_ABCC9 (10060),0.13279049238613405
EXP_ADH1C (126),0.13269557004959998
EXP_CST7 (8530),0.13268058262930849
EXP_ZNF280A (129025),0.13264252354360817
EXP_SIX3 (6496),0.13260903035436256
EXP_GABRA2 (2555),0.13259300200449697
EXP_STPG2 (285555),0.1325690017366692
EXP_SLC6A13 (6540),0.13253610363828106
EXP_FAM209A (200232),0.13252758780799123
EXP_HMGCS2 (3158),0.13250803064438088
EXP_HCST (10870),0.13250433069538126
EXP_HFM1 (164045),0.13248568175250597
EXP_MICU3 (286097),0.1324787346594709
EXP_TMEM179 (388021),0.13241955895106594
EXP_HLA-DOA (3111),0.13241073375202106
EXP_ZNF486 (90649),0.13240921055893562
EXP_MAGEA2B (266740),0.13239307405081302
EXP_CRYGN (155051),0.13235620659104352
EXP_RGS6 (9628),0.13234846088018992
EXP_NKAIN2 (154215),0.1323118436574613
EXP_GUCY2C (2984),0.13229160365346493
EXP_ANKRD45 (339416),0.13224041790164476
EXP_SBK2 (646643),0.13219662700464685
EXP_PRSS57 (400668),0.13219662350174666
EXP_TEX12 (56158),0.13218723357615314
EXP_PDCD1 (5133),0.1321819731467131
EXP_CPXM1 (56265),0.13216939183082577
EXP_CD164L2 (388611),0.13215677696728134
EXP_FGR (2268),0.13206828328713005
EXP_ATP13A4 (84239),0.1320367891651162
EXP_ARHGDIG (398),0.13202867974496568
EXP_ACTN2 (88),0.13202275026441157
EXP_ABCG8 (64241),0.13199915847288635
EXP_SOX17 (64321),0.1319860180778245
EXP_A2ML1 (144568),0.1319739942600746
EXP_DOC2B (8447),0.1319109862510941
EXP_C4BPA (722),0.13190642455515666
EXP_PHOSPHO1 (162466),0.13187636537446368
EXP_PTPN20 (26095),0.13187215097382898
EXP_NXPH1 (30010),0.13186359884217858
EXP_SULT4A1 (25830),0.13185347062926978
EXP_EDNRA (1909),0.1318046019278971
EXP_MAGEA2 (4101),0.13179581155810816
EXP_VWA3B (200403),0.13179344125084524
EXP_CALCA (796),0.13169209325919073
EXP_DLX6 (1750),0.13168492171526935
EXP_HS3ST3A1 (9955),0.13161968479827646
EXP_NR0B2 (8431),0.13159994567509914
EXP_DKK4 (27121),0.1315687355861206
EXP_LGALS7 (3963),0.13155030200100049
EXP_USP9Y (8287),0.1315190140587954
EXP_ALKAL2 (285016),0.13146518045948286
EXP_AGR3 (155465),0.1314440679504152
EXP_CYP2C9 (1559),0.13142718083332383
EXP_LRRC32 (2615),0.13142485027940687
EXP_IGLL1 (3543),0.13140235134674416
EXP_CSMD3 (114788),0.13138367962888342
EXP_RPRM (56475),0.13132680774615135
EXP_NDP (4693),0.1313211947312567
EXP_CNN1 (1264),0.1312948990092635
EXP_MYCT1 (80177),0.13129464975827698
EXP_RGS13 (6003),0.13127776214500564
EXP_RIMS4 (140730),0.13123183296886554
EXP_ZSCAN4 (201516),0.13123067317970127
EXP_CSAG3 (389903),0.13117473392976553
EXP_PCDH20 (64881),0.1311100060909851
EXP_SMIM31 (100505989),0.13107783675379103
EXP_PTGFR (5737),0.13103502772931064
EXP_TAS2R50 (259296),0.1310277869577421
EXP_NYAP2 (57624),0.13100005399776915
EXP_ARX (170302),0.13095970961458026
EXP_CLRN3 (119467),0.13094799167658522
EXP_WNT6 (7475),0.13092609038476466
EXP_ATP6V0D2 (245972),0.13092358272102
EXP_NCCRP1 (342897),0.1308745720369946
EXP_GPR85 (54329),0.13086771143027498
EXP_DRC7 (84229),0.13085419108224672
EXP_DISP3 (57540),0.13080134337028992
EXP_ACSM1 (116285),0.1307992934313238
EXP_ARL11 (115761),0.1307067249779883
EXP_KCNJ1 (3758),0.13066788634938575
EXP_CTAG1B (1485),0.13062252942344488
EXP_MSTN (2660),0.13061992684131463
EXP_AGXT (189),0.13055830004838143
EXP_PKHD1 (5314),0.13053627705202464
EXP_ACOT6 (641372),0.13047974266060347
EXP_GATA5 (140628),0.13047737937150217
EXP_KLRC3 (3823),0.13044582884435485
EXP_KRTAP5-1 (387264),0.13043683811909457
EXP_KCNJ15 (3772),0.1304214346881971
EXP_MYO3B (140469),0.13033478021954847
EXP_TMEM265 (100862671),0.1302750013609737
EXP_CPNE9 (151835),0.13021866288765915
EXP_CFAP77 (389799),0.1302099342652645
EXP_ABCC8 (6833),0.1301568401498927
EXP_CPSF4L (642843),0.13012401005561713
EXP_CT45A1 (541466),0.13008478762503817
EXP_NPY4R2 (100996758),0.1300531755831673
EXP_TXNDC2 (84203),0.13004526624488522
EXP_TMEM47 (83604),0.13001796228451212
EXP_VNN2 (8875),0.1298880653438248
EXP_ST8SIA6 (338596),0.12981287699672883
EXP_POTEI (653269),0.1298036688190929
EXP_CGB8 (94115),0.1297926292032927
EXP_WNT1 (7471),0.12975596493891706
EXP_CAMK1G (57172),0.12975510049755057
EXP_H3C4 (8351),0.12975483693082346
EXP_CYP2F1 (1572),0.12973458190770115
EXP_GTSF1 (121355),0.1297254495062483
EXP_CATSPERB (79820),0.1296782836773982
EXP_RIC3 (79608),0.12964225903571558
EXP_LPL (4023),0.12962939471887625
EXP_HTR6 (3362),0.1295873262549554
EXP_MIOX (55586),0.12948713894269215
EXP_HIF3A (64344),0.12944009553173919
EXP_ERC2 (26059),0.12938851318788958
EXP_SCARA5 (286133),0.12938012171880553
EXP_MAL (4118),0.12931562046776968
EXP_NOVA2 (4858),0.1293002906238181
EXP_HGFAC (3083),0.12929301497656542
EXP_C5AR2 (27202),0.1292863289516073
EXP_ESRRG (2104),0.12928471667294072
EXP_MCHR1 (2847),0.12928001318507665
EXP_RNASE6 (6039),0.1292398971926536
EXP_HBE1 (3046),0.12919503772476704
EXP_GIMAP6 (474344),0.12917244449662446
EXP_INA (9118),0.12913999140187649
EXP_PAPPA2 (60676),0.12910176512118188
EXP_SLC5A12 (159963),0.12909307178661633
EXP_BHMT2 (23743),0.12899258043215056
EXP_SMTNL1 (219537),0.12897004233583687
EXP_OR10H1 (26539),0.12885682637388562
EXP_GLB1L3 (112937),0.12885340931472244
EXP_COL21A1 (81578),0.12884776271276532
EXP_SPMIP6 (84688),0.12883791753998075
EXP_CDKL4 (344387),0.1287994021844736
EXP_CALY (50632),0.1287801619616724
EXP_TDO2 (6999),0.12877671827480786
EXP_RNF133 (168433),0.12867770437665094
EXP_SNCB (6620),0.12862404353749968
EXP_OOEP (441161),0.12857681500450013
EXP_ONECUT1 (3175),0.12836953161328557
EXP_DNTT (1791),0.12830889185055883
EXP_MROH2A (339766),0.12830384882354995
EXP_MAGEB2 (4113),0.12829154666356368
EXP_MASP1 (5648),0.12826277059887614
EXP_DDX25 (29118),0.12816260408304192
EXP_SAMD3 (154075),0.12814825979249145
EXP_ANKRD34B (340120),0.12809314959399476
EXP_SLC28A3 (64078),0.12804122960022557
EXP_EVX1 (2128),0.12803283056821613
EXP_NOVA1 (4857),0.1279845423344783
EXP_CCDC194 (110806280),0.12796068384386583
EXP_LUZP2 (338645),0.1279198448045018
EXP_DSG1 (1828),0.1279087703054791
EXP_CDH10 (1008),0.12788803662932446
EXP_FAM83C (128876),0.1278794798945957
EXP_UNC80 (285175),0.1278617066912573
EXP_MEIOB (254528),0.12781163296729892
EXP_PLA2G7 (7941),0.12779756776071993
EXP_PSD2 (84249),0.12778842160606896
EXP_CHL1 (10752),0.12777925228767995
EXP_EIF1AY (9086),0.1277658457435158
EXP_HAS1 (3036),0.12775138134411135
EXP_OR51B5 (282763),0.12774919610650226
EXP_SLC13A5 (284111),0.12772691400189373
EXP_CD1D (912),0.12772364138728687
EXP_SFTA2 (389376),0.12763783783828053
EXP_ZNF423 (23090),0.12760038295550435
EXP_FGF21 (26291),0.12757835187553557
EXP_ANO3 (63982),0.12746608576831608
EXP_SLC1A7 (6512),0.12735875213413195
EXP_IFNL2 (282616),0.12735239424468325
EXP_MOGAT3 (346606),0.1273399856988524
EXP_CXorf58 (254158),0.12730908693346166
EXP_MYO7B (4648),0.12729409745311138
EXP_PODN (127435),0.1272741606871537
EXP_PRIMA1 (145270),0.12725421529211944
EXP_VAT1L (57687),0.12723944286309363
EXP_REELD1 (345051),0.1272052067343985
EXP_LRRIQ4 (344657),0.1271663078464269
EXP_LGALS9B (284194),0.12713650569368706
EXP_ABI3 (51225),0.1270880177853151
EXP_TUBA4B (80086),0.1270370520411026
EXP_HSD3B1 (3283),0.1270125055215221
EXP_CSMD2 (114784),0.12698537069731675
EXP_CRTAM (56253),0.12697901716193805
EXP_RBM11 (54033),0.1269717478821608
EXP_LILRA2 (11027),0.12693554593003098
EXP_XAGE1B (653067),0.1269015399343112
EXP_VSIG8 (391123),0.12689666493007534
EXP_TENM1 (10178),0.12677911241996043
EXP_NAP1L3 (4675),0.12675644151244292
EXP_ALOX15B (247),0.1266306115108904
EXP_SALL1 (6299),0.12658347460418629
EXP_DMRTA2 (63950),0.12655852984405325
EXP_MOV10L1 (54456),0.1265141108901986
EXP_PHF21B (112885),0.12649099900773475
EXP_IQCA1 (79781),0.12646657100984537
EXP_TRIM71 (131405),0.12645363152249844
EXP_DBH (1621),0.1264478790343171
EXP_FGFBP2 (83888),0.12642881906845593
EXP_ERICH3 (127254),0.1264206814926574
EXP_TRAM1L1 (133022),0.12642017804263794
EXP_PDC (5132),0.12641880832137264
EXP_PLG (5340),0.12637543219979808
EXP_C17orf99 (100141515),0.12630744001028527
EXP_DACT2 (168002),0.1262148756579924
EXP_ARG1 (383),0.12616528338362265
EXP_FAM9C (171484),0.12615999081281348
EXP_H2AC7 (3013),0.12612089210456556
EXP_CYP4B1 (1580),0.12610569334492094
EXP_PLA2G2F (64600),0.12609928960502348
EXP_CFAP74 (85452),0.12605826068915693
EXP_F8A2 (474383),0.1260227129077136
EXP_MTUS2 (23281),0.12599006575263338
EXP_DUX4 (100288687),0.12597924367249336
EXP_POU3F3 (5455),0.12597358858824315
EXP_DUSP13B (51207),0.12596543496793533
EXP_SNCAIP (9627),0.12596223538162388
EXP_CXCL12 (6387),0.1259615894819781
EXP_PCP4 (5121),0.12594349320109366
EXP_HCK (3055),0.12593436203872077
EXP_CCDC160 (347475),0.12590830819189147
EXP_WDR38 (401551),0.1258511815404404
EXP_NRN1L (123904),0.12581465596507257
EXP_KIF12 (113220),0.12580266373800786
EXP_CIMAP2 (163747),0.12574662162129258
EXP_NPAS3 (64067),0.1257442987039874
EXP_CBLN2 (147381),0.12561459285373333
EXP_GRIN2A (2903),0.12558790323310864
EXP_SCAND3 (114821),0.12557582143060086
EXP_ALKAL1 (389658),0.12554096469569842
EXP_ADGRL4 (64123),0.12552944777087527
EXP_CCL26 (10344),0.1255218851679003
EXP_ZIC1 (7545),0.1253817095300409
EXP_LRRTM4 (80059),0.12529183474646688
EXP_CDHR4 (389118),0.12528919869317123
EXP_ZNF662 (389114),0.12526355600760963
EXP_CCN4 (8840),0.12522738288084545
EXP_AKR1B15 (441282),0.12521788408799894
EXP_RXFP1 (59350),0.1251852096026811
EXP_BARX1 (56033),0.12515965911360505
EXP_GOLGA6A (342096),0.1250766253514093
EXP_RHAG (6005),0.12496314179847312
EXP_MAGEE1 (57692),0.12496257672559263
EXP_H2AC8 (3012),0.12490626329740806
EXP_SIRPG (55423),0.12487253864431702
EXP_CBLN1 (869),0.12485901864255844
EXP_RSPO4 (343637),0.12484973363196206
EXP_FAM237B (107986818),0.12481831476828953
EXP_F13A1 (2162),0.1248158277256195
EXP_SHD (56961),0.1247942168373335
EXP_HOXD9 (3235),0.12475029424528516
EXP_KIF6 (221458),0.12470188739916477
EXP_HUNK (30811),0.12467626175372626
EXP_FPR1 (2357),0.12462749671531581
EXP_CRABP1 (1381),0.12461658734689385
EXP_ODAM (54959),0.12458340653513478
EXP_RGS18 (64407),0.12457525974914363
EXP_TNNI3K (51086),0.1245288891715699
EXP_FAM217A (222826),0.12451229115674023
EXP_EGFLAM (133584),0.12445408092927579
EXP_HAAO (23498),0.12437990224848372
EXP_WFDC13 (164237),0.12435267712783915
EXP_TNIP3 (79931),0.12434861056758928
EXP_GPR4 (2828),0.1242981005087862
EXP_TSPEAR (54084),0.12425596336204636
EXP_APOBEC3H (164668),0.12419968329887876
EXP_EBF3 (253738),0.12416268656372909
EXP_ADGRD2 (347088),0.12416169152161105
EXP_FAT3 (120114),0.12414805605733292
EXP_SPRR2D (6703),0.12406376817855191
EXP_CYP46A1 (10858),0.12396885034555982
EXP_CRYBB2 (1415),0.12395403998815979
EXP_OR4F17 (81099),0.12393015252222472
EXP_GBP6 (163351),0.12383624611667532
EXP_CHST1 (8534),0.12376606737584739
EXP_APOBEC3A (200315),0.12373252144928992
EXP_CCL27 (10850),0.12370964140766683
EXP_AQP2 (359),0.1236060647830226
EXP_CPNE4 (131034),0.12360040476474676
EXP_ANKRD40CL (55018),0.12356635110367176
EXP_COMP (1311),0.12355470406642555
EXP_MCEMP1 (199675),0.1235469728502383
EXP_CD300A (11314),0.12350171757061368
EXP_CAPNS2 (84290),0.12342377820055805
EXP_ST6GALNAC5 (81849),0.1234123873056383
EXP_LRRC31 (79782),0.1234019049805184
EXP_RIMS1 (22999),0.12328877772212099
EXP_MEOX1 (4222),0.12327602968949947
EXP_CAMKV (79012),0.12326512120111133
EXP_ARL13A (392509),0.12325588371214646
EXP_H4C13 (8368),0.12323815188526588
EXP_WT1 (7490),0.12321864196832477
EXP_ACSS3 (79611),0.12320827634214337
EXP_CIDEC (63924),0.1232048989317267
EXP_FAM180A (389558),0.12320266631860921
EXP_DGKB (1607),0.12315961822939858
EXP_TM4SF20 (79853),0.12309540415409348
EXP_IL18RAP (8807),0.12303658461789224
EXP_SLC28A1 (9154),0.12300855768323604
EXP_FAM153A (285596),0.1229678322518315
EXP_PLAAT5 (117245),0.12295875867773187
EXP_POU6F2 (11281),0.12291963996533006
EXP_MS4A3 (932),0.12288598136663076
EXP_DRAXIN (374946),0.12286743364900099
EXP_SLITRK4 (139065),0.1228201845819088
EXP_PCDH10 (57575),0.12273896002988716
EXP_GCG (2641),0.12270101807802325
EXP_HSFX2 (100130086),0.12269174703703145
EXP_CCR2 (729230),0.12267133525093721
EXP_NKX1-2 (390010),0.12258203852384364
EXP_UGT2B7 (7364),0.12256201903757047
EXP_CST2 (1470),0.12255519039229368
EXP_CPA5 (93979),0.12254655935450254
EXP_CHRNA9 (55584),0.12252867346555707
EXP_GSDMA (284110),0.1225059203996599
EXP_AFF2 (2334),0.12249903681752361
EXP_CD3D (915),0.12248986261336059
EXP_MSI1 (4440),0.12244592326351045
EXP_ATP2B2 (491),0.12241757399128428
EXP_CCN6 (8838),0.12238220052884197
EXP_HBA2 (3040),0.12228077407024562
EXP_LRRC2 (79442),0.12224951348895852
EXP_IGFL4 (444882),0.12220572643162653
EXP_RAI2 (10742),0.12218060585167922
EXP_SPRR3 (6707),0.12216073126369853
EXP_TRPA1 (8989),0.12215801302708407
EXP_TAC4 (255061),0.1221559643668848
EXP_CNR1 (1268),0.12214859432357583
EXP_GJA4 (2701),0.12211371056325682
EXP_WNT3A (89780),0.12211194427774874
EXP_FAM81B (153643),0.12210849889796638
EXP_TMEM35A (59353),0.12209742275054714
EXP_PCSK1N (27344),0.1220719500912355
EXP_FREM1 (158326),0.12195793770180696
EXP_HSFX3 (101928917),0.12171630062385574
EXP_ERMN (57471),0.12170846964076842
EXP_FGB (2244),0.1216550483695209
EXP_GNG14 (105372280),0.12156239764210319
EXP_CYP2C8 (1558),0.12155861798556034
EXP_ROS1 (6098),0.12153950431276384
EXP_FOLH1 (2346),0.12153162685213026
EXP_RPE65 (6121),0.1215155651105917
EXP_SLAMF9 (89886),0.12144176282899899
EXP_HOXD10 (3236),0.12131935466191912
EXP_CPEB1 (64506),0.12127699311716933
EXP_GBX1 (2636),0.12108469245328779
EXP_IFNL1 (282618),0.12098232300871548
EXP_ZNF625 (90589),0.12096801809911817
EXP_HHLA2 (11148),0.12082485518839903
EXP_CRHR2 (1395),0.12072474695232627
EXP_CRISP3 (10321),0.12071874111243774
EXP_ENAM (10117),0.12050696937703975
EXP_SPRR2A (6700),0.12050520051200353
EXP_MARCO (8685),0.12046224384503113
EXP_NR1I2 (8856),0.12046082336277619
EXP_NKX2-5 (1482),0.1202874823499478
EXP_FRMD1 (79981),0.12022534920804118
EXP_TAS2R46 (259292),0.12018686870032358
EXP_KLRC1 (3821),0.12017730684062755
EXP_TAC3 (6866),0.12017218338143554
EXP_CYP7B1 (9420),0.12015878995543483
EXP_LRRC74B (400891),0.12009880983640508
EXP_DMRTA1 (63951),0.1200894231747549
EXP_NME5 (8382),0.1200368682952413
EXP_GPR17 (2840),0.11991910866676792
EXP_MUSTN1 (389125),0.11991207439310259
EXP_CIST1 (729966),0.11986243150524567
EXP_EPHA8 (2046),0.11985849079195532
EXP_TLL1 (7092),0.11983024720267377
EXP_OLFM4 (10562),0.11980429205004084
EXP_SERP2 (387923),0.11979188359735593
EXP_ASTL (431705),0.1197877932681628
EXP_TULP1 (7287),0.1197740922105579
EXP_ADGRD1 (283383),0.11973975883829624
EXP_ZDHHC19 (131540),0.11967396449469181
EXP_EFS (10278),0.11964334915414776
EXP_KLHDC8A (55220),0.11963264533732554
EXP_MAJIN (283129),0.11957121249449632
EXP_GLP1R (2740),0.11947847494831931
EXP_SLA (6503),0.11947175371508223
EXP_RPRML (388394),0.11944906085785867
EXP_ADH6 (130),0.1194400375649054
EXP_IL36RN (26525),0.1194079528233094
EXP_ZDHHC22 (283576),0.11936850005545896
EXP_MAGEC1 (9947),0.1192872612461282
EXP_HTR3A (3359),0.11928346386329913
EXP_CLDN24 (100132463),0.11908573793209865
EXP_NMUR2 (56923),0.11902986387340908
EXP_SLC35G5 (83650),0.118946347133571
EXP_ZFY (7544),0.11893924504679854
EXP_NR5A1 (2516),0.11888427036254035
EXP_SLC6A17 (388662),0.11885281786686797
EXP_CFHR3 (10878),0.11882692775563353
EXP_SLC28A2 (9153),0.1188164312357487
EXP_PLVAP (83483),0.11869082227017591
EXP_TBX21 (30009),0.11865289713251626
EXP_ETNPPL (64850),0.1186308409521124
EXP_LRRC36 (55282),0.1186226037835536
EXP_LIPK (643414),0.11860071430247743
EXP_NEFM (4741),0.11859023041984296
EXP_AGMO (392636),0.11856747108637222
EXP_VCX3A (51481),0.11845314825688602
EXP_MYL2 (4633),0.11844099379310702
EXP_CCM2L (140706),0.11844011079429251
EXP_KLKB1 (3818),0.11843437156059577
EXP_PSG8 (440533),0.11839629166331811
EXP_GRM4 (2914),0.11838548756473921
EXP_NPPB (4879),0.11833891396037233
EXP_C9 (735),0.11827667578561796
EXP_DNAI1 (27019),0.11827353379324057
EXP_LDB2 (9079),0.11816282152095381
EXP_DRD2 (1813),0.11809589594324876
EXP_ATCAY (85300),0.11808307641882765
EXP_SORCS1 (114815),0.11805026528080909
EXP_VPREB1 (7441),0.11795473229512554
EXP_SCGB1A1 (7356),0.11793570965027067
EXP_WFDC1 (58189),0.1179121043717446
EXP_PRAP1 (118471),0.11786127337192687
EXP_CFAP61 (26074),0.11783354416942249
EXP_SLAMF6 (114836),0.11780355932026909
EXP_HS3ST5 (222537),0.11773813781734921
EXP_SLC51B (123264),0.1177254587639629
EXP_TPO (7173),0.11759448152432261
EXP_PATE4 (399968),0.11754764785060612
EXP_GIMAP8 (155038),0.11752192677443096
EXP_KCNJ6 (3763),0.11743386074253159
EXP_ZNF471 (57573),0.1174193607043339
EXP_MUSK (4593),0.11741112673697751
EXP_CCL3L3 (414062),0.11738792155943178
EXP_ENHO (375704),0.11735970002357288
EXP_GRIK4 (2900),0.11735805597956173
EXP_ANO2 (57101),0.11728549468289273
EXP_NAT2 (10),0.11714222648159645
EXP_CRH (1392),0.11711094280673073
EXP_TLR7 (51284),0.1170828105128976
EXP_IL17REL (400935),0.11703024294093378
EXP_GPC5 (2262),0.11702470633674533
EXP_C20orf202 (400831),0.11701742499307333
EXP_BMP3 (651),0.11700737161624675
EXP_CACNG7 (59284),0.11699505212085759
EXP_MEOX2 (4223),0.11689165233797505
EXP_MUC15 (143662),0.11682234241884926
EXP_EN1 (2019),0.11680496352713243
EXP_STAP1 (26228),0.11675055024503411
EXP_BMX (660),0.11660232921389513
EXP_BLID (414899),0.11659225999620881
EXP_THSD7B (80731),0.11641810163066868
EXP_PSG6 (5675),0.11640008546260949
EXP_GARIN1B (84691),0.11638334613539936
EXP_SPMAP2L (100506564),0.11623957502539728
EXP_FGA (2243),0.11610352588050565
EXP_GIPC3 (126326),0.11605799473880074
EXP_GNGT1 (2792),0.1160478043929607
EXP_GLOD5 (392465),0.11601434153386103
EXP_ROBO2 (6092),0.11595124301412518
EXP_SPINK7 (84651),0.11593208761490015
EXP_C16orf54 (283897),0.1158943919089217
EXP_CFAP276 (127003),0.11589028057263073
EXP_OR13A1 (79290),0.11588171932949676
EXP_TEX48 (100505478),0.11582645150085602
EXP_TBXT (6862),0.11581813983990408
EXP_SLC22A31 (146429),0.11578302899752435
EXP_SLC10A6 (345274),0.11570108455149652
EXP_SFRP4 (6424),0.11569519108805215
EXP_DSCAML1 (57453),0.11564495622639237
EXP_IL19 (29949),0.11555998169033632
EXP_UTY (7404),0.11553575738600541
EXP_C7 (730),0.11551569873800949
EXP_SPESP1 (246777),0.1154587877622637
EXP_PTPRD (5789),0.11544333288763076
EXP_RAD21L1 (642636),0.11541499153760082
EXP_TEKT3 (64518),0.11527734263061173
EXP_SIGLEC6 (946),0.11526433984253526
EXP_ADGRE1 (2015),0.11521981290874983
EXP_HS3ST2 (9956),0.11518247531208736
EXP_ELMOD1 (55531),0.11508031751090098
EXP_CKM (1158),0.11498749534133124
EXP_SLC25A48 (153328),0.11495140621352595
EXP_LGALS2 (3957),0.11480405902458868
EXP_OTOF (9381),0.11476146765431716
EXP_HMX3 (340784),0.11475548079379294
EXP_LRCH2 (57631),0.11473676110016928
EXP_BRINP2 (57795),0.11472912423686754
EXP_PCDH15 (65217),0.11469979914634987
EXP_SPANXB1 (728695),0.11468750011709128
EXP_PLPP7 (84814),0.11450220746396722
EXP_F2RL3 (9002),0.11440599922106642
EXP_ANKS4B (257629),0.114302263247406
EXP_KRT39 (390792),0.11426191731866986
EXP_CXCR3 (2833),0.11415499561392206
EXP_SPINK1 (6690),0.11412692986138762
EXP_IGFL2 (147920),0.11412293884951197
EXP_MUCL1 (118430),0.11408066694863628
EXP_TNFSF11 (8600),0.11406555479197733
EXP_KCNK4 (50801),0.11405193851965434
EXP_HCN1 (348980),0.11402916375597005
EXP_FAIM2 (23017),0.1140035357740925
EXP_RNF148 (378925),0.11400188813909651
EXP_ART5 (116969),0.11373731459922531
EXP_PPFIA2 (8499),0.11365171413362507
EXP_CFAP141 (388701),0.1134762486505716
EXP_CDH19 (28513),0.11346397731200408
EXP_CIMAP1C (161753),0.11343602420438126
EXP_PRB3 (5544),0.11336426577331071
EXP_KCNH8 (131096),0.11332958571663321
EXP_NR2E1 (7101),0.11330305625207826
EXP_SIT1 (27240),0.11328043116170106
EXP_ANKRD7 (56311),0.11326814320842082
EXP_SMTNL2 (342527),0.11324953928001191
EXP_TEKT2 (27285),0.11321403848113842
EXP_SPRR1A (6698),0.11320230003108156
EXP_JAML (120425),0.11320179161144805
EXP_PM20D1 (148811),0.11319698970079317
EXP_PRDM13 (59336),0.11317668363799127
EXP_SVOPL (136306),0.11317268313309636
EXP_TDRD10 (126668),0.11313039398770286
EXP_GZMB (3002),0.11312215324467356
EXP_ST18 (9705),0.11311221827768847
EXP_FIGNL2 (401720),0.11308640905027723
EXP_SERPINB10 (5273),0.11299704291826629
EXP_DCHS2 (54798),0.11295084461498206
EXP_JAKMIP2 (9832),0.11288997417529156
EXP_MAGEA11 (4110),0.11284674864963185
EXP_CCDC184 (387856),0.11283504104518327
EXP_BEND4 (389206),0.11281418076178973
EXP_C17orf114 (119139905),0.1127484879570293
EXP_P2RX2 (22953),0.11273719150003148
EXP_OR2I1 (442197),0.11273261175156746
EXP_TAS2R38 (5726),0.11268171460133614
EXP_PCBP3 (54039),0.11258551443231468
EXP_PGPEP1L (145814),0.1125455129287114
EXP_CH25H (9023),0.11254363521958277
EXP_CYP4F2 (8529),0.11251094586699883
EXP_NLRP7 (199713),0.11250692639427262
EXP_GRP (2922),0.11249226900912301
EXP_SP7 (121340),0.11245052402167444
EXP_HPN (3249),0.11242925113895108
EXP_SMIM32 (389332),0.11234211867883737
EXP_LGALS12 (85329),0.11233494308001113
EXP_PF4 (5196),0.11231593472447177
EXP_GNLY (10578),0.11230055413419393
EXP_ADAMTS19 (171019),0.112295582891766
EXP_PHGR1 (644844),0.11226550631534993
EXP_CAPN9 (10753),0.11218088459246323
EXP_SV2C (22987),0.11215284528904901
EXP_SV2B (9899),0.11208441863876972
EXP_PLA2G2C (391013),0.1120055263846571
EXP_MC5R (4161),0.11196739161243041
EXP_KRTAP1-5 (83895),0.1119408384487528
EXP_STARD6 (147323),0.11185764976629864
EXP_FAM25C (644054),0.11178600786286674
EXP_SERPINB3 (6317),0.11178116712965425
EXP_TSPAN19 (144448),0.11175073371500721
EXP_CCDC92B (101928991),0.11170707668506452
EXP_CHST9 (83539),0.11169569203968477
EXP_FGF20 (26281),0.11169517701872733
EXP_CDH8 (1006),0.1116061130747541
EXP_PAGE2B (389860),0.11152212273790241
EXP_OLAH (55301),0.11137594381324822
EXP_NKAIN4 (128414),0.111369130475377
EXP_VWA5B1 (127731),0.11124933488627997
EXP_C1orf105 (92346),0.11118305476580748
EXP_KLK3 (354),0.11115545972579266
EXP_BPI (671),0.11115004684943663
EXP_TMEM217B (121725057),0.11108503989685348
EXP_PACRG (135138),0.11102896408787899
EXP_NKX2-8 (26257),0.11102412873490586
EXP_ANKRD55 (79722),0.1110072180316588
EXP_TCP10L (140290),0.11088401691272542
EXP_CHRNA1 (1134),0.11086458272947164
EXP_FAM9B (171483),0.11078835558433342
EXP_KRT34 (3885),0.11076458218698049
EXP_KANK4 (163782),0.11074708430353564
EXP_GUCY2D (3000),0.1106690432081141
EXP_VENTX (27287),0.1106288977024188
EXP_PRR33 (102724536),0.11060334833363417
EXP_HTR2C (3358),0.11044584179497496
EXP_NRXN1 (9378),0.1104425951365049
EXP_PIK3C2G (5288),0.11043965515130072
EXP_CXorf49 (100130361),0.11034804261784226
EXP_VCX3B (425054),0.11029078409798387
EXP_SPANXA2 (728712),0.11028657453495905
EXP_FAM25G (100133093),0.11026968808162652
EXP_TM6SF1 (53346),0.11022870954711284
EXP_RAB3C (115827),0.11020374655629439
EXP_MAT1A (4143),0.110157132141258
EXP_LAIR2 (3904),0.11013757140796043
EXP_AMPH (273),0.11012242038061393
EXP_LBX1 (10660),0.11006609497574482
EXP_GPIHBP1 (338328),0.11004238144760459
EXP_IGDCC3 (9543),0.11003168569225608
EXP_SMIM17 (147670),0.10992416323508936
EXP_TBC1D26 (353149),0.10981691850460207
EXP_S100A8 (6279),0.10979932625462752
EXP_CCL4 (6351),0.10979816662807762
EXP_INSL6 (11172),0.1097935870925415
EXP_SLC6A11 (6538),0.10978327348851025
EXP_PLA2G4E (123745),0.10973425761608091
EXP_MYBPH (4608),0.10970447704485942
EXP_OSM (5008),0.10969202863038818
EXP_C19orf81 (342918),0.10967012551561872
EXP_C6orf58 (352999),0.10961417285714292
EXP_GCK (2645),0.10960451302256535
EXP_FAM3B (54097),0.10954779121002689
EXP_ASPG (374569),0.1095005717845221
EXP_APOC2 (344),0.10949179408881049
EXP_FCGR2C (9103),0.10927200846983443
EXP_DNAJC5G (285126),0.10920130328377997
EXP_GAST (2520),0.10919065605486411
EXP_HOXC12 (3228),0.10915693406545302
EXP_PXT1 (222659),0.10913131838068635
EXP_DKK2 (27123),0.10909444993006101
EXP_H3-4 (8290),0.10908452359647791
EXP_SNX31 (169166),0.10901135625761338
EXP_SSTR1 (6751),0.10897038111353963
EXP_SIM1 (6492),0.10893793324681278
EXP_RNF212 (285498),0.10892948155517823
EXP_PNPLA5 (150379),0.10885610474052765
EXP_PSTPIP1 (9051),0.10882331894431685
EXP_TSPO2 (222642),0.10875495769738741
EXP_HAPLN4 (404037),0.10866015499275683
EXP_NOS2 (4843),0.10864622087265907
EXP_HSFX1 (100506164),0.10864055863395095
EXP_TNNT3 (7140),0.1086077472098621
EXP_C5orf46 (389336),0.1085382945936475
EXP_CGA (1081),0.10846691852590107
EXP_GLRA3 (8001),0.10844592618841853
EXP_TXLNB (167838),0.10839798840378467
EXP_CD86 (942),0.10831234328466799
EXP_RNF228 (122319436),0.1082506105274117
EXP_CBY2 (220082),0.10806315703172009
EXP_TTLL2 (83887),0.10804187536931575
EXP_AGTR1 (185),0.10801764536430225
EXP_KRT9 (3857),0.10795778120464083
EXP_KCNMB2 (10242),0.10791396571000567
EXP_CALCR (799),0.1078696439966178
EXP_GOLGA8T (653075),0.1078069496534666
EXP_SLC2A2 (6514),0.10777195295760178
EXP_LILRB1 (10859),0.10776191001837265
EXP_OVOL3 (728361),0.10770117670027313
EXP_SLC30A10 (55532),0.10760819583785164
EXP_MS4A1 (931),0.10760761454916645
EXP_PATE2 (399967),0.10756256503323502
EXP_ZNF257 (113835),0.10754758034823508
EXP_ZNF578 (147660),0.10753492859150482
EXP_RUFY4 (285180),0.10752237095962336
EXP_PWWP3B (139221),0.10751859380398043
EXP_MEDAG (84935),0.10749393549423214
EXP_KL (9365),0.10747498876484896
EXP_HOXD3 (3232),0.10742532564417795
EXP_CYP3A4 (1576),0.10740040302715093
EXP_LAMB4 (22798),0.10738193905517424
EXP_ENTREP2 (23359),0.10723072184649851
EXP_EPPIN (57119),0.10716288693124909
EXP_NLRP6 (171389),0.10712688572626305
EXP_GDPD4 (220032),0.1071112651403392
EXP_CTNNA2 (1496),0.10706915354421609
EXP_IGSF23 (147710),0.10704227862903082
EXP_H2BC3 (3018),0.10701412602147053
EXP_ZCCHC12 (170261),0.10692031677483493
EXP_RIIAD1 (284485),0.10688276520440843
EXP_ORM1 (5004),0.10683417012081886
EXP_ASIP (434),0.1068080464038621
EXP_NANOGP8 (388112),0.10679237330871638
EXP_NGF (4803),0.1067800035583546
EXP_H3C8 (8355),0.10677006713161052
EXP_MIXL1 (83881),0.10676275750282693
EXP_IL1RAPL2 (26280),0.1067345194405136
EXP_PAX7 (5081),0.10670700735989591
EXP_GRM5 (2915),0.10663623837265623
EXP_INSYN1 (388135),0.10661237734568463
EXP_KRBOX1 (100506243),0.10658603908220465
EXP_SOHLH2 (54937),0.10655753626393993
EXP_CFAP221 (200373),0.1065081614425143
EXP_ADARB2 (105),0.1063730903812421
EXP_SPTA1 (6708),0.10632834937181501
EXP_GDAP1L1 (78997),0.10629068376164996
EXP_LMO1 (4004),0.10628277148576926
EXP_FRMPD1 (22844),0.10627529344783904
EXP_CLEC3B (7123),0.10617540671420889
EXP_TOMM20L (387990),0.10607089248232304
EXP_UNC93A (54346),0.10599867855048517
EXP_KRTDAP (388533),0.1059361852474563
EXP_BMP5 (653),0.10593136823125837
EXP_ADAM33 (80332),0.10578835680214826
EXP_HCRTR1 (3061),0.10574098384884012
EXP_TCL1B (9623),0.10570286859717148
EXP_UPK3A (7380),0.10563068248864704
EXP_DYNLRB2 (83657),0.10561485138938753
EXP_SEMA5B (54437),0.10557429674160135
EXP_HAND1 (9421),0.10557181660559989
EXP_SLC35F4 (341880),0.10548537424424209
EXP_QRFPR (84109),0.10544958583222375
EXP_TMEM213 (155006),0.10540914725225115
EXP_GNGT2 (2793),0.10539831171934066
EXP_MRAP (56246),0.10539588904516295
EXP_ANKFN1 (162282),0.1053670402788387
EXP_GBA3 (57733),0.1053637755773913
EXP_CNTN5 (53942),0.10530205163598705
EXP_IFNA1 (3439),0.10525267509521496
EXP_ROPN1 (54763),0.1052520835660613
EXP_CLXN (79645),0.10515637992323157
EXP_KCNJ9 (3765),0.10515507854055928
EXP_TAAR1 (134864),0.10513491024470012
EXP_ZNF804A (91752),0.1050270397171893
EXP_CTRB1 (1504),0.10493754481755557
EXP_LKAAEAR1 (198437),0.10491778852578904
EXP_NBPF4 (148545),0.10490354032781246
EXP_XG (7499),0.10483666702037198
EXP_ERICH2 (285141),0.10481756296907241
EXP_PGLYRP1 (8993),0.1047880238166381
EXP_CFHR1 (3078),0.10457792140235611
EXP_C3orf20 (84077),0.10456329721890567
EXP_SORCS3 (22986),0.10449937923855579
EXP_OR5K2 (402135),0.10446357245371596
EXP_UNC5D (137970),0.10444709575084143
EXP_TNFSF8 (944),0.10426473512192125
EXP_CST5 (1473),0.10419150152769463
EXP_PGC (5225),0.1038441845105007
EXP_VIP (7432),0.10381465188901684
EXP_RNF180 (285671),0.10375805155343354
EXP_PLD5 (200150),0.1036690281383672
EXP_LIPN (643418),0.10364908545915386
EXP_NEUROG2 (63973),0.10363151079620359
EXP_SHE (126669),0.1035858391165978
EXP_TAF11L11 (112488746),0.10352362081497102
EXP_NDNF (79625),0.10345380644817626
EXP_IL10 (3586),0.10328651579510861
EXP_HBQ1 (3049),0.10322835784611506
EXP_CFAP144 (440585),0.10322801426109818
EXP_DSG4 (147409),0.10318219316365251
EXP_GOLGA6D (653643),0.1031776633436694
EXP_NXPE2 (120406),0.10316671361436436
EXP_UBASH3A (53347),0.10315285694798959
EXP_ZNF626 (199777),0.10306552482648579
EXP_GAGE2E (26749),0.10305578023563511
EXP_CDH16 (1014),0.10304714240030499
EXP_EPHA6 (285220),0.10304181753498698
EXP_GPR15 (2838),0.10303905165613125
EXP_BOLL (66037),0.10303201047640043
EXP_CDH12 (1010),0.10302839096135896
EXP_DUOXA2 (405753),0.10302072123504225
EXP_POU4F1 (5457),0.10288965445960896
EXP_SH3GL2 (6456),0.1028798404336988
EXP_SNTN (132203),0.10286604877039984
EXP_SLURP2 (432355),0.10281921651569936
EXP_PCDH17 (27253),0.10281890879582001
EXP_ABCC12 (94160),0.10278738744905391
EXP_CMKLR1 (1240),0.1027090136722526
EXP_EBF1 (1879),0.10226669325508331
EXP_DPEP2 (64174),0.10218671947859148
EXP_NXPH2 (11249),0.10218606215533121
EXP_LMNTD1 (160492),0.10217419657622884
EXP_KRTAP4-1 (85285),0.10215785342807449
EXP_UNC13C (440279),0.10208314569032684
EXP_MLIP (90523),0.10208154084087173
EXP_HSPB7 (27129),0.10206839633758547
EXP_C19orf18 (147685),0.10200401497804057
EXP_KCTD19 (146212),0.10190717578841912
EXP_PLA2G3 (50487),0.10188983632418847
EXP_FABP2 (2169),0.10183589558566508
EXP_OR2H2 (7932),0.10179607622735665
EXP_FAM177B (400823),0.10177243779517209
EXP_STAC2 (342667),0.10176687630363368
EXP_SLC30A2 (7780),0.10170167186210133
EXP_GCM1 (8521),0.10164631390233003
EXP_FRMPD2 (143162),0.10164491701063083
EXP_GAGE12F (100008586),0.10158298131187893
EXP_GRAP2 (9402),0.10130390650686572
EXP_TMEM31 (203562),0.10128880360948456
EXP_FAM221B (392307),0.1011585923900018
EXP_STUM (375057),0.1011225567531242
EXP_SPINK2 (6691),0.10107086935840348
EXP_C10orf67 (256815),0.10095696740712423
EXP_KLRD1 (3824),0.10095400021080314
EXP_NPHS1 (4868),0.10093409880409965
EXP_SYT9 (143425),0.10082515428490346
EXP_RASGEF1C (255426),0.10079824712253105
EXP_FGL1 (2267),0.10076037419299677
EXP_CCDC166 (100130274),0.10073326932664228
EXP_LHFPL7 (255349),0.10071307416574804
EXP_HOXD11 (3237),0.10065409373897083
EXP_AICDA (57379),0.10062418994352651
EXP_CRCT1 (54544),0.10057910536778536
EXP_BEND5 (79656),0.10056899261452479
EXP_RLBP1 (6017),0.10050846587010387
EXP_NOX3 (50508),0.10037796899276463
EXP_CYP2B6 (1555),0.10035068992765472
EXP_CLEC5A (23601),0.10011868604578655
EXP_CASP14 (23581),0.09993292647511787
EXP_CACNA2D3 (55799),0.099931665318294
EXP_ELAVL2 (1993),0.0997665718264038
EXP_C1QTNF8 (390664),0.09971624653809164
EXP_FRRS1L (23732),0.09949108825008368
EXP_PPBP (5473),0.0994136276812756
EXP_FOXS1 (2307),0.0994104292978486
EXP_CRB1 (23418),0.0994008169743914
EXP_CYP8B1 (1582),0.09935668672030218
EXP_TMPRSS15 (5651),0.09924859601899305
EXP_SERPINB4 (6318),0.09923400392106796
EXP_FCAMR (83953),0.099201221515274
EXP_CXCR2 (3579),0.09919282860425183
EXP_C8orf34 (116328),0.0991315352388411
EXP_VSTM1 (284415),0.09910158748327058
EXP_DRICH1 (51233),0.09908909873041827
EXP_PRODH2 (58510),0.09890952856443658
EXP_PLA1A (51365),0.09886031484478641
EXP_KRTAP3-2 (83897),0.09881909469160144
EXP_DMRT2 (10655),0.09878370365709221
EXP_KRT75 (9119),0.09858330614011113
EXP_GSX2 (170825),0.09855405438732401
EXP_CAMP (820),0.09853053526116584
EXP_UBL4B (164153),0.09848322523356812
EXP_HTR1B (3351),0.09845957262959004
EXP_CIMAP1D (284451),0.09843674896744403
EXP_CCDC190 (339512),0.09839919432920308
EXP_TCF21 (6943),0.09836069568567218
EXP_NPSR1 (387129),0.09834932103965377
EXP_SLC4A1 (6521),0.09830507137245004
EXP_ALX1 (8092),0.09829421938487393
EXP_NMUR1 (10316),0.09814098649437453
EXP_HHLA1 (10086),0.09813099397503677
EXP_CA7 (766),0.09800220811842131
EXP_ZSCAN23 (222696),0.0979786160255478
EXP_SERPINA6 (866),0.09791507711143677
EXP_C20orf203 (284805),0.09775724619680215
EXP_ITLN1 (55600),0.09754849173527669
EXP_DOK5 (55816),0.09754074862181072
EXP_ANXA13 (312),0.09752834221667417
EXP_TMEM52B (120939),0.09752496334181116
EXP_APOH (350),0.09751101223553915
EXP_ASGR2 (433),0.09747428544301151
EXP_MUC21 (394263),0.09730827144590926
EXP_ART4 (420),0.09729497014377664
EXP_SELP (6403),0.09723329149770255
EXP_AARD (441376),0.09708757987102112
EXP_COL25A1 (84570),0.09708450468075425
EXP_GSTA1 (2938),0.09706952603801522
EXP_TEKT1 (83659),0.09703692729105207
EXP_TBPL2 (387332),0.09701264002524601
EXP_OSTN (344901),0.09685914792642292
EXP_ECEL1 (9427),0.09685270679985702
EXP_C1QTNF9 (338872),0.09682206994972686
EXP_SPAG6 (9576),0.09680613147529504
EXP_CFAP100 (348807),0.09675026792324015
EXP_TEX46 (729059),0.0967437581294246
EXP_CYP2C19 (1557),0.09673247852680067
EXP_KRT6C (286887),0.09669995859883418
EXP_SPMIP8 (374739),0.09667184772814874
EXP_LRRC10B (390205),0.09666577387563446
EXP_PURG (29942),0.096613496239363
EXP_WFDC5 (149708),0.0965714158352391
EXP_PRR20G (100419008),0.0965425959860573
EXP_TMEM108 (66000),0.09633190809406011
EXP_RNF186 (54546),0.09629894561862518
EXP_MEP1A (4224),0.09628793291082971
EXP_RBM46 (166863),0.09627154107311009
EXP_VSX1 (30813),0.09626245808219247
EXP_ATP13A5 (344905),0.0962236054500396
EXP_IBSP (3381),0.09619830784934091
EXP_KLRC4 (8302),0.09618644198525983
EXP_SYT3 (84258),0.09615270616682059
EXP_KCNN2 (3781),0.09610335169203177
EXP_FOXI1 (2299),0.09610171539693857
EXP_ZNF157 (7712),0.09600489358317121
EXP_PENK (5179),0.09596936547496826
EXP_MSR1 (4481),0.0959605591018966
EXP_KLK9 (284366),0.09594593757552694
EXP_SHISA8 (440829),0.09584371043034956
EXP_CYP4F8 (11283),0.09582626070360334
EXP_BNIP5 (389384),0.09582571874628787
EXP_PRND (23627),0.09576222281716973
EXP_KCNJ8 (3764),0.09565155341237297
EXP_SPACA3 (124912),0.09561343946636658
EXP_MT3 (4504),0.09559883100454547
EXP_KRT12 (3859),0.09557878874195547
EXP_WSCD2 (9671),0.09557326554022616
EXP_LTF (4057),0.09553358541583412
EXP_SPANXA1 (30014),0.09552762262879488
EXP_GPR141 (353345),0.09552645613265431
EXP_SFTPA1 (653509),0.09547713732079988
EXP_CCL17 (6361),0.09545021122124453
EXP_LBHD2 (107984640),0.09542554617315702
EXP_OR4C6 (219432),0.09540729854131191
EXP_TUBB8B (260334),0.09538951371894289
EXP_ARHGEF15 (22899),0.09535758031591479
EXP_TMEM233 (387890),0.09534055116498319
EXP_SERPINA4 (5267),0.09524939097441054
EXP_RSPO2 (340419),0.09522337097730071
EXP_LRRC4C (57689),0.09511418301679297
EXP_RNF175 (285533),0.0950820746452572
EXP_ARPP21 (10777),0.09504641535858349
EXP_CCR9 (10803),0.09499405499678604
EXP_PRSS54 (221191),0.09498303475534442
EXP_ZBBX (79740),0.09489098184670652
EXP_SEPTIN12 (124404),0.09481931423761303
EXP_BTNL8 (79908),0.0944780179534832
EXP_SH3GL3 (6457),0.09436907175657705
EXP_CLEC12A (160364),0.09436397389101181
EXP_RHEX (440712),0.09435596487818332
EXP_APOA2 (336),0.09434834107128198
EXP_ABCG5 (64240),0.09432618106542234
EXP_PHYHIPL (84457),0.09429288705708716
EXP_RERGL (79785),0.09423061944312217
EXP_CD3E (916),0.09402451958359404
EXP_DKKL1 (27120),0.094004475548362
EXP_ARMS2 (387715),0.09383542976074244
EXP_KCNJ3 (3760),0.09376319624881546
EXP_TAFA5 (25817),0.09372915844097118
EXP_RXRG (6258),0.09358337985577592
EXP_ZFR2 (23217),0.09357615895643567
EXP_FBXO47 (494188),0.0935150463961456
EXP_EOMES (8320),0.09347821326231642
EXP_BECN2 (441925),0.09337639720406221
EXP_HTRA4 (203100),0.09336243140281653
EXP_TAS2R43 (259289),0.09321398884246035
EXP_TCF24 (100129654),0.09319896865148891
EXP_IFNB1 (3456),0.09313084543729655
EXP_CEACAM7 (1087),0.09310208422126465
EXP_MT1H (4496),0.09309211415889784
EXP_DAPL1 (92196),0.09308626306745449
EXP_CSAG2 (102723547),0.09305439905834545
EXP_NOX4 (50507),0.09303146593648792
EXP_SMIM18 (100507341),0.09302647742411008
EXP_C8orf48 (157773),0.09295227408447992
EXP_GRIA1 (2890),0.0929464156885138
EXP_SAG (6295),0.09285266441746387
EXP_CLCA4 (22802),0.0927596730781346
EXP_CLCNKA (1187),0.09275708546004102
EXP_KCNIP1 (30820),0.09269298362927314
EXP_IRX4 (50805),0.09267109755643688
EXP_DYDC2 (84332),0.0923389127096419
EXP_DRGX (644168),0.09223725385850745
EXP_TMEM190 (147744),0.09220678832414242
EXP_CPA6 (57094),0.09220441452532757
EXP_PAX3 (5077),0.0920943241522858
EXP_L3MBTL4 (91133),0.09209385164836004
EXP_TRPM3 (80036),0.09201787807058137
EXP_CT45A10 (102723631),0.09197443382369386
EXP_TMEM273 (170371),0.09177467394868266
EXP_PTCHD1 (139411),0.09176976831522277
EXP_TAS2R2 (338396),0.0917668637344633
EXP_CFAP161 (161502),0.09175659264588143
EXP_HOXD4 (3233),0.09156706346277987
EXP_KLK4 (9622),0.09154274078024782
EXP_MOGAT1 (116255),0.0914943596250648
EXP_ZFP57 (346171),0.09146747747956496
EXP_ZMAT4 (79698),0.091438106140727
EXP_SLC6A2 (6530),0.09140608905681802
EXP_CTAG2 (30848),0.09137063920114175
EXP_VCX (26609),0.09133938986872625
EXP_ARSH (347527),0.09126730420134255
EXP_IGSF1 (3547),0.09120864976372234
EXP_LPO (4025),0.09119515849623872
EXP_POU2AF2 (341032),0.09112109461171114
EXP_BPIFA1 (51297),0.09102417903380289
EXP_H2BC9 (8345),0.09085062587320047
EXP_SLC38A11 (151258),0.0907299644812154
EXP_PCDH11X (27328),0.0907253679749922
EXP_AKR1C4 (1109),0.09066005381088527
EXP_KRT222 (125113),0.0905719837902641
EXP_CAPSL (133690),0.09049652818978116
EXP_AKR1D1 (6718),0.0904937223203075
EXP_DIRAS2 (54769),0.09040184657741346
EXP_OTOP3 (347741),0.09037142877884907
EXP_FFAR2 (2867),0.09035927946591604
EXP_OXGR1 (27199),0.09026914289793675
EXP_COX7A1 (1346),0.09025616330983288
EXP_GSTM5 (2949),0.09018215899835136
EXP_PTPRQ (374462),0.0901796986432255
EXP_LRRC63 (220416),0.09010862347856907
EXP_MYO3A (53904),0.09006659102159942
EXP_FZD10 (11211),0.08989926182620156
EXP_CFAP299 (255119),0.08988297397876277
EXP_PRSS41 (360226),0.08960823741970625
EXP_SERPINB13 (5275),0.08949250280319054
EXP_RIPPLY2 (134701),0.08941932286600096
EXP_TRPC6 (7225),0.08916695582362655
EXP_MORN5 (254956),0.08911795241015552
EXP_IFNL3 (282617),0.08900700196643374
EXP_GOLGA6B (55889),0.08872614819297375
EXP_RAB39A (54734),0.08861066408914375
EXP_FRG2 (448831),0.08859317768869834
EXP_DTHD1 (401124),0.08848283131859747
EXP_BPIFA2 (140683),0.08837109794531273
EXP_NANOG (79923),0.0883652443989873
EXP_HK3 (3101),0.08835419164698521
EXP_EGFL6 (25975),0.08829158873616505
EXP_NKX2-3 (159296),0.0882577096903785
EXP_AKAP14 (158798),0.08823771166527372
EXP_CLPSL1 (340204),0.08823207173145242
EXP_TBC1D3F (84218),0.08821591026311593
EXP_PADI4 (23569),0.0880179796385292
EXP_NWD2 (57495),0.08796323694021746
EXP_SMPX (23676),0.08759201397922922
EXP_DEFB103A (414325),0.0875212067502229
EXP_TGM3 (7053),0.08744048546670458
EXP_ADGRG7 (84873),0.08742434677344146
EXP_YIPF7 (285525),0.08726539776447018
EXP_PPEF1 (5475),0.08712470396877459
EXP_IL5 (3567),0.08711823208760672
EXP_GIMAP1 (170575),0.08707715031698893
EXP_CGB2 (114336),0.08702107797201597
EXP_ZNF732 (654254),0.08682564292361894
EXP_LGSN (51557),0.08677125047891199
EXP_CRNN (49860),0.08675359775900437
EXP_S100A7 (6278),0.0867213007819978
EXP_TDRD1 (56165),0.08655292976536666
EXP_SGCA (6442),0.08654455586637244
EXP_LGALS7B (653499),0.08654310031067514
EXP_FPR3 (2359),0.0865258405818401
EXP_CHST8 (64377),0.08651826475860025
EXP_KLK12 (43849),0.08646817213274094
EXP_CCDC85A (114800),0.0864454211379071
EXP_SPANXC (64663),0.08641539075433213
EXP_LRRC9 (341883),0.08633722169307356
EXP_FGF3 (2248),0.08623893287442463
EXP_IL1RL2 (8808),0.08614586735239049
EXP_HMX2 (3167),0.08605580299609095
EXP_CLPSL2 (389383),0.0860366443939613
EXP_GPR21 (2844),0.08602930887020532
EXP_TWIST2 (117581),0.08597969693363439
EXP_TEX101 (83639),0.08590154367308278
EXP_SEMG1 (6406),0.08572281227618861
EXP_CAPN6 (827),0.08570001493017676
EXP_ACTC1 (70),0.0856997612934336
EXP_CHODL (140578),0.08565699685509998
EXP_CLEC4F (165530),0.08565448729482839
EXP_CLDN8 (9073),0.08544621377699357
EXP_GZMA (3001),0.08525898835148826
EXP_NKX2-2 (4821),0.08521951925540039
EXP_ITIH3 (3699),0.08460401397262896
EXP_CLDN34 (100288814),0.08459642685008228
EXP_FCRL3 (115352),0.08455787999936204
EXP_TIMD4 (91937),0.08434936986057329
EXP_NR1H4 (9971),0.08429883946012362
EXP_SNTG1 (54212),0.08423435723656691
EXP_CFAP90 (134121),0.08415702329406693
EXP_SAA4 (6291),0.0841248865507751
EXP_ZAR1 (326340),0.08393000488549962
EXP_NGB (58157),0.08390827542184631
EXP_ZNF385D (79750),0.0838362468851721
EXP_CLVS2 (134829),0.08381427804983677
EXP_OPRK1 (4986),0.08364869692106147
EXP_ART3 (419),0.08362070694108681
EXP_TMEFF2 (23671),0.08350489478738865
EXP_FAM153B (202134),0.0835014777921752
EXP_SULT1E1 (6783),0.08343875905184683
EXP_ECSCR (641700),0.08339121914686976
EXP_GCGR (2642),0.08328684219697147
EXP_HAMP (57817),0.08327618167089668
EXP_AIRE (326),0.08325383657538588
EXP_SLC5A9 (200010),0.08324662587080134
EXP_NKX6-3 (157848),0.08324375126826977
EXP_DLK1 (8788),0.08319612075449578
EXP_REG1A (5967),0.08308992607342658
EXP_PAH (5053),0.0830547469172438
EXP_CENPVL3 (347549),0.08298005244199658
EXP_XCL1 (6375),0.08297936682306783
EXP_TINAG (27283),0.08279663318853503
EXP_SST (6750),0.08272515394350233
EXP_H1-6 (3010),0.08258604391499214
EXP_SLN (6588),0.08256290012757095
EXP_HES5 (388585),0.08255076784697657
EXP_ESX1 (80712),0.08253344254306239
EXP_LINGO2 (158038),0.08251384956985008
EXP_GLYATL2 (219970),0.08237880370076889
EXP_KLK2 (3817),0.08224890904861182
EXP_GKN1 (56287),0.08223428972065827
EXP_TLX3 (30012),0.08221629288457688
EXP_PIP (5304),0.08212434749034747
EXP_KRT40 (125115),0.08206671138065147
EXP_GAGE2A (729447),0.08205722530295922
EXP_APOBEC1 (339),0.08187849230289324
EXP_CARD18 (59082),0.08175329307026313
EXP_CASP5 (838),0.08171170001673866
EXP_OR13J1 (392309),0.08168258328178357
EXP_MS4A8 (83661),0.08158367521454313
EXP_LY6H (4062),0.08155412811529672
EXP_SPRR2E (6704),0.08133935043681495
EXP_SLC9C2 (284525),0.08114326573379982
EXP_CLEC4M (10332),0.08104356794859457
EXP_WFDC12 (128488),0.08089957270706849
EXP_TREM1 (54210),0.08083191642540433
EXP_RIPPLY1 (92129),0.08082346005274799
EXP_SMIM47 (105372440),0.08072578655313034
EXP_CRHR1 (1394),0.08066449011518273
EXP_CHP2 (63928),0.08062452648734064
EXP_CCL15 (6359),0.08055016007301674
EXP_SLC38A8 (146167),0.08050461174005585
EXP_CERS3 (204219),0.08037827317818547
EXP_FAM181B (220382),0.08021892146923637
EXP_CCL4L2 (9560),0.08015584498585593
EXP_TYROBP (7305),0.08012442342005377
EXP_CIB3 (117286),0.08005675634345932
EXP_BRINP3 (339479),0.08005093054393786
EXP_MLNR (2862),0.07995527199393093
EXP_OR2B8 (65944),0.07992138121086168
EXP_ADAD2 (161931),0.07942829813150976
EXP_PRSS50 (29122),0.07942553537699881
EXP_KCNK10 (54207),0.07934394593909788
EXP_SPDYC (387778),0.07906265070750385
EXP_OVCH2 (341277),0.07897142303762505
EXP_CELA3A (10136),0.07888642649373034
EXP_TMEM238L (100289255),0.07888080134197883
EXP_CIMIP6 (129852),0.07877311823178523
EXP_FAM43B (163933),0.07875699054223873
EXP_CSRP3 (8048),0.07871509895637674
EXP_OTOG (340990),0.07871096311568415
EXP_CIMIP3 (114841037),0.07868717685108173
EXP_TBX20 (57057),0.07860850677764786
EXP_CCL25 (6370),0.07858548647965913
EXP_CELA3B (23436),0.07826787880204389
EXP_KRTAP4-12 (83755),0.07826461043321187
EXP_GLIS1 (148979),0.07809432634697222
EXP_GIMAP7 (168537),0.07804125318925603
EXP_PLA2G5 (5322),0.07802264759138167
EXP_OR51B4 (79339),0.07799410410966434
EXP_GIMAP5 (55340),0.07796606265332962
EXP_CCDC158 (339965),0.07791401544086929
EXP_MYMX (101929726),0.07782734688917747
EXP_FABP7 (2173),0.07759709473810261
EXP_HSPB3 (8988),0.07743243340193251
EXP_INMT (11185),0.07735991898345063
EXP_XKR3 (150165),0.07725050257092869
EXP_OBP2A (29991),0.0771388283561456
EXP_CENPVL1 (389857),0.07712402875642033
EXP_HORMAD1 (84072),0.07709820898696806
EXP_PAGE5 (90737),0.07674340373185684
EXP_HOXB1 (3211),0.07652756781897274
EXP_PVALB (5816),0.0764950907516968
EXP_SCGB1D2 (10647),0.07637238935369028
EXP_GIMAP4 (55303),0.07617447413687373
EXP_ADAMTS20 (80070),0.0761313008819755
EXP_FAM13C (220965),0.07607773011306973
EXP_MFSD6L (162387),0.07606084266505286
EXP_SLC26A3 (1811),0.07603318259460456
EXP_TMEM150B (284417),0.07596631951154365
EXP_MRGPRE (116534),0.07584593004017703
EXP_OR1J1 (347168),0.075839735632095
EXP_ERICH4 (100170765),0.07574268781676352
EXP_AQP4 (361),0.07541142636352083
EXP_TMIGD1 (388364),0.07541071394133336
EXP_RHOXF1 (158800),0.0753884995625076
EXP_FYB2 (199920),0.07537825310942958
EXP_PRRT1B (642515),0.07536409513520148
EXP_AKR1C8 (340811),0.07536180584622665
EXP_METTL24 (728464),0.07527280886923293
EXP_TBC1D3E (102723859),0.07518128198548046
EXP_ITLN2 (142683),0.0751708581051429
EXP_NFILZ (105372267),0.0750878613150654
EXP_SLC5A4 (6527),0.07506418037866958
EXP_PAGE1 (8712),0.07501847924259097
EXP_CNKSR2 (22866),0.07490711001473693
EXP_GAGE13 (645051),0.07481423863142389
EXP_KCNV1 (27012),0.07477246394476511
EXP_PSG3 (5671),0.07470345371375009
EXP_KRTAP3-1 (83896),0.0746258638758106
EXP_SNAP91 (9892),0.07461192041139508
EXP_PRR9 (574414),0.07450240046368606
EXP_CYP2A6 (1548),0.07444913496027539
EXP_PAGE2 (203569),0.07437386323255613
EXP_NPFFR2 (10886),0.07435168075722132
EXP_DAZ1 (1617),0.07432563416762861
EXP_CACNA1S (779),0.07424951313593864
EXP_INSL4 (3641),0.07421971452349574
EXP_DEFA5 (1670),0.07421296486793594
EXP_DEFA1 (1667),0.07416724762940019
EXP_PEBP4 (157310),0.07402803568237593
EXP_H2AL3 (115482686),0.07386524487404422
EXP_IQCJ (654502),0.07378784282415563
EXP_NXF2 (56001),0.073779491924153
EXP_C2CD4B (388125),0.07362488747220475
EXP_OR10A3 (26496),0.07359500477490766
EXP_CYP17A1 (1586),0.07340026162367419
EXP_LRCOL1 (100507055),0.07326089923097756
EXP_BTG4 (54766),0.07323739364995863
EXP_OLIG1 (116448),0.07317963976411956
EXP_KCNK17 (89822),0.07310116850412118
EXP_GUCA2A (2980),0.07294751213495454
EXP_NHLH2 (4808),0.07278929169410864
EXP_TP53TG3D (729264),0.07278331597394949
EXP_TRIM61 (391712),0.07277273628746528
EXP_PPP1R42 (286187),0.07271370151548506
EXP_SLC7A10 (56301),0.072542049456914
EXP_CLEC12B (387837),0.07216399179497124
EXP_MSMB (4477),0.07173726085271115
EXP_FAM187B (148109),0.07169282107302877
EXP_CAPZA3 (93661),0.07163474990635432
EXP_TRIM63 (84676),0.07158779345106714
EXP_LRRC55 (219527),0.07157806858050897
EXP_H2BC10 (8346),0.07156286620931507
EXP_SPEM2 (201243),0.07137304039721348
EXP_CYP4Z1 (199974),0.07136157685833178
EXP_HOXD1 (3231),0.07134705128314556
EXP_PYY (5697),0.07133718022014612
EXP_DEFA1B (728358),0.07131730761994648
EXP_VAX1 (11023),0.07123150003134837
EXP_CABCOCO1 (219621),0.07119659066578299
EXP_RNF17 (56163),0.07106579631154952
EXP_KRTAP5-2 (440021),0.07103612084072042
EXP_CD8B (926),0.07100338088752833
EXP_GLYATL1 (92292),0.07099400945164547
EXP_SLC2A14 (144195),0.07093265811182192
EXP_NXF2B (728343),0.07058217871858163
EXP_CNTN4 (152330),0.07055482156188608
EXP_FPR2 (2358),0.07053907469194298
EXP_CT83 (203413),0.0705056961066357
EXP_SMIM34 (388820),0.0704576263612271
EXP_CYP2A7 (1549),0.07043559662671273
EXP_CWH43 (80157),0.07029037876211319
EXP_FOXI3 (344167),0.07016454973443231
EXP_ZIC4 (84107),0.07015022236435575
EXP_CRISP2 (7180),0.07003237834466969
EXP_PSG2 (5670),0.06990841304688233
EXP_UGT2B15 (7366),0.06983961917209625
EXP_C6orf118 (168090),0.06969998586667092
EXP_TBC1D3G (101060321),0.06948762484414095
EXP_TPSG1 (25823),0.06941716598735237
EXP_MAGEB6 (158809),0.06934967240942225
EXP_NETO1 (81832),0.06934099802745042
EXP_PPP1R1A (5502),0.06923781083451219
EXP_MDGA2 (161357),0.0691056357620079
EXP_H2AP (25763),0.06908787321401322
EXP_TBC1D3K (101060351),0.06906617984034336
EXP_NAA11 (84779),0.06900586280727783
EXP_EMCN (51705),0.0689825758629179
EXP_UGT2A3 (79799),0.06892699481446485
EXP_PSG7 (5676),0.06888176711302973
EXP_PGLYRP3 (114771),0.06866724958746984
EXP_HMGCLL1 (54511),0.06866202263487109
EXP_TMEM89 (440955),0.0684916370059967
EXP_LYZL4 (131375),0.06831698127354846
EXP_CFAP95 (138255),0.0682844343226825
EXP_VGLL2 (245806),0.0682795218360952
EXP_TMEM82 (388595),0.06811348371234338
EXP_PSG11 (5680),0.06805120999321579
EXP_CLNK (116449),0.06795519671284289
EXP_NLGN4Y (22829),0.06784430313379097
EXP_KASH5 (147872),0.0677283949003531
EXP_SPMIP5 (143379),0.0676213103281289
EXP_TPSD1 (23430),0.06760800608400475
EXP_GKN2 (200504),0.067388095599481
EXP_PDCL2 (132954),0.0672612626929947
EXP_DCDC2C (728597),0.06726107708106932
EXP_GALNT8 (26290),0.06710717613422279
EXP_MUC19 (283463),0.0670957689713787
EXP_SHISAL2A (348378),0.06708907695473121
EXP_IL2RA (3559),0.06690734749963623
EXP_TEX36 (387718),0.06689085617077373
EXP_SPATA16 (83893),0.06677880019967031
EXP_SCGB2A2 (4250),0.0667546870865845
EXP_KRTAP1-1 (81851),0.06657169876408542
EXP_UCP1 (7350),0.06642967505783082
EXP_IL36B (27177),0.06642333623771712
EXP_NEUROD1 (4760),0.0663094318616575
EXP_CENPVL2 (441495),0.06615248206704871
EXP_CSTL1 (128817),0.0661327278526378
EXP_IFITM5 (387733),0.06605176230977028
EXP_MC4R (4160),0.06592335756449508
EXP_CGB3 (1082),0.06559629143601642
EXP_FUT5 (2527),0.06548680949052255
EXP_CYP4F22 (126410),0.06537567628956475
EXP_CNTN3 (5067),0.06522887961757817
EXP_LCN6 (158062),0.06503477807780955
EXP_LHFPL1 (340596),0.0647899403579224
EXP_H2AB1 (474382),0.06477016409350966
EXP_FADS6 (283985),0.06460387203653095
EXP_SLURP1 (57152),0.0643696506421847
EXP_OPN1SW (611),0.06432235934527686
EXP_KCNMB1 (3779),0.06427637289253862
EXP_SIRPD (128646),0.06426370232336787
EXP_CACNG1 (786),0.06406726291559472
EXP_ISX (91464),0.06405620355161945
EXP_OXT (5020),0.06403722766987929
EXP_NPY (4852),0.06355631602517509
EXP_TTC29 (83894),0.0635494328165982
EXP_SPRR2F (6705),0.06321888359421068
EXP_HS3ST6 (64711),0.06316050092207126
EXP_TBC1D3C (414060),0.0629521922926255
EXP_SFRP2 (6423),0.06277511713931583
EXP_WDR49 (151790),0.0626633222375359
EXP_TRIM40 (135644),0.06234898017303214
EXP_HAO1 (54363),0.061934433268769684
EXP_DMRTC1B (728656),0.06139695286511193
EXP_AQP10 (89872),0.06135744819019928
EXP_SPMAP2 (51298),0.06105815985316898
EXP_C9orf57 (138240),0.060907163377100115
EXP_GPHA2 (170589),0.060782715291545664
EXP_OR2AE1 (81392),0.06062273128763884
EXP_TMCO2 (127391),0.06035800825252702
EXP_BPIFC (254240),0.06021352580726003
EXP_SYNDIG1 (79953),0.06015255901894179
EXP_KCNJ18 (100134444),0.05998488637266286
EXP_NRG3 (10718),0.05966976806233237
EXP_F11 (2160),0.059470876990368016
EXP_DEUP1 (159989),0.05943861330215272
EXP_DPP10 (57628),0.05915775257263478
EXP_GABRR1 (2569),0.05894471840130766
EXP_OR2A4 (79541),0.05870909370516397
EXP_AGBL4 (84871),0.05838875947674094
EXP_ASB5 (140458),0.05832806604179197
EXP_CIBAR2 (339145),0.05824486590056965
EXP_CNGB3 (54714),0.05816631014461038
EXP_CD5L (922),0.058110159638350645
EXP_KLRF1 (51348),0.058092132716129896
EXP_CD8B2 (927),0.0577575007041089
EXP_CHCT1 (124773),0.05761839100364341
EXP_ADGRA1 (84435),0.05759196802075417
EXP_STMND1 (401236),0.05758843186270379
EXP_SCGB2A1 (4246),0.05753541445336019
EXP_EVX2 (344191),0.05740281024662908
EXP_PF4V1 (5197),0.057054052373342934
EXP_IAPP (3375),0.056876814492918815
EXP_CCDC60 (160777),0.056843215000387026
EXP_PPP4R3C (139420),0.05677911796927182
EXP_DEFB109D (503838),0.056481525317291226
EXP_RGS7BP (401190),0.05626251553817241
EXP_PRDM9 (56979),0.056199530913290996
EXP_FDCSP (260436),0.055440561909815944
EXP_SPANXD (64648),0.055422240954368984
EXP_SPEM1 (374768),0.05522921210157783
EXP_OR1F1 (4992),0.05518580625709424
EXP_C12orf42 (374470),0.055054252901459044
EXP_CTLA4 (1493),0.05504229738647748
EXP_KRT33B (3884),0.055000585488112375
EXP_SLC17A4 (10050),0.05482144559103963
EXP_ADAM18 (8749),0.05477877260075381
EXP_KCTD8 (386617),0.05465305107746543
EXP_CASR (846),0.05455850065881762
EXP_LIPF (8513),0.05440379374117987
EXP_FCRL2 (79368),0.054093780106662326
EXP_MT1B (4490),0.05376300543567525
EXP_SLC30A8 (169026),0.05359538332175262
EXP_CXorf65 (158830),0.053504551380045395
EXP_SCTR (6344),0.053489716535027654
EXP_NBPF6 (653149),0.05330019781508888
EXP_KCNA4 (3739),0.05326122922551901
EXP_DAZ4 (57135),0.05323497625748397
EXP_OR11H12 (440153),0.053104151830768664
EXP_IL1F10 (84639),0.05308236189055826
EXP_CLC (1178),0.05305058293946363
EXP_TMEM26 (219623),0.05302658811740857
EXP_FAM162B (221303),0.0529971631732411
EXP_R3HDML (140902),0.05291280195010373
EXP_IDO2 (169355),0.05288013638074496
EXP_UCN3 (114131),0.05283648370061744
EXP_GABRB1 (2560),0.05257524113026868
EXP_TDRD15 (100129278),0.052196828901759584
EXP_KRT77 (374454),0.052111814137655976
EXP_TMSB4Y (9087),0.051636049252270944
EXP_ADH7 (131),0.051507142066354206
EXP_C12orf54 (121273),0.051494138569634806
EXP_MOG (4340),0.051046255813262054
EXP_NUPR2 (389493),0.0509782222280597
EXP_UGT2A1 (10941),0.05083286940199683
EXP_GPR12 (2835),0.05078540958923705
EXP_TBATA (219793),0.0502263190591985
EXP_PGLYRP4 (57115),0.05015780595119823
EXP_TCEAL5 (340543),0.05011491852264838
EXP_PDE6H (5149),0.04978872755678587
EXP_CPB1 (1360),0.049706328608964956
EXP_S100A12 (6283),0.049411616495128374
EXP_TCEAL2 (140597),0.04940560601249455
EXP_HBB (3043),0.04932392783336281
EXP_SEBOX (645832),0.04898333648344
EXP_OR4F29 (729759),0.04870902478040806
EXP_MAEL (84944),0.04849925387267362
EXP_SLCO1C1 (53919),0.048318930120097026
EXP_CR1L (1379),0.048305036278174285
EXP_SERPINB11 (89778),0.0481818850086575
EXP_KLF17 (128209),0.0481497416293446
EXP_CA4 (762),0.04798805198835998
EXP_NLRP2B (286430),0.0479148209061484
EXP_LCE5A (254910),0.04765920977794913
EXP_IZUMO3 (100129669),0.04751558670371114
EXP_SCGB3A1 (92304),0.04699871214408402
EXP_CCL14 (6358),0.04699017776980874
EXP_PRMT8 (56341),0.04686108674551237
EXP_FMO3 (2328),0.046059919758815404
EXP_CSH2 (1443),0.04585990186995037
EXP_MPPED1 (758),0.04566598814676759
EXP_KRTAP9-1 (728318),0.04539452274435929
EXP_APOC3 (345),0.0453900261943887
EXP_OR52N2 (390077),0.045333260875715986
EXP_UBE2U (148581),0.04530887117410387
EXP_CIMIP1 (128602),0.04507121796469038
EXP_TAS2R60 (338398),0.04504356770334761
EXP_SLCO6A1 (133482),0.044864535565860786
EXP_ENTHD1 (150350),0.0448517312926795
EXP_PYHIN1 (149628),0.04480510319211328
EXP_DCAF8L2 (347442),0.0447575219202081
EXP_GUCA2B (2981),0.04471238118681242
EXP_KRTAP4-8 (728224),0.04437914719130376
EXP_ZNF716 (441234),0.04414369298191678
EXP_EBLN1 (340900),0.04403148044339522
EXP_BHMT (635),0.043566250419994734
EXP_TMDD1 (112163659),0.043322755037304095
EXP_LRRTM1 (347730),0.043122702612806485
EXP_SELENOV (348303),0.04307491154736853
EXP_HOATZ (399949),0.04307294042869403
EXP_OR13D1 (286365),0.043024670980275515
EXP_RETNLB (84666),0.043004748691186645
EXP_MYL10 (93408),0.0428293012916825
EXP_TBC1D3 (729873),0.04277109774701726
EXP_TREM2 (54209),0.042456682341267094
EXP_CALHM4 (221301),0.04229666713668312
EXP_ADRA1A (148),0.04226025355644403
EXP_HABP2 (3026),0.042248190564337484
EXP_EQTN (54586),0.04171962833291687
EXP_HLA-DQA2 (3118),0.04108536942285079
EXP_KRTAP29-1 (100533177),0.04099166012608402
EXP_AMTN (401138),0.04082006498659885
EXP_H3C7 (8968),0.04074213727938458
EXP_WFDC8 (90199),0.040630751841902235
EXP_GAGE12J (729396),0.03964383929204374
EXP_KRT24 (192666),0.039579053951846355
EXP_KRTAP20-4 (100151643),0.0392635417599394
EXP_SPIC (121599),0.0380804861157058
EXP_XAGE2 (9502),0.03806346703926877
EXP_FCRL1 (115350),0.03759547604920277
EXP_GJA10 (84694),0.037484335239313715
EXP_OR1J4 (26219),0.03694768318035235
EXP_XCL2 (6846),0.03683660800900879
EXP_CCDC70 (83446),0.03665966997201453
EXP_DEFB4A (1673),0.03648906005709085
EXP_CSN3 (1448),0.036386212971938114
EXP_MYL1 (4632),0.03626659675638422
EXP_SULT1C3 (442038),0.03605631761024419
EXP_DAZ2 (57055),0.035767152270373526
EXP_OR51B2 (79345),0.035580675520018534
EXP_C11orf97 (643037),0.035137152762060087
EXP_MAGEB1 (4112),0.03507366044975457
EXP_DEFB4B (100289462),0.03468979172421616
EXP_CCL21 (6366),0.034504466428707525
EXP_KLHL34 (257240),0.03413250115703814
EXP_SPMAP1 (388381),0.03374016482588171
EXP_C5orf58 (133874),0.033586869992149104
EXP_UTP14C (9724),0.033571651648281575
EXP_DAZ3 (57054),0.033328329482416263
EXP_CLDN17 (26285),0.03286931708647334
EXP_NPY5R (4889),0.032585610792039255
EXP_DEFB109C (100286963),0.032489108712266734
EXP_HSD3B2 (3284),0.03244756814048699
EXP_EZHIP (340602),0.032010775969516514
EXP_DEFB109B (641517),0.03188083259721086
EXP_COX7B2 (170712),0.03141838627857507
EXP_DEFB131B (100129216),0.03135605106604844
EXP_SMR3B (10879),0.031001281907926836
EXP_DYDC1 (143241),0.030632209706781932
EXP_GGTLC1 (92086),0.030631321662468958
EXP_GHRHR (2692),0.030198988388906445
EXP_GML (2765),0.02963144659981376
EXP_TBC1D3H (729877),0.02961843526776531
EXP_SCYGR10 (112441436),0.029525852549764586
EXP_STATH (6779),0.02950486777758843
EXP_SPATA3 (130560),0.02932515927760937
EXP_OR1Q1 (158131),0.029107270448961664
EXP_LCE3E (353145),0.02896543652931527
EXP_TPTE (7179),0.02830676875073901
EXP_ETDA (101928677),0.028006946397906463
EXP_GPRC6A (222545),0.02685313085304264
EXP_DEFB119 (245932),0.02679002677954423
EXP_DAZL (1618),0.026560451899104942
EXP_SPRR2G (6706),0.026393441304046084
EXP_NME8 (51314),0.02571227366475659
EXP_DMRT3 (58524),0.0256641610209154
EXP_MYL7 (58498),0.025090595760687062
EXP_DEFB103B (55894),0.024850340611128008
EXP_KRTAP3-3 (85293),0.024257316731594925
EXP_GABRA6 (2559),0.023089979833231578
EXP_LEUTX (342900),0.022967608337248757
EXP_OR52N4 (390072),0.022957731335975007
EXP_LGALS14 (56891),0.022865979175391127
EXP_IL21 (59067),0.02172472418752225
EXP_SPRR2B (6701),0.021554618369955758
MUT_PRKCZ (5590),
MUT_TP73 (7161),
MUT_CHD5 (26038),
MUT_ERRFI1 (54206),
MUT_EPHA2 (1969),
MUT_EPHB2 (2048),
MUT_MYOM3 (127294),
MUT_MTFR1L (56181),
MUT_ARID1A (8289),
MUT_ZSCAN20 (7579),
MUT_MAP7D1 (55700),
MUT_EPHA10 (284656),
MUT_SMAP2 (64744),
MUT_RNF220 (55182),
MUT_MMACHC (25974),
MUT_TAL1 (6886),
MUT_ZYG11A (440590),
MUT_CIMAP2 (163747),
MUT_C8B (732),
MUT_PGM1 (5236),
MUT_LRRC7 (57554),
MUT_LRRC40 (55631),
MUT_MSH4 (4438),
MUT_RPF1 (80135),
MUT_COL24A1 (255631),
MUT_LRRC8B (23507),
MUT_EVI5 (7813),
MUT_PALMD (54873),
MUT_GSTM5 (2949),
MUT_LRIF1 (55791),
MUT_MAGI3 (260425),
MUT_PHGDH (26227),
MUT_SV2A (9900),
MUT_CCDST (112268240),
MUT_CFAP141 (388701),
MUT_ENTREP3 (10712),
MUT_ISG20L2 (81875),
MUT_ITLN2 (142683),
MUT_NR1I3 (9970),
MUT_PRRC2C (23215),
MUT_AXDND1 (126859),
MUT_RGSL1 (353299),
MUT_HMCN1 (83872),
MUT_PPFIA4 (8497),
MUT_ATP2B4 (493),
MUT_CR1 (1378),
MUT_ANGEL2 (90806),
MUT_HLX (3142),
MUT_ITPKB (3707),
MUT_PRSS38 (339501),
MUT_OBSCN (84033),
MUT_PCNX2 (80003),
MUT_ERO1B (56605),
MUT_SDCCAG8 (10806),
MUT_NLRP3 (114548),
MUT_PTF1A (256297),
MUT_PCDH15 (65217),
MUT_UNC5B (219699),
MUT_GRID1 (2894),
MUT_LDB3 (11155),
MUT_LIPN (643418),
MUT_BTAF1 (9044),
MUT_CHUK (1147),
MUT_KCNIP2 (30819),
MUT_GBF1 (8729),
MUT_SLK (9748),
MUT_DMBT1 (1755),
MUT_PTPRE (5791),
MUT_JAKMIP3 (282973),
MUT_OR52I1 (390037),
MUT_TUB (7275),
MUT_C11orf16 (56673),
MUT_NAV2 (89797),
MUT_ANO3 (63982),
MUT_ATG13 (9776),
MUT_F2 (2147),
MUT_OR4A8 (81315),
MUT_OR8J2 (81169),
MUT_CTNND1 (1500),
MUT_SAXO4 (220004),
MUT_VPS51 (738),
MUT_PC (5091),
MUT_B3GNT6 (192134),
MUT_DLG2 (1740),
MUT_MRE11 (4361),
MUT_ANGPTL5 (253935),
MUT_NCAM1 (4684),
MUT_NNMT (4837),
MUT_SIAE (54414),
MUT_JAM3 (83700),
MUT_PRMT8 (56341),
MUT_MLF2 (8079),
MUT_ATN1 (1822),
MUT_PRB1 (5542),
MUT_SLC15A5 (729025),
MUT_ABCC9 (10060),
MUT_OVCH1 (341350),
MUT_RESF1 (55196),
MUT_MUC19 (283463),
MUT_OR5BS1P (390313),
MUT_KMT2D (8085),
MUT_OR6C75 (390323),
MUT_STAT2 (6773),
MUT_E2F7 (144455),
MUT_IKBIP (121457),
MUT_STAB2 (55576),
MUT_TRPV4 (59341),
MUT_KSR2 (283455),
MUT_CIT (11113),
MUT_TRIAP1 (51499),
MUT_NCOR2 (9612),
MUT_EP400 (57634),
MUT_P2RX2 (22953),
MUT_ZNF26 (7574),
MUT_ZMYM2 (7750),
MUT_GJB2 (2706),
MUT_MTUS2 (23281),
MUT_BRCA2 (675),
MUT_WBP4 (11193),
MUT_LRCH1 (23143),
MUT_KPNA3 (3839),
MUT_PCDH8 (5100),
MUT_PCDH17 (27253),
MUT_RASA3 (22821),
MUT_TRDV1 (28518),
MUT_TTC6 (319089),
MUT_HIF1A (3091),
MUT_KCNH5 (27133),
MUT_SIPA1L1 (26037),
MUT_NRXN3 (9369),
MUT_EML5 (161436),
MUT_LINC00642 (400238),
MUT_PPP4R4 (57718),
MUT_KIF26A (26153),
MUT_TEX22 (647310),
MUT_IGHD (3495),
MUT_KNL1 (57082),
MUT_VPS18 (57617),
MUT_SPTBN5 (51332),
MUT_MAP1A (4130),
MUT_MORF4L1 (10933),
MUT_NGRN (51335),
MUT_FES (2242),
MUT_PTX4 (390667),
MUT_EME2 (197342),
MUT_BICDL2 (146439),
MUT_USP7 (7874),
MUT_ACSM3 (6296),
MUT_KATNIP (23247),
MUT_N4BP1 (9683),
MUT_GNAO1 (2775),
MUT_CKLF (51192),
MUT_TRADD (8717),
MUT_ELMO3 (79767),
MUT_CENPT (80152),
MUT_DUS2 (54920),
MUT_MBTPS1 (8720),
MUT_ZNF469 (84627),
MUT_LINC02138 (400558),
MUT_FANCA (2175),
MUT_USP6 (9098),
MUT_CTDNEP1 (23399),
MUT_TP53 (7157),
MUT_MYH1 (4619),
MUT_DNAH9 (1770),
MUT_MAP2K4 (6416),
MUT_SREBF1 (6720),
MUT_TNFAIP1 (7126),
MUT_CCL2 (6347),
MUT_ACACA (31),
MUT_STAT3 (6774),
MUT_WNK4 (65266),
MUT_DBF4B (80174),
MUT_TTLL6 (284076),
MUT_SPOP (8405),
MUT_RNF43 (54894),
MUT_HEATR6 (63897),
MUT_FTSJ3 (117246),
MUT_GNA13 (10672),
MUT_LRRC37A16P (651250),
MUT_MAP2K6 (5608),
MUT_SUMO2 (6613),
MUT_ZACN (353174),
MUT_ARL16 (339231),
MUT_PIEZO2 (63895),
MUT_SMAD4 (4089),
MUT_NFATC1 (4772),
MUT_KCNG2 (26251),
MUT_LSM7 (51690),
MUT_TLE5 (166),
MUT_FZR1 (51343),
MUT_PIAS4 (51588),
MUT_PLIN5 (440503),
MUT_PTPRS (5802),
MUT_LONP1 (9361),
MUT_KHSRP (8570),
MUT_PNPLA6 (10908),
MUT_EVI5L (115704),
MUT_MAP2K7 (5609),
MUT_FBN3 (84467),
MUT_RAB3D (9545),
MUT_PODNL1 (79883),
MUT_KLF2 (10365),
MUT_EPS15L1 (58513),
MUT_ZNF430 (80264),
MUT_ZNF536 (9745),
MUT_KCTD15 (79047),
MUT_LSR (51599),
MUT_ZNF781 (Unknown),
MUT_LRFN1 (57622),
MUT_ZNF225 (7768),
MUT_CEACAM19 (56971),
MUT_CLASRP (11129),
MUT_FUZ (80199),
MUT_SIGLEC10 (89790),
MUT_ZNF813 (126017),
MUT_ZNF628 (89887),
MUT_NLRP9 (338321),
MUT_ZFP28 (140612),
MUT_ZNF773 (374928),
MUT_ZNF132 (7691),
MUT_TPO (7173),
MUT_FAM228B (375190),
MUT_PLB1 (151056),
MUT_ZFP36L2 (678),
MUT_NRXN1 (9378),
MUT_CFAP36 (112942),
MUT_EFEMP1 (2202),
MUT_VRK2 (7444),
MUT_PAPOLG (64895),
MUT_NAT8B (51471),
MUT_ANKRD36C (400986),
MUT_VWA3B (200403),
MUT_MYO7B (4648),
MUT_SMPD4 (55627),
MUT_LRP1B (53353),
MUT_KIF5C (3800),
MUT_NEB (4703),
MUT_ARL5A (26225),
MUT_LRP2 (4036),
MUT_TTN (7273),
MUT_ITGA4 (3676),
MUT_COL5A2 (1290),
MUT_ANKAR (150709),
MUT_CCDC150 (284992),
MUT_PGAP1 (80055),
MUT_HSPE1 (3336),
MUT_RAPH1 (65059),
MUT_COL4A4 (1286),
MUT_HTR2B (3357),
MUT_AGAP1 (116987),
MUT_GBX2 (2637),
MUT_BOK (666),
MUT_SOX12 (6666),
MUT_ESF1 (51575),
MUT_CST11 (140880),
MUT_DEFB124 (245937),
MUT_CBFA2T2 (9139),
MUT_NCOA6 (23054),
MUT_MYH7B (57644),
MUT_TLDC2 (140711),
MUT_EPPIN (57119),
MUT_SLC2A10 (81031),
MUT_TAF4 (6874),
MUT_OPRL1 (4987),
MUT_KRTAP13-4 (284827),
MUT_DONSON (29980),
MUT_SUMO3 (6612),
MUT_PRMT2 (3275),
MUT_IGKV1OR22-1 (3530),
MUT_BID (637),
MUT_ZNRF3 (84133),
MUT_C22orf31 (25770),
MUT_CASTOR1 (652968),
MUT_OSBP2 (23762),
MUT_FBXO7 (25793),
MUT_EP300 (2033),
MUT_TTLL1 (25809),
MUT_PARVB (29780),
MUT_TTLL8 (164714),
MUT_PANX2 (56666),
MUT_NUP210 (23225),
MUT_TGFBR2 (7048),
MUT_NBPF21P (205655),
MUT_TRANK1 (9881),
MUT_SCN10A (6336),
MUT_LAMB2 (3913),
MUT_MST1 (4485),
MUT_MST1R (4486),
MUT_IQCF5 (389124),
MUT_PBRM1 (55193),
MUT_SPCS1 (28972),
MUT_SELENOK (58515),
MUT_LINC00877 (285286),
MUT_GBE1 (2632),
MUT_EPHA3 (2042),
MUT_CRYBG3 (131544),
MUT_OR5H8 (79289),
MUT_LINC02042 (101929694),
MUT_SIDT1 (54847),
MUT_HGD (3081),
MUT_TRIM59 (286827),
MUT_SLITRK3 (22865),
MUT_CAMK2N2 (94032),
MUT_THPO (7066),
MUT_SENP2 (59343),
MUT_FAM193A (8603),
MUT_EVC2 (132884),
MUT_UNC93B7 (100887746),
MUT_TAPT1 (202018),
MUT_ARL9 (132946),
MUT_ADAMTS3 (9508),
MUT_COQ2 (27235),
MUT_ARHGAP24 (83478),
MUT_HERC3 (8916),
MUT_LEF1 (51176),
MUT_BLTP1 (84162),
MUT_NAA15 (80155),
MUT_PRSS48 (345062),
MUT_FBXW7 (55294),
MUT_DCHS2 (54798),
MUT_FSTL5 (56884),
MUT_FBXO8 (26269),
MUT_ACSL1 (2180),
MUT_FAM149A (25854),
MUT_SDHA (6389),
MUT_ZDHHC11 (79844),
MUT_IRX2 (153572),
MUT_LINC02063 (105374627),
MUT_ADCY2 (108),
MUT_FASTKD3 (79072),
MUT_ZNF622 (90441),
MUT_CDH10 (1008),
MUT_SUB1 (10923),
MUT_NIPBL (25836),
MUT_SELENOP (6414),
MUT_MAST4 (375449),
MUT_IQGAP2 (10788),
MUT_ARSB (411),
MUT_FAM151B (167555),
MUT_EFNA5 (1946),
MUT_APC (324),
MUT_KCNN2 (3781),
MUT_LOX (4015),
MUT_LINC02900 (340073),
MUT_PCDHB1 (29930),
MUT_PCDHB11 (56125),
MUT_PCDHGB7 (56099),
MUT_ZNF300 (91975),
MUT_SPARC (6678),
MUT_NSG2 (51617),
MUT_GRK6 (2870),
MUT_MRNIP (51149),
MUT_TBC1D7 (51256),
MUT_HLA-C (3107),
MUT_EHMT2 (10919),
MUT_NOTCH4 (4855),
MUT_SLC39A7 (7922),
MUT_DNAH8 (1769),
MUT_C6orf132 (647024),
MUT_BICRAL (23506),
MUT_PTK7 (5754),
MUT_COL21A1 (81578),
MUT_DDO (8528),
MUT_GPRC6A (222545),
MUT_IL22RA2 (116379),
MUT_HIVEP2 (3097),
MUT_UTRN (7402),
MUT_GRM1 (2911),
MUT_SYNE1 (23345),
MUT_AHR (196),
MUT_HNRNPA2B1 (3181),
MUT_AMPH (273),
MUT_GRB10 (2887),
MUT_GTF2I (2969),
MUT_CCDC146 (57639),
MUT_MAGI2 (9863),
MUT_ELAPOR2 (222223),
MUT_TMEM130 (222865),
MUT_MYL10 (93408),
MUT_LRWD1 (222229),
MUT_KMT2E (55904),
MUT_CFTR (1080),
MUT_CADPS2 (93664),
MUT_KCP (375616),
MUT_STRIP2 (57464),
MUT_ZC3HC1 (51530),
MUT_MEST (4232),
MUT_KMT2C (58508),
MUT_FBXO25 (26260),
MUT_TRMT9B (57604),
MUT_XPO7 (23039),
MUT_TEX15 (56154),
MUT_CEBPD (1052),
MUT_MTFR1 (9650),
MUT_JPH1 (56704),
MUT_GRHL2 (79977),
MUT_UBR5 (51366),
MUT_NDRG1 (10397),
MUT_DENND3 (22898),
MUT_FREM1 (158326),
MUT_CCDC171 (203238),
MUT_CDKN2A (1029),
MUT_FANCG (2189),
MUT_TLN1 (7094),
MUT_SPAG8 (26206),
MUT_VPS13A (23230),
MUT_SLC28A3 (64078),
MUT_EPB41L4B (54566),
MUT_OR2K2 (26248),
MUT_UGCG (7357),
MUT_EXOSC2 (23404),
MUT_SARDH (1757),
MUT_GLT6D1 (360203),
MUT_CCDC187 (399693),
MUT_GPSM1 (26086),
MUT_SEC16A (9919),
MUT_ASB11 (140456),
MUT_NHS (4810),
MUT_ACOT9 (23597),
MUT_DDX3X (1654),
MUT_SHROOM4 (57477),
MUT_AMER1 (139285),
MUT_NHSL2 (340527),
MUT_XIST (7503),
MUT_FAM133A (286499),
MUT_ARMCX4 (100131755),
MUT_COL4A6 (1288),
MUT_GRIA3 (2892),
MUT_ARHGEF6 (9459),
MUT_SLITRK4 (139065),
MUT_MCF2L2P1 (127525790),
CRISPR_PDCL3 (79031),0.1756014456275512
CRISPR_CCDC180 (100499483),0.1753919022242485
CRISPR_POT1 (25913),0.1752465034652504
CRISPR_CYC1 (1537),0.17468426699235007
CRISPR_FBXL12 (54850),0.17435830276243802
CRISPR_PPOX (5498),0.17435350524672266
CRISPR_ARPC2 (10109),0.1742362875310004
CRISPR_TRIP4 (9325),0.17349292878173994
CRISPR_FBXW11 (23291),0.17348938579212447
CRISPR_CD4 (920),0.1734717194386226
CRISPR_PUS7 (54517),0.17346934984070028
CRISPR_CMPK1 (51727),0.1733871783163785
CRISPR_SCRN2 (90507),0.17328982400135295
CRISPR_MRPL21 (219927),0.1732619015662884
CRISPR_OSBPL9 (114883),0.1730067777248827
CRISPR_COMMD4 (54939),0.17291919426318358
CRISPR_HRH4 (59340),0.17291586657268976
CRISPR_DNAJC30 (84277),0.17280664491904307
CRISPR_NUP98 (4928),0.17245148362328688
CRISPR_STAM2 (10254),0.17228686690965045
CRISPR_FCHSD2 (9873),0.17228331761413163
CRISPR_H4C4 (8360),0.17224806267183013
CRISPR_PEX10 (5192),0.17218146624358788
CRISPR_HSD17B1 (3292),0.17216181130360564
CRISPR_PTCD3 (55037),0.17214782190213818
CRISPR_PTMS (5763),0.17199274244664675
CRISPR_RPUSD4 (84881),0.17197571158857894
CRISPR_TARS2 (80222),0.17187696848685263
CRISPR_CSF3 (1440),0.1718738984880943
CRISPR_PI4KB (5298),0.171860843142432
CRISPR_KRTAP10-11 (386678),0.17184875764269147
CRISPR_MED18 (54797),0.1718323838512994
CRISPR_CGN (57530),0.17183223668067793
CRISPR_CCDC62 (84660),0.1718025771059022
CRISPR_ATF1 (466),0.1717857255914863
CRISPR_ERP44 (23071),0.17177775934753914
CRISPR_ANKRD65 (441869),0.17165589577989415
CRISPR_MIOS (54468),0.1716086393628471
CRISPR_FH (2271),0.1715189114756459
CRISPR_CENPB (1059),0.17151107150711375
CRISPR_TRAPPC6A (79090),0.17147970860674633
CRISPR_KDM5A (5927),0.1714653393180292
CRISPR_NOLC1 (9221),0.1714598643408607
CRISPR_MEMO1 (51072),0.17145024952135834
CRISPR_RRP36 (88745),0.1714328373867966
CRISPR_CKAP2 (26586),0.1713474701706934
CRISPR_SLC26A8 (116369),0.17132065126680374
CRISPR_CXXC1 (30827),0.17126670136312327
CRISPR_SEMA3F (6405),0.17122412345811977
CRISPR_IARS2 (55699),0.17116674435547008
CRISPR_ZNF253 (56242),0.1711360282863552
CRISPR_ZNFX1 (57169),0.17110126319994023
CRISPR_NPAS4 (266743),0.17109205991600973
CRISPR_KCTD10 (83892),0.17108778068840014
CRISPR_C8orf33 (65265),0.1710594159512926
CRISPR_CA5A (763),0.17104661577494884
CRISPR_DAO (1610),0.17100406984176253
CRISPR_LSM10 (84967),0.17097197183363821
CRISPR_VTCN1 (79679),0.17097131846546088
CRISPR_EOGT (285203),0.17088518365046212
CRISPR_CBX1 (10951),0.17088199290782757
CRISPR_YJU2B (81576),0.1708725528305406
CRISPR_PTP4A1 (7803),0.1708553547431313
CRISPR_CR1L (1379),0.17083981317152386
CRISPR_TEAD3 (7005),0.17083579352621836
CRISPR_P2RX7 (5027),0.17082447428186232
CRISPR_RAB3A (5864),0.17077374565304293
CRISPR_IFRD2 (7866),0.17076925431495837
CRISPR_ANKRD23 (200539),0.1707611397107751
CRISPR_SPOP (8405),0.17075369122872086
CRISPR_SLC25A24 (29957),0.17072649391981187
CRISPR_CEP152 (22995),0.17071021793288566
CRISPR_ELP1 (8518),0.1706936048255363
CRISPR_CNOT2 (4848),0.17064225469406136
CRISPR_IPO5 (3843),0.17060437715994592
CRISPR_CAPRIN2 (65981),0.17060108528372453
CRISPR_EXOC2 (55770),0.17059367964715388
CRISPR_TLCD3B (83723),0.17058062909247074
CRISPR_IL36G (56300),0.17056477371943402
CRISPR_SIRT7 (51547),0.17052585892470695
CRISPR_ALG9 (79796),0.1704984546622761
CRISPR_LGALS3BP (3959),0.1704352515618206
CRISPR_SCMH1 (22955),0.17042971116871541
CRISPR_GJA3 (2700),0.17041634931605554
CRISPR_EPOP (100170841),0.17041432325337347
CRISPR_MFSD1 (64747),0.17040255373382873
CRISPR_ELL3 (80237),0.1703360831219376
CRISPR_GMNN (51053),0.17032964276506846
CRISPR_DHRS4 (10901),0.1703237334357386
CRISPR_TM2D3 (80213),0.17031775561560814
CRISPR_SLC25A26 (115286),0.17029590726225852
CRISPR_UTP14A (10813),0.17024183999405107
CRISPR_MUS81 (80198),0.1702282604148344
CRISPR_WDR4 (10785),0.1702202452981343
CRISPR_NCOA5 (57727),0.1702117152790592
CRISPR_RILPL2 (196383),0.17019214959367357
CRISPR_MRPS28 (28957),0.17012964728606939
CRISPR_DDX1 (1653),0.17009833414680742
CRISPR_NDUFC2 (4718),0.17008490295350764
CRISPR_ZNHIT3 (9326),0.17008134088717686
CRISPR_NUP188 (23511),0.17003722818620481
CRISPR_SSX5 (6758),0.1700355883466491
CRISPR_CSTF2 (1478),0.17001919825833767
CRISPR_USF2 (7392),0.17000116227837214
CRISPR_ORC2 (4999),0.16999784389755224
CRISPR_BAZ1A (11177),0.16999048273706752
CRISPR_COX6C (1345),0.1699891401351472
CRISPR_TTC19 (54902),0.1699749639676451
CRISPR_NBAS (51594),0.169966489172114
CRISPR_HORMAD2 (150280),0.16996611471124545
CRISPR_HJV (148738),0.16996393873726046
CRISPR_MZF1 (7593),0.16989828134078877
CRISPR_CDC42EP4 (23580),0.16988235622122527
CRISPR_HES7 (84667),0.1698532774639574
CRISPR_NFYA (4800),0.16983987922137445
CRISPR_CENPX (201254),0.16981816221240198
CRISPR_SLC7A5 (8140),0.16981803735607404
CRISPR_SLC38A10 (124565),0.1698084442209975
CRISPR_EXOC7 (23265),0.1697843971880717
CRISPR_IFITM2 (10581),0.169768348856012
CRISPR_ST6GALNAC1 (55808),0.16976138003015162
CRISPR_PTPN11 (5781),0.16973992526355808
CRISPR_GJC1 (10052),0.16973364686063785
CRISPR_EMC2 (9694),0.16970180461780693
CRISPR_H2AC7 (3013),0.1696847231120957
CRISPR_RCC1L (81554),0.1696846614415186
CRISPR_ZNF695 (57116),0.16967310195495777
CRISPR_IL31RA (133396),0.16966342455913175
CRISPR_IRAG2 (4033),0.1696492238930567
CRISPR_PTTG1 (9232),0.16964259920221103
CRISPR_CFL1 (1072),0.16962588000535028
CRISPR_ICE2 (79664),0.16958894630975507
CRISPR_LRRC39 (127495),0.1695880047505911
CRISPR_TNS3 (64759),0.169577538427645
CRISPR_SERHL2 (253190),0.16956011865631293
CRISPR_RANBP9 (10048),0.1695594986654454
CRISPR_H4C1 (8359),0.1695466886337762
CRISPR_MRPL50 (54534),0.16954604530900408
CRISPR_SLC4A1AP (22950),0.16954076653759387
CRISPR_MPZL1 (9019),0.1695322022057164
CRISPR_KCNJ9 (3765),0.1695192672841488
CRISPR_ARRDC1 (92714),0.16951734094085769
CRISPR_PPP1CC (5501),0.1695014287258143
CRISPR_IGF1R (3480),0.16949922247433502
CRISPR_TAF7L (54457),0.16949772596825774
CRISPR_DDRGK1 (65992),0.1694716547496613
CRISPR_PSMB11 (122706),0.1694684370894084
CRISPR_SMIM3 (85027),0.16946724297333926
CRISPR_PPIE (10450),0.1694273937128914
CRISPR_USP32 (84669),0.1694244928666464
CRISPR_INTS15 (79034),0.16942148095772414
CRISPR_EAPP (55837),0.16938007727841775
CRISPR_GCSH (2653),0.16937686057825374
CRISPR_FUT2 (2524),0.1693766823796734
CRISPR_RBM42 (79171),0.16937439381013686
CRISPR_LIAS (11019),0.1693728156635519
CRISPR_MRPS18B (28973),0.16932863883324778
CRISPR_CFB (629),0.16929599686556696
CRISPR_ARMH3 (79591),0.16929285601888733
CRISPR_SREBF1 (6720),0.16927790958838163
CRISPR_HPCAL4 (51440),0.16926613311772343
CRISPR_GTF2H5 (404672),0.16925881668224196
CRISPR_DTD1 (92675),0.16922109462083412
CRISPR_GART (2618),0.1691941657394107
CRISPR_LYRM7 (90624),0.1691874088880807
CRISPR_PIK3R4 (30849),0.16917792805519039
CRISPR_CADM4 (199731),0.16917647254746182
CRISPR_STT3B (201595),0.16916558340725185
CRISPR_BDP1 (55814),0.16915471568770446
CRISPR_MRPL32 (64983),0.169109906523218
CRISPR_COQ3 (51805),0.16907392714975966
CRISPR_SSR3 (6747),0.16906656199519787
CRISPR_EDC4 (23644),0.16906593392356584
CRISPR_EHBP1L1 (254102),0.1690617239131047
CRISPR_ATF7 (11016),0.16905416044268495
CRISPR_ZACN (353174),0.1690484244086532
CRISPR_P3H4 (10609),0.16904743887023432
CRISPR_SPEM1 (374768),0.1690466993593729
CRISPR_DPP7 (29952),0.16904428788074988
CRISPR_GH2 (2689),0.16902030756593334
CRISPR_SEBOX (645832),0.16901990971290726
CRISPR_LENG1 (79165),0.16899190461311786
CRISPR_PLEKHB1 (58473),0.16897544316140145
CRISPR_KIFAP3 (22920),0.1689704464275037
CRISPR_MECR (51102),0.1689667170527711
CRISPR_RPS6KB1 (6198),0.1689433051795719
CRISPR_H1-4 (3008),0.16892581900272585
CRISPR_FADS2 (9415),0.1689156842140518
CRISPR_DPRX (503834),0.16889850814685925
CRISPR_G3BP1 (10146),0.16889033242445972
CRISPR_FKBP8 (23770),0.16886890882183447
CRISPR_CITED2 (10370),0.1688651434738606
CRISPR_NCOR2 (9612),0.16886146945017178
CRISPR_DRAP1 (10589),0.1688562792560413
CRISPR_AVPR1A (552),0.16882470554847284
CRISPR_MGAT4A (11320),0.16882074093080757
CRISPR_RPIA (22934),0.16881250816637294
CRISPR_XAGE5 (170627),0.16881177057423447
CRISPR_UFL1 (23376),0.16880340912050862
CRISPR_AZIN1 (51582),0.16880118930365384
CRISPR_PAPPA (5069),0.168793254778433
CRISPR_SEC24A (10802),0.1687774464293197
CRISPR_GNL3 (26354),0.16877683410938626
CRISPR_PRSS50 (29122),0.16877325239588448
CRISPR_CHUK (1147),0.1687718551257964
CRISPR_CAPRIN1 (4076),0.16876910505046805
CRISPR_GTPBP8 (29083),0.1687683713011996
CRISPR_CCL1 (6346),0.16876286201647872
CRISPR_CACNA2D2 (9254),0.1687624008058597
CRISPR_SPAG9 (9043),0.1687530889035065
CRISPR_WBP1L (54838),0.16872835727794744
CRISPR_WDR83 (84292),0.16872229055502785
CRISPR_NOCT (25819),0.1687180670864592
CRISPR_MAPK15 (225689),0.1686953390534649
CRISPR_TADA3 (10474),0.16868658213747345
CRISPR_TENT4B (64282),0.16867422767656493
CRISPR_GATD3 (8209),0.16867277652647772
CRISPR_CEP131 (22994),0.16866795616203412
CRISPR_COQ2 (27235),0.16866697706511236
CRISPR_CCDC30 (728621),0.1686408040827665
CRISPR_USP18 (11274),0.16862195965269677
CRISPR_PDZK1IP1 (10158),0.16861239318819798
CRISPR_CSAD (51380),0.16860033468820212
CRISPR_USP38 (84640),0.16859888152987512
CRISPR_EEF1AKMT2 (399818),0.1685930848408006
CRISPR_MAP2K5 (5607),0.1685916153208007
CRISPR_EIF5B (9669),0.16858790642287325
CRISPR_CHD8 (57680),0.16858761977290904
CRISPR_SLC39A10 (57181),0.1685873783626617
CRISPR_BET1 (10282),0.16858559288412422
CRISPR_ZNF689 (115509),0.16857858557616368
CRISPR_POP7 (10248),0.1685640273738347
CRISPR_B4GAT1 (11041),0.16856006060919615
CRISPR_B3GNT4 (79369),0.16855992512622375
CRISPR_HOXC11 (3227),0.16855622477632082
CRISPR_HNRNPR (10236),0.1685237033810445
CRISPR_ATP5PB (515),0.1685218498905412
CRISPR_SETD2 (29072),0.16852104471904372
CRISPR_JOSD1 (9929),0.16852093083411912
CRISPR_TRMT5 (57570),0.1685030405426149
CRISPR_SPRYD4 (283377),0.16849738650346602
CRISPR_VEZT (55591),0.1684753020272849
CRISPR_SLC25A33 (84275),0.16843219638017626
CRISPR_OXA1L (5018),0.16843159725768153
CRISPR_DSCC1 (79075),0.16841896695703618
CRISPR_ARID4B (51742),0.168413535792741
CRISPR_SGO1 (151648),0.16840600159756747
CRISPR_PSME3 (10197),0.16839362916774547
CRISPR_ATXN10 (25814),0.16837201245421873
CRISPR_LCMT1 (51451),0.1683652163530116
CRISPR_SMG9 (56006),0.16835861314402667
CRISPR_NEK1 (4750),0.16835835074307504
CRISPR_DNM1L (10059),0.1683328500600645
CRISPR_ANXA7 (310),0.16832924021513662
CRISPR_ESF1 (51575),0.16832884055628838
CRISPR_CDK2AP1 (8099),0.1683211759975567
CRISPR_ANXA9 (8416),0.16831868140141815
CRISPR_MAST3 (23031),0.16827797880825557
CRISPR_UNC45A (55898),0.16824820428639153
CRISPR_DEPDC1 (55635),0.16823987353259362
CRISPR_SLBP (7884),0.16823526980866976
CRISPR_PPP6C (5537),0.16823220728403054
CRISPR_XPOT (11260),0.16823009712224213
CRISPR_TMEM147 (10430),0.16819630819786724
CRISPR_RDM1 (201299),0.16819481117575386
CRISPR_SOX10 (6663),0.16818357196327938
CRISPR_FAM200B (285550),0.16817126721578823
CRISPR_FERMT1 (55612),0.16816875733757986
CRISPR_PRRC2C (23215),0.1681568331321701
CRISPR_HADH (3033),0.16814615931592058
CRISPR_LCN15 (389812),0.16814127909968057
CRISPR_RAB11A (8766),0.16814126875018864
CRISPR_CYFIP1 (23191),0.16813888700163115
CRISPR_MAPK1 (5594),0.16813354063380626
CRISPR_PSAT1 (29968),0.16809055724067345
CRISPR_PAQR4 (124222),0.16808752409740357
CRISPR_MRPL28 (10573),0.1680849393534869
CRISPR_CYB5R4 (51167),0.16808107151089668
CRISPR_SYNPO2L (79933),0.16808033143583145
CRISPR_LRRTM4 (80059),0.16807751999089504
CRISPR_CEP43 (11116),0.16806299921537704
CRISPR_NDUFA12 (55967),0.16804317466677787
CRISPR_CNBP (7555),0.1680423995350928
CRISPR_PITPNM1 (9600),0.1680370017528654
CRISPR_RAB7A (7879),0.1680357140246116
CRISPR_VEZF1 (7716),0.16803311227026096
CRISPR_EIF3L (51386),0.16802964323081504
CRISPR_TKFC (26007),0.16802812783171728
CRISPR_CTU1 (90353),0.16801866546659738
CRISPR_ZNHIT6 (54680),0.16801431598522143
CRISPR_SKAP1 (8631),0.16801065126230075
CRISPR_PROC (5624),0.16799050442876506
CRISPR_CCL7 (6354),0.16797594784281245
CRISPR_OPA1 (4976),0.16797284390305833
CRISPR_RSU1 (6251),0.16796025347382315
CRISPR_PDE4DIP (9659),0.16795241369797598
CRISPR_ZNF638 (27332),0.16794599488038475
CRISPR_PLEKHN1 (84069),0.16794064368733164
CRISPR_HAUS8 (93323),0.16793556450264902
CRISPR_MFF (56947),0.16792002042326892
CRISPR_PTCD1 (26024),0.16790738031864993
CRISPR_SUGP1 (57794),0.16789791643195162
CRISPR_RAB43 (339122),0.16789181464491865
CRISPR_MFSD11 (79157),0.1678917308504051
CRISPR_DUOXA1 (90527),0.16789169485488564
CRISPR_SOX9 (6662),0.1678800267089775
CRISPR_PRKACG (5568),0.16787354882028627
CRISPR_NGFR (4804),0.1678733853950911
CRISPR_MYL7 (58498),0.16786340954836643
CRISPR_HSD3B7 (80270),0.16786332332090836
CRISPR_RHPN2 (85415),0.16783630137297934
CRISPR_NDUFA2 (4695),0.16783451727354315
CRISPR_RIC8A (60626),0.16783286113512563
CRISPR_HLA-C (3107),0.16781010697648124
CRISPR_CCR5 (1234),0.16780879505531487
CRISPR_ATG13 (9776),0.1678073460949392
CRISPR_LUC7L2 (51631),0.16780658918147218
CRISPR_XPO4 (64328),0.1678035501253472
CRISPR_GPBP1 (65056),0.16779127861838727
CRISPR_CCDC137 (339230),0.16777432478550391
CRISPR_BAIAP3 (8938),0.16777374740064044
CRISPR_ZNF606 (80095),0.16777366486625755
CRISPR_POFUT1 (23509),0.1677494059464113
CRISPR_DTX2 (113878),0.16773866864252795
CRISPR_SLC35A2 (7355),0.16772940356346133
CRISPR_MRPS9 (64965),0.16772663094626772
CRISPR_ZC3H4 (23211),0.1677122354192644
CRISPR_FAM98B (283742),0.16771120407176987
CRISPR_PACSIN3 (29763),0.16770862134327214
CRISPR_IGSF3 (3321),0.1676992296252129
CRISPR_SKP2 (6502),0.16769893381889212
CRISPR_TMED5 (50999),0.1676973070227552
CRISPR_EXOC4 (60412),0.16767547301255892
CRISPR_EDF1 (8721),0.16766779247497343
CRISPR_SOWAHC (65124),0.16766488513844457
CRISPR_ISCA1 (81689),0.1676572299620993
CRISPR_POLR2M (81488),0.16765654152457632
CRISPR_AVPI1 (60370),0.16765248485107698
CRISPR_RAB11FIP3 (9727),0.16765018934498244
CRISPR_FGF14 (2259),0.16764603049104831
CRISPR_CRYGD (1421),0.1676398861811199
CRISPR_BECN1 (8678),0.1676366558185931
CRISPR_H2BC17 (8348),0.16763524800791973
CRISPR_KRBOX5 (124411),0.16763410283305014
CRISPR_NUDCD1 (84955),0.16762853434119052
CRISPR_ZEB2 (9839),0.16761633389723674
CRISPR_CYLD (1540),0.167612644450438
CRISPR_LRRC37B (114659),0.1676093531773466
CRISPR_BOC (91653),0.16760218362901202
CRISPR_C16orf86 (388284),0.16759650898249046
CRISPR_GATA3 (2625),0.16759243385390032
CRISPR_DMRTA2 (63950),0.16759240177225276
CRISPR_SP7 (121340),0.16759085090201253
CRISPR_SARS2 (54938),0.167587500635058
CRISPR_SLC38A7 (55238),0.16758470311135198
CRISPR_NAGLU (4669),0.1675790434283284
CRISPR_SMURF2 (64750),0.16757730132289428
CRISPR_SETD5 (55209),0.1675767872495202
CRISPR_GPR137C (283554),0.16757197623273257
CRISPR_SPAG4 (6676),0.16755689840769872
CRISPR_MBTPS2 (51360),0.1675510584002815
CRISPR_CLIC1 (1192),0.16754811879675202
CRISPR_UBE2V1 (7335),0.16754703620776112
CRISPR_IFT57 (55081),0.16754154742224525
CRISPR_LRRC71 (149499),0.16752568439429982
CRISPR_KIAA2013 (90231),0.1675193367790362
CRISPR_CZIB (54987),0.1675167094026886
CRISPR_MED7 (9443),0.167516669654586
CRISPR_ACTR1B (10120),0.16751092868537665
CRISPR_TIMM17A (10440),0.16750547485130607
CRISPR_CASZ1 (54897),0.16750445870023167
CRISPR_PPARGC1B (133522),0.16749431900584977
CRISPR_CCT7 (10574),0.1674906731655632
CRISPR_MLX (6945),0.16748882028402878
CRISPR_SGCA (6442),0.1674860378257783
CRISPR_NUP37 (79023),0.16748278284488372
CRISPR_EIF4EBP2 (1979),0.1674821562863622
CRISPR_SMCHD1 (23347),0.16746936977220273
CRISPR_SKIL (6498),0.16746683105824633
CRISPR_ZBTB17 (7709),0.16746282225924425
CRISPR_B4GALNT2 (124872),0.16746157728187505
CRISPR_DAP3 (7818),0.16746071439721533
CRISPR_BTBD2 (55643),0.16745117831768574
CRISPR_NEU2 (4759),0.16744975352957248
CRISPR_CPLANE2 (79363),0.16744468859059758
CRISPR_TPM4 (7171),0.16744400626845302
CRISPR_EPC1 (80314),0.16743435213027702
CRISPR_HSPA13 (6782),0.16743015272114015
CRISPR_SYVN1 (84447),0.16742664108303895
CRISPR_SMC6 (79677),0.1674230000872612
CRISPR_RXRA (6256),0.1674206563341789
CRISPR_TIMM29 (90580),0.16740795221745852
CRISPR_WFDC10B (280664),0.1674057135922098
CRISPR_MRPL16 (54948),0.16740082613755192
CRISPR_TADA1 (117143),0.16740042053143522
CRISPR_NPM3 (10360),0.1673825809482139
CRISPR_ANKZF1 (55139),0.1673571248007244
CRISPR_CAB39 (51719),0.16735317486637413
CRISPR_PRMT9 (90826),0.1673507454367016
CRISPR_COMMD7 (149951),0.16735054240124647
CRISPR_PLAC8 (51316),0.1673434636539497
CRISPR_SLC35B1 (10237),0.16734088302290928
CRISPR_CCDC22 (28952),0.1673296115642966
CRISPR_AAAS (8086),0.16731802467250656
CRISPR_SH3BGRL3 (83442),0.16731337601516483
CRISPR_BCS1L (617),0.16731274109201877
CRISPR_ALG5 (29880),0.16730708587058363
CRISPR_BRD1 (23774),0.16730252229910825
CRISPR_ARL2BP (23568),0.16730142000406723
CRISPR_ANKHD1 (54882),0.16729145319017924
CRISPR_WDR62 (284403),0.16726722235024916
CRISPR_INTS13 (55726),0.16726537922553764
CRISPR_PCDHGA7 (56108),0.16726384753292844
CRISPR_PIGM (93183),0.1672590344829139
CRISPR_MAFF (23764),0.16725829201225828
CRISPR_WHAMM (123720),0.16725765411768823
CRISPR_AAK1 (22848),0.16725495136192592
CRISPR_CHP1 (11261),0.16725416687399886
CRISPR_MRGBP (55257),0.1672537161744838
CRISPR_SUPT20H (55578),0.16724696451677268
CRISPR_NAA38 (84316),0.16723552463156555
CRISPR_DPH6 (89978),0.16723466079015825
CRISPR_NTPCR (84284),0.1672304796791515
CRISPR_MYL4 (4635),0.1672244524428823
CRISPR_NOP53 (29997),0.16722198684509504
CRISPR_VPS26A (9559),0.16722077072971242
CRISPR_VTI1B (10490),0.16721757160996908
CRISPR_DDX19B (11269),0.1672008266753897
CRISPR_MRPS6 (64968),0.16719629651054646
CRISPR_PYM1 (84305),0.16719438276841014
CRISPR_SLX4 (84464),0.16719421174221694
CRISPR_TEKT2 (27285),0.16719320626334522
CRISPR_PPM1J (333926),0.16719095004925943
CRISPR_MRPL14 (64928),0.16718828308141198
CRISPR_ARL4A (10124),0.1671764021873967
CRISPR_TEX44 (165100),0.1671754627115991
CRISPR_PGM5 (5239),0.1671677457801657
CRISPR_WARS2 (10352),0.16715265991720507
CRISPR_HSPA6 (3310),0.167152458483244
CRISPR_GTF3C3 (9330),0.16714869382724373
CRISPR_KMT5A (387893),0.16714861650869128
CRISPR_B3GNT3 (10331),0.16714545481267962
CRISPR_BMPR1A (657),0.16714510266544202
CRISPR_SHCBP1 (79801),0.16714230848972988
CRISPR_MFNG (4242),0.16714144364262307
CRISPR_ORC3 (23595),0.1671395278908765
CRISPR_CTBP2 (1488),0.1671391124293562
CRISPR_ACTRT3 (84517),0.16712312560299392
CRISPR_SENP1 (29843),0.16712294950112305
CRISPR_PIGT (51604),0.16712102366609471
CRISPR_TXNRD1 (7296),0.16711990451046876
CRISPR_MYCN (4613),0.16711222342484344
CRISPR_ZCRB1 (85437),0.16710943881372042
CRISPR_MRPS5 (64969),0.16710170634326182
CRISPR_SZRD1 (26099),0.16708709586370674
CRISPR_POGZ (23126),0.1670831994927786
CRISPR_MEIOC (284071),0.16707839946631786
CRISPR_CRIPT (9419),0.16707098337559056
CRISPR_DOCK7 (85440),0.16707087668951726
CRISPR_IL12RB2 (3595),0.16706382848593737
CRISPR_MAPKAPK5 (8550),0.16706168183096448
CRISPR_RPAP2 (79871),0.167059184976166
CRISPR_SDCBP (6386),0.16704825329055595
CRISPR_VAV2 (7410),0.16702963801785042
CRISPR_CEP290 (80184),0.16702798998284418
CRISPR_UBE2T (29089),0.1670228359546302
CRISPR_KCNK7 (10089),0.16701590832064817
CRISPR_RARS2 (57038),0.1670135950174041
CRISPR_RBM15 (64783),0.16701169976114105
CRISPR_ATG9A (79065),0.1670067771787913
CRISPR_NME2 (4831),0.16700446251545298
CRISPR_DOHH (83475),0.16700412240211904
CRISPR_GPIHBP1 (338328),0.16699458677877033
CRISPR_DRAM2 (128338),0.16698711594806603
CRISPR_ORC1 (4998),0.1669848548272821
CRISPR_SMAD7 (4092),0.1669792274835844
CRISPR_GPR171 (29909),0.1669748048720141
CRISPR_FOXO4 (4303),0.16695183909795475
CRISPR_COMMD5 (28991),0.16694693411036177
CRISPR_SETDB1 (9869),0.16693959004483805
CRISPR_KLHL38 (340359),0.16693454669652752
CRISPR_TARBP2 (6895),0.16693184052899923
CRISPR_GGTLC1 (92086),0.16692201345748714
CRISPR_MPRIP (23164),0.166919387815617
CRISPR_GNG13 (51764),0.16691475197796812
CRISPR_TCFL5 (10732),0.16691127960576058
CRISPR_IRS1 (3667),0.16690922362850014
CRISPR_DNAJC16 (23341),0.1669042326962309
CRISPR_POMP (51371),0.16688592852713136
CRISPR_XAGE3 (170626),0.16688478683279317
CRISPR_JMY (133746),0.16688324003447885
CRISPR_KLHDC3 (116138),0.1668798259264248
CRISPR_SLC16A5 (9121),0.16687785982076697
CRISPR_PPHLN1 (51535),0.16687563623424495
CRISPR_SP6 (80320),0.16687346534021952
CRISPR_FANCF (2188),0.16686187930718788
CRISPR_LSM11 (134353),0.16686055051985882
CRISPR_CCDC106 (29903),0.16685432682352808
CRISPR_LAMTOR1 (55004),0.16684544107434007
CRISPR_LTF (4057),0.16684422170836566
CRISPR_GBP4 (115361),0.16684336221164298
CRISPR_CCNL1 (57018),0.16683539660858226
CRISPR_H3-3B (3021),0.16682647416694607
CRISPR_EIF3J (8669),0.16682384264623806
CRISPR_PRR13 (54458),0.16682192012392694
CRISPR_FAHD2A (51011),0.16681556254924246
CRISPR_STRIP1 (85369),0.1668135012024461
CRISPR_LCE5A (254910),0.1668072551249864
CRISPR_CORO6 (84940),0.16680675264539335
CRISPR_TRIM14 (9830),0.16680658559078054
CRISPR_NGLY1 (55768),0.16680625907173496
CRISPR_TEKT4 (150483),0.166801087853802
CRISPR_CERK (64781),0.16680006060004615
CRISPR_KLHL7 (55975),0.1668000222239554
CRISPR_CERS2 (29956),0.16679979716820803
CRISPR_DDX39A (10212),0.16679298091098627
CRISPR_NPHS1 (4868),0.16678417145507218
CRISPR_LRRK2 (120892),0.16677934853079268
CRISPR_VASP (7408),0.1667787946246877
CRISPR_MACF1 (23499),0.1667778091054508
CRISPR_RBM12 (10137),0.16677363008259505
CRISPR_SLC29A2 (3177),0.16677362088053727
CRISPR_TULP1 (7287),0.16676936488000305
CRISPR_MREG (55686),0.16676088500007502
CRISPR_PSPC1 (55269),0.16675868114216197
CRISPR_DPF2 (5977),0.16675211279702928
CRISPR_GJA5 (2702),0.16674943484346993
CRISPR_NKAPD1 (55216),0.1667464556339464
CRISPR_MTFP1 (51537),0.16674217912882305
CRISPR_PIGH (5283),0.16672162412181368
CRISPR_KCNK12 (56660),0.16671963032049586
CRISPR_CUL3 (8452),0.1667060478363167
CRISPR_NEUROD2 (4761),0.16669767995739004
CRISPR_TACSTD2 (4070),0.16669594519700048
CRISPR_NPBWR2 (2832),0.1666953774088027
CRISPR_SCG5 (6447),0.16668747175821164
CRISPR_TMEM230 (29058),0.16668428197382834
CRISPR_REEP2 (51308),0.16667637810621638
CRISPR_SLC22A17 (51310),0.16667573438838623
CRISPR_OLFML3 (56944),0.16667429649163168
CRISPR_IMPDH2 (3615),0.16666812694238775
CRISPR_ZBTB7A (51341),0.16666701461335354
CRISPR_TAX1BP3 (30851),0.16665920060022898
CRISPR_FBXO47 (494188),0.16665894479331467
CRISPR_MIX23 (131076),0.16665717889062126
CRISPR_LTB4R (1241),0.16665515198363323
CRISPR_TOR2A (27433),0.16665141590663612
CRISPR_MRPS16 (51021),0.1666475030841248
CRISPR_RUNX2 (860),0.1666463155383786
CRISPR_HSF1 (3297),0.1666385397706307
CRISPR_AASDHPPT (60496),0.16663576011790315
CRISPR_SRC (6714),0.16663241597998013
CRISPR_KAT7 (11143),0.16663226580740176
CRISPR_NAA35 (60560),0.16663090070449282
CRISPR_PELI3 (246330),0.1666303804928626
CRISPR_ZNF770 (54989),0.1666292143833017
CRISPR_ARL6IP6 (151188),0.16662229247905636
CRISPR_C17orf75 (64149),0.16662096613649258
CRISPR_ICMT (23463),0.16661802974786166
CRISPR_BAP1 (8314),0.1666125473636635
CRISPR_DDX11 (1663),0.1666110179271172
CRISPR_PIGU (128869),0.16660941698430243
CRISPR_TAS2R43 (259289),0.16660416468303918
CRISPR_GON4L (54856),0.16660309818259744
CRISPR_TUBB4A (10382),0.1665978202818641
CRISPR_TMEM11 (8834),0.16659391176060012
CRISPR_SPINT1 (6692),0.16659375411109778
CRISPR_COPS3 (8533),0.1665900342794524
CRISPR_ZBTB12 (221527),0.16658438745911575
CRISPR_DNAAF19 (388389),0.16657968130209966
CRISPR_DNAJB12 (54788),0.16657908305813685
CRISPR_MRPL17 (63875),0.16657227039679245
CRISPR_ARMC10 (83787),0.1665695921408572
CRISPR_ANKRD31 (256006),0.1665626565318954
CRISPR_H3-4 (8290),0.1665614107808322
CRISPR_AQP10 (89872),0.16655708240905476
CRISPR_BCL9 (607),0.16655666717323836
CRISPR_IRX3 (79191),0.1665494459734207
CRISPR_HS6ST1 (9394),0.166549348323068
CRISPR_BSND (7809),0.16654362713474669
CRISPR_TUBB4B (10383),0.16654007636685808
CRISPR_SPATA31G1 (138724),0.16652719621242973
CRISPR_RRAD (6236),0.16652063830737873
CRISPR_VN1R4 (317703),0.1665038718719627
CRISPR_PABIR1 (116224),0.16649469171124043
CRISPR_AUP1 (550),0.166486001173058
CRISPR_EGLN1 (54583),0.16648518227507392
CRISPR_DENND2C (163259),0.16648042289660392
CRISPR_KIF2C (11004),0.16648006892101552
CRISPR_DNLZ (728489),0.16647806245848606
CRISPR_COX5A (9377),0.16647697038124765
CRISPR_FNBP4 (23360),0.16647433735692196
CRISPR_E2F4 (1874),0.1664742108879258
CRISPR_VPS36 (51028),0.16647420060580398
CRISPR_OSBPL2 (9885),0.16646993802123866
CRISPR_RAB5C (5878),0.16645968488450524
CRISPR_TAF5L (27097),0.16645791101624496
CRISPR_RNF114 (55905),0.1664560691940098
CRISPR_CDK13 (8621),0.16645539901498196
CRISPR_TRNAU1AP (54952),0.1664536035734665
CRISPR_TUBG2 (27175),0.16645050179428633
CRISPR_VCF2 (90736),0.16644863812118604
CRISPR_METAP1 (23173),0.16644573099619908
CRISPR_GLMN (11146),0.16644388848845093
CRISPR_CCDC38 (120935),0.16644056173618882
CRISPR_AARD (441376),0.16643795939703132
CRISPR_KDR (3791),0.16643756963166467
CRISPR_SUOX (6821),0.16643544605000749
CRISPR_SELENOK (58515),0.1664047539653586
CRISPR_IPPK (64768),0.16640379007153605
CRISPR_EEFSEC (60678),0.16639820313034548
CRISPR_SFR1 (119392),0.1663944397771724
CRISPR_RNF6 (6049),0.16639073213073452
CRISPR_FBXL16 (146330),0.166388884954066
CRISPR_HSD17B12 (51144),0.1663886879034875
CRISPR_HAX1 (10456),0.1663880445247985
CRISPR_MYO7A (4647),0.16638552604969892
CRISPR_UQCRQ (27089),0.1663845655371432
CRISPR_FGFR1OP2 (26127),0.1663808389095811
CRISPR_ING3 (54556),0.16637889710911846
CRISPR_MBOAT1 (154141),0.16637875561619087
CRISPR_FIG4 (9896),0.16637641133814896
CRISPR_SLC25A38 (54977),0.16637640348469596
CRISPR_DIS3 (22894),0.16637375547017363
CRISPR_AP3M1 (26985),0.16637145795590236
CRISPR_CDC42BPG (55561),0.16636240203683972
CRISPR_POLR3D (661),0.16635637345768295
CRISPR_E2F2 (1870),0.16635276229166251
CRISPR_FAR2 (55711),0.1663486888271528
CRISPR_ELF2 (1998),0.16634670226504866
CRISPR_VPS50 (55610),0.16634173315984846
CRISPR_HNRNPA0 (10949),0.16634107117260122
CRISPR_JPH4 (84502),0.16633863358429046
CRISPR_ACTR8 (93973),0.16632926270992865
CRISPR_TAF1 (6872),0.16632498081078761
CRISPR_DENND4B (9909),0.16631784879991596
CRISPR_SLC35G3 (146861),0.1663161911242108
CRISPR_SBK1 (388228),0.1663117889660075
CRISPR_PDPK1 (5170),0.16630914019732934
CRISPR_OGFR (11054),0.16630891556375982
CRISPR_PMM2 (5373),0.1663048310591817
CRISPR_TIMM8A (1678),0.16630240162960508
CRISPR_LMNA (4000),0.16630197778500655
CRISPR_HOXC10 (3226),0.1663005713352792
CRISPR_KANSL2 (54934),0.16630013413526168
CRISPR_BCAR1 (9564),0.16629522941502994
CRISPR_SLFNL1 (200172),0.16629185392224421
CRISPR_ARID3B (10620),0.16628690042029604
CRISPR_MARS2 (92935),0.16628247764673
CRISPR_KRTAP10-9 (386676),0.16628247101986116
CRISPR_AP5B1 (91056),0.16627472532869358
CRISPR_TMX2 (51075),0.16627068294767344
CRISPR_MYO18A (399687),0.16626438542224697
CRISPR_APOBEC2 (10930),0.1662602141302285
CRISPR_PRRC2A (7916),0.16625462991218054
CRISPR_NDUFB5 (4711),0.16625126282617764
CRISPR_ZNF785 (146540),0.1662511071036219
CRISPR_AATF (26574),0.16624664455444282
CRISPR_IGF2BP2 (10644),0.16624461944745317
CRISPR_UQCC4 (283951),0.1662419873693768
CRISPR_IDH1 (3417),0.1662419307906804
CRISPR_ANAPC13 (25847),0.16623731815973208
CRISPR_AFDN (4301),0.16623715476648648
CRISPR_ATOSB (80256),0.16623422353232176
CRISPR_VARS2 (57176),0.16623420523916987
CRISPR_ZNF532 (55205),0.1662331042610159
CRISPR_ZNF728 (388523),0.1662312724642776
CRISPR_NDUFAF3 (25915),0.1662291254211432
CRISPR_COMMD6 (170622),0.16622100823073094
CRISPR_IL9R (3581),0.1662186643248793
CRISPR_DPH7 (92715),0.1662181931279365
CRISPR_HDDC3 (374659),0.16621750931660628
CRISPR_METTL14 (57721),0.1662161917071927
CRISPR_TWF1 (5756),0.1662138447176229
CRISPR_MCM6 (4175),0.16621130276980622
CRISPR_SEC63 (11231),0.16620997552285566
CRISPR_HOMER3 (9454),0.1662094397641818
CRISPR_GID8 (54994),0.16620713879361482
CRISPR_AP4S1 (11154),0.16620658213389916
CRISPR_C16orf92 (146378),0.16620637766379165
CRISPR_TRMT61B (55006),0.16620215968409457
CRISPR_PCYT2 (5833),0.16619594308178698
CRISPR_RAD51B (5890),0.1661946413252684
CRISPR_CD109 (135228),0.16619174053811836
CRISPR_ENKD1 (84080),0.16617798401331552
CRISPR_LYPD2 (137797),0.16617074648851293
CRISPR_DDN (23109),0.16616066061187418
CRISPR_PSTK (118672),0.16615171489457925
CRISPR_MRPL4 (51073),0.16614895427408705
CRISPR_SSR2 (6746),0.16614283902706894
CRISPR_DSTN (11034),0.16613958521003802
CRISPR_KLF1 (10661),0.16613893473840413
CRISPR_AKIRIN1 (79647),0.16613693494200632
CRISPR_ATMIN (23300),0.1661360882053664
CRISPR_RNF41 (10193),0.1661358134424411
CRISPR_MSH2 (4436),0.16613041502848258
CRISPR_PC (5091),0.1661240647694866
CRISPR_TPM2 (7169),0.16612156910364728
CRISPR_ZNF469 (84627),0.1661200817756665
CRISPR_GDPD1 (284161),0.16611833660925868
CRISPR_SIGMAR1 (10280),0.16611387023388158
CRISPR_DIMT1 (27292),0.16611226356114894
CRISPR_TMA16 (55319),0.16611151500385368
CRISPR_DHRS1 (115817),0.1661101761599797
CRISPR_UBL4B (164153),0.16610554707753877
CRISPR_SPTAN1 (6709),0.16610144775505553
CRISPR_AIMP2 (7965),0.1661011888137418
CRISPR_ZNF69 (7620),0.16609938620596854
CRISPR_UGT2B11 (10720),0.16609272999136238
CRISPR_ANHX (647589),0.1660907825726845
CRISPR_FIP1L1 (81608),0.16608820125585488
CRISPR_UGT2B15 (7366),0.16608561426625013
CRISPR_EEF2KMT (196483),0.16608416507076385
CRISPR_DTHD1 (401124),0.16607982404672317
CRISPR_SHBG (6462),0.16607969050106686
CRISPR_NUBP2 (10101),0.16606819872731027
CRISPR_SLC25A39 (51629),0.16606643489305561
CRISPR_SLC22A6 (9356),0.16606119117242457
CRISPR_ZNF284 (342909),0.16606010424918694
CRISPR_POTEC (388468),0.16605980950172405
CRISPR_IL12RB1 (3594),0.16605726081265004
CRISPR_VPS13D (55187),0.16604871345001193
CRISPR_TUBE1 (51175),0.16604569060071483
CRISPR_MGAT2 (4247),0.16604203424343655
CRISPR_ELP4 (26610),0.1660401889299683
CRISPR_TRMT61A (115708),0.16603829257488645
CRISPR_DYRK1A (1859),0.16603468609456762
CRISPR_RFK (55312),0.16603334828331473
CRISPR_PSG8 (440533),0.16602879349191735
CRISPR_SMARCAL1 (50485),0.16602829221159165
CRISPR_MRPS12 (6183),0.16602782373931024
CRISPR_SENP8 (123228),0.16602204118130448
CRISPR_CARM1 (10498),0.1660188799275586
CRISPR_POLG2 (11232),0.16601578195060274
CRISPR_MED13L (23389),0.16601433088532236
CRISPR_MAP7 (9053),0.1660105366018323
CRISPR_NDUFB9 (4715),0.1660051155594644
CRISPR_CYB5B (80777),0.1660040599589836
CRISPR_H2AC11 (8969),0.166001298161917
CRISPR_WDR24 (84219),0.16599840906714558
CRISPR_TPPP3 (51673),0.16599661216320882
CRISPR_ATF5 (22809),0.16599313011977213
CRISPR_RAP1A (5906),0.16599260514468295
CRISPR_TAAR2 (9287),0.16598638632658602
CRISPR_KDM8 (79831),0.16597570802000394
CRISPR_UIMC1 (51720),0.16597035328748522
CRISPR_TMEM126B (55863),0.16596145479864344
CRISPR_EXTL3 (2137),0.16595979363539115
CRISPR_SMUG1 (23583),0.1659593068749814
CRISPR_GPR179 (440435),0.1659565453250469
CRISPR_SMARCA5 (8467),0.16595430688572765
CRISPR_CPT2 (1376),0.16594989375939395
CRISPR_IL11 (3589),0.165948737076417
CRISPR_MFRP (83552),0.1659462029652472
CRISPR_CACNB1 (782),0.16594176080474288
CRISPR_FDX1 (2230),0.165934675513852
CRISPR_CCAR1 (55749),0.1659261418950848
CRISPR_BBS1 (582),0.16592279291642953
CRISPR_MRPS22 (56945),0.16590956218147923
CRISPR_PPM1G (5496),0.1659092238223323
CRISPR_GIP (2695),0.16590888473101462
CRISPR_PCNT (5116),0.1659074095468993
CRISPR_PCSK9 (255738),0.16590652749272206
CRISPR_TTC14 (151613),0.16590532430164728
CRISPR_NFIA (4774),0.16590338009841066
CRISPR_RND1 (27289),0.1659021120551838
CRISPR_BCAP31 (10134),0.16590057785435608
CRISPR_GLI4 (2738),0.16590038433464205
CRISPR_HIKESHI (51501),0.16589464972698842
CRISPR_PPP1R14B (26472),0.16588918884261172
CRISPR_CHCHD1 (118487),0.16588899525958478
CRISPR_TCOF1 (6949),0.16588640088362272
CRISPR_SREK1IP1 (285672),0.1658862239909178
CRISPR_SLC5A5 (6528),0.16588553208093426
CRISPR_YTHDF2 (51441),0.1658798475140273
CRISPR_DPM3 (54344),0.1658752211182497
CRISPR_RANBP3 (8498),0.16587348507843203
CRISPR_FXYD1 (5348),0.16587305006644648
CRISPR_MKRN1 (23608),0.16586813773769737
CRISPR_FBLIM1 (54751),0.16586655636326686
CRISPR_MRPL57 (78988),0.16586556361987448
CRISPR_SDHD (6392),0.1658541998660903
CRISPR_C16orf74 (404550),0.16585408645460298
CRISPR_SLC3A2 (6520),0.1658494462125697
CRISPR_LTBP3 (4054),0.16584541443644696
CRISPR_ACTN1 (87),0.16584221783768616
CRISPR_UBE2O (63893),0.1658350427231623
CRISPR_STAT5A (6776),0.16583459053589156
CRISPR_CATSPER3 (347732),0.16583243148345161
CRISPR_IFI44L (10964),0.16583234612972841
CRISPR_RPL22 (6146),0.16583091906206082
CRISPR_COX6A1 (1337),0.16582396878388028
CRISPR_UCHL5 (51377),0.16582135941663623
CRISPR_LIX1L (128077),0.165815627098147
CRISPR_ZNF780B (163131),0.16580872645077172
CRISPR_MRPL35 (51318),0.1658025682666544
CRISPR_AP1M1 (8907),0.16579994162295542
CRISPR_SPIC (121599),0.16579746480471158
CRISPR_IMMT (10989),0.16579637893076793
CRISPR_CERT1 (10087),0.16578932960551107
CRISPR_PNPT1 (87178),0.16578813399133718
CRISPR_OCIAD1 (54940),0.16578698120307678
CRISPR_NDUFS1 (4719),0.16578607846649263
CRISPR_HOXA13 (3209),0.16578575681694208
CRISPR_RER1 (11079),0.1657762969916332
CRISPR_ADCY4 (196883),0.16577606072725715
CRISPR_UNC79 (57578),0.16577535958725775
CRISPR_ASPM (259266),0.16577334336678629
CRISPR_SULT1A1 (6817),0.165768219385245
CRISPR_PRKCA (5578),0.1657650039374765
CRISPR_HES5 (388585),0.16576049048035468
CRISPR_SPAG5 (10615),0.1657597935119428
CRISPR_SKA1 (220134),0.16575680383683533
CRISPR_MAP3K2 (10746),0.165754477512162
CRISPR_NUDCD2 (134492),0.16575311569866802
CRISPR_TM6SF2 (53345),0.16575107228541608
CRISPR_LRRC45 (201255),0.16575006544139725
CRISPR_C9orf78 (51759),0.16574993251789127
CRISPR_ILRUN (64771),0.16574877160116763
CRISPR_DAG1 (1605),0.16574704339288537
CRISPR_PIGY (84992),0.16574554213578097
CRISPR_EIF4B (1975),0.16574482336107277
CRISPR_FOXRED2 (80020),0.1657441512449962
CRISPR_EARS2 (124454),0.16574182747245736
CRISPR_VCL (7414),0.16574131779140178
CRISPR_MEF2D (4209),0.16573902384700379
CRISPR_ACIN1 (22985),0.1657344341725402
CRISPR_ZNF10 (7556),0.16573397261864908
CRISPR_UBQLN1 (29979),0.16573331941158465
CRISPR_FAM83H (286077),0.16572865076614196
CRISPR_AURKAIP1 (54998),0.1657168397031672
CRISPR_WAC (51322),0.16571511853299725
CRISPR_POLR1D (51082),0.16570791481501335
CRISPR_BRI3 (25798),0.16570756481074067
CRISPR_MOCS2 (4338),0.16570696389208717
CRISPR_MYO1H (283446),0.16570069309094482
CRISPR_ARL4D (379),0.16569202281209794
CRISPR_ZDHHC22 (283576),0.16569141940379506
CRISPR_RNASE13 (440163),0.16568898973260726
CRISPR_H3C10 (8357),0.16568786883149134
CRISPR_CASTOR1 (652968),0.16568447882708703
CRISPR_NDUFB3 (4709),0.16568407360345372
CRISPR_NDUFA3 (4696),0.16568315626961194
CRISPR_C1D (10438),0.1656801614971597
CRISPR_VPS29 (51699),0.16567328411928806
CRISPR_ZNF491 (126069),0.16567290112429234
CRISPR_YME1L1 (10730),0.1656709963960159
CRISPR_PDZK1 (5174),0.16566525717449654
CRISPR_PKN2 (5586),0.16566470201661154
CRISPR_CNTNAP1 (8506),0.16566468092231545
CRISPR_GTF3C6 (112495),0.16566408776562103
CRISPR_GTF2H1 (2965),0.16566358225139144
CRISPR_KIF27 (55582),0.16566224174528266
CRISPR_ATP5MC1 (516),0.16565311233588176
CRISPR_KRTAP17-1 (83902),0.1656511330140118
CRISPR_ECSIT (51295),0.1656509486228508
CRISPR_SARNP (84324),0.1656478374665662
CRISPR_DBF4B (80174),0.16564244792949623
CRISPR_SDHAF1 (644096),0.16563610193867984
CRISPR_PTRH1 (138428),0.1656319831232489
CRISPR_OSTC (58505),0.1656297851106201
CRISPR_AK1 (203),0.16562760258146358
CRISPR_FAM229A (100128071),0.16562738110694308
CRISPR_ANKRD54 (129138),0.16562574918409734
CRISPR_NAV1 (89796),0.1656188821859521
CRISPR_S100A9 (6280),0.16561437333820983
CRISPR_CPOX (1371),0.16561256736687113
CRISPR_PARL (55486),0.1656120416192275
CRISPR_ASF1A (25842),0.16560734992378467
CRISPR_MRPL9 (65005),0.1656011368811976
CRISPR_SSH1 (54434),0.16559874426678967
CRISPR_MTHFD1 (4522),0.16559307892524178
CRISPR_NAT8 (9027),0.16557619937356627
CRISPR_ZNF106 (64397),0.16557058170820405
CRISPR_MYG1 (60314),0.16556239818609253
CRISPR_GNB4 (59345),0.16556080652813066
CRISPR_TUB (7275),0.1655571743952935
CRISPR_PCM1 (5108),0.16555475983525803
CRISPR_SIGLEC11 (114132),0.16555411379685214
CRISPR_TMEM69 (51249),0.16555299414797364
CRISPR_SEPHS1 (22929),0.16555059249305426
CRISPR_ZNF93 (81931),0.16554772393020212
CRISPR_COPRS (55352),0.16554671429745849
CRISPR_KDM5C (8242),0.16554620361221684
CRISPR_MAPRE1 (22919),0.1655436344153527
CRISPR_PNMT (5409),0.165541139286832
CRISPR_CCDC174 (51244),0.1655401018923115
CRISPR_HDHD5 (27440),0.16553289901336488
CRISPR_PRP4K (8899),0.1655290108114471
CRISPR_MRPL15 (29088),0.16552854017158491
CRISPR_TMED9 (54732),0.1655255314489441
CRISPR_GIGYF1 (64599),0.16552329487357031
CRISPR_PARN (5073),0.1655202114781371
CRISPR_LIN9 (286826),0.1655180731312198
CRISPR_TEX38 (374973),0.16551515158903296
CRISPR_NCL (4691),0.1655137732634433
CRISPR_UQCC2 (84300),0.16551013861711983
CRISPR_PYGO2 (90780),0.16550704206897038
CRISPR_MED24 (9862),0.16550600793522907
CRISPR_SEC23IP (11196),0.16550466813668496
CRISPR_EXOC1 (55763),0.1654989379103684
CRISPR_AFG2A (166378),0.16549613830324628
CRISPR_ADAM30 (11085),0.1654927370432464
CRISPR_SOS1 (6654),0.16549203701363258
CRISPR_DGCR6 (8214),0.16549065411421715
CRISPR_SNX11 (29916),0.16549055996491635
CRISPR_E2F3 (1871),0.16548451735170389
CRISPR_MIF4GD (57409),0.16548250183431357
CRISPR_ACHE (43),0.16547275287173768
CRISPR_ZNF143 (7702),0.1654649151108476
CRISPR_CEPT1 (10390),0.16546434942123867
CRISPR_ZNF174 (7727),0.16546403063933912
CRISPR_CELSR2 (1952),0.16546243108144587
CRISPR_EML1 (2009),0.1654614814465738
CRISPR_ARID1B (57492),0.16545780199548688
CRISPR_ZNF330 (27309),0.16545371121415542
CRISPR_NMNAT3 (349565),0.16545361175085738
CRISPR_SPINDOC (144097),0.16545254746038207
CRISPR_DUSP4 (1846),0.16544785126437578
CRISPR_ZFP69 (339559),0.16544771207434916
CRISPR_TMEM278 (643965),0.16544706069272674
CRISPR_ZNF317 (57693),0.16544566562954532
CRISPR_ZNF225 (7768),0.16544507876832704
CRISPR_RARS1 (5917),0.16543582040672788
CRISPR_NDUFV1 (4723),0.16543343829454837
CRISPR_RAB24 (53917),0.16543069960043333
CRISPR_TSHB (7252),0.16542529771962844
CRISPR_ASCC3 (10973),0.1654248222316239
CRISPR_NCDN (23154),0.16542265537885026
CRISPR_H2BC14 (8342),0.1654201436310041
CRISPR_DND1 (373863),0.1654106456558484
CRISPR_ARHGEF7 (8874),0.16540878942242632
CRISPR_PPL (5493),0.16540408149844765
CRISPR_TBCE (6905),0.16539898293080313
CRISPR_DHX35 (60625),0.16539856171497647
CRISPR_UBE3A (7337),0.1653967202066049
CRISPR_GLE1 (2733),0.16539536044746406
CRISPR_USP25 (29761),0.16539303890684476
CRISPR_TM9SF2 (9375),0.16539035229553534
CRISPR_GTPBP10 (85865),0.1653875109341314
CRISPR_KRTAP19-7 (337974),0.16538642908734147
CRISPR_CAPS (828),0.16538605677554585
CRISPR_PCGF1 (84759),0.16537803646682825
CRISPR_CHRNG (1146),0.16537080884148647
CRISPR_MMP23B (8510),0.16536259724381175
CRISPR_CPNE2 (221184),0.16535851243947164
CRISPR_CORO1A (11151),0.16535728532924931
CRISPR_FBXW10 (10517),0.16535103192315592
CRISPR_ITGB5 (3693),0.16534969316454617
CRISPR_C4BPB (725),0.1653478243769122
CRISPR_SFMBT1 (51460),0.16533635595397556
CRISPR_CHMP1A (5119),0.1653245542697528
CRISPR_MRTO4 (51154),0.16531868988807918
CRISPR_MCM3 (4172),0.1653168513192167
CRISPR_BDH2 (56898),0.165316541107841
CRISPR_GLIPR1L1 (256710),0.16531618838874707
CRISPR_UCK1 (83549),0.16531540545147916
CRISPR_SUPT7L (9913),0.1653066372601817
CRISPR_HTATSF1 (27336),0.16530585188575575
CRISPR_ACTRT2 (140625),0.1652950031481133
CRISPR_AGRN (375790),0.1652946708123748
CRISPR_RAD23B (5887),0.16529333484263997
CRISPR_ELOA (6924),0.16528928365936224
CRISPR_DENR (8562),0.16528741787898138
CRISPR_ZNF697 (90874),0.16528622357657152
CRISPR_GBP5 (115362),0.16528527082763667
CRISPR_CAPG (822),0.16528411538531085
CRISPR_MRPS18A (55168),0.16528292188978266
CRISPR_AP1G1 (164),0.1652822040780384
CRISPR_ABHD3 (171586),0.1652792684788249
CRISPR_CILP2 (148113),0.1652760100506132
CRISPR_SELENBP1 (8991),0.16527596735392258
CRISPR_ATRIP (84126),0.16527443402352215
CRISPR_NRBF2 (29982),0.1652724951301101
CRISPR_ALG10B (144245),0.1652698638333412
CRISPR_ZNRD2 (10534),0.16526902418124756
CRISPR_XBP1 (7494),0.16526521248040194
CRISPR_CNBD2 (140894),0.16526418829299327
CRISPR_MRPS26 (64949),0.16525805803966342
CRISPR_SCARB1 (949),0.1652572700129067
CRISPR_ESRRA (2101),0.16524816783653318
CRISPR_DNAI4 (79819),0.16524464451564658
CRISPR_CALR (811),0.16524418226770354
CRISPR_F2R (2149),0.1652328030613699
CRISPR_KIFBP (26128),0.1652312400727851
CRISPR_TTLL11 (158135),0.16523004415032005
CRISPR_ATL3 (25923),0.16522601985685803
CRISPR_EYS (346007),0.16522597439002595
CRISPR_RFT1 (91869),0.1652251999618537
CRISPR_PGRMC1 (10857),0.1652190638582125
CRISPR_TCEAL9 (51186),0.16521807021028234
CRISPR_BAG6 (7917),0.1652121129640678
CRISPR_MTX2 (10651),0.16521003849665838
CRISPR_WBP4 (11193),0.1652009854538159
CRISPR_MS4A15 (219995),0.16519281784810147
CRISPR_FBXO36 (130888),0.1651916966861986
CRISPR_PPP6R3 (55291),0.16518688659907177
CRISPR_CHST4 (10164),0.165184222324811
CRISPR_NOL11 (25926),0.16518246536657433
CRISPR_MRPL22 (29093),0.16518244502038737
CRISPR_PPCS (79717),0.1651782097044121
CRISPR_GNG3 (2785),0.16517595888312098
CRISPR_LRCH3 (84859),0.1651729089446956
CRISPR_EPHA10 (284656),0.1651690346081569
CRISPR_RAD1 (5810),0.16516629126628768
CRISPR_PIM1 (5292),0.16516375284570994
CRISPR_PTK7 (5754),0.1651628975775008
CRISPR_CCNE1 (898),0.1651599007136122
CRISPR_SLX9 (85395),0.16515808940971333
CRISPR_COQ4 (51117),0.16515377040129575
CRISPR_MTPAP (55149),0.16515173298251185
CRISPR_MYO3B (140469),0.1651500384009985
CRISPR_HOXC5 (3222),0.16514982202492678
CRISPR_CRIPTO (6997),0.16514786576997142
CRISPR_KRT18 (3875),0.16514670613874838
CRISPR_NADSYN1 (55191),0.1651425959540891
CRISPR_ENDOG (2021),0.1651382042777385
CRISPR_DFFB (1677),0.16513701328680064
CRISPR_FAM91A1 (157769),0.16513374866525332
CRISPR_RBBP6 (5930),0.16512334565498765
CRISPR_SLC25A1 (6576),0.16512083219355045
CRISPR_UTP6 (55813),0.16511739180494445
CRISPR_CXorf58 (254158),0.16511454932777525
CRISPR_CEL (1056),0.16511413142102782
CRISPR_ABT1 (29777),0.16511361232371424
CRISPR_CBLN1 (869),0.16510787347713674
CRISPR_MAPKAP1 (79109),0.16510524398243032
CRISPR_XKR8 (55113),0.1651027110648826
CRISPR_NGF (4803),0.16509559784020666
CRISPR_SGPP1 (81537),0.16509530907103454
CRISPR_CINP (51550),0.16508723813917214
CRISPR_RNASEH1 (246243),0.16508452426116094
CRISPR_H2BC26 (128312),0.16508013638031827
CRISPR_SEC16A (9919),0.1650711052099778
CRISPR_MCMBP (79892),0.1650660794643688
CRISPR_CCDC74B (91409),0.1650648145919762
CRISPR_RECQL5 (9400),0.16506264402857607
CRISPR_IL18BP (10068),0.16505700672951296
CRISPR_SAMD4A (23034),0.16505478631936654
CRISPR_COG2 (22796),0.16505243623629173
CRISPR_MRGPRX3 (117195),0.16505118839724897
CRISPR_HOXB9 (3219),0.16505096269728448
CRISPR_KDSR (2531),0.165049878677606
CRISPR_ELOVL3 (83401),0.16504607217727774
CRISPR_SLC25A10 (1468),0.16504167886906185
CRISPR_WASF2 (10163),0.16503896349888425
CRISPR_PXN (5829),0.16503859973538226
CRISPR_RPL26L1 (51121),0.16503804511204834
CRISPR_H3C2 (8358),0.16503757295288768
CRISPR_MACROH2A1 (9555),0.16503493078802745
CRISPR_ARMC5 (79798),0.1650313570818449
CRISPR_GTF2I (2969),0.1650310450548913
CRISPR_IER3IP1 (51124),0.16502941578965036
CRISPR_ADPRS (54936),0.16502872125496726
CRISPR_TUBA4A (7277),0.1650208766691197
CRISPR_VPS39 (23339),0.16501632876347738
CRISPR_ZNF285 (26974),0.16500695540781507
CRISPR_HRAS (3265),0.1650061124658917
CRISPR_TLK2 (11011),0.1649982344427876
CRISPR_APOBEC3D (140564),0.16499809757232065
CRISPR_CNOT11 (55571),0.16499400957064392
CRISPR_CD58 (965),0.16499118742600505
CRISPR_PDE6G (5148),0.16499073652731688
CRISPR_ZNF730 (100129543),0.16498190668526558
CRISPR_DEFB125 (245938),0.16497962733621563
CRISPR_TSNARE1 (203062),0.16497683595213086
CRISPR_DCP2 (167227),0.1649718219434142
CRISPR_STXBP1 (6812),0.16497027867510283
CRISPR_NUDT17 (200035),0.1649688817326771
CRISPR_KRT83 (3889),0.16496834334934007
CRISPR_FGD5 (152273),0.16496761732661014
CRISPR_MRE11 (4361),0.16496125807033213
CRISPR_NUP35 (129401),0.16495854910667784
CRISPR_MAD1L1 (8379),0.1649527276472762
CRISPR_COG4 (25839),0.16495087260099695
CRISPR_SARDH (1757),0.16494715683975336
CRISPR_PIGW (284098),0.16494677566192095
CRISPR_PRDX2 (7001),0.1649407739273565
CRISPR_C1QBP (708),0.16493880086993506
CRISPR_HID1 (283987),0.16493361593601996
CRISPR_TRMT6 (51605),0.1649326305774892
CRISPR_MRPL44 (65080),0.1649306557784893
CRISPR_UTP3 (57050),0.16492866576465204
CRISPR_CAMKK2 (10645),0.1649271239264518
CRISPR_TRIM61 (391712),0.16492546698508725
CRISPR_NWD1 (284434),0.16492502478518123
CRISPR_BCDIN3D (144233),0.164923672497852
CRISPR_LARS2 (23395),0.16492233745442153
CRISPR_RBPJL (11317),0.1649171698847569
CRISPR_MKRN2OS (100129480),0.16491534835982158
CRISPR_HSD17B10 (3028),0.1649140076110296
CRISPR_DHFR2 (200895),0.16491309719010516
CRISPR_EMC4 (51234),0.1649010894086409
CRISPR_SRRT (51593),0.16489964077659103
CRISPR_SPIN1 (10927),0.16489588935627175
CRISPR_JUND (3727),0.16489354586021143
CRISPR_MRPL43 (84545),0.16488869506377046
CRISPR_NDUFB4 (4710),0.16488836190735423
CRISPR_CIC (23152),0.16488832060472447
CRISPR_MPEG1 (219972),0.1648855132146183
CRISPR_SETD1A (9739),0.1648853168274842
CRISPR_MTSS1 (9788),0.16487891324494708
CRISPR_GNB1 (2782),0.16487741166550762
CRISPR_CYP26A1 (1592),0.16487735113047997
CRISPR_C11orf68 (83638),0.1648731869228115
CRISPR_DAZAP1 (26528),0.16486978975454036
CRISPR_SREK1 (140890),0.16486299951072247
CRISPR_PNO1 (56902),0.1648612579427846
CRISPR_SRD5A3 (79644),0.1648601595635908
CRISPR_CENPL (91687),0.16485485401993927
CRISPR_HSP90AB1 (3326),0.16485343906995453
CRISPR_MXRA7 (439921),0.16485220248229826
CRISPR_SRSF9 (8683),0.16484939562210954
CRISPR_GBP3 (2635),0.16483753596897355
CRISPR_TFAM (7019),0.1648326087181191
CRISPR_ZNF318 (24149),0.1648311923304533
CRISPR_ENPP7 (339221),0.16482992696286214
CRISPR_ID2 (3398),0.16482285831583265
CRISPR_PHC1 (1911),0.16482205381030646
CRISPR_HS2ST1 (9653),0.1648168912904131
CRISPR_GDI2 (2665),0.16481257633694124
CRISPR_USP34 (9736),0.164811917119005
CRISPR_DGCR8 (54487),0.16481075220017338
CRISPR_NFKB2 (4791),0.16480538448166548
CRISPR_PCGF2 (7703),0.16480461702383398
CRISPR_IPO4 (79711),0.16480126046684962
CRISPR_ASCL5 (647219),0.1648012317706513
CRISPR_CD101 (9398),0.16479791408111222
CRISPR_TUBD1 (51174),0.16479614095404216
CRISPR_PISD (23761),0.1647935030996095
CRISPR_TPRKB (51002),0.16479238702338428
CRISPR_RILP (83547),0.16478746434878477
CRISPR_CWC25 (54883),0.16478043223548955
CRISPR_TAF3 (83860),0.16477449307970726
CRISPR_UBFD1 (56061),0.1647736453278439
CRISPR_HOXC6 (3223),0.16477291185508314
CRISPR_POLR1E (64425),0.16476919664714984
CRISPR_TFAP2C (7022),0.16476879519040555
CRISPR_MRPL51 (51258),0.16476803300859721
CRISPR_CEACAM6 (4680),0.16476539096773646
CRISPR_H3-5 (440093),0.16476362873741035
CRISPR_BUD13 (84811),0.16475726265265678
CRISPR_SCO1 (6341),0.16475626813934952
CRISPR_HMGA1 (3159),0.16475516543885327
CRISPR_TXNL4B (54957),0.16475268517066777
CRISPR_IHO1 (339834),0.16475216950708926
CRISPR_ATP1B2 (482),0.16474979234887943
CRISPR_RNF14 (9604),0.1647454586651147
CRISPR_ESRP2 (80004),0.16474331316772073
CRISPR_DPY19L2 (283417),0.1647397483440729
CRISPR_C11orf58 (10944),0.1647391108943026
CRISPR_CHAMP1 (283489),0.1647378131635593
CRISPR_C10orf88 (80007),0.16473675341499927
CRISPR_NUP58 (9818),0.16473605095813237
CRISPR_CISD3 (284106),0.16473204958237897
CRISPR_APH1A (51107),0.16472749503266026
CRISPR_CLK2 (1196),0.16472508810249042
CRISPR_H2BC5 (3017),0.16472364994855848
CRISPR_PPA2 (27068),0.16472362021539322
CRISPR_DCAF15 (90379),0.16472328668778946
CRISPR_NFE2 (4778),0.1647232464500359
CRISPR_CSNK1G1 (53944),0.1647227484996181
CRISPR_PEX12 (5193),0.16471811981103013
CRISPR_LRRC3C (100505591),0.16471128796672652
CRISPR_FAM219A (203259),0.16471046323574168
CRISPR_ANO8 (57719),0.1647103557258225
CRISPR_FDXR (2232),0.16470793552855678
CRISPR_NTF4 (4909),0.1647073279064557
CRISPR_NMRK2 (27231),0.16470199547709363
CRISPR_H2AC6 (8334),0.16469889985352015
CRISPR_TSSK3 (81629),0.16469794207476607
CRISPR_CHRM1 (1128),0.16469652222582987
CRISPR_ATP1B3 (483),0.16468950140960192
CRISPR_ATP5PD (10476),0.16468678322095887
CRISPR_TIAM1 (7074),0.16468599433222586
CRISPR_GNB2 (2783),0.16467931893857468
CRISPR_ADORA2A (135),0.16467642492813717
CRISPR_MTF1 (4520),0.16467589684533923
CRISPR_UVRAG (7405),0.164674841917682
CRISPR_CDX2 (1045),0.16467444311397728
CRISPR_RLN3 (117579),0.16467019842639274
CRISPR_PSENEN (55851),0.16466581934379576
CRISPR_EDIL3 (10085),0.16466537024724648
CRISPR_LENG8 (114823),0.16466535329002152
CRISPR_DLG5 (9231),0.16466337751115212
CRISPR_RERE (473),0.16466160101596117
CRISPR_ANP32E (81611),0.16466036480125368
CRISPR_USP44 (84101),0.16466017748955686
CRISPR_PAK2 (5062),0.1646593735355779
CRISPR_HELZ (9931),0.1646590825861285
CRISPR_KRT10 (3858),0.1646577546006185
CRISPR_RNF115 (27246),0.16465385788919296
CRISPR_ASH1L (55870),0.16465257629359353
CRISPR_AOC3 (8639),0.16465255389024325
CRISPR_HOXD13 (3239),0.16464645674705825
CRISPR_RHOC (389),0.16464601177728255
CRISPR_PLA2G12B (84647),0.16464274934724443
CRISPR_ASS1 (445),0.16464087573851494
CRISPR_CHD1 (1105),0.16463321315794666
CRISPR_NKX2-5 (1482),0.16463144638655436
CRISPR_ABHD11 (83451),0.16463072567559411
CRISPR_ZNF205 (7755),0.1646289541562096
CRISPR_DIS3L (115752),0.16462804788343277
CRISPR_PGPEP1 (54858),0.16462700034551414
CRISPR_C2orf49 (79074),0.16462657183345453
CRISPR_ZDHHC8 (29801),0.16462433102106377
CRISPR_LCE2A (353139),0.16462271072121126
CRISPR_STIP1 (10963),0.16462248508859467
CRISPR_RHOF (54509),0.16462096334471
CRISPR_SLC25A41 (284427),0.16461538896797734
CRISPR_THRA (7067),0.16461490159978442
CRISPR_PTK2 (5747),0.16461473718514252
CRISPR_DYRK1B (9149),0.16461352574349153
CRISPR_VPS18 (57617),0.16461026549788826
CRISPR_ALDH6A1 (4329),0.1646093022069426
CRISPR_CCNE2 (9134),0.16460922522693888
CRISPR_RAPGEF1 (2889),0.16460833106538164
CRISPR_CHTF8 (54921),0.16460588246552366
CRISPR_ATP2C1 (27032),0.16459845683550345
CRISPR_MIIP (60672),0.16459804659169475
CRISPR_BRD8 (10902),0.16459623286590475
CRISPR_ATXN7L2 (127002),0.1645951757792279
CRISPR_CTNNA1 (1495),0.1645949478382276
CRISPR_HYKK (123688),0.16459049157686767
CRISPR_ZFC3H1 (196441),0.16458451071169478
CRISPR_DNAJC4 (3338),0.16458141228439782
CRISPR_CSNK2A1 (1457),0.16458069474038872
CRISPR_CCDC24 (149473),0.16457399498701974
CRISPR_KLHL20 (27252),0.16457242854741416
CRISPR_SPACA7 (122258),0.16456908244169988
CRISPR_RIF1 (55183),0.16456633005625676
CRISPR_FBXO21 (23014),0.16456440996681465
CRISPR_ARMC6 (93436),0.16456386963418002
CRISPR_VPS8 (23355),0.16456316744897492
CRISPR_MCRS1 (10445),0.16455520126891798
CRISPR_SERPIND1 (3053),0.16455077355222691
CRISPR_RRAGA (10670),0.16454278621039897
CRISPR_ARPP19 (10776),0.16453845395120847
CRISPR_NEURL4 (84461),0.16453704677785552
CRISPR_EIF4ENIF1 (56478),0.1645354381057027
CRISPR_KIAA0513 (9764),0.1645279377062323
CRISPR_LYRM2 (57226),0.1645257858542335
CRISPR_STX10 (8677),0.1645199873714409
CRISPR_F2 (2147),0.1645195989813919
CRISPR_ZNF559 (84527),0.1645182827171423
CRISPR_DET1 (55070),0.1645154255332537
CRISPR_CABIN1 (23523),0.16451163778455857
CRISPR_LEFTY1 (10637),0.1645098025205547
CRISPR_FADS6 (283985),0.16450695134268933
CRISPR_PRPF3 (9129),0.16450526932051446
CRISPR_ZNF655 (79027),0.16450444916012863
CRISPR_PCDHGC3 (5098),0.16450329616033965
CRISPR_CERCAM (51148),0.16449754533638217
CRISPR_USH1G (124590),0.16449257822351981
CRISPR_TEX10 (54881),0.1644876319222588
CRISPR_MICOS13 (125988),0.1644875369678438
CRISPR_SLC52A2 (79581),0.16448688750372575
CRISPR_SLC44A3 (126969),0.16448510891184398
CRISPR_MT1B (4490),0.1644821882597629
CRISPR_YWHAE (7531),0.164479207700305
CRISPR_RBM34 (23029),0.16447879923417652
CRISPR_MFAP2 (4237),0.16447845422746799
CRISPR_ZNF436 (80818),0.16447080897034816
CRISPR_NDUFB6 (4712),0.16445897242986796
CRISPR_TMEM127 (55654),0.1644532468786961
CRISPR_JUP (3728),0.1644531142533614
CRISPR_PHF23 (79142),0.16444438406290374
CRISPR_TYRO3 (7301),0.16443675322403006
CRISPR_ZNF692 (55657),0.16443578649716706
CRISPR_ARF1 (375),0.16443449842099778
CRISPR_GPX2 (2877),0.16443368862828933
CRISPR_CCDC12 (151903),0.16443137080218495
CRISPR_PIGV (55650),0.1644298261361241
CRISPR_RAPH1 (65059),0.164429744422657
CRISPR_KDF1 (126695),0.16442644625567482
CRISPR_C2orf69 (205327),0.16442496416276242
CRISPR_DPEP3 (64180),0.1644241525307173
CRISPR_DMKN (93099),0.16442236498266904
CRISPR_KCTD21 (283219),0.16441643353145707
CRISPR_METTL25 (84190),0.16441540288076073
CRISPR_ARID2 (196528),0.16441219807706808
CRISPR_KIAA1328 (57536),0.16441056538172294
CRISPR_NAGPA (51172),0.164406239719594
CRISPR_SLC35D1 (23169),0.16440435961589905
CRISPR_ENO1 (2023),0.16440172557854815
CRISPR_EIF2A (83939),0.16439863048644554
CRISPR_MRPL13 (28998),0.16439745991339194
CRISPR_CNOT4 (4850),0.1643973827350882
CRISPR_SMARCD1 (6602),0.1643963098399297
CRISPR_TOR1AIP2 (163590),0.16439496236485862
CRISPR_FLII (2314),0.16439432798706743
CRISPR_NFKBIE (4794),0.16439431628897427
CRISPR_NFRKB (4798),0.16439030537340926
CRISPR_EMC6 (83460),0.16438211089802568
CRISPR_PYURF (100996939),0.16437932321285853
CRISPR_TTC9C (283237),0.1643783405998578
CRISPR_DPH5 (51611),0.16436799548849645
CRISPR_CNIH1 (10175),0.16436457526382853
CRISPR_SLC2A12 (154091),0.16435904286236802
CRISPR_ARHGEF28 (64283),0.16435687479099936
CRISPR_DDX42 (11325),0.16435676191382953
CRISPR_RGP1 (9827),0.16434707606216925
CRISPR_ZFP69B (65243),0.16434374416620123
CRISPR_MXD3 (83463),0.16433271146700346
CRISPR_ATP23 (91419),0.16433157926786635
CRISPR_MRPL12 (6182),0.16433081382283188
CRISPR_IFNLR1 (163702),0.16432757901567996
CRISPR_TGM1 (7051),0.16432557559765648
CRISPR_STMN3 (50861),0.1643234742293842
CRISPR_TENT2 (167153),0.1643171191941395
CRISPR_REXO2 (25996),0.16431605405818406
CRISPR_HORMAD1 (84072),0.16431565017830163
CRISPR_SELENOH (280636),0.16431408773871325
CRISPR_VPS37C (55048),0.16430514410416297
CRISPR_HERPUD2 (64224),0.16430402761071328
CRISPR_BICD1 (636),0.16429332475707792
CRISPR_DUSP22 (56940),0.16428841147941853
CRISPR_FOXH1 (8928),0.1642845779524098
CRISPR_ABCC10 (89845),0.16428172149143272
CRISPR_BTF3 (689),0.16428163085466707
CRISPR_GPRIN3 (285513),0.16428127053285113
CRISPR_CDH5 (1003),0.1642785686776529
CRISPR_WDR26 (80232),0.16427517336433706
CRISPR_GPX4 (2879),0.16427162200051626
CRISPR_TASOR2 (54906),0.16427108097310583
CRISPR_NRARP (441478),0.16426930758383929
CRISPR_SNAP29 (9342),0.16426632040332034
CRISPR_NIPSNAP3B (55335),0.1642660292570266
CRISPR_ENY2 (56943),0.1642660264817568
CRISPR_BEND3 (57673),0.1642648371145743
CRISPR_AIF1 (199),0.16426265107919757
CRISPR_CYBC1 (79415),0.1642573932337834
CRISPR_TRAF3IP3 (80342),0.1642571509525368
CRISPR_UBN1 (29855),0.16425522403256831
CRISPR_RFC1 (5981),0.1642539234641296
CRISPR_BRCA2 (675),0.16425029640804745
CRISPR_SHOC2 (8036),0.1642478589151697
CRISPR_LAMTOR2 (28956),0.16424627590373841
CRISPR_EEIG2 (284611),0.16424149816011457
CRISPR_RMND5A (64795),0.16424145737998508
CRISPR_ETV3 (2117),0.16423872968607522
CRISPR_SMARCA4 (6597),0.16423308220122035
CRISPR_EMC1 (23065),0.16423000357109796
CRISPR_MMP25 (64386),0.1642297904166874
CRISPR_DICER1 (23405),0.16422901006379842
CRISPR_VNN2 (8875),0.16422626755468706
CRISPR_FAM161B (145483),0.1642253608314883
CRISPR_UBE2Z (65264),0.16422264322110092
CRISPR_TRIM23 (373),0.16422220664890474
CRISPR_TSSK4 (283629),0.16422130587632733
CRISPR_RBM33 (155435),0.16422123402566502
CRISPR_NOTCH2 (4853),0.16421643809865838
CRISPR_EIF4A2 (1974),0.1642162367647213
CRISPR_NT5C (30833),0.1642152764494993
CRISPR_SLC4A5 (57835),0.16421517703094501
CRISPR_TMEM242 (729515),0.16420400513162914
CRISPR_VOPP1 (81552),0.16420025148976336
CRISPR_DOLK (22845),0.16419624600043292
CRISPR_NFE2L3 (9603),0.1641946129861216
CRISPR_ADGRE1 (2015),0.16419069436057132
CRISPR_RNF26 (79102),0.1641897577481055
CRISPR_TEX29 (121793),0.16418561482583893
CRISPR_TMEM185B (79134),0.16418530015588573
CRISPR_HSPB9 (94086),0.16418463805633188
CRISPR_CEMP1 (752014),0.1641846051527649
CRISPR_PLA2G7 (7941),0.16418049831916193
CRISPR_LDLR (3949),0.16418049361600673
CRISPR_CAPN1 (823),0.16417432663942844
CRISPR_ATG2A (23130),0.16417113416827878
CRISPR_RASL10A (10633),0.16417037137926727
CRISPR_AMD1 (262),0.16416841250364111
CRISPR_METTL15 (196074),0.16416520677150626
CRISPR_ATRX (546),0.16416471816906775
CRISPR_XRCC1 (7515),0.16416467206398977
CRISPR_INTS8 (55656),0.1641639150817662
CRISPR_NONO (4841),0.16416267041006805
CRISPR_HSPA14 (51182),0.1641584806114036
CRISPR_SMR3B (10879),0.16415079783533404
CRISPR_AREL1 (9870),0.16414983763798485
CRISPR_FBXO22 (26263),0.1641470741454194
CRISPR_SLAMF9 (89886),0.16414346361863874
CRISPR_POTEI (653269),0.16413836551640415
CRISPR_GANAB (23193),0.1641372500093592
CRISPR_ZFP57 (346171),0.1641364196177202
CRISPR_SAMD4B (55095),0.16413438323511187
CRISPR_PRDX5 (25824),0.1641341919286372
CRISPR_CTAGE1 (64693),0.16412912231507093
CRISPR_ERBB4 (2066),0.16412841126298527
CRISPR_C2orf78 (388960),0.1641267484108866
CRISPR_MYBPC3 (4607),0.16412567709296333
CRISPR_PUM2 (23369),0.16412542996948343
CRISPR_MITD1 (129531),0.16412520452697255
CRISPR_RMP24 (83608),0.16412403595571057
CRISPR_MRPS7 (51081),0.16412359446279812
CRISPR_KDM1A (23028),0.16412331921419998
CRISPR_LRCH4 (4034),0.16412012176476054
CRISPR_ERLN (100130933),0.16411740567509447
CRISPR_KLHL11 (55175),0.164117297087647
CRISPR_P4HA2 (8974),0.16411099530331086
CRISPR_CBY1 (25776),0.16411013742189695
CRISPR_SLC25A5 (292),0.16410873037693285
CRISPR_ARGLU1 (55082),0.16410818175149977
CRISPR_KRTCAP2 (200185),0.16410738679614578
CRISPR_PDCD6IP (10015),0.1640983401308187
CRISPR_SLC4A1 (6521),0.16409593132059364
CRISPR_ILK (3611),0.16409165675918302
CRISPR_TNRC6B (23112),0.16409045391764554
CRISPR_THAP3 (90326),0.1640901914379187
CRISPR_MYO10 (4651),0.1640883943645166
CRISPR_NAA40 (79829),0.16408570438904846
CRISPR_DCLRE1B (64858),0.16408501432557543
CRISPR_NME9 (347736),0.1640843804360772
CRISPR_KRTAP5-11 (440051),0.16408229336285096
CRISPR_SDHC (6391),0.16407987944588864
CRISPR_ARHGAP27 (201176),0.16407984478761417
CRISPR_SLC25A25 (114789),0.1640795404005564
CRISPR_TM9SF4 (9777),0.16407583063367337
CRISPR_LPA (4018),0.16406941721390655
CRISPR_ZNF706 (51123),0.1640679273257124
CRISPR_ADAT2 (134637),0.16406529766041889
CRISPR_DIAPH3 (81624),0.16406172341392722
CRISPR_RHEB (6009),0.1640601424315653
CRISPR_TTK (7272),0.16405857224155618
CRISPR_TNFRSF12A (51330),0.16405802895628607
CRISPR_GALNT9 (50614),0.16405754344858714
CRISPR_ARL5C (390790),0.16405728963856614
CRISPR_DEFB118 (117285),0.16404784039890608
CRISPR_NME5 (8382),0.1640439197510286
CRISPR_MOG (4340),0.16403931102779445
CRISPR_DAPP1 (27071),0.16403772541015993
CRISPR_SLC25A18 (83733),0.16403408088310378
CRISPR_CUL2 (8453),0.16402986985848678
CRISPR_ADAM11 (4185),0.16402934369208833
CRISPR_PLAC8L1 (153770),0.16402842592897482
CRISPR_S100A5 (6276),0.16402613456429016
CRISPR_C12orf71 (728858),0.1640245173051884
CRISPR_SIVA1 (10572),0.16402380910323977
CRISPR_ZNF75A (7627),0.16402223679526617
CRISPR_TFG (10342),0.16402015102568246
CRISPR_THG1L (54974),0.164017627141547
CRISPR_USP10 (9100),0.16401716306164182
CRISPR_AMER2 (219287),0.16401477394387243
CRISPR_BLTP3A (54887),0.16401372755963362
CRISPR_FOLR1 (2348),0.1640066960694191
CRISPR_KDM2A (22992),0.16400400134543247
CRISPR_PIM3 (415116),0.16400199699712292
CRISPR_EHMT1 (79813),0.16400011691826766
CRISPR_TP53I3 (9540),0.1639972912229979
CRISPR_PTOV1 (53635),0.1639882707732383
CRISPR_P3H1 (64175),0.1639881447934508
CRISPR_ADAMTSL4 (54507),0.16398728895569814
CRISPR_TADA2B (93624),0.16398500357904044
CRISPR_PPIP5K2 (23262),0.16397833907579162
CRISPR_RBSN (64145),0.16397694315484923
CRISPR_MAPK6 (5597),0.1639758878841464
CRISPR_ALG8 (79053),0.16397421630996334
CRISPR_EZR (7430),0.16397269544813842
CRISPR_CRISP1 (167),0.16397242675859225
CRISPR_METTL1 (4234),0.16396774253588386
CRISPR_FMNL1 (752),0.16396594287671373
CRISPR_ACTR5 (79913),0.16396091741501007
CRISPR_PGAP6 (58986),0.16395423500639073
CRISPR_TPGS1 (91978),0.163954178400588
CRISPR_CIMAP3 (128344),0.16394447531402534
CRISPR_POLR1G (10849),0.16394428522021443
CRISPR_PPIL3 (53938),0.16394309035554144
CRISPR_RPL22L1 (200916),0.1639413680217423
CRISPR_PIN4 (5303),0.1639372010639315
CRISPR_C1orf87 (127795),0.16393151923288318
CRISPR_VPS72 (6944),0.16392742689623407
CRISPR_KRT32 (3882),0.16392186687707344
CRISPR_CD248 (57124),0.16391117151238976
CRISPR_POLA1 (5422),0.16391101632185556
CRISPR_ATP13A3 (79572),0.16390858299528777
CRISPR_PRAC1 (84366),0.16390805361144967
CRISPR_DNAJA1 (3301),0.16390598748402763
CRISPR_AK2 (204),0.16390576338490703
CRISPR_IRS2 (8660),0.16389933727267714
CRISPR_PROS1 (5627),0.16389602901593303
CRISPR_SLMAP (7871),0.16389557602518057
CRISPR_HNF1B (6928),0.16388893528035187
CRISPR_VMA22 (84317),0.16388581776469469
CRISPR_SAMD9L (219285),0.1638858109197736
CRISPR_CTSF (8722),0.16388406504808284
CRISPR_FANCL (55120),0.16388376764373813
CRISPR_CHM (1121),0.16388309340133045
CRISPR_RIGI (23586),0.1638731905705404
CRISPR_PFDN1 (5201),0.16386917444661453
CRISPR_HEXIM1 (10614),0.1638671571569672
CRISPR_MARCKSL1 (65108),0.16386632098304954
CRISPR_ZCCHC17 (51538),0.1638646298493649
CRISPR_SYT11 (23208),0.16386415309348923
CRISPR_MTMR4 (9110),0.16386228785396462
CRISPR_CLPX (10845),0.16386141633472118
CRISPR_RBM19 (9904),0.16386056251325076
CRISPR_PAEP (5047),0.16386015867557369
CRISPR_LPCAT3 (10162),0.1638601449354855
CRISPR_AFF4 (27125),0.16385985222817645
CRISPR_ENDOU (8909),0.1638596290957013
CRISPR_EXT2 (2132),0.16385819944342916
CRISPR_HTR7 (3363),0.16385194393747327
CRISPR_TACR1 (6869),0.1638515310390849
CRISPR_CCDC25 (55246),0.16385063052886117
CRISPR_ERCC4 (2072),0.16383837115286326
CRISPR_TRIM17 (51127),0.16383317039099587
CRISPR_CTDNEP1 (23399),0.16382725595227132
CRISPR_CTNND1 (1500),0.16382568034112932
CRISPR_RAB1B (81876),0.16382530598537226
CRISPR_TEX9 (374618),0.16382311359658175
CRISPR_BSCL2 (26580),0.16381610156613746
CRISPR_SMIM7 (79086),0.16381562743432188
CRISPR_IL36B (27177),0.1638134982218089
CRISPR_ZNF687 (57592),0.16381226988024533
CRISPR_BRIP1 (83990),0.1638111696159834
CRISPR_UBE2C (11065),0.1638096430489968
CRISPR_H1-2 (3006),0.16380441509786792
CRISPR_SETX (23064),0.1638010422692986
CRISPR_TRIB1 (10221),0.16380085396001132
CRISPR_CIMIP2A (401565),0.16379944279933856
CRISPR_TRMT1 (55621),0.1637988086565132
CRISPR_RAB1A (5861),0.16379350152206218
CRISPR_NACC1 (112939),0.16379350098998202
CRISPR_NR4A1 (3164),0.16379060746209007
CRISPR_MMP19 (4327),0.163788833141699
CRISPR_ACSL1 (2180),0.1637886425970203
CRISPR_TNFAIP8L2 (79626),0.1637845195954455
CRISPR_E4F1 (1877),0.1637762441246906
CRISPR_WDR89 (112840),0.16377523582076137
CRISPR_FAM117A (81558),0.1637713807264829
CRISPR_LCE1B (353132),0.16376851111697555
CRISPR_CYP2C18 (1562),0.16376839590481573
CRISPR_LMNTD1 (160492),0.16376591842863153
CRISPR_RPN2 (6185),0.16376556847495927
CRISPR_MAF1 (84232),0.16376287747210494
CRISPR_EWSR1 (2130),0.1637626350847583
CRISPR_P4HA3 (283208),0.16376219838730943
CRISPR_PTP4A3 (11156),0.16376170883990948
CRISPR_INTS12 (57117),0.16376092418962873
CRISPR_ACVR1B (91),0.16376090934848087
CRISPR_MEA1 (4201),0.16376047904126523
CRISPR_GATAD1 (57798),0.16375942183096104
CRISPR_CPAP (55835),0.16375937320338974
CRISPR_MORC2 (22880),0.16375683410168484
CRISPR_EPS15 (2060),0.16375220265869395
CRISPR_SLC22A15 (55356),0.1637499650617551
CRISPR_RIMKLB (57494),0.16373921397517055
CRISPR_CEBPB (1051),0.16373823216603522
CRISPR_VPS4A (27183),0.16373753990948448
CRISPR_TFAP4 (7023),0.16373554125208045
CRISPR_RAB8A (4218),0.16373330908196237
CRISPR_TIMM22 (29928),0.16373106793451786
CRISPR_SNX6 (58533),0.16372774631624143
CRISPR_SLC25A31 (83447),0.1637210864025027
CRISPR_PHKG1 (5260),0.1637179467384735
CRISPR_MOCS3 (27304),0.1637140106826438
CRISPR_PSMF1 (9491),0.16370912984603336
CRISPR_ZZZ3 (26009),0.16370445596202554
CRISPR_FOXO1 (2308),0.16370154838784412
CRISPR_FAM216A (29902),0.16369785867990316
CRISPR_NPC1L1 (29881),0.16369325139385005
CRISPR_SUZ12 (23512),0.16369258684466104
CRISPR_GLS2 (27165),0.16368884481596702
CRISPR_AK5 (26289),0.16368719494068795
CRISPR_NDUFAF1 (51103),0.16368469187040446
CRISPR_BLZF1 (8548),0.16368339311568203
CRISPR_AHNAK (79026),0.16368005726903867
CRISPR_GJC3 (349149),0.16367431025616241
CRISPR_REM1 (28954),0.16367299144941505
CRISPR_DPF1 (8193),0.16367146641675845
CRISPR_AGAP6 (414189),0.1636693868947754
CRISPR_RHPN1 (114822),0.16366741382911698
CRISPR_COX7B (1349),0.1636630307886069
CRISPR_TFB2M (64216),0.1636617876889419
CRISPR_SIMC1 (375484),0.16366103829902023
CRISPR_GLRX5 (51218),0.1636598829138114
CRISPR_NGDN (25983),0.16365933822074474
CRISPR_RIC1 (57589),0.1636587837385015
CRISPR_CENPT (80152),0.16365642842544936
CRISPR_MEIS3 (56917),0.16365499302582265
CRISPR_H2AC25 (92815),0.1636486011134517
CRISPR_ACD (65057),0.16364797281619214
CRISPR_SAMM50 (25813),0.1636477530135556
CRISPR_CMTR2 (55783),0.16364674142871038
CRISPR_EDEM2 (55741),0.1636399348100115
CRISPR_TRIM9 (114088),0.16363941295778073
CRISPR_FGD4 (121512),0.1636349371589798
CRISPR_PEX14 (5195),0.1636347071609947
CRISPR_MOB4 (25843),0.16363236448809104
CRISPR_IST1 (9798),0.16363215696922762
CRISPR_ELOVL1 (64834),0.16363177509742055
CRISPR_ABTB3 (121551),0.16363149394452758
CRISPR_NDUFV2 (4729),0.1636300455186035
CRISPR_WTAP (9589),0.16362926168353376
CRISPR_ATG16L2 (89849),0.1636222733231394
CRISPR_SHLD2 (54537),0.16362138106891866
CRISPR_TMEM30A (55754),0.16361686224856342
CRISPR_NFATC2IP (84901),0.16361318947300507
CRISPR_GOLGA7 (51125),0.16360533058251825
CRISPR_HMBS (3145),0.16360199936055508
CRISPR_BNIP3 (664),0.16360111017690038
CRISPR_CCDC88B (283234),0.1635970664322457
CRISPR_CYP4F11 (57834),0.16359636813693168
CRISPR_DRC12 (283152),0.16359174237595742
CRISPR_RITA1 (84934),0.1635870921135103
CRISPR_LARP1 (23367),0.16358541211625344
CRISPR_C8orf88 (100127983),0.1635847395501857
CRISPR_H2AJ (55766),0.16358443574542036
CRISPR_BAZ1B (9031),0.1635828681388336
CRISPR_ZMYM2 (7750),0.16358254949235196
CRISPR_NDUFA1 (4694),0.1635822120564372
CRISPR_UFM1 (51569),0.1635721153251346
CRISPR_TFIP11 (24144),0.16356802885564914
CRISPR_PGLS (25796),0.16356611598289295
CRISPR_ISG15 (9636),0.1635643743385149
CRISPR_OTX1 (5013),0.16356263196293241
CRISPR_DPY19L4 (286148),0.1635612608552055
CRISPR_FOXP1 (27086),0.16356093964123275
CRISPR_RHEBL1 (121268),0.16356059934899214
CRISPR_SMARCB1 (6598),0.1635565033673192
CRISPR_DCUN1D1 (54165),0.16355047585096916
CRISPR_FAAP20 (199990),0.16354872157692046
CRISPR_UNC5CL (222643),0.16354488731817263
CRISPR_RNF4 (6047),0.16354414177035803
CRISPR_EEF1AKMT3 (25895),0.16353940133614575
CRISPR_ACP6 (51205),0.16353590949764296
CRISPR_TIPARP (25976),0.16352574332721304
CRISPR_TMEM82 (388595),0.16352223399121346
CRISPR_CLDN19 (149461),0.1635168275244796
CRISPR_SERBP1 (26135),0.16350580119475566
CRISPR_PXMP2 (5827),0.1635003048213859
CRISPR_DCTN2 (10540),0.16349852564456135
CRISPR_TMEM256 (254863),0.16349534892833706
CRISPR_NIF3L1 (60491),0.16349033612874386
CRISPR_RGS6 (9628),0.16348924950484722
CRISPR_ISOC2 (79763),0.1634876046468836
CRISPR_AKTIP (64400),0.16348399040802786
CRISPR_TAF12 (6883),0.16348222791830214
CRISPR_MAPK14 (1432),0.16348095348763358
CRISPR_SGF29 (112869),0.16347957680915037
CRISPR_TBC1D10C (374403),0.16347818265884762
CRISPR_GMEB2 (26205),0.16347690540888316
CRISPR_ATP13A1 (57130),0.16347563675414634
CRISPR_SIN3B (23309),0.16347000785420995
CRISPR_RIN1 (9610),0.1634590092272452
CRISPR_STH (246744),0.16345263535146692
CRISPR_MACROH2A2 (55506),0.16345171690448979
CRISPR_TRAIP (10293),0.16345131428596105
CRISPR_VEGFB (7423),0.16344869817194674
CRISPR_VIPAS39 (63894),0.16344584778667848
CRISPR_SRRD (402055),0.16344314808638938
CRISPR_KIF22 (3835),0.16344139375191524
CRISPR_TRNP1 (388610),0.16344131475339374
CRISPR_SHC1 (6464),0.1634407104322202
CRISPR_LIG1 (3978),0.16344065952172926
CRISPR_SCAF1 (58506),0.16343763437256165
CRISPR_ARHGAP33 (115703),0.16343698335728174
CRISPR_TMED2 (10959),0.16343554651013825
CRISPR_METTL5 (29081),0.1634327711607657
CRISPR_API5 (8539),0.16343261126114594
CRISPR_CYP4F2 (8529),0.16343236250257132
CRISPR_KLF3 (51274),0.16343165756374844
CRISPR_ARHGAP11A (9824),0.16342974551841216
CRISPR_GCNA (93953),0.1634296877624717
CRISPR_CMA1 (1215),0.16342535448451034
CRISPR_VPS51 (738),0.1634234769649865
CRISPR_SHISA5 (51246),0.16342120813570027
CRISPR_QRSL1 (55278),0.163418948452156
CRISPR_KATNB1 (10300),0.1634106840455578
CRISPR_HIPK4 (147746),0.1634083053700195
CRISPR_CTXN1 (404217),0.1634076042317929
CRISPR_MASP2 (10747),0.16340277515142088
CRISPR_NDUFA10 (4705),0.16340041983046572
CRISPR_ZC3H10 (84872),0.16339893684516316
CRISPR_COG7 (91949),0.16339882995485588
CRISPR_YTHDC1 (91746),0.16338908213700165
CRISPR_TMCO3 (55002),0.16338781532790936
CRISPR_RRP9 (9136),0.1633863515868148
CRISPR_MARK2 (2011),0.16338596156621055
CRISPR_EAF1 (85403),0.1633845937562617
CRISPR_CD2BP2 (10421),0.1633841261283857
CRISPR_HGS (9146),0.16338243880498116
CRISPR_GPC6 (10082),0.1633808504388803
CRISPR_SKA3 (221150),0.16337279940723626
CRISPR_TTC7A (57217),0.16337230498695732
CRISPR_CAP1 (10487),0.16337153016020523
CRISPR_AFMID (125061),0.1633680495895451
CRISPR_PRORP (9692),0.16336766907666167
CRISPR_COPS8 (10920),0.16336760362989544
CRISPR_RTF1 (23168),0.16336671109578038
CRISPR_AVP (551),0.16336423173163261
CRISPR_ENSA (2029),0.1633635003351026
CRISPR_ZFAND3 (60685),0.163359602208212
CRISPR_COX20 (116228),0.16335879540861775
CRISPR_DPH2 (1802),0.16335698388942532
CRISPR_IFT140 (9742),0.16335632386755794
CRISPR_VMA21 (203547),0.16335585750251091
CRISPR_METTL17 (64745),0.16335574215964854
CRISPR_TMEM183A (92703),0.16335301867685104
CRISPR_STEEP1 (63932),0.16335067689324312
CRISPR_KLHDC8A (55220),0.16334956021707026
CRISPR_C22orf23 (84645),0.1633473959612104
CRISPR_LRRCC1 (85444),0.16334108958635074
CRISPR_AKR1B15 (441282),0.16333948121709874
CRISPR_ATP5PF (522),0.1633388229177406
CRISPR_OVCA2 (124641),0.16333694026006818
CRISPR_RAB5A (5868),0.16333629156834828
CRISPR_PROCA1 (147011),0.16333396267788913
CRISPR_ZMIZ2 (83637),0.16333174108074733
CRISPR_TMEM229B (161145),0.16333026750241775
CRISPR_WDR73 (84942),0.16332797613397787
CRISPR_PET117 (100303755),0.1633271119056765
CRISPR_DENND2D (79961),0.16331689488402557
CRISPR_OSBP (5007),0.16331530585545817
CRISPR_SHQ1 (55164),0.16331213633136965
CRISPR_ITSN2 (50618),0.1633115228123332
CRISPR_CDK6 (1021),0.16330744073459869
CRISPR_UTP25 (27042),0.163304849995086
CRISPR_NAXE (128240),0.16330357217972935
CRISPR_GAS1 (2619),0.1632956912779564
CRISPR_PIP5K1A (8394),0.16329468911088174
CRISPR_COX7C (1350),0.16329094740924965
CRISPR_ACSL3 (2181),0.163290179404048
CRISPR_CARD10 (29775),0.1632885398716608
CRISPR_SDF2L1 (23753),0.16328806993586387
CRISPR_ZCCHC9 (84240),0.16328151149550507
CRISPR_ZNF134 (7693),0.163279987759001
CRISPR_PEX11B (8799),0.16327908067880514
CRISPR_ZFAND5 (7763),0.1632787598934451
CRISPR_ARL8B (55207),0.1632783751410516
CRISPR_BORCS7 (119032),0.16327633748308568
CRISPR_FKBP2 (2286),0.16327580423521315
CRISPR_RBM28 (55131),0.163274893304858
CRISPR_SRSF4 (6429),0.16327309071468576
CRISPR_MAEA (10296),0.16327096692835852
CRISPR_CHCHD5 (84269),0.1632697823660898
CRISPR_BARD1 (580),0.16326672990326685
CRISPR_MRPL34 (64981),0.16326529428193037
CRISPR_SLC22A25 (387601),0.16326360588773614
CRISPR_LOXL3 (84695),0.16326283996561486
CRISPR_UPB1 (51733),0.16326021975521332
CRISPR_RTN3 (10313),0.16325805005431526
CRISPR_ACVR2A (92),0.16325773710834124
CRISPR_ACOX1 (51),0.16325555475626707
CRISPR_MAP1A (4130),0.1632526743918996
CRISPR_DDX6 (1656),0.16324968755045965
CRISPR_EXOC8 (149371),0.16324452649413868
CRISPR_KCNA10 (3744),0.16324383804583675
CRISPR_COMMD3 (23412),0.16324192068980103
CRISPR_MNAT1 (4331),0.16324136756896035
CRISPR_SLC16A12 (387700),0.16323854909999813
CRISPR_ZBTB40 (9923),0.16323495097748086
CRISPR_ZNF688 (146542),0.16323473043987136
CRISPR_CCDC124 (115098),0.16322995999553225
CRISPR_NPEPPS (9520),0.16322667486726417
CRISPR_GTF3C1 (2975),0.16322369795751968
CRISPR_CAMSAP1 (157922),0.1632222234153744
CRISPR_RNF40 (9810),0.16322089612082902
CRISPR_LHX1 (3975),0.1632139755387474
CRISPR_SLC22A11 (55867),0.16321377352914457
CRISPR_CYB5R2 (51700),0.1632130775202132
CRISPR_PPP2R5C (5527),0.1632114059327563
CRISPR_SHFL (55337),0.16320796287083184
CRISPR_BMAL1 (406),0.16320702225484762
CRISPR_NUDT16L1 (84309),0.16320556399304031
CRISPR_ADAMTS6 (11174),0.16320382904470243
CRISPR_VPS33A (65082),0.16320332285278472
CRISPR_SPECC1L (23384),0.16320124209493692
CRISPR_CYB561D1 (284613),0.16319808985965079
CRISPR_NSFL1C (55968),0.16319760119490123
CRISPR_PSG1 (5669),0.1631961092706007
CRISPR_ERCC3 (2071),0.16319452666451895
CRISPR_MRPL1 (65008),0.16319423095366492
CRISPR_FAM136A (84908),0.16319135932554119
CRISPR_SNRNP48 (154007),0.16319109215239358
CRISPR_JAZF1 (221895),0.1631904985407342
CRISPR_MSRB1 (51734),0.1631867010326582
CRISPR_BPNT1 (10380),0.16318201957984435
CRISPR_MIEN1 (84299),0.16317934974196735
CRISPR_ATP5F1C (509),0.16317800061375554
CRISPR_CHRAC1 (54108),0.16317751955534288
CRISPR_MRPL24 (79590),0.16317450615467877
CRISPR_VAPA (9218),0.16317237363895565
CRISPR_GRK3 (157),0.16316675347155307
CRISPR_ZW10 (9183),0.16316607200067423
CRISPR_PRKCE (5581),0.16316028172774288
CRISPR_SSBP3 (23648),0.16315973601095557
CRISPR_GCN1 (10985),0.1631590543452779
CRISPR_MED13 (9969),0.16315461292489442
CRISPR_PRKCSH (5589),0.163152521414192
CRISPR_HDAC8 (55869),0.16315236701317382
CRISPR_STAMBP (10617),0.16314998560182215
CRISPR_CRLS1 (54675),0.16314726039090655
CRISPR_RALBP1 (10928),0.163145840016389
CRISPR_ZNF335 (63925),0.16314172072778277
CRISPR_EPCAM (4072),0.16313728283719886
CRISPR_DPPA2 (151871),0.16313421897979463
CRISPR_COG6 (57511),0.16313391396167276
CRISPR_DPM1 (8813),0.1631338057305065
CRISPR_BCL2L13 (23786),0.16313340177055746
CRISPR_TTF1 (7270),0.1631318787295708
CRISPR_ETAA1 (54465),0.16313046556955157
CRISPR_ACKR4 (51554),0.16312481938776546
CRISPR_SUSD2 (56241),0.1631225223341657
CRISPR_FRMD5 (84978),0.16312021652871245
CRISPR_PSME2 (5721),0.16311007157058022
CRISPR_MBIP (51562),0.16310613932710272
CRISPR_DNAH7 (56171),0.16310321926096094
CRISPR_MDP1 (145553),0.16310223122708933
CRISPR_KREMEN2 (79412),0.16309498499707065
CRISPR_COX5B (1329),0.16309461574669104
CRISPR_PAIP1 (10605),0.16309400262003937
CRISPR_TRAF4 (9618),0.16308848255421182
CRISPR_IGHMBP2 (3508),0.16308092830124377
CRISPR_NAA30 (122830),0.1630686677024702
CRISPR_MRPS14 (63931),0.1630685391460922
CRISPR_VCPKMT (79609),0.16306575739245055
CRISPR_B3GAT3 (26229),0.1630567096629214
CRISPR_LIG3 (3980),0.1630561637690855
CRISPR_TM2D1 (83941),0.16305306821085352
CRISPR_MS4A5 (64232),0.16305171172907595
CRISPR_RNF2 (6045),0.1630510219163286
CRISPR_RBM10 (8241),0.1630508014814076
CRISPR_TM7SF2 (7108),0.16305038343812672
CRISPR_CLTB (1212),0.1630488091065212
CRISPR_SLC6A17 (388662),0.16304202230440712
CRISPR_COL9A3 (1299),0.1630416081469468
CRISPR_MRM1 (79922),0.16304131699812174
CRISPR_NOM1 (64434),0.16304117168374344
CRISPR_MRPS30 (10884),0.16303964624076706
CRISPR_GRK6 (2870),0.1630386125740868
CRISPR_GNAT2 (2780),0.16302563979609364
CRISPR_TPH2 (121278),0.16302512915720513
CRISPR_NDUFB10 (4716),0.16302298546174754
CRISPR_CEP57 (9702),0.16302297820585832
CRISPR_NOL8 (55035),0.16301996616622372
CRISPR_H4C3 (8364),0.163015923912031
CRISPR_SEC11A (23478),0.16301328813355553
CRISPR_PARS2 (25973),0.1630098077738733
CRISPR_CFAP20 (29105),0.1630025251755578
CRISPR_IL18 (3606),0.16300247276802615
CRISPR_GAB2 (9846),0.1630018815262808
CRISPR_CROCC (9696),0.16300141661609668
CRISPR_UBE2J2 (118424),0.16299990798629782
CRISPR_NFYC (4802),0.1629945292919217
CRISPR_GAL3ST2 (64090),0.16299425063458628
CRISPR_GTF3C5 (9328),0.16299386468864352
CRISPR_PGM3 (5238),0.1629894214930765
CRISPR_USF1 (7391),0.16298833728658302
CRISPR_MATN1 (4146),0.16298739159307551
CRISPR_TAPBP (6892),0.16298500057529797
CRISPR_NMNAT1 (64802),0.16298290998443044
CRISPR_SFXN1 (94081),0.16298061522085128
CRISPR_TIPIN (54962),0.1629778618768949
CRISPR_PEX26 (55670),0.16297654871012401
CRISPR_CLDN6 (9074),0.16297502843194156
CRISPR_COA8 (84334),0.16297043747247475
CRISPR_ZP3 (7784),0.1629572191760955
CRISPR_COPS4 (51138),0.1629568542950537
CRISPR_CCDC142 (84865),0.16295576493023045
CRISPR_ZNF714 (148206),0.1629551749091105
CRISPR_TUFM (7284),0.1629522515975479
CRISPR_YIPF2 (78992),0.16294983597830726
CRISPR_ZBTB9 (221504),0.16294952386949113
CRISPR_BORCS8 (729991),0.16294850946629058
CRISPR_GJD3 (125111),0.1629470229213288
CRISPR_NELFE (7936),0.1629469791117213
CRISPR_SPINK14 (408187),0.16294618200444333
CRISPR_TACC3 (10460),0.16294326869757292
CRISPR_ATP5MK (84833),0.16294250695412416
CRISPR_ADAM10 (102),0.16294165161817276
CRISPR_NSUN3 (63899),0.1629387678031078
CRISPR_MT1E (4493),0.16293387112378444
CRISPR_AQP6 (363),0.16293180892500025
CRISPR_VPS52 (6293),0.162926968736671
CRISPR_PSD4 (23550),0.16292551786456855
CRISPR_MS4A8 (83661),0.16292479445121089
CRISPR_NUMA1 (4926),0.16292377387241963
CRISPR_TNFRSF13B (23495),0.16292255879177553
CRISPR_PLA2G12A (81579),0.16291478645805935
CRISPR_TRAPPC2L (51693),0.16290621027420293
CRISPR_MOGS (7841),0.16290620208935902
CRISPR_ZNF217 (7764),0.16290366423090052
CRISPR_TEFM (79736),0.16289907993948027
CRISPR_IL13RA2 (3598),0.16289747607240912
CRISPR_ZC3H3 (23144),0.1628961818569854
CRISPR_C5orf15 (56951),0.16289617438865545
CRISPR_SAR1B (51128),0.16289543585519972
CRISPR_MEAF6 (64769),0.16289074715045881
CRISPR_OLA1 (29789),0.16288628536900163
CRISPR_GAR1 (54433),0.16288511491072555
CRISPR_PTMA (5757),0.16288333594484072
CRISPR_NOX1 (27035),0.16287646867471928
CRISPR_SLC35A3 (23443),0.16287548885951342
CRISPR_RANBP2 (5903),0.16287048637453871
CRISPR_ZNHIT1 (10467),0.1628655570063673
CRISPR_MRPS27 (23107),0.16286268667037795
CRISPR_RENBP (5973),0.16285652327872313
CRISPR_TCF7 (6932),0.16285641135539564
CRISPR_H2AC16 (8332),0.16285542143608112
CRISPR_XKR7 (343702),0.16285418565631193
CRISPR_LAP3 (51056),0.16284942007908576
CRISPR_SEC61B (10952),0.16284939968882828
CRISPR_BCAN (63827),0.16284663688670697
CRISPR_CSNK1A1L (122011),0.16284479425955922
CRISPR_DHX36 (170506),0.162844757440328
CRISPR_ZNF239 (8187),0.16284317474671894
CRISPR_RPL28 (6158),0.1628385859167505
CRISPR_ZWILCH (55055),0.16283778578838337
CRISPR_PRR15L (79170),0.1628373190773269
CRISPR_TNXB (7148),0.1628361515801826
CRISPR_ASB6 (140459),0.16283589351219518
CRISPR_GTF3C4 (9329),0.16283463122423658
CRISPR_HERC1 (8925),0.16283361078108616
CRISPR_DYNC1LI2 (1783),0.16282895440158196
CRISPR_SSB (6741),0.16282837633568725
CRISPR_KCTD2 (23510),0.16282800568617883
CRISPR_CPSF7 (79869),0.16282207619065225
CRISPR_ANKRD22 (118932),0.16282041983120532
CRISPR_TMEM39B (55116),0.16281764876890392
CRISPR_C8G (733),0.1628160275344266
CRISPR_DAP (1611),0.1628135098470409
CRISPR_ANKRD12 (23253),0.1628118260894551
CRISPR_FMO1 (2326),0.1628113306466048
CRISPR_CALCB (797),0.162810774665207
CRISPR_DNAJC22 (79962),0.16281041106663707
CRISPR_NMRAL1 (57407),0.162802980947097
CRISPR_CNOT9 (9125),0.16280235131256315
CRISPR_RHOT1 (55288),0.16279883452783572
CRISPR_ANKS6 (203286),0.16279678914986384
CRISPR_TSSK6 (83983),0.16279569256423976
CRISPR_TOP3B (8940),0.16279452001800276
CRISPR_UBE2G2 (7327),0.16279384677354702
CRISPR_KLF7 (8609),0.1627929133010113
CRISPR_MOK (5891),0.16279064094502704
CRISPR_ZMYND8 (23613),0.16278221275008686
CRISPR_HNRNPUL2 (221092),0.16278193150282583
CRISPR_RAB23 (51715),0.16278042117332792
CRISPR_TLCD1 (116238),0.16277530603033252
CRISPR_SAP130 (79595),0.16277476500641797
CRISPR_RAB4B (53916),0.16277394911502885
CRISPR_DUOX1 (53905),0.16276207474114202
CRISPR_HOXA6 (3203),0.16276187899745143
CRISPR_COPS9 (150678),0.1627618122226382
CRISPR_CBFB (865),0.1627615721259339
CRISPR_SSX1 (6756),0.1627609700389856
CRISPR_TRIT1 (54802),0.16276069637611634
CRISPR_HYDIN (54768),0.16275911861945858
CRISPR_MTERF3 (51001),0.16275853268371776
CRISPR_HLA-A (3105),0.16275553193603454
CRISPR_SNX7 (51375),0.16275165465543928
CRISPR_SRPRA (6734),0.16274762188189396
CRISPR_INS (3630),0.1627475020755984
CRISPR_TSPAN31 (6302),0.16273982846029167
CRISPR_CEP295 (85459),0.16273916578468484
CRISPR_LRP5 (4041),0.16273793500146194
CRISPR_TBC1D30 (23329),0.16273634826991046
CRISPR_C16orf90 (646174),0.16273536597775262
CRISPR_WDR25 (79446),0.16273514032203895
CRISPR_MRPL11 (65003),0.16273495825886286
CRISPR_ZMIZ1 (57178),0.16273119665391267
CRISPR_SCAF4 (57466),0.16272575182933124
CRISPR_MRPL41 (64975),0.1627256222523661
CRISPR_BCL7A (605),0.1627251237068137
CRISPR_DNPH1 (10591),0.16272280542970652
CRISPR_HAP1 (9001),0.1627195327707014
CRISPR_ACACB (32),0.16271894936807918
CRISPR_WNT7A (7476),0.16271127942773322
CRISPR_MSL1 (339287),0.16271024107068133
CRISPR_VBP1 (7411),0.16270952510067538
CRISPR_MROH6 (642475),0.16270770475038354
CRISPR_MRPS23 (51649),0.16270716211606207
CRISPR_WDTC1 (23038),0.1627048758628904
CRISPR_KLHDC4 (54758),0.16270239783370677
CRISPR_CCDC59 (29080),0.16270113603534142
CRISPR_BLM (641),0.16270026490007883
CRISPR_KMT2D (8085),0.16269720017315148
CRISPR_SLC25A51 (92014),0.16269536047396382
CRISPR_SLC35D2 (11046),0.16269016064725061
CRISPR_IPO7 (10527),0.16268440374196835
CRISPR_DUSP3 (1845),0.1626821834869716
CRISPR_ATP1B4 (23439),0.16268026618810882
CRISPR_KIAA1143 (57456),0.16267489876129648
CRISPR_BRCA1 (672),0.16267254279558863
CRISPR_SMG8 (55181),0.16266993229143
CRISPR_MEX3B (84206),0.16266862112720393
CRISPR_KXD1 (79036),0.16266777657308573
CRISPR_SYT5 (6861),0.16266594179691118
CRISPR_CRYGB (1419),0.16266365732629406
CRISPR_CEND1 (51286),0.16266192887458786
CRISPR_VASN (114990),0.16265626753204554
CRISPR_DCAF4 (26094),0.16265216238919056
CRISPR_MTA2 (9219),0.16264882922802748
CRISPR_TNS2 (23371),0.16264539833834135
CRISPR_HOXB8 (3218),0.16264507296343833
CRISPR_CDCA3 (83461),0.1626427729586455
CRISPR_AMY2A (279),0.16263851937934337
CRISPR_NDUFA5 (4698),0.16263784969341266
CRISPR_PAN2 (9924),0.1626290097532177
CRISPR_FOSB (2354),0.16262896686486705
CRISPR_TAF13 (6884),0.1626209363252613
CRISPR_FAAP24 (91442),0.1626100859633981
CRISPR_CEP97 (79598),0.16260917098581906
CRISPR_EEF1D (1936),0.16260769475221437
CRISPR_CHURC1 (91612),0.16260580019432247
CRISPR_ACSF2 (80221),0.16260501951957718
CRISPR_GUCA2A (2980),0.16260203620516922
CRISPR_HIC2 (23119),0.162601796793437
CRISPR_H3C4 (8351),0.16259864768530274
CRISPR_HEXIM2 (124790),0.16259749399003365
CRISPR_SZT2 (23334),0.16259599645373335
CRISPR_MED17 (9440),0.16259397283523302
CRISPR_DSG2 (1829),0.16259063329682277
CRISPR_MRPS15 (64960),0.16258831038892385
CRISPR_LRRC28 (123355),0.16258720808864258
CRISPR_UNC50 (25972),0.16258392471257022
CRISPR_STAMBPL1 (57559),0.16258160318038684
CRISPR_POC1A (25886),0.16257792765047174
CRISPR_LLPH (84298),0.16257648167506034
CRISPR_ZNF8 (7554),0.16257636108196838
CRISPR_COG5 (10466),0.16257074561705487
CRISPR_PFDN4 (5203),0.16256250435157948
CRISPR_FBXO41 (150726),0.16256037419337144
CRISPR_MAST2 (23139),0.16255737874040133
CRISPR_MESD (23184),0.16255336216464045
CRISPR_ARF3 (377),0.16254987310303992
CRISPR_CENPE (1062),0.16254492643043505
CRISPR_BTAF1 (9044),0.16254436505272007
CRISPR_COA5 (493753),0.16254139569387505
CRISPR_KLC2 (64837),0.16253869881131333
CRISPR_CDC25A (993),0.1625374866020799
CRISPR_LRRC75A (388341),0.16253674243111327
CRISPR_ADAT3 (113179),0.16253555224824012
CRISPR_INHBE (83729),0.16253377196327978
CRISPR_NOP14 (8602),0.16253065264129596
CRISPR_FRAT2 (23401),0.16252846813191812
CRISPR_MAD2L2 (10459),0.1625264026596298
CRISPR_ABCB10 (23456),0.1625248365592764
CRISPR_CIT (11113),0.16252471909307875
CRISPR_ZNF625 (90589),0.16252173180337692
CRISPR_EPS8L2 (64787),0.1625213147970861
CRISPR_ZC3H8 (84524),0.1625199563777473
CRISPR_MTF2 (22823),0.16251897912324242
CRISPR_ADSS2 (159),0.16251663139402694
CRISPR_TMUB2 (79089),0.16251365792279504
CRISPR_POLD2 (5425),0.16251292098996206
CRISPR_C20orf173 (140873),0.16250622872201514
CRISPR_FDX2 (112812),0.16250405991145644
CRISPR_ACE (1636),0.1625014180954265
CRISPR_STT3A (3703),0.16249721916658189
CRISPR_H1-7 (341567),0.16249228914396774
CRISPR_GIT2 (9815),0.16248272819114185
CRISPR_CENPI (2491),0.1624821840537667
CRISPR_SPATA13 (221178),0.16248184744607563
CRISPR_RELA (5970),0.16247871334134345
CRISPR_HEMK2 (29104),0.16247779731230594
CRISPR_F3 (2152),0.16247771611842943
CRISPR_FLOT2 (2319),0.16247641660600465
CRISPR_PNN (5411),0.1624760780268737
CRISPR_ENPEP (2028),0.1624729384950836
CRISPR_CLC (1178),0.1624697814438747
CRISPR_ITGB3 (3690),0.1624613783762472
CRISPR_SLF2 (55719),0.16245847246252865
CRISPR_C1QTNF4 (114900),0.16245512376489746
CRISPR_DR1 (1810),0.16245112778212434
CRISPR_LRRC46 (90506),0.1624424580845778
CRISPR_PCIF1 (63935),0.16244191747955128
CRISPR_HDGFL1 (154150),0.1624417057959162
CRISPR_CXCL10 (3627),0.162440964249142
CRISPR_RNF168 (165918),0.16243562693582003
CRISPR_LIN54 (132660),0.1624352055848206
CRISPR_GNL3L (54552),0.16243444255069406
CRISPR_KHDC3L (154288),0.16243088643455028
CRISPR_GPR137 (56834),0.16242681976306717
CRISPR_PDCD7 (10081),0.1624238987940112
CRISPR_PDSS1 (23590),0.16242318260927568
CRISPR_ZNF696 (79943),0.16242301160783157
CRISPR_COMTD1 (118881),0.16242106877654017
CRISPR_QRICH1 (54870),0.16242049806085923
CRISPR_SLC1A5 (6510),0.16241688291379308
CRISPR_P4HB (5034),0.16241418318807632
CRISPR_MRPS10 (55173),0.16240948454634552
CRISPR_WDR83OS (51398),0.16240219032479342
CRISPR_KAT5 (10524),0.16239996207175977
CRISPR_GPR75 (10936),0.16239988785673098
CRISPR_ARPC4 (10093),0.16239910889245301
CRISPR_LGR5 (8549),0.16239863766613194
CRISPR_OVGP1 (5016),0.16239745182225995
CRISPR_HIGD2A (192286),0.16239607170747394
CRISPR_CCT8L2 (150160),0.1623948859724118
CRISPR_TAF2 (6873),0.1623922959027455
CRISPR_PTAR1 (375743),0.1623882239494776
CRISPR_ANKRA2 (57763),0.1623847224627486
CRISPR_NTAN1 (123803),0.16238464032924593
CRISPR_ACTR3 (10096),0.16237818293137174
CRISPR_LRRC10B (390205),0.16237773354685725
CRISPR_BIN1 (274),0.16237661631166223
CRISPR_FOXK1 (221937),0.1623726181969074
CRISPR_KCNH4 (23415),0.16237177726070406
CRISPR_CFAP144 (440585),0.1623711977379294
CRISPR_NOL12 (79159),0.1623691617698455
CRISPR_TP53BP1 (7158),0.16236863957991243
CRISPR_IL6ST (3572),0.16236601358061176
CRISPR_ARSB (411),0.16236477867166155
CRISPR_COL11A1 (1301),0.16235988225537934
CRISPR_NCOA6 (23054),0.16235794411777782
CRISPR_SRRM2 (23524),0.1623568578753085
CRISPR_MACIR (90355),0.16235289189444302
CRISPR_RFXANK (8625),0.1623528139153505
CRISPR_FKBPL (63943),0.16234784111998835
CRISPR_FAM168A (23201),0.1623367903181716
CRISPR_FAM171A2 (284069),0.16233589635109436
CRISPR_COG1 (9382),0.1623345701932397
CRISPR_BLOC1S3 (388552),0.1623296568848156
CRISPR_CBY3 (646019),0.1623289543533648
CRISPR_SDHAF2 (54949),0.1623279755478011
CRISPR_SMG7 (9887),0.16232674664995983
CRISPR_SPMIP3 (200159),0.1623257276581329
CRISPR_MCCD1 (401250),0.16232414120590732
CRISPR_MIDN (90007),0.16232396046512854
CRISPR_DIPK1B (138311),0.16232212789548583
CRISPR_OXLD1 (339229),0.16232092070699
CRISPR_ZMAT5 (55954),0.16232032126810125
CRISPR_ARSI (340075),0.16231609195045227
CRISPR_PUS1 (80324),0.1623138674568132
CRISPR_PHF20 (51230),0.16231320958414042
CRISPR_ABCC2 (1244),0.16231198259968238
CRISPR_PSMD9 (5715),0.1623117517767776
CRISPR_WDPCP (51057),0.16231116326028783
CRISPR_TMEM167A (153339),0.1623109840390775
CRISPR_GPR61 (83873),0.162303995115618
CRISPR_C1orf122 (127687),0.1623029048614919
CRISPR_COMT (1312),0.16230270369810906
CRISPR_PAF1 (54623),0.1623012095728269
CRISPR_JTB (10899),0.1623007104857841
CRISPR_FADS1 (3992),0.16230007705723626
CRISPR_MBTPS1 (8720),0.16229069387276596
CRISPR_SLC22A9 (114571),0.16228744533342443
CRISPR_TAF1D (79101),0.16228533707547843
CRISPR_NOA1 (84273),0.16228193676247393
CRISPR_RREB1 (6239),0.16228018239176212
CRISPR_PTK6 (5753),0.1622783235320746
CRISPR_CENPF (1063),0.16227404185279237
CRISPR_ARMCX6 (54470),0.16226724378176183
CRISPR_APOC1 (341),0.1622664633598916
CRISPR_GIGYF2 (26058),0.16226415926754534
CRISPR_PRXL2A (84293),0.16225829976347406
CRISPR_CARS2 (79587),0.16225750202258826
CRISPR_ZKSCAN1 (7586),0.16225536113745065
CRISPR_MRPL23 (6150),0.1622541134758997
CRISPR_ZBTB18 (10472),0.16225321501044476
CRISPR_DPY30 (84661),0.16225084783057664
CRISPR_WDR76 (79968),0.16224897548059136
CRISPR_SV2A (9900),0.162241033155043
CRISPR_RHBDF1 (64285),0.16223838918525768
CRISPR_AGAP2 (116986),0.16223684691430051
CRISPR_ZNF442 (79973),0.16223538922354308
CRISPR_DIPK1A (388650),0.16223188126825772
CRISPR_PIGS (94005),0.16223172748979664
CRISPR_FAM177A1 (283635),0.1622301375999342
CRISPR_LRRC1 (55227),0.16222916165416112
CRISPR_SOX3 (6658),0.16222522091914282
CRISPR_TMEM215 (401498),0.162225097124165
CRISPR_TTC36 (143941),0.16222261756983603
CRISPR_THAP6 (152815),0.1622189067982589
CRISPR_IQCN (80726),0.16221690394395605
CRISPR_FOXC2 (2303),0.16221681794572884
CRISPR_XXYLT1 (152002),0.16221617520256348
CRISPR_ZMYND10 (51364),0.1622151725797405
CRISPR_PLAAT5 (117245),0.16221412427148785
CRISPR_NEUROG3 (50674),0.16221289965976826
CRISPR_TAC3 (6866),0.16221184687602808
CRISPR_CEP192 (55125),0.16220588124782864
CRISPR_KRTAP9-9 (81870),0.16220397303030687
CRISPR_TREML2 (79865),0.16220371628445118
CRISPR_MAJIN (283129),0.16220346399757268
CRISPR_EIF2AK4 (440275),0.16220079245170105
CRISPR_LARP6 (55323),0.1621992366189895
CRISPR_RNF214 (257160),0.1621979780794076
CRISPR_RAB13 (5872),0.16219324924814238
CRISPR_AANAT (15),0.16219280889577536
CRISPR_ERAL1 (26284),0.16219136748330243
CRISPR_PTGER3 (5733),0.16219072875160379
CRISPR_HENMT1 (113802),0.16218145333803324
CRISPR_SFTA2 (389376),0.1621799170205538
CRISPR_SLC9B1 (150159),0.1621756164650252
CRISPR_TMEM80 (283232),0.1621755783929162
CRISPR_BOD1L1 (259282),0.16217496593300673
CRISPR_GNAI2 (2771),0.1621748760244941
CRISPR_ADRM1 (11047),0.16217297045863432
CRISPR_CMIP (80790),0.16217255760678118
CRISPR_TBC1D5 (9779),0.16217202701135403
CRISPR_H2AC8 (3012),0.16216909292595183
CRISPR_FAM133A (286499),0.16216830272757665
CRISPR_MPP2 (4355),0.16216484908385365
CRISPR_RHEX (440712),0.16216433104584294
CRISPR_BCL6B (255877),0.16216292015231204
CRISPR_NT5C3B (115024),0.16216159790550844
CRISPR_TAF11 (6882),0.16215957449486496
CRISPR_GTPBP1 (9567),0.16215920809678241
CRISPR_YEATS4 (8089),0.16215511290274698
CRISPR_VDAC1 (7416),0.16215398870143627
CRISPR_PPME1 (51400),0.16214663894560832
CRISPR_AP3B2 (8120),0.1621428772246496
CRISPR_HADHA (3030),0.1621409982901474
CRISPR_SRSF6 (6431),0.16213946833814585
CRISPR_GEMIN7 (79760),0.16213445390082093
CRISPR_NUFIP1 (26747),0.16213396896826637
CRISPR_C22orf39 (128977),0.1621308125701546
CRISPR_NHP2 (55651),0.16212890613820896
CRISPR_CLDND1 (56650),0.1621287494535082
CRISPR_EXOSC5 (56915),0.16212769211950384
CRISPR_SOX7 (83595),0.16211962355865817
CRISPR_RNF224 (643596),0.16211874066674437
CRISPR_NDUFAF8 (284184),0.16211581968518995
CRISPR_RPS19BP1 (91582),0.16211429438022584
CRISPR_PSMC1 (5700),0.1621138395614743
CRISPR_RBM48 (84060),0.16211252682899335
CRISPR_DACT3 (147906),0.16211061997301535
CRISPR_USP14 (9097),0.16211018731005744
CRISPR_MCM10 (55388),0.16210965111650566
CRISPR_ADA2 (51816),0.162102290483082
CRISPR_RRP7A (27341),0.1621020520719707
CRISPR_UTP23 (84294),0.16210072633441186
CRISPR_KPNA2 (3838),0.16210060878805077
CRISPR_ARMC9 (80210),0.16209830200626651
CRISPR_TAF4 (6874),0.16209792424216118
CRISPR_CWF19L1 (55280),0.1620967458732263
CRISPR_ZBTB2 (57621),0.16209674174512756
CRISPR_IGFLR1 (79713),0.16209673622416254
CRISPR_COMMD8 (54951),0.16209043666556155
CRISPR_VPS53 (55275),0.16208156516003402
CRISPR_HCN2 (610),0.1620812122632005
CRISPR_TP53RK (112858),0.1620803089760514
CRISPR_LAMTOR3 (8649),0.16207828273158054
CRISPR_SH3BP1 (23616),0.16207123578110672
CRISPR_TBC1D10B (26000),0.16206898758183108
CRISPR_TRIM37 (4591),0.16206708671798076
CRISPR_ODF1 (4956),0.16206214191564694
CRISPR_ERI1 (90459),0.1620618188687386
CRISPR_H3C6 (8353),0.1620614912726328
CRISPR_PALB2 (79728),0.1620562999353341
CRISPR_CALML6 (163688),0.16205402309234174
CRISPR_H3C7 (8968),0.1620534906639568
CRISPR_VPS16 (64601),0.1620518849013175
CRISPR_SLC35B2 (347734),0.16204706883712117
CRISPR_MAP1LC3A (84557),0.16204680598622456
CRISPR_ABHD13 (84945),0.16203675792529193
CRISPR_QKI (9444),0.16203654738955464
CRISPR_STAT2 (6773),0.16203519908045205
CRISPR_SMARCC1 (6599),0.16203186883474974
CRISPR_METAP2 (10988),0.16203093354847908
CRISPR_CASKIN1 (57524),0.16202699433493795
CRISPR_FTSJ3 (117246),0.16202663016767893
CRISPR_LST1 (7940),0.16202358687491536
CRISPR_TAC4 (255061),0.16202314356217773
CRISPR_PRKAR1A (5573),0.16201920495277378
CRISPR_FAM76B (143684),0.1620174311333198
CRISPR_NCLN (56926),0.16201728265944038
CRISPR_ST3GAL6 (10402),0.16201608067516293
CRISPR_ATRN (8455),0.16201501830790388
CRISPR_DNM3 (26052),0.16201391685036004
CRISPR_SEPHS2 (22928),0.16201350566832673
CRISPR_DDX52 (11056),0.16201268049406714
CRISPR_GGT5 (2687),0.16201256904799877
CRISPR_RSRC2 (65117),0.1620039723200435
CRISPR_CWF19L2 (143884),0.16200160594953505
CRISPR_EXOSC7 (23016),0.16200016982072807
CRISPR_FOLH1 (2346),0.1619995084881216
CRISPR_NRAS (4893),0.16199693239679558
CRISPR_KRT28 (162605),0.1619895696885738
CRISPR_DCPS (28960),0.16198718520462663
CRISPR_IGF2 (3481),0.16198637748471256
CRISPR_TRAM1L1 (133022),0.16198512694605682
CRISPR_KLF16 (83855),0.16198096026662068
CRISPR_VPS45 (11311),0.1619806924720102
CRISPR_YY1 (7528),0.16197954300707185
CRISPR_IRAK4 (51135),0.1619777581771853
CRISPR_PARD6B (84612),0.16197310819215893
CRISPR_HOXB7 (3217),0.16197210871129375
CRISPR_ANKRD17 (26057),0.161968362988417
CRISPR_GML (2765),0.16196378454221616
CRISPR_MPHOSPH8 (54737),0.16196339285573647
CRISPR_ZNF511 (118472),0.1619628393204442
CRISPR_MSTO1 (55154),0.16196269054885182
CRISPR_ZNF124 (7678),0.16196101145184016
CRISPR_DYDC1 (143241),0.1619582296373645
CRISPR_ATP6V0E1 (8992),0.16195582334323788
CRISPR_PEF1 (553115),0.1619545081314655
CRISPR_VPS35L (57020),0.16195385108831495
CRISPR_BTF3L4 (91408),0.1619524871160083
CRISPR_WDR59 (79726),0.16195221612963184
CRISPR_CHLSN (84310),0.1619510471612884
CRISPR_KNTC1 (9735),0.16194722004307405
CRISPR_RRP1 (8568),0.16194592168062716
CRISPR_MAGOHB (55110),0.16194358976261114
CRISPR_BCL2L12 (83596),0.16194252739488846
CRISPR_ZNF622 (90441),0.16193917523326373
CRISPR_DCAKD (79877),0.16193876407025964
CRISPR_RBM5 (10181),0.16193665566477922
CRISPR_RPP30 (10556),0.16193290526869042
CRISPR_RBM6 (10180),0.16192809061500402
CRISPR_PPIH (10465),0.16192142020600375
CRISPR_XRCC2 (7516),0.16191965906817352
CRISPR_TAS2R60 (338398),0.16191821571225162
CRISPR_POLR3G (10622),0.16191615165609718
CRISPR_DLST (1743),0.1619148266509347
CRISPR_SPMAP1 (388381),0.16191424998589277
CRISPR_TECR (9524),0.16190903374402232
CRISPR_PILRA (29992),0.16190615773675354
CRISPR_GOT2 (2806),0.16190575685867614
CRISPR_TMCO6 (55374),0.16190572742160025
CRISPR_RTF2 (51507),0.161896668077806
CRISPR_PIGL (9487),0.16189417236476444
CRISPR_CEP135 (9662),0.1618878991766728
CRISPR_NUDCD3 (23386),0.16188736065940823
CRISPR_TTC4 (7268),0.1618864716451318
CRISPR_FLT3LG (2323),0.16188285957752946
CRISPR_FBRSL1 (57666),0.1618827167200605
CRISPR_UCN (7349),0.16188268668687922
CRISPR_CRCT1 (54544),0.16188265687906433
CRISPR_PCBD2 (84105),0.16187965853940867
CRISPR_TRUB2 (26995),0.1618751382233823
CRISPR_ADAM21 (8747),0.16185551686352895
CRISPR_LCOR (84458),0.16185225016140325
CRISPR_STRC (161497),0.16185087836872203
CRISPR_ST8SIA1 (6489),0.16185052273231015
CRISPR_GAL (51083),0.16185026667873537
CRISPR_CPNE7 (27132),0.16184941887387172
CRISPR_TBC1D20 (128637),0.16184862419871227
CRISPR_C16orf87 (388272),0.16184591595321685
CRISPR_SYNCRIP (10492),0.16184590371473728
CRISPR_SINHCAF (58516),0.16184480260150114
CRISPR_NDUFAF6 (137682),0.16184251430597207
CRISPR_GPX8 (493869),0.16184216667706242
CRISPR_SPRR2G (6706),0.16184120365151422
CRISPR_PAQR9 (344838),0.16184024611107617
CRISPR_GNG10 (2790),0.16183891698572328
CRISPR_DNAJB1 (3337),0.16183852234474916
CRISPR_CAPN9 (10753),0.1618382848941584
CRISPR_CEP170 (9859),0.16183710067179202
CRISPR_RPN1 (6184),0.1618358070514727
CRISPR_TEX101 (83639),0.1618314481830252
CRISPR_SRPRB (58477),0.16182735732229236
CRISPR_SLC38A2 (54407),0.1618268057933019
CRISPR_PAQR6 (79957),0.1618244258618411
CRISPR_HTRA2 (27429),0.1618152738868277
CRISPR_CACNB3 (784),0.16180823219376972
CRISPR_FKBP3 (2287),0.1618053634324319
CRISPR_TRIM45 (80263),0.16180473233074721
CRISPR_ROCK1 (6093),0.16180451845664567
CRISPR_RAC2 (5880),0.1618019389046026
CRISPR_GET1 (7485),0.1618009304886039
CRISPR_BLMH (642),0.16179984072280273
CRISPR_USP24 (23358),0.1617988394129508
CRISPR_C4orf46 (201725),0.16179593762942623
CRISPR_FOXN4 (121643),0.16179578482536794
CRISPR_PPP4R3A (55671),0.1617952331637218
CRISPR_KLHL40 (131377),0.16179045036661943
CRISPR_RNASE9 (390443),0.161784049159726
CRISPR_HMGXB3 (22993),0.16178158792857733
CRISPR_DDA1 (79016),0.1617782834869974
CRISPR_WDR45 (11152),0.16177762353277814
CRISPR_POU5F2 (134187),0.1617766552371931
CRISPR_DBI (1622),0.16177618151945072
CRISPR_RAPGEFL1 (51195),0.1617706726898085
CRISPR_RAB22A (57403),0.16177055185162104
CRISPR_WDR88 (126248),0.16176868042698622
CRISPR_PI4KA (5297),0.16176564849852237
CRISPR_CNTF (1270),0.1617650954111003
CRISPR_ATP5F1B (506),0.1617637974164925
CRISPR_SP2 (6668),0.16176197686844063
CRISPR_RAB42 (115273),0.16175974461701337
CRISPR_PARP10 (84875),0.16175954222141886
CRISPR_POP4 (10775),0.16175907361003272
CRISPR_PRR11 (55771),0.16175871754775883
CRISPR_TRIM33 (51592),0.16175717226788056
CRISPR_EEF1AKMT4 (110599564),0.16175607280020898
CRISPR_TIE1 (7075),0.16175566370310968
CRISPR_ARHGEF17 (9828),0.16175531584015435
CRISPR_ITPK1 (3705),0.1617468603596155
CRISPR_CNOT7 (29883),0.16174482258403522
CRISPR_UBA5 (79876),0.1617445669161448
CRISPR_DHX30 (22907),0.1617388349614135
CRISPR_TSPYL5 (85453),0.1617380808247706
CRISPR_HMGCL (3155),0.1617313572374357
CRISPR_MBTD1 (54799),0.16173022591097297
CRISPR_SURF6 (6838),0.16172228248497333
CRISPR_CRYBA1 (1411),0.16172219120569853
CRISPR_CDV3 (55573),0.1617210243075755
CRISPR_DDI2 (84301),0.16172089239624565
CRISPR_ANKFY1 (51479),0.16172066731709211
CRISPR_ZNF131 (7690),0.16171869074663903
CRISPR_RAD54L2 (23132),0.16171747651528445
CRISPR_PRKAG1 (5571),0.16171561120070077
CRISPR_NOTO (344022),0.16171552410832746
CRISPR_OS9 (10956),0.16171361945153073
CRISPR_UFSP2 (55325),0.16170383603528737
CRISPR_WFDC13 (164237),0.1617026732137532
CRISPR_SPEF1 (25876),0.16169974806819276
CRISPR_TRIM28 (10155),0.16169850463082014
CRISPR_GPX7 (2882),0.16169810800634998
CRISPR_PPRC1 (23082),0.1616932828404316
CRISPR_KRTAP5-3 (387266),0.16168860914919492
CRISPR_FANCD2 (2177),0.16168767450334176
CRISPR_TCERG1 (10915),0.161679427959311
CRISPR_ITPR3 (3710),0.1616793980862905
CRISPR_CELA1 (1990),0.1616782168430655
CRISPR_ADGRA3 (166647),0.16167768901924262
CRISPR_KCTD9 (54793),0.1616756849436891
CRISPR_PCNP (57092),0.16167431839830382
CRISPR_USP8 (9101),0.1616654068877148
CRISPR_FAHD2B (151313),0.1616637736711155
CRISPR_IDE (3416),0.16166347172819595
CRISPR_DOCK6 (57572),0.16166290260388827
CRISPR_CSKMT (751071),0.16166015828004898
CRISPR_ZNF185 (7739),0.16165923506753455
CRISPR_CERS5 (91012),0.16165699062821837
CRISPR_PTP4A2 (8073),0.16165641995109858
CRISPR_NT5C3A (51251),0.16165384521590376
CRISPR_B3GALT4 (8705),0.16165205204762412
CRISPR_XRCC4 (7518),0.16164685655015365
CRISPR_GPR148 (344561),0.16164289627034645
CRISPR_TCIM (56892),0.1616421797551313
CRISPR_HROB (78995),0.16164077601916738
CRISPR_TNNT2 (7139),0.16163887791208964
CRISPR_FAM89B (23625),0.16163640509203958
CRISPR_CRAMP1 (57585),0.16163590881637013
CRISPR_MRGPRD (116512),0.16163193384107366
CRISPR_LASP1 (3927),0.16162969628716617
CRISPR_NDUFA8 (4702),0.16162914393564698
CRISPR_H2AZ1 (3015),0.16162889163116922
CRISPR_LSM14A (26065),0.16162767110966403
CRISPR_DHX9 (1660),0.161624334344876
CRISPR_HCFC1R1 (54985),0.16162269075290858
CRISPR_ELF4 (2000),0.1616215252215163
CRISPR_USP1 (7398),0.16162110939868413
CRISPR_ARAP1 (116985),0.16161744953256996
CRISPR_BORCS5 (118426),0.16161685852724084
CRISPR_NELFCD (51497),0.1616151273645734
CRISPR_GFI1B (8328),0.16161365230000335
CRISPR_SCNM1 (79005),0.16161336157676498
CRISPR_ADGRE2 (30817),0.16161330659511908
CRISPR_INO80E (283899),0.16161299562135945
CRISPR_TIPRL (261726),0.16161194626174247
CRISPR_KRT72 (140807),0.16161059980859793
CRISPR_PGLYRP3 (114771),0.16160759711382866
CRISPR_ALX3 (257),0.16160725015857214
CRISPR_LAMB3 (3914),0.16160665174510935
CRISPR_KMT2B (9757),0.16160579489695515
CRISPR_TMX1 (81542),0.16160088784816384
CRISPR_ZKSCAN5 (23660),0.16160038107698593
CRISPR_CNIH2 (254263),0.16159949094754467
CRISPR_C2orf68 (388969),0.1615976807945101
CRISPR_RAB10 (10890),0.16159474619350522
CRISPR_CACNA1G (8913),0.1615938735745086
CRISPR_UBE2K (3093),0.16159255870569122
CRISPR_GPRIN2 (9721),0.16158928153833596
CRISPR_LIN52 (91750),0.16158832897552333
CRISPR_ADAMTSL5 (339366),0.1615846826913181
CRISPR_S100A11 (6282),0.16158330156227318
CRISPR_MYLK2 (85366),0.16158317091297913
CRISPR_GDF5 (8200),0.16158008543115177
CRISPR_UBAP2L (9898),0.161579985837089
CRISPR_TJP1 (7082),0.16157997233831534
CRISPR_RNF181 (51255),0.161576620362764
CRISPR_ZNF132 (7691),0.16157506043681735
CRISPR_PPY (5539),0.16157232027434887
CRISPR_ZYG11B (79699),0.1615705355231638
CRISPR_YPEL3 (83719),0.16156638885467345
CRISPR_SQLE (6713),0.1615629370291778
CRISPR_MTIF2 (4528),0.16155783528459278
CRISPR_NAA25 (80018),0.1615546196677462
CRISPR_REV1 (51455),0.16155415734551415
CRISPR_MRPL19 (9801),0.16155384753934943
CRISPR_UBE2V2 (7336),0.1615535756709061
CRISPR_TOMM20 (9804),0.1615513733323768
CRISPR_MTRF1L (54516),0.16154752414083084
CRISPR_RHOG (391),0.1615469239441092
CRISPR_TRIP12 (9320),0.16154582255319738
CRISPR_PTPRU (10076),0.16154564341684363
CRISPR_WIZ (58525),0.16154542634826097
CRISPR_NMU (10874),0.1615437742096839
CRISPR_TMEM95 (339168),0.1615434224608583
CRISPR_PDHB (5162),0.16154265976559223
CRISPR_FRG1 (2483),0.16154244494029069
CRISPR_PYROXD1 (79912),0.1615407572037979
CRISPR_EPSTI1 (94240),0.16153812501520637
CRISPR_KCTD1 (284252),0.16153795920634018
CRISPR_TBCD (6904),0.16153451713459077
CRISPR_TMEM97 (27346),0.16153101535097925
CRISPR_MRPL27 (51264),0.1615309913273002
CRISPR_HNRNPF (3185),0.1615305141347516
CRISPR_STARD3 (10948),0.16152959027147062
CRISPR_WDR12 (55759),0.16152890055614844
CRISPR_TRMT10C (54931),0.16152441665618955
CRISPR_PIWIL3 (440822),0.16152371225787032
CRISPR_DSG1 (1828),0.16152197267913682
CRISPR_MICOS10 (440574),0.1615219335938045
CRISPR_NISCH (11188),0.16151464387372005
CRISPR_KLHL10 (317719),0.1615102486129274
CRISPR_KLHL12 (59349),0.16150783427326765
CRISPR_COQ5 (84274),0.16150488971308086
CRISPR_EMC7 (56851),0.16149948002668424
CRISPR_PRKAB2 (5565),0.16149853458839747
CRISPR_FXN (2395),0.16149812236282113
CRISPR_MED12 (9968),0.16149769682540427
CRISPR_CCND3 (896),0.16149366042206914
CRISPR_ASPSCR1 (79058),0.16148937126710017
CRISPR_PLEKHM1 (9842),0.16148878589083626
CRISPR_PROK1 (84432),0.16148802343203705
CRISPR_ZNF701 (55762),0.16148553639208085
CRISPR_SFTPA1 (653509),0.16148424516711923
CRISPR_IRF1 (3659),0.1614842239696621
CRISPR_WFDC9 (259240),0.16148317605637974
CRISPR_ZNF479 (90827),0.161482828448678
CRISPR_BLTP2 (9703),0.16148151180523218
CRISPR_HOXD10 (3236),0.16147432180091137
CRISPR_B3GNT2 (10678),0.161471778512575
CRISPR_MED21 (9412),0.1614691397368473
CRISPR_WFIKKN2 (124857),0.16146768629470643
CRISPR_ODAD1 (93233),0.16146492900797949
CRISPR_PIGB (9488),0.16146434898423045
CRISPR_CTSK (1513),0.16146382374633728
CRISPR_CNOT1 (23019),0.16146169784395603
CRISPR_DRG1 (4733),0.16146126889838985
CRISPR_PDS5B (23047),0.16145319031785554
CRISPR_B4GALT5 (9334),0.16145261407612566
CRISPR_SVIP (258010),0.16145116771124357
CRISPR_PLEKHJ1 (55111),0.1614510211326614
CRISPR_ASNS (440),0.1614505326939213
CRISPR_DAND5 (199699),0.16144978258983045
CRISPR_TMEM151A (256472),0.16144943432180892
CRISPR_C1orf43 (25912),0.1614445130784583
CRISPR_UQCRC2 (7385),0.1614444942321258
CRISPR_AHCYL1 (10768),0.16144163086456587
CRISPR_SCARF2 (91179),0.1614405310585454
CRISPR_TBL1XR1 (79718),0.16143608854984315
CRISPR_EMSY (56946),0.16143211523595102
CRISPR_TMCO5A (145942),0.1614314213564736
CRISPR_NR2C2AP (126382),0.16143004825638219
CRISPR_PNKP (11284),0.16142820651702028
CRISPR_HCRTR1 (3061),0.16142530620356066
CRISPR_TMEM205 (374882),0.16142286179734988
CRISPR_STUB1 (10273),0.16142089262271675
CRISPR_TPSAB1 (7177),0.1614206775904501
CRISPR_TFPT (29844),0.16141813556819162
CRISPR_APOM (55937),0.16141723536923003
CRISPR_ITGB1 (3688),0.16141589197196993
CRISPR_ITGA7 (3679),0.1614137237102078
CRISPR_RFFL (117584),0.1614130822601325
CRISPR_CC2D1B (200014),0.1614124141563149
CRISPR_RNF8 (9025),0.16140772000026704
CRISPR_PATE3 (100169851),0.16140017440071075
CRISPR_DNAH1 (25981),0.1613995920456679
CRISPR_SLC30A7 (148867),0.16139742223980935
CRISPR_KHDRBS1 (10657),0.16139699450528333
CRISPR_NECAP2 (55707),0.1613940290891307
CRISPR_CDKL3 (51265),0.16139326607108906
CRISPR_TP53I13 (90313),0.16139276108055434
CRISPR_DNAJB8 (165721),0.16139214064859608
CRISPR_RDH10 (157506),0.16139121509944854
CRISPR_HSD17B4 (3295),0.1613819473597342
CRISPR_TMEM243 (79161),0.16137757742655268
CRISPR_SLC33A1 (9197),0.16137713154765443
CRISPR_RAF1 (5894),0.16137482123547553
CRISPR_RNF20 (56254),0.16137473539734337
CRISPR_DHRS7B (25979),0.16136754181760882
CRISPR_MIS12 (79003),0.16136739656710475
CRISPR_TMPRSS12 (283471),0.16136610092454617
CRISPR_TCEAL3 (85012),0.16135876595633025
CRISPR_NDUFB7 (4713),0.16135873072208007
CRISPR_PLAC9 (219348),0.16135324919800897
CRISPR_DHX38 (9785),0.16135318843390323
CRISPR_KLF10 (7071),0.16135115381657883
CRISPR_GCLM (2730),0.16135063787096815
CRISPR_UXT (8409),0.16134732747900493
CRISPR_CLSPN (63967),0.16134710210882552
CRISPR_TUBA3C (7278),0.16134461600458305
CRISPR_GJB4 (127534),0.16134430242393805
CRISPR_NUP153 (9972),0.16134353806313229
CRISPR_COA6 (388753),0.1613407277959169
CRISPR_SPICE1 (152185),0.1613378185124681
CRISPR_GRB2 (2885),0.1613347980441624
CRISPR_MAG (4099),0.16133361337746877
CRISPR_MANF (7873),0.16133318134650398
CRISPR_DRAM1 (55332),0.16133302417317097
CRISPR_FAM32A (26017),0.16133112065363076
CRISPR_RTRAF (51637),0.16132389253061863
CRISPR_PDK2 (5164),0.16132084994368778
CRISPR_H2BC6 (8344),0.1613199471616369
CRISPR_UFC1 (51506),0.1613197208487005
CRISPR_ZNF226 (7769),0.16131857750212486
CRISPR_NUP62 (23636),0.1613174771582777
CRISPR_PLIN3 (10226),0.1613149454072893
CRISPR_GSDMB (55876),0.16131285036996346
CRISPR_ADGRB2 (576),0.161311567674705
CRISPR_RANBP10 (57610),0.1613088178577211
CRISPR_COX15 (1355),0.1613074952622826
CRISPR_STEAP2 (261729),0.16130551588631103
CRISPR_PIGO (84720),0.16130290306262385
CRISPR_C17orf50 (146853),0.16130106695323487
CRISPR_GPATCH8 (23131),0.16130028852836276
CRISPR_FOXRED1 (55572),0.16130022635398422
CRISPR_HUS1 (3364),0.16129963780358736
CRISPR_RAD50 (10111),0.1612974997940464
CRISPR_SP110 (3431),0.1612944178211162
CRISPR_DVL3 (1857),0.16128807439005577
CRISPR_ATP12A (479),0.1612853001417962
CRISPR_SPDYE1 (285955),0.1612850264646477
CRISPR_PAXBP1 (94104),0.16128372779553768
CRISPR_LRP1B (53353),0.1612835916165789
CRISPR_NDUFAF7 (55471),0.16128333517502735
CRISPR_SEMA6B (10501),0.16127959096196687
CRISPR_UTP18 (51096),0.16127625804233325
CRISPR_SYNE4 (163183),0.16127582848822186
CRISPR_ABCD2 (225),0.16127542985332877
CRISPR_VWA1 (64856),0.16127213513328087
CRISPR_GUCA2B (2981),0.1612717022268635
CRISPR_TBC1D28 (254272),0.16127145446706148
CRISPR_SDF2 (6388),0.1612696486026648
CRISPR_AKT2 (208),0.1612684123944268
CRISPR_FAM25A (643161),0.1612655843813382
CRISPR_NDUFS5 (4725),0.16126387767493267
CRISPR_EXOC5 (10640),0.1612632962837095
CRISPR_VTN (7448),0.16125679322461473
CRISPR_RFX2 (5990),0.16125515169404814
CRISPR_KHDC1L (100129128),0.16125487097029634
CRISPR_RNF123 (63891),0.16125246317600972
CRISPR_TAF6L (10629),0.16124371498541024
CRISPR_LAGE3 (8270),0.16123901979031086
CRISPR_FKBP10 (60681),0.1612360524390093
CRISPR_PEX19 (5824),0.1612335770843849
CRISPR_TOMM6 (100188893),0.16123258031564802
CRISPR_AKT1 (207),0.16123009697945
CRISPR_HMCES (56941),0.16122747659902714
CRISPR_CDK5RAP2 (55755),0.16122704351331318
CRISPR_CPEB1 (64506),0.16122479175237903
CRISPR_AKR7A3 (22977),0.1612233998898729
CRISPR_ATP5F1A (498),0.16122329790335943
CRISPR_CNKSR2 (22866),0.16122089357683933
CRISPR_HNRNPA1L2 (144983),0.16121700323922994
CRISPR_KRT15 (3866),0.16121639276771482
CRISPR_TRAF3 (7187),0.16121445559086212
CRISPR_LUZP2 (338645),0.1612143113598341
CRISPR_H2BC9 (8345),0.1612100153031486
CRISPR_SLC25A42 (284439),0.16120551244684656
CRISPR_TJAP1 (93643),0.1612051749872787
CRISPR_EMC10 (284361),0.1612037100913195
CRISPR_FLCN (201163),0.16120083848778588
CRISPR_FAIM (55179),0.16119632375328496
CRISPR_USP35 (57558),0.16119561137434602
CRISPR_IER3 (8870),0.1611888305007554
CRISPR_DENND4C (55667),0.16118259906862153
CRISPR_ATF4 (468),0.16118109142078385
CRISPR_AK8 (158067),0.1611798107152218
CRISPR_LAIR1 (3903),0.16117411197796194
CRISPR_PRDX4 (10549),0.1611725092170717
CRISPR_FBXO42 (54455),0.16117165904465036
CRISPR_DCTN1 (1639),0.16117149590260116
CRISPR_CUL1 (8454),0.16117113190851295
CRISPR_MTRF1 (9617),0.1611696438091137
CRISPR_CA4 (762),0.16116929584925366
CRISPR_TUBA1B (10376),0.16116905231015277
CRISPR_FEM1A (55527),0.16116858456868322
CRISPR_LMAN2 (10960),0.1611685683755546
CRISPR_GABPB2 (126626),0.16116200892795618
CRISPR_BMAL2 (56938),0.16116099482933066
CRISPR_DHRS13 (147015),0.16115925199337688
CRISPR_PACS2 (23241),0.16115855414905145
CRISPR_E2F1 (1869),0.16115784543020784
CRISPR_RGS13 (6003),0.16115672665987546
CRISPR_FDFT1 (2222),0.1611567224486503
CRISPR_LIMD2 (80774),0.16115660023348166
CRISPR_AK4 (205),0.16115311788738307
CRISPR_SCAND1 (51282),0.16115292405043036
CRISPR_NCSTN (23385),0.16115150128151878
CRISPR_PPP1R15B (84919),0.16115079499788454
CRISPR_TESMIN (9633),0.16114966871463832
CRISPR_CSPP1 (79848),0.16114932530829673
CRISPR_DDX17 (10521),0.1611457053501555
CRISPR_PRKCZ (5590),0.1611445808896832
CRISPR_PA2G4 (5036),0.16114241519651973
CRISPR_PRCC (5546),0.1611423307962827
CRISPR_CDK10 (8558),0.1611419503062237
CRISPR_CLDN7 (1366),0.16113963710031598
CRISPR_AARSD1 (80755),0.16113676016706613
CRISPR_ZSWIM7 (125150),0.16113613484325917
CRISPR_ASB16 (92591),0.16113597670870838
CRISPR_RFX8 (731220),0.16113341718528496
CRISPR_MDC1 (9656),0.16113327942447597
CRISPR_GFM1 (85476),0.16113163592714397
CRISPR_DENND4A (10260),0.16112614086706323
CRISPR_GTF2H3 (2967),0.1611223240475903
CRISPR_CCDC6 (8030),0.1611165368158458
CRISPR_AMPD1 (270),0.1611141976948316
CRISPR_CEBPZ (10153),0.16111091013670098
CRISPR_TSR3 (115939),0.16110319011140906
CRISPR_RAB4A (5867),0.16110270098134194
CRISPR_MRPL2 (51069),0.16110256692750724
CRISPR_ORM1 (5004),0.1611003372742461
CRISPR_MIA3 (375056),0.1610997429068215
CRISPR_KIF18B (146909),0.1610954907619888
CRISPR_ARSK (153642),0.1610948395509748
CRISPR_TRMT11 (60487),0.16109142051972647
CRISPR_OGFOD1 (55239),0.16108879279616062
CRISPR_ATAD5 (79915),0.16108792700239327
CRISPR_FGD6 (55785),0.16108680043044998
CRISPR_PPP1R7 (5510),0.1610862321711446
CRISPR_LGALS9 (3965),0.1610851202058834
CRISPR_SNAPIN (23557),0.1610743389688496
CRISPR_KRTAP19-8 (728299),0.16107423841109458
CRISPR_SPRYD3 (84926),0.16107289598831098
CRISPR_JSRP1 (126306),0.16107257120842178
CRISPR_MSI1 (4440),0.16107248911497685
CRISPR_PIGK (10026),0.161070261459221
CRISPR_BBS5 (129880),0.16106980969354456
CRISPR_YIF1A (10897),0.16106846988479528
CRISPR_TBX2 (6909),0.16106585525189843
CRISPR_PMEL (6490),0.16106200800169734
CRISPR_C18orf32 (497661),0.16105978829315504
CRISPR_GLIS2 (84662),0.16105775466656524
CRISPR_HECTD1 (25831),0.16105485135770525
CRISPR_ABHD16A (7920),0.16105069077455347
CRISPR_GAS2L2 (246176),0.16104776141328436
CRISPR_UBXN7 (26043),0.1610411555092881
CRISPR_DYNLL1 (8655),0.16103862388852974
CRISPR_EIF5AL1 (143244),0.16103415953764255
CRISPR_PGP (283871),0.16102669073602893
CRISPR_DHCR7 (1717),0.1610244247876853
CRISPR_PCDHB2 (56133),0.16102325763151093
CRISPR_LARP7 (51574),0.1610201404228757
CRISPR_TMEM240 (339453),0.16101950076443927
CRISPR_UBIAD1 (29914),0.16101411722744352
CRISPR_PPP1CB (5500),0.16101067343098752
CRISPR_TNRC18 (84629),0.16101029053684446
CRISPR_CHST8 (64377),0.1610084139522021
CRISPR_SIRT3 (23410),0.16100251197872062
CRISPR_POLR1H (30834),0.16099772614343966
CRISPR_ZNF789 (285989),0.16099655752953002
CRISPR_FANCM (57697),0.160995056870755
CRISPR_GALK1 (2584),0.16099241724826463
CRISPR_COA4 (51287),0.1609877146334533
CRISPR_CSNK1D (1453),0.16098583785251552
CRISPR_MEX3A (92312),0.16098440035645822
CRISPR_BUB1 (699),0.1609841804647303
CRISPR_EXOSC1 (51013),0.1609815114854234
CRISPR_FPGS (2356),0.16097903525745494
CRISPR_GATC (283459),0.16097317541683775
CRISPR_SNRPA (6626),0.16097214398088866
CRISPR_NAA15 (80155),0.16097060980436417
CRISPR_DVL1 (1855),0.16096908392685183
CRISPR_ILF2 (3608),0.1609660278393692
CRISPR_RIPK3 (11035),0.16096287771303341
CRISPR_ATP5MC2 (517),0.16096197326375083
CRISPR_PPAT (5471),0.1609596550211272
CRISPR_RABIF (5877),0.16095626890607662
CRISPR_ADAT1 (23536),0.1609544589200791
CRISPR_SGCE (8910),0.1609504139815039
CRISPR_PLEKHM2 (23207),0.16094788360442092
CRISPR_DDX31 (64794),0.16094559236752914
CRISPR_SRP14 (6727),0.16094403309452598
CRISPR_ARSA (410),0.1609434017856124
CRISPR_ANGEL1 (23357),0.16094147607315
CRISPR_GRK2 (156),0.16093766990065106
CRISPR_DEFB129 (140881),0.16093683480131382
CRISPR_ATL2 (64225),0.16093653285696785
CRISPR_FCHO2 (115548),0.16093440738600862
CRISPR_COQ10B (80219),0.1609334704300629
CRISPR_ATG4D (84971),0.16092885935752932
CRISPR_PRKACA (5566),0.16092624179350334
CRISPR_DPM2 (8818),0.16091883510799754
CRISPR_ODR4 (54953),0.16091288822134864
CRISPR_TKT (7086),0.1609114754159604
CRISPR_FBXO43 (286151),0.16091146146159296
CRISPR_ELP2 (55250),0.1609065280908446
CRISPR_CNOT10 (25904),0.1609064543437606
CRISPR_FGFR2 (2263),0.16090610808839667
CRISPR_UPF3B (65109),0.16090551962203214
CRISPR_SLC26A5 (375611),0.1608992780656413
CRISPR_GPI (2821),0.16089446466091673
CRISPR_CELSR3 (1951),0.16089068587002764
CRISPR_FASN (2194),0.16088972899770226
CRISPR_TPD52L2 (7165),0.16088683943477733
CRISPR_PRR7 (80758),0.1608855187512912
CRISPR_SYN3 (8224),0.1608834742727696
CRISPR_WRN (7486),0.16088028604143467
CRISPR_NDEL1 (81565),0.16087423532461287
CRISPR_PPP2R5E (5529),0.16087229612190868
CRISPR_FECH (2235),0.16087137847211608
CRISPR_CCP110 (9738),0.16086997837586825
CRISPR_BAK1 (578),0.16086728919791504
CRISPR_EXOSC9 (5393),0.1608644648816533
CRISPR_EFNA5 (1946),0.16086045142803762
CRISPR_ARID1A (8289),0.16085889450460034
CRISPR_NDUFB2 (4708),0.16085336319206434
CRISPR_PDIA6 (10130),0.1608516879544446
CRISPR_NEK6 (10783),0.1608512207642292
CRISPR_KDELR3 (11015),0.16084821273558703
CRISPR_SPESP1 (246777),0.16084571679926274
CRISPR_CYGB (114757),0.16084479597683377
CRISPR_CDK4 (1019),0.16084325498761576
CRISPR_SLC25A20 (788),0.16084084726639958
CRISPR_KIF21B (23046),0.16083923168679704
CRISPR_UBE2E3 (10477),0.16083841101811913
CRISPR_TRMT9B (57604),0.16083635989485057
CRISPR_PDPR (55066),0.16083575348431545
CRISPR_EGFR (1956),0.16083439776910247
CRISPR_HSD11B1L (374875),0.16083432080433546
CRISPR_GLTP (51228),0.16083188369101364
CRISPR_MRPL39 (54148),0.1608297415173734
CRISPR_CDKN2AIPNL (91368),0.16082640615005062
CRISPR_MSL2 (55167),0.16082414616821072
CRISPR_RSAD1 (55316),0.16082366251904556
CRISPR_ZNF213 (7760),0.1608220800959108
CRISPR_RCOR1 (23186),0.16081522577902607
CRISPR_CCDC172 (374355),0.16081470163738887
CRISPR_MEN1 (4221),0.16081436460502552
CRISPR_ZNF208 (7757),0.16081394420982242
CRISPR_AXL (558),0.16081308554745632
CRISPR_DOK1 (1796),0.16081038143560633
CRISPR_RMI2 (116028),0.16080608990458334
CRISPR_MAFG (4097),0.16080417099127065
CRISPR_MRPL40 (64976),0.1607931907564879
CRISPR_GABPB1 (2553),0.1607897690954383
CRISPR_ANAPC15 (25906),0.16078907145328625
CRISPR_SELENOW (6415),0.1607886776775933
CRISPR_RTKN (6242),0.16078555126192118
CRISPR_MAST1 (22983),0.16078548262433934
CRISPR_GRHL2 (79977),0.16078507401995168
CRISPR_EIF2B1 (1967),0.16078427626091152
CRISPR_USP17L10 (100287144),0.16078357232113039
CRISPR_DUSP5 (1847),0.16078352030767462
CRISPR_HM13 (81502),0.1607831126122221
CRISPR_ATP2B1 (490),0.16078214418606596
CRISPR_PALM (5064),0.1607758016094003
CRISPR_EML6 (400954),0.16077081175419572
CRISPR_BICDL2 (146439),0.16076909331892963
CRISPR_VCAN (1462),0.16076794840445885
CRISPR_STIL (6491),0.16076725021278904
CRISPR_ZNF382 (84911),0.16076698692546199
CRISPR_SLC22A7 (10864),0.16076486142176094
CRISPR_WBP1 (23559),0.16075569897381214
CRISPR_NDUFB8 (4714),0.16075479143964344
CRISPR_NOP9 (161424),0.1607535559051163
CRISPR_BRMS1 (25855),0.1607527469423573
CRISPR_FOSL1 (8061),0.1607522940166728
CRISPR_APC (324),0.16075062876019253
CRISPR_DHX40 (79665),0.16075028737153563
CRISPR_MYO6 (4646),0.1607501769999562
CRISPR_YBX3 (8531),0.16074740614408167
CRISPR_INTS2 (57508),0.16074402587149184
CRISPR_AOC2 (314),0.16074006508248218
CRISPR_GMEB1 (10691),0.1607388552407567
CRISPR_GLUL (2752),0.16073695690022483
CRISPR_MPHOSPH6 (10200),0.16073667406066416
CRISPR_GSTM4 (2948),0.16073667160952887
CRISPR_UGT1A10 (54575),0.16073524824369656
CRISPR_LEP (3952),0.16073508961200833
CRISPR_SUPV3L1 (6832),0.16073188204120914
CRISPR_KHDRBS3 (10656),0.16073150400033498
CRISPR_SCNN1D (6339),0.16072502127548915
CRISPR_TUBGCP6 (85378),0.16072496312686368
CRISPR_SCYL1 (57410),0.16072173704943005
CRISPR_CENPQ (55166),0.1607214758735962
CRISPR_SCGB1A1 (7356),0.1607213727066643
CRISPR_TRAF7 (84231),0.16072029735492155
CRISPR_DDX19A (55308),0.16071982990401512
CRISPR_ATP6AP2 (10159),0.16071895306711514
CRISPR_GNAI3 (2773),0.16071852097201766
CRISPR_RICTOR (253260),0.16071806405004008
CRISPR_BEX2 (84707),0.16071670421820272
CRISPR_SOD2 (6648),0.1607121059609371
CRISPR_TRMT12 (55039),0.16071199711822182
CRISPR_RINL (126432),0.16070645754343982
CRISPR_CTTNBP2NL (55917),0.1606997008364992
CRISPR_KNL1 (57082),0.16069964066431552
CRISPR_REXO5 (81691),0.16069668378793267
CRISPR_ZKSCAN8 (7745),0.16068600809104083
CRISPR_RUSC1 (23623),0.1606831222391003
CRISPR_SMARCD2 (6603),0.1606789833581983
CRISPR_RASD2 (23551),0.16067788531887306
CRISPR_YPEL1 (29799),0.16067376157441693
CRISPR_UBL7 (84993),0.16067357220241973
CRISPR_MPDU1 (9526),0.16067204914330713
CRISPR_GPALPP1 (55425),0.16066890857445504
CRISPR_TEF (7008),0.1606652000322999
CRISPR_AIFM3 (150209),0.1606625201418037
CRISPR_PRUNE1 (58497),0.16066154812860756
CRISPR_SOX15 (6665),0.16065937139015052
CRISPR_TRMU (55687),0.16065846618378465
CRISPR_ZNF830 (91603),0.16065789499926897
CRISPR_CLUAP1 (23059),0.16065427780775465
CRISPR_SLC2A6 (11182),0.16065193560839042
CRISPR_IQCB1 (9657),0.16064883899522808
CRISPR_PSRC1 (84722),0.16064483069919167
CRISPR_IQCC (55721),0.16064237700682948
CRISPR_MTIF3 (219402),0.16064064492730612
CRISPR_PAICS (10606),0.16063972674081928
CRISPR_CRACDL (343990),0.16063958658081035
CRISPR_DSN1 (79980),0.160634795271843
CRISPR_ASF1B (55723),0.16063478871150583
CRISPR_MMGT1 (93380),0.16063478447359358
CRISPR_MGAT4B (11282),0.1606335184363994
CRISPR_TEDC2 (80178),0.16063331339041742
CRISPR_PEX6 (5190),0.16062980715718567
CRISPR_ADIRF (10974),0.16062763918090273
CRISPR_PMVK (10654),0.16062272614241024
CRISPR_PDZD4 (57595),0.16060858550521218
CRISPR_TMEM270 (135886),0.1606046213965131
CRISPR_NIPBL (25836),0.1606013889544169
CRISPR_SLC16A6 (9120),0.16059709751261408
CRISPR_CTSW (1521),0.1605952215400981
CRISPR_SLC34A3 (142680),0.16059494916700867
CRISPR_GTF2F2 (2963),0.16059066423752277
CRISPR_STARD7 (56910),0.16058777483559616
CRISPR_B3GNT6 (192134),0.16058749983656906
CRISPR_SMPD4 (55627),0.16058685490965985
CRISPR_SERINC3 (10955),0.16058550785129722
CRISPR_UBALD1 (124402),0.1605833990780683
CRISPR_RAC3 (5881),0.1605829788901607
CRISPR_PVRIG (79037),0.16058155478941583
CRISPR_BAD (572),0.16057787932677847
CRISPR_DNTTIP2 (30836),0.16057670071902752
CRISPR_PTGES3 (10728),0.1605739246476583
CRISPR_PAGR1 (79447),0.16057099185667578
CRISPR_GADD45GIP1 (90480),0.16056971910060458
CRISPR_MRPS2 (51116),0.16056618896549413
CRISPR_SPAG7 (9552),0.16056328871143588
CRISPR_UQCC1 (55245),0.16055671913804925
CRISPR_INSRR (3645),0.16055650234079621
CRISPR_DYNC1LI1 (51143),0.16055470111164283
CRISPR_CCDC32 (90416),0.1605477066977734
CRISPR_DCDC2B (149069),0.16054722460845205
CRISPR_SNIP1 (79753),0.16054640910031637
CRISPR_DOLPP1 (57171),0.16054629793632724
CRISPR_CCDC28B (79140),0.1605460400129992
CRISPR_SLC25A19 (60386),0.1605452118229307
CRISPR_HIGD1C (613227),0.16053876645456455
CRISPR_TMC1 (117531),0.16053552427030038
CRISPR_PPP4R1 (9989),0.16053494198851226
CRISPR_MAIP1 (79568),0.16053440960830123
CRISPR_ITGAV (3685),0.1605328227615308
CRISPR_HYPK (25764),0.1605304159460692
CRISPR_WDR54 (84058),0.16052598964391862
CRISPR_ZFPM1 (161882),0.1605259619840993
CRISPR_PILRB (29990),0.1605229457666688
CRISPR_G6PC1 (2538),0.16052005710364803
CRISPR_MRPL55 (128308),0.16050956386007265
CRISPR_RING1 (6015),0.16050563891105352
CRISPR_GTPBP2 (54676),0.16050337259167158
CRISPR_EED (8726),0.1605015711725306
CRISPR_SLC11A2 (4891),0.1605014760429162
CRISPR_IL12A (3592),0.16049981755632547
CRISPR_PPP1R1A (5502),0.1604994134450921
CRISPR_SUCO (51430),0.16049918330842416
CRISPR_SFT2D3 (84826),0.16049779013353582
CRISPR_TAF7 (6879),0.16049715832457068
CRISPR_GOLPH3L (55204),0.16049422729245055
CRISPR_MRPS18C (51023),0.1604910571396232
CRISPR_TEDC1 (283643),0.16049065936542029
CRISPR_SMYD5 (10322),0.16048969382990208
CRISPR_TROAP (10024),0.16048631269139513
CRISPR_SLC6A8 (6535),0.1604850778810487
CRISPR_ORMDL2 (29095),0.16048007575805112
CRISPR_CAMLG (819),0.16047627269811038
CRISPR_RHOD (29984),0.16047626054866804
CRISPR_CCDC86 (79080),0.16047461376247352
CRISPR_SMARCE1 (6605),0.16047327111712573
CRISPR_COX19 (90639),0.1604729485014431
CRISPR_FOXN2 (3344),0.16047235825781136
CRISPR_RBM23 (55147),0.1604718226655475
CRISPR_SLC20A2 (6575),0.16047096369391856
CRISPR_TEAD4 (7004),0.16046968149584195
CRISPR_POM121C (100101267),0.16045993467969577
CRISPR_MAP4K2 (5871),0.16045883870134503
CRISPR_APOL1 (8542),0.16045816708618865
CRISPR_CDK2 (1017),0.1604549691613224
CRISPR_FANCC (2176),0.1604522687503822
CRISPR_RINT1 (60561),0.16045187152527784
CRISPR_RNASEH2A (10535),0.16045147244594915
CRISPR_TLK1 (9874),0.16044242545155285
CRISPR_TEAD1 (7003),0.16044164154034846
CRISPR_ARHGEF2 (9181),0.16043974886195134
CRISPR_KRTAP23-1 (337963),0.16043919371260884
CRISPR_C11orf86 (254439),0.16043647806786066
CRISPR_NSMCE4A (54780),0.16043606198961768
CRISPR_CIROZ (148345),0.16043265246961802
CRISPR_PPIL1 (51645),0.16043085441225902
CRISPR_GRINA (2907),0.16042708518063176
CRISPR_MED23 (9439),0.16042651645075612
CRISPR_COX11 (1353),0.16042557114744582
CRISPR_ABCD1 (215),0.16042316943642643
CRISPR_CFAP97D1 (284067),0.1604161508916473
CRISPR_ISY1 (57461),0.16041393599076414
CRISPR_MRPS17 (51373),0.16041119639495438
CRISPR_ATP5MG (10632),0.16040930353448069
CRISPR_GSTM3 (2947),0.16040927868015675
CRISPR_PEX1 (5189),0.1604084386895197
CRISPR_SLC35A1 (10559),0.16040781497777168
CRISPR_CRMP1 (1400),0.16040755277552243
CRISPR_DPH1 (1801),0.1604073417002665
CRISPR_ID1 (3397),0.16040210000313682
CRISPR_S100A12 (6283),0.16040056206950215
CRISPR_CSHL1 (1444),0.1603989390977647
CRISPR_ACSM3 (6296),0.16039862571702557
CRISPR_CXCL1 (2919),0.1603985214493191
CRISPR_POU2F1 (5451),0.16039817700248538
CRISPR_TXNDC17 (84817),0.1603971161410529
CRISPR_SYNDIG1L (646658),0.16039300387261424
CRISPR_DLG4 (1742),0.16038967890807854
CRISPR_KAT14 (57325),0.16038691567953123
CRISPR_FAAP100 (80233),0.16038353132098848
CRISPR_SET (6418),0.16038312177637692
CRISPR_RMDN3 (55177),0.16038038495044038
CRISPR_C6orf15 (29113),0.16037695624629134
CRISPR_STIMATE (375346),0.16037192389291732
CRISPR_CCDC107 (203260),0.16036770845705295
CRISPR_HNRNPM (4670),0.16036558441802384
CRISPR_USE1 (55850),0.1603561293523974
CRISPR_ZBTB6 (10773),0.16035300443949385
CRISPR_KGD4 (92259),0.16034618864063166
CRISPR_VTA1 (51534),0.16034433761106648
CRISPR_PGLYRP1 (8993),0.16034217333838985
CRISPR_GNA13 (10672),0.16033755772188218
CRISPR_AP2B1 (163),0.16033477739522173
CRISPR_RIOX2 (84864),0.16033396078619777
CRISPR_PRPF40B (25766),0.16033358213645066
CRISPR_RFWD3 (55159),0.16032942941883022
CRISPR_LDHA (3939),0.16032819169091006
CRISPR_KRT25 (147183),0.16032788523663477
CRISPR_COX8A (1351),0.16032768056154278
CRISPR_GPR87 (53836),0.16032594938429412
CRISPR_CEP350 (9857),0.1603236362227074
CRISPR_TELO2 (9894),0.16032327204795394
CRISPR_HBP1 (26959),0.16032262281621268
CRISPR_PUM1 (9698),0.1603225538733941
CRISPR_ZKSCAN4 (387032),0.16031731188782228
CRISPR_ACP7 (390928),0.1603161360215255
CRISPR_C19orf38 (255809),0.16031206582657997
CRISPR_HDAC5 (10014),0.1603053348441641
CRISPR_TMOD3 (29766),0.16030472411556662
CRISPR_MYT1L (23040),0.16030298926692144
CRISPR_RABL2B (11158),0.16030288280727678
CRISPR_TRIM46 (80128),0.16029786281359115
CRISPR_DYNLT1 (6993),0.16029723778981975
CRISPR_CCDC125 (202243),0.1602970123191838
CRISPR_PHF7 (51533),0.16029654290433637
CRISPR_AAMP (14),0.16029502491794645
CRISPR_FIS1 (51024),0.16029133245684868
CRISPR_PDS5A (23244),0.16028884939382593
CRISPR_H3C8 (8355),0.16028548058892422
CRISPR_PSMD8 (5714),0.16028489200660712
CRISPR_KAT6A (7994),0.16028232472339887
CRISPR_CBLC (23624),0.1602809577253561
CRISPR_SNX14 (57231),0.16027941441028126
CRISPR_ENTREP3 (10712),0.16027793631047604
CRISPR_IL17D (53342),0.1602756518685089
CRISPR_CATSPERG (57828),0.1602714615426386
CRISPR_SVBP (374969),0.16027016718002862
CRISPR_OTOP1 (133060),0.1602616740602958
CRISPR_FOXN1 (8456),0.16026159586543898
CRISPR_FAM53C (51307),0.16026077843013198
CRISPR_MRM2 (29960),0.16026056726753524
CRISPR_TNFRSF8 (943),0.16026034651937504
CRISPR_AS3MT (57412),0.16025753036133494
CRISPR_ARF6 (382),0.16024581319268716
CRISPR_MTMR2 (8898),0.16024544002062502
CRISPR_RHBDL1 (9028),0.1602449710056124
CRISPR_TLN1 (7094),0.16024440198369483
CRISPR_PCMTD2 (55251),0.16024282111941357
CRISPR_APLP1 (333),0.16024202978035618
CRISPR_UCHL3 (7347),0.16023895244496522
CRISPR_CACYBP (27101),0.16023633377488355
CRISPR_POU5F1 (5460),0.1602339248509228
CRISPR_AQP12B (653437),0.160233295200233
CRISPR_GPR152 (390212),0.1602317171248453
CRISPR_SPDYE4 (388333),0.16023049827586355
CRISPR_TMEM64 (169200),0.16022763802948692
CRISPR_PSMG1 (8624),0.16022335225973983
CRISPR_ZNF658 (26149),0.16022175572603903
CRISPR_PAXIP1 (22976),0.16022097089275356
CRISPR_MINDY1 (55793),0.16022072944537857
CRISPR_BMI1 (648),0.16021989146966664
CRISPR_TCF25 (22980),0.16021850851531294
CRISPR_YBEY (54059),0.16021719934713996
CRISPR_GSTM2 (2946),0.160215464210113
CRISPR_MRPL18 (29074),0.16021393289792574
CRISPR_COA7 (65260),0.1602120948237813
CRISPR_FBXO7 (25793),0.16019941564039275
CRISPR_GMPPB (29925),0.16019885560460345
CRISPR_TTC24 (164118),0.160197909403907
CRISPR_COQ8B (79934),0.16019789817266705
CRISPR_GTF2A1 (2957),0.1601941042631081
CRISPR_NBN (4683),0.16019146625782543
CRISPR_MDM2 (4193),0.16018655809004478
CRISPR_ZNF782 (158431),0.16018610130356148
CRISPR_RCOR2 (283248),0.1601860249002094
CRISPR_NAPG (8774),0.1601837741187877
CRISPR_SCGB1D2 (10647),0.16018237725431828
CRISPR_CCDC77 (84318),0.16017887700150535
CRISPR_MMP17 (4326),0.1601784567172233
CRISPR_GNAT1 (2779),0.16017750165807332
CRISPR_ITGB7 (3695),0.16017727581599317
CRISPR_LRIF1 (55791),0.16017667520973156
CRISPR_MGA (23269),0.16017510917742772
CRISPR_DEF8 (54849),0.16016829433305357
CRISPR_KCNJ4 (3761),0.16016772034970383
CRISPR_CCDC87 (55231),0.16016432745986986
CRISPR_BTBD3 (22903),0.1601584186264029
CRISPR_TOX4 (9878),0.16015203852908577
CRISPR_UBQLN4 (56893),0.16014617129155617
CRISPR_NSMCE1 (197370),0.1601385979031713
CRISPR_DARS2 (55157),0.16013659139028302
CRISPR_TMEM235 (283999),0.16013260168166532
CRISPR_RNH1 (6050),0.16013242259228821
CRISPR_TSFM (10102),0.16013220438943243
CRISPR_UBAP1 (51271),0.16013134053958122
CRISPR_ADCY3 (109),0.1601308350660684
CRISPR_CD37 (951),0.16012914541366552
CRISPR_PES1 (23481),0.1601129170062352
CRISPR_PDAP1 (11333),0.16010953309334752
CRISPR_HSP90AA1 (3320),0.16010747141241755
CRISPR_LYSET (26175),0.16010656855627126
CRISPR_RNASEH2C (84153),0.16010587785595298
CRISPR_PRR3 (80742),0.16010501422169732
CRISPR_BOLA3 (388962),0.16010357560233235
CRISPR_LRRC34 (151827),0.1601034967049335
CRISPR_CCDC78 (124093),0.1601021790858912
CRISPR_HARBI1 (283254),0.1601010652096848
CRISPR_PIK3CA (5290),0.16009675935006396
CRISPR_TMEM174 (134288),0.16009599411869058
CRISPR_TF (7018),0.1600923104963341
CRISPR_ARPC3 (10094),0.1600907446968831
CRISPR_PYGM (5837),0.16008906299840753
CRISPR_XRCC3 (7517),0.16008903055083312
CRISPR_HAPSTR1 (29035),0.16008783927249137
CRISPR_LLGL2 (3993),0.16008631489372682
CRISPR_URM1 (81605),0.1600817296405408
CRISPR_BTBD9 (114781),0.16007953929400998
CRISPR_PDSS2 (57107),0.16007691945952374
CRISPR_IER2 (9592),0.16007460009552332
CRISPR_RHOA (387),0.16007325232247105
CRISPR_ZNF793 (390927),0.16007074218181483
CRISPR_EPHA3 (2042),0.16006968551535738
CRISPR_RPS6KA1 (6195),0.16006877806483732
CRISPR_EGFL7 (51162),0.1600644572700185
CRISPR_NAPRT (93100),0.16006286801519742
CRISPR_RIOK2 (55781),0.16006214785449924
CRISPR_FOXD3 (27022),0.16006193812386638
CRISPR_IKBKG (8517),0.1600609188475346
CRISPR_PRADC1 (84279),0.16005983706779947
CRISPR_NR0B2 (8431),0.16005914566394353
CRISPR_CHMP7 (91782),0.1600571753647273
CRISPR_STRA6 (64220),0.16005680016260815
CRISPR_SMTN (6525),0.16005056068737833
CRISPR_RNF5 (6048),0.1600458959072597
CRISPR_WASHC5 (9897),0.16004470499688672
CRISPR_HSPB7 (27129),0.16004310189988047
CRISPR_SLC35C1 (55343),0.1600430441899361
CRISPR_C12orf56 (115749),0.1600391231434859
CRISPR_SRFBP1 (153443),0.1600323883994701
CRISPR_OAZ1 (4946),0.16002946527160056
CRISPR_PRKAA2 (5563),0.1600287699392684
CRISPR_ALG6 (29929),0.16002846184468567
CRISPR_MRGPRX1 (259249),0.16002839217706288
CRISPR_ACER2 (340485),0.16002771788984305
CRISPR_TAFAZZIN (6901),0.16001924618263175
CRISPR_CDC42SE1 (56882),0.16001838014005898
CRISPR_MRPL53 (116540),0.1600151110231991
CRISPR_JAK3 (3718),0.16001052220386836
CRISPR_KCNK10 (54207),0.1600101057387633
CRISPR_ZRSR2 (8233),0.1600100496492507
CRISPR_ANLN (54443),0.16000767983105835
CRISPR_GGCX (2677),0.16000503471773442
CRISPR_ISCA2 (122961),0.15999890973235864
CRISPR_ERCC1 (2067),0.15999595520886079
CRISPR_ANKH (56172),0.15999054299472082
CRISPR_FAM169A (26049),0.15998669780331998
CRISPR_PARD6G (84552),0.15998518718626187
CRISPR_MTERF4 (130916),0.15998235423968765
CRISPR_CTNNB1 (1499),0.15997911770552786
CRISPR_IGLON5 (402665),0.15997388144020075
CRISPR_PRKRIP1 (79706),0.15997198876619656
CRISPR_GSDMA (284110),0.15996800104493936
CRISPR_NASP (4678),0.15996768344476475
CRISPR_HACD2 (201562),0.1599664440372095
CRISPR_EFNA4 (1945),0.15996512594650358
CRISPR_ROPN1L (83853),0.15996445842742713
CRISPR_KCNIP3 (30818),0.1599635606545995
CRISPR_CD276 (80381),0.15995985450865113
CRISPR_NDUFA11 (126328),0.15995319116304074
CRISPR_DBNDD1 (79007),0.15995054608034298
CRISPR_CAD (790),0.15995038198042355
CRISPR_PRDM10 (56980),0.15994838855725657
CRISPR_NRF1 (4899),0.15994517329037006
CRISPR_ZNF222 (7673),0.15994335127028858
CRISPR_EDC3 (80153),0.15993546396229696
CRISPR_IDH3A (3419),0.15993139232625442
CRISPR_STAB1 (23166),0.15993092978196444
CRISPR_GGN (199720),0.1599240333930707
CRISPR_MALSU1 (115416),0.1599223166537289
CRISPR_ISYNA1 (51477),0.15992199038978683
CRISPR_CXCL2 (2920),0.1599203735614756
CRISPR_MCFD2 (90411),0.1599145132020352
CRISPR_FLRT1 (23769),0.15991217827269555
CRISPR_SPRING1 (79794),0.1599068874681704
CRISPR_SYT7 (9066),0.1599053614561754
CRISPR_DCTN3 (11258),0.1599048480572831
CRISPR_HARS2 (23438),0.15990234619244248
CRISPR_ERBB2 (2064),0.159898729143654
CRISPR_TPT1 (7178),0.15989808916762538
CRISPR_ADI1 (55256),0.1598924999547835
CRISPR_MECOM (2122),0.15989205142973262
CRISPR_BAZ2A (11176),0.1598894470326666
CRISPR_ARHGEF5 (7984),0.15988484253205826
CRISPR_ACAP3 (116983),0.1598836240338377
CRISPR_NOSIP (51070),0.15988032957130027
CRISPR_SDHA (6389),0.1598798413130229
CRISPR_USP4 (7375),0.15987855063609135
CRISPR_CMTM5 (116173),0.15987318866153277
CRISPR_SFSWAP (6433),0.15987067933033305
CRISPR_UBE2D3 (7323),0.15987054427156266
CRISPR_KCNK4 (50801),0.15986929124975546
CRISPR_EIF3F (8665),0.15986775420745536
CRISPR_ORC4 (5000),0.15986711185293423
CRISPR_CFAP410 (755),0.1598652751055729
CRISPR_KRTAP5-9 (3846),0.1598605398563704
CRISPR_KRTAP13-1 (140258),0.1598588870562594
CRISPR_IPO9 (55705),0.15985825381699037
CRISPR_PITRM1 (10531),0.15985699369812512
CRISPR_TDG (6996),0.1598513305344227
CRISPR_SQSTM1 (8878),0.15984549642999735
CRISPR_CNTROB (116840),0.15984191483926402
CRISPR_NANS (54187),0.1598412432116323
CRISPR_FAM120A (23196),0.1598400337091599
CRISPR_AP1G2 (8906),0.15982966155841805
CRISPR_HCCS (3052),0.15982502686572708
CRISPR_PPP1R3E (90673),0.1598207965598304
CRISPR_DYNLT2B (255758),0.1598175234866055
CRISPR_EIF4H (7458),0.15981278912130925
CRISPR_STX4 (6810),0.1598108695739402
CRISPR_TMEM131 (23505),0.15980911535157194
CRISPR_GSTM5 (2949),0.15979856203097942
CRISPR_SCRT1 (83482),0.15979717585335784
CRISPR_TECPR1 (25851),0.15979507349190047
CRISPR_RBBP8NL (140893),0.15979229384703242
CRISPR_KRTAP10-8 (386681),0.15979169478568522
CRISPR_HTT (3064),0.1597907458050587
CRISPR_MLST8 (64223),0.15978931921657402
CRISPR_TTYH2 (94015),0.15978458138874174
CRISPR_SNRPN (6638),0.1597811158083573
CRISPR_LRRC32 (2615),0.1597804811029393
CRISPR_ATP6V0A1 (535),0.1597801225446327
CRISPR_OTUB1 (55611),0.15977737013697535
CRISPR_PRKAA1 (5562),0.1597726646430484
CRISPR_GLS (2744),0.15976875015486147
CRISPR_FOSL2 (2355),0.15976704696606703
CRISPR_ALKBH5 (54890),0.15976601870326324
CRISPR_DNAJA3 (9093),0.15976562334709588
CRISPR_SCARB2 (950),0.15976451574716233
CRISPR_YLPM1 (56252),0.15976280861837022
CRISPR_TMOD4 (29765),0.15975228079304227
CRISPR_MMS19 (64210),0.15975116822901292
CRISPR_LRPPRC (10128),0.1597498499815666
CRISPR_EXOSC10 (5394),0.15974960549669248
CRISPR_RNF11 (26994),0.15974874689420293
CRISPR_CDH15 (1013),0.15974773485680327
CRISPR_CALM2 (805),0.15974767293569947
CRISPR_VRK3 (51231),0.15974406890292725
CRISPR_FAM98A (25940),0.15974370085033396
CRISPR_NPPC (4880),0.15973971274884757
CRISPR_TMT1A (25840),0.15973775296814008
CRISPR_ABCB5 (340273),0.15973003360315552
CRISPR_DUS2 (54920),0.15972956462210774
CRISPR_OSBPL1A (114876),0.1597267554826356
CRISPR_YPEL4 (219539),0.15972520067309048
CRISPR_TMEM50B (757),0.15972444366283067
CRISPR_RAB3B (5865),0.15972342920651528
CRISPR_AGMAT (79814),0.15971921446743043
CRISPR_IQGAP3 (128239),0.15971916175432455
CRISPR_CPNE5 (57699),0.15971822775853006
CRISPR_WDR46 (9277),0.15971439281266253
CRISPR_LCN6 (158062),0.15971347917407908
CRISPR_PIK3R2 (5296),0.1597102442842635
CRISPR_TGS1 (96764),0.15970557664976326
CRISPR_SCP2 (6342),0.1597048993553587
CRISPR_NR2C1 (7181),0.15970030110292566
CRISPR_TRAF6 (7189),0.1596995286158025
CRISPR_ZFP41 (286128),0.15969920304491403
CRISPR_PHF13 (148479),0.15969902238712663
CRISPR_ZNF844 (284391),0.15969785547075066
CRISPR_KCNA3 (3738),0.15969716609302687
CRISPR_PRICKLE4 (29964),0.15968868384020407
CRISPR_H3C11 (8354),0.1596855869585534
CRISPR_TSC22D2 (9819),0.1596837923876988
CRISPR_ZER1 (10444),0.15968303780374615
CRISPR_THEMIS2 (9473),0.15967939681658017
CRISPR_PTPMT1 (114971),0.15967604111132694
CRISPR_COL24A1 (255631),0.1596721766846585
CRISPR_ENDOV (284131),0.15966988553722317
CRISPR_MOGAT3 (346606),0.1596648097575768
CRISPR_TOE1 (114034),0.15966305544664916
CRISPR_STAC3 (246329),0.15966254793975665
CRISPR_NOPCHAP1 (121053),0.15965794221728036
CRISPR_GDF1 (2657),0.15965382253377136
CRISPR_EIF4G2 (1982),0.15965297752909802
CRISPR_LRRC38 (126755),0.1596526792234263
CRISPR_MTFMT (123263),0.15965220487844878
CRISPR_THUMPD1 (55623),0.15965112344878385
CRISPR_ATPAF2 (91647),0.15964966146062487
CRISPR_KANSL1 (284058),0.15964722916262097
CRISPR_NSD3 (54904),0.15964591913237136
CRISPR_CAPNS1 (826),0.15964246648667135
CRISPR_LAMTOR4 (389541),0.15964226607847998
CRISPR_ZFHX4 (79776),0.15963794072403914
CRISPR_ZNF169 (169841),0.15963514857054406
CRISPR_SAC3D1 (29901),0.15963488168547357
CRISPR_UBR2 (23304),0.15963440548603103
CRISPR_SYPL2 (284612),0.15962871278992452
CRISPR_CTU2 (348180),0.15962825567453542
CRISPR_RAB15 (376267),0.15962808175038656
CRISPR_TMEM276 (84773),0.15962593040196005
CRISPR_FIRRM (55732),0.15962385322091155
CRISPR_C19orf47 (126526),0.15962267294856147
CRISPR_UBR5 (51366),0.1596193463513318
CRISPR_POC5 (134359),0.15961693754544282
CRISPR_CEP68 (23177),0.1596167800460826
CRISPR_CITED4 (163732),0.15961608075363554
CRISPR_TRIM54 (57159),0.15961581802770208
CRISPR_CDAN1 (146059),0.15961328681042808
CRISPR_CTR9 (9646),0.15960718105640925
CRISPR_HEATR6 (63897),0.15960581985475386
CRISPR_B4GALT7 (11285),0.15960398395652398
CRISPR_RSPH9 (221421),0.15960242637464273
CRISPR_TBP (6908),0.15959798616296972
CRISPR_FOS (2353),0.15959604109637748
CRISPR_LEO1 (123169),0.15959549877059054
CRISPR_KRT76 (51350),0.15959406632421125
CRISPR_SHARPIN (81858),0.1595930906796248
CRISPR_RPRD2 (23248),0.15959241258323864
CRISPR_ATP5MGL (267020),0.15958920658328957
CRISPR_BPTF (2186),0.15958803965603874
CRISPR_ASIC1 (41),0.1595876261326712
CRISPR_TADA2A (6871),0.15958545260421886
CRISPR_SPNS1 (83985),0.1595845349555285
CRISPR_TPM3 (7170),0.15958104842040033
CRISPR_TWNK (56652),0.1595810380754088
CRISPR_TOMM70 (9868),0.15957866640631924
CRISPR_MRPL37 (51253),0.15957794773170964
CRISPR_FKBP4 (2288),0.15957742941476027
CRISPR_HIRA (7290),0.15957211660476034
CRISPR_ATF7IP (55729),0.15957013824089117
CRISPR_SPG21 (51324),0.15956823244239082
CRISPR_NDUFS7 (374291),0.15956768390998466
CRISPR_ACAD9 (28976),0.159566988768284
CRISPR_LRRC73 (221424),0.1595661585429209
CRISPR_CDS2 (8760),0.15956436167169663
CRISPR_RANBP1 (5902),0.1595632774134721
CRISPR_UQCRC1 (7384),0.15956102328201993
CRISPR_AEBP1 (165),0.15956070169483016
CRISPR_NRG2 (9542),0.1595533302059584
CRISPR_ADAR (103),0.15955218171995167
CRISPR_FFAR2 (2867),0.15955011348283854
CRISPR_DNAJC13 (23317),0.15954990128726898
CRISPR_APOBEC3H (164668),0.15954796360649137
CRISPR_PHF12 (57649),0.15954740926897149
CRISPR_PICALM (8301),0.1595466094309561
CRISPR_FOXD4 (2298),0.15954160817058138
CRISPR_ANGPTL6 (83854),0.15954062535619595
CRISPR_OSBPL7 (114881),0.15954034115517235
CRISPR_SLC2A1 (6513),0.15953894941167146
CRISPR_BRK1 (55845),0.15953726047975803
CRISPR_H2AZ2 (94239),0.15953604231318508
CRISPR_TSEN2 (80746),0.15953378353324954
CRISPR_BRD7 (29117),0.15953217448786194
CRISPR_CDK12 (51755),0.15953134406647074
CRISPR_ITGB4 (3691),0.15952980237901482
CRISPR_PIK3CB (5291),0.15952796392235236
CRISPR_ATF6B (1388),0.15952774860015229
CRISPR_ATP5MF (9551),0.15952574179253354
CRISPR_TSPOAP1 (9256),0.1595236422713029
CRISPR_UGCG (7357),0.15951961897982248
CRISPR_ADNP (23394),0.1595127142293462
CRISPR_SERF2 (10169),0.15950911339053242
CRISPR_CD3G (917),0.1595051574559081
CRISPR_RAB2B (84932),0.1595027262648001
CRISPR_GABARAP (11337),0.15949963871609185
CRISPR_ANG (283),0.15949950095704946
CRISPR_FRMD8 (83786),0.15949822222576238
CRISPR_RASGRP2 (10235),0.15949708896387804
CRISPR_ZNF224 (7767),0.1594936397426494
CRISPR_ANKRD49 (54851),0.15949359391387308
CRISPR_C6orf89 (221477),0.15949334236540924
CRISPR_PKN3 (29941),0.1594879499785984
CRISPR_ABHD14B (84836),0.1594858760848874
CRISPR_CIAO2A (84191),0.1594810540681637
CRISPR_MPV17L (255027),0.15948096448601756
CRISPR_CENPP (401541),0.15947641730028028
CRISPR_LGALS16 (148003),0.15947475088174912
CRISPR_ZNF250 (58500),0.15947302762225313
CRISPR_UBA3 (9039),0.15947141279220922
CRISPR_PPP2R2A (5520),0.15946612301288265
CRISPR_NDUFC1 (4717),0.15946553199619196
CRISPR_KCNN1 (3780),0.15946171906629303
CRISPR_COQ10A (93058),0.15946022620028089
CRISPR_NBPF3 (84224),0.15945880102399368
CRISPR_CREBBP (1387),0.15945660841047538
CRISPR_BCLAF1 (9774),0.15945589903473945
CRISPR_POLH (5429),0.15945007777623932
CRISPR_DIP2B (57609),0.15944893552787143
CRISPR_PRR30 (339779),0.15944496726002644
CRISPR_KIF6 (221458),0.15944493690996175
CRISPR_KRT31 (3881),0.15944188250462243
CRISPR_CSNK1A1 (1452),0.15943872852143315
CRISPR_FYTTD1 (84248),0.15943769206857183
CRISPR_WNK3 (65267),0.15943575319611902
CRISPR_GFER (2671),0.15943500348306738
CRISPR_HIGD1A (25994),0.159434469503835
CRISPR_H2AC17 (8336),0.15943382132996753
CRISPR_TRIR (79002),0.15943094874176644
CRISPR_PRAMEF12 (390999),0.15942876099762504
CRISPR_DDX46 (9879),0.15942727182294725
CRISPR_DGKZ (8525),0.1594270968565672
CRISPR_RAB21 (23011),0.15941840537800278
CRISPR_CLCC1 (23155),0.15941735571385163
CRISPR_ZFP91 (80829),0.15941462990732624
CRISPR_SLC35G6 (643664),0.1594127766640554
CRISPR_NCAPH (23397),0.1594116177217879
CRISPR_COIL (8161),0.15940918292043982
CRISPR_CNOT6L (246175),0.15940565025086695
CRISPR_RFX5 (5993),0.15940331687735032
CRISPR_SNX17 (9784),0.15940123391125116
CRISPR_PKNOX1 (5316),0.15940068199636492
CRISPR_CCDC43 (124808),0.15939866777591405
CRISPR_CIMAP2 (163747),0.15939109649671046
CRISPR_DBF4 (10926),0.15939020435460982
CRISPR_ARGFX (503582),0.15938803012920832
CRISPR_ACAD10 (80724),0.15938202333836227
CRISPR_U2AF1L4 (199746),0.15937651657623508
CRISPR_ANKRD35 (148741),0.15937596135761822
CRISPR_POLL (27343),0.15937385475349863
CRISPR_MTMR3 (8897),0.1593691406513802
CRISPR_NSMF (26012),0.15936733733938713
CRISPR_ZNF593 (51042),0.15935882695894854
CRISPR_SUCLA2 (8803),0.15935843639281178
CRISPR_ZEB1 (6935),0.15935771831176693
CRISPR_CCDC184 (387856),0.1593564429488863
CRISPR_CDC40 (51362),0.15935265881184257
CRISPR_ARRDC2 (27106),0.15935026502126437
CRISPR_CMC1 (152100),0.15934693454014948
CRISPR_FCRL6 (343413),0.15934473456192322
CRISPR_FAM98C (147965),0.159343773688998
CRISPR_ASH2L (9070),0.1593412382107413
CRISPR_STAT5B (6777),0.15934001458691682
CRISPR_COL8A2 (1296),0.15933879339102486
CRISPR_DESI1 (27351),0.15933779620108623
CRISPR_ANXA13 (312),0.1593376827631685
CRISPR_BTBD17 (388419),0.15933706593497377
CRISPR_DEDD (9191),0.15933706172757756
CRISPR_TPRG1 (285386),0.15933648960328473
CRISPR_BMF (90427),0.1593364124751533
CRISPR_DUSP12 (11266),0.15933471406605637
CRISPR_PCGF6 (84108),0.15933395813133977
CRISPR_WDR93 (56964),0.15933302521114445
CRISPR_PLA2G1B (5319),0.15933069222157137
CRISPR_HIPK1 (204851),0.15933055311176858
CRISPR_EIF4G1 (1981),0.15933043433109795
CRISPR_KIF4A (24137),0.1593293333860517
CRISPR_NOC4L (79050),0.15932885367855043
CRISPR_P2RY6 (5031),0.1593285802012847
CRISPR_MYL6 (4637),0.15932539177460292
CRISPR_IRF2 (3660),0.15932438332491117
CRISPR_LEMD3 (23592),0.1593232341977826
CRISPR_SRP68 (6730),0.1593227488706157
CRISPR_EPB41L5 (57669),0.15932182622190272
CRISPR_TRPT1 (83707),0.15932002773492915
CRISPR_EFNA3 (1944),0.15931898248439502
CRISPR_CEP85 (64793),0.1593159867430023
CRISPR_PDP2 (57546),0.15931419348341347
CRISPR_PPP1R1B (84152),0.15931187912327616
CRISPR_METTL3 (56339),0.15930933691990656
CRISPR_FOXJ3 (22887),0.15930901523451446
CRISPR_CLASRP (11129),0.15930752671149762
CRISPR_SHE (126669),0.15930577385113942
CRISPR_GJA1 (2697),0.1593045986429349
CRISPR_MYB (4602),0.15930390822145757
CRISPR_SAXO4 (220004),0.15929689036061312
CRISPR_GALP (85569),0.15929568395089788
CRISPR_GPS2 (2874),0.15928985247415728
CRISPR_SRPK1 (6732),0.15928678389162432
CRISPR_ALDOC (230),0.1592819205164897
CRISPR_ZNF273 (10793),0.15927373459784722
CRISPR_CCDC178 (374864),0.159269294420735
CRISPR_KMT2E (55904),0.15926372765648988
CRISPR_FOXM1 (2305),0.1592617734048254
CRISPR_BRAT1 (221927),0.1592605984572284
CRISPR_L3HYPDH (112849),0.15925752574513385
CRISPR_CTLA4 (1493),0.15925554269872677
CRISPR_P4HTM (54681),0.159255010301516
CRISPR_LAS1L (81887),0.15925004880846938
CRISPR_SLC12A7 (10723),0.1592498316003068
CRISPR_NBEAL1 (65065),0.15924579919737258
CRISPR_CYP27B1 (1594),0.15924572242419632
CRISPR_ARPC5 (10092),0.1592436164338782
CRISPR_MANSC4 (100287284),0.15924288052186153
CRISPR_CASP6 (839),0.15924201098169277
CRISPR_PPP1R27 (116729),0.1592403092136161
CRISPR_SPOCD1 (90853),0.15923983861376811
CRISPR_PDCD5 (9141),0.1592374792122131
CRISPR_IBTK (25998),0.15923200859170628
CRISPR_FAM131C (348487),0.15923187122830917
CRISPR_MED15 (51586),0.1592299188854298
CRISPR_TMEM50A (23585),0.15922962052965328
CRISPR_NSD1 (64324),0.15922485434848
CRISPR_UBALD2 (283991),0.15922185819998358
CRISPR_VRTN (55237),0.15921976409733318
CRISPR_LMTK2 (22853),0.15920875161419357
CRISPR_BCL9L (283149),0.1592084380043408
CRISPR_LRRC59 (55379),0.15920361965699215
CRISPR_UBA6 (55236),0.15920035196924864
CRISPR_SSBP1 (6742),0.15918472551450957
CRISPR_CDC73 (79577),0.15918336848436532
CRISPR_NAALADL1 (10004),0.159178375367115
CRISPR_VSIG10 (54621),0.1591731045410132
CRISPR_TGFBRAP1 (9392),0.15917204929057505
CRISPR_FARSA (2193),0.15917111242403603
CRISPR_GPR19 (2842),0.1591697033360706
CRISPR_HSBP1 (3281),0.1591664636305108
CRISPR_PQBP1 (10084),0.15915781756234004
CRISPR_CFAP184 (257236),0.15915397426130795
CRISPR_RPUSD3 (285367),0.15915071180539897
CRISPR_PANK3 (79646),0.15914896175270687
CRISPR_LCE2B (26239),0.1591459027985742
CRISPR_MUC20 (200958),0.15914585200502174
CRISPR_TBC1D10A (83874),0.15913878858176922
CRISPR_RPS6KA3 (6197),0.15913834857024423
CRISPR_TTI1 (9675),0.15913676210927452
CRISPR_UBE2A (7319),0.1591348282863665
CRISPR_SUCLG1 (8802),0.1591341592572677
CRISPR_CLN6 (54982),0.1591337892497151
CRISPR_TP53BP2 (7159),0.15913028043643074
CRISPR_MIS18BP1 (55320),0.1591284645553266
CRISPR_LDB1 (8861),0.15912738350252376
CRISPR_INTS14 (81556),0.15912596504205556
CRISPR_MDGA2 (161357),0.15912317441428225
CRISPR_FCGR2B (2213),0.1591207256076812
CRISPR_PARD3 (56288),0.15911701329172878
CRISPR_HBS1L (10767),0.15911448255999705
CRISPR_WWTR1 (25937),0.15911382525850648
CRISPR_HNF1A (6927),0.1591134768685798
CRISPR_MROH7 (374977),0.15911267491496783
CRISPR_NEMF (9147),0.15911251504484003
CRISPR_TRAPPC5 (126003),0.15911234293162746
CRISPR_CHTOP (26097),0.15911005772772313
CRISPR_TOMM7 (54543),0.1591099858143732
CRISPR_MAP3K10 (4294),0.15910915209742615
CRISPR_LRRC41 (10489),0.15910416618056722
CRISPR_TLCD4 (148534),0.15910348544877895
CRISPR_HDLBP (3069),0.15910274237776534
CRISPR_PLK4 (10733),0.15909814494638574
CRISPR_TACO1 (51204),0.15909538767934084
CRISPR_STRADA (92335),0.15909213645876719
CRISPR_SUFU (51684),0.15908771435529534
CRISPR_FLYWCH1 (84256),0.1590865195830622
CRISPR_LSMEM2 (132228),0.15908593418521555
CRISPR_EIPR1 (7260),0.15908589363457892
CRISPR_SS18 (6760),0.15908552259786468
CRISPR_ACR (49),0.1590852685953994
CRISPR_RAD54L (8438),0.1590846260860026
CRISPR_TSEN54 (283989),0.15908323176491557
CRISPR_IL1RL2 (8808),0.1590822413123414
CRISPR_NHLRC2 (374354),0.1590812538200277
CRISPR_ZNF684 (127396),0.15908090703323996
CRISPR_GCSAML (148823),0.159075804151124
CRISPR_PSG3 (5671),0.1590757982637907
CRISPR_PAQR3 (152559),0.1590735137172059
CRISPR_PABPC1 (26986),0.1590728881278869
CRISPR_LHX4 (89884),0.15906892465973677
CRISPR_HSPA8 (3312),0.15906830675033934
CRISPR_DOCK5 (80005),0.15906816261732537
CRISPR_USB1 (79650),0.1590661541546492
CRISPR_ASB3 (51130),0.15906442395945852
CRISPR_COG8 (84342),0.15905977776490587
CRISPR_MED16 (10025),0.15905297929171525
CRISPR_SC5D (6309),0.15905148317421336
CRISPR_ANK1 (286),0.15904945424575256
CRISPR_HPD (3242),0.1590494526464079
CRISPR_NCK1 (4690),0.15904890674931504
CRISPR_STK40 (83931),0.15904772446790805
CRISPR_PNRC2 (55629),0.15903865473450995
CRISPR_THRSP (7069),0.159037402755426
CRISPR_EPS15L1 (58513),0.15903708092153046
CRISPR_CDK2AP2 (10263),0.15903542521217062
CRISPR_STXBP3 (6814),0.15903467381700231
CRISPR_WSB2 (55884),0.1590315653950789
CRISPR_KHSRP (8570),0.15902952764391287
CRISPR_PLCH2 (9651),0.15902926018137187
CRISPR_CHKA (1119),0.15902887471750304
CRISPR_OGDH (4967),0.15902701034222044
CRISPR_ATP5F1D (513),0.15902684172157056
CRISPR_SEPSECS (51091),0.15902643097157387
CRISPR_ZNF428 (126299),0.15902575063302837
CRISPR_ZC3H12C (85463),0.15901993039532325
CRISPR_SELENOM (140606),0.15901587109822657
CRISPR_ZNF546 (339327),0.15901487085160593
CRISPR_VCPIP1 (80124),0.15901153620511366
CRISPR_FDPS (2224),0.15900334648777736
CRISPR_NIT1 (4817),0.15900116368670236
CRISPR_KCNC1 (3746),0.15900005728110056
CRISPR_ZMYM3 (9203),0.15899638454427745
CRISPR_MTMR11 (10903),0.15899313826282935
CRISPR_RADIL (55698),0.15898502516222557
CRISPR_FUT3 (2525),0.15898244332005085
CRISPR_SLC5A3 (6526),0.15898232931408085
CRISPR_CUL7 (9820),0.158982309536138
CRISPR_LRRC15 (131578),0.15898213524266414
CRISPR_EIF4E2 (9470),0.15897610663818718
CRISPR_CATSPER1 (117144),0.15897543420264526
CRISPR_SLC38A1 (81539),0.15897486967975993
CRISPR_NUDT22 (84304),0.1589690460845148
CRISPR_CCDC134 (79879),0.1589648942471209
CRISPR_GNG2 (54331),0.158962973508757
CRISPR_SLC6A9 (6536),0.1589622729934943
CRISPR_RBBP7 (5931),0.15895648695662334
CRISPR_PIGP (51227),0.1589557645253903
CRISPR_NDUFAF4 (29078),0.15895486943725778
CRISPR_IFT70A (92104),0.15895471391916427
CRISPR_SLC16A3 (9123),0.1589534072733585
CRISPR_FERMT2 (10979),0.1589495362483646
CRISPR_GTF2F1 (2962),0.15894874368052125
CRISPR_CCDC144A (9720),0.15894633608449737
CRISPR_FAM83E (54854),0.15894193746532803
CRISPR_HAPLN2 (60484),0.1589368693390245
CRISPR_LIN37 (55957),0.15893612604383733
CRISPR_COL17A1 (1308),0.15893496278592778
CRISPR_CHMP4B (128866),0.15892442580200683
CRISPR_STK33 (65975),0.15892205413173732
CRISPR_NDOR1 (27158),0.15891676860471105
CRISPR_ZNF790 (388536),0.1589142941326429
CRISPR_SAMHD1 (25939),0.15891206407865965
CRISPR_TM2D2 (83877),0.15890938934242804
CRISPR_LPO (4025),0.15890796188293788
CRISPR_CPB2 (1361),0.15890686516924024
CRISPR_C19orf53 (28974),0.1589058016662852
CRISPR_NDUFA13 (51079),0.15890388134874112
CRISPR_GRIK3 (2899),0.15890287166742123
CRISPR_AP3S2 (10239),0.15890246052981993
CRISPR_CABCOCO1 (219621),0.15890211907696639
CRISPR_NDUFA6 (4700),0.1589018605433461
CRISPR_IREB2 (3658),0.1588993207785876
CRISPR_MBD3 (53615),0.15889852085826828
CRISPR_RBIS (401466),0.15889625627620774
CRISPR_CEP55 (55165),0.15888994174415938
CRISPR_BOLA1 (51027),0.15888938700000832
CRISPR_SLF1 (84250),0.15888634924457
CRISPR_MTRFR (91574),0.15888379462535518
CRISPR_ATF6 (22926),0.15888071631765222
CRISPR_SYT12 (91683),0.15887439490177258
CRISPR_TRPV2 (51393),0.15887271526384783
CRISPR_ZDHHC19 (131540),0.1588667192644877
CRISPR_HTRA4 (203100),0.15886670082115284
CRISPR_GNPNAT1 (64841),0.15885898747866012
CRISPR_MYCBP (26292),0.15885675958115808
CRISPR_CENPH (64946),0.15885613970844314
CRISPR_BNIP1 (662),0.1588498880091853
CRISPR_UQCRB (7381),0.1588433570896708
CRISPR_ME1 (4199),0.1588421999885412
CRISPR_HAPLN4 (404037),0.15884142573046311
CRISPR_ITGA3 (3675),0.15883735016610423
CRISPR_ZNF765 (91661),0.15883387375394786
CRISPR_SULT1C4 (27233),0.15883375896637375
CRISPR_HAO2 (51179),0.15883318902508137
CRISPR_KLHL3 (26249),0.1588324214685608
CRISPR_TRAK1 (22906),0.15882989678223858
CRISPR_NELFA (7469),0.15882867209679397
CRISPR_CKAP2L (150468),0.15882666844669924
CRISPR_H2AC20 (8338),0.1588257279557146
CRISPR_RBMS1 (5937),0.1588202724898684
CRISPR_CCNH (902),0.15881724874297465
CRISPR_PHF2 (5253),0.15881676195096794
CRISPR_ELMOD3 (84173),0.15881597566117556
CRISPR_NUDT8 (254552),0.15881407149612858
CRISPR_VKORC1L1 (154807),0.15881354266588144
CRISPR_FAM110D (79927),0.1588130805860315
CRISPR_GLI1 (2735),0.15881226868166642
CRISPR_STOML2 (30968),0.15879375156387265
CRISPR_PHACTR4 (65979),0.1587929365555194
CRISPR_DMBT1 (1755),0.1587917298280308
CRISPR_TTF2 (8458),0.1587882095089448
CRISPR_GRM6 (2916),0.15878677540811736
CRISPR_PACS1 (55690),0.15878471948356765
CRISPR_ABCG1 (9619),0.15878044017008808
CRISPR_RBM27 (54439),0.15878031333788556
CRISPR_EXOC3 (11336),0.15877624591952344
CRISPR_ARL10 (285598),0.15877415364880143
CRISPR_IGF2BP3 (10643),0.1587696480052987
CRISPR_PPP2R5D (5528),0.15876899939770794
CRISPR_SLTM (79811),0.1587672144847856
CRISPR_SLC6A6 (6533),0.15876584255347037
CRISPR_LAMC2 (3918),0.15876502641097812
CRISPR_PPP4R2 (151987),0.1587648515928608
CRISPR_CA7 (766),0.15876426714472913
CRISPR_CNP (1267),0.15876226784874437
CRISPR_VAT1 (10493),0.158747743175085
CRISPR_SNAPC4 (6621),0.15874685579183367
CRISPR_ADCYAP1R1 (117),0.15874514847557553
CRISPR_WIPF2 (147179),0.1587434106081611
CRISPR_UHRF2 (115426),0.15873962406523034
CRISPR_GFPT1 (2673),0.1587385982299594
CRISPR_DOT1L (84444),0.15873490951511293
CRISPR_PPCDC (60490),0.15873457071177377
CRISPR_EHD1 (10938),0.15873229239644004
CRISPR_ICE1 (23379),0.15872855675786113
CRISPR_NDC1 (55706),0.15872551540277335
CRISPR_PAIP2 (51247),0.1587219081013096
CRISPR_ZNF492 (57615),0.15871813657202605
CRISPR_NUMB (8650),0.15871328950202201
CRISPR_KCNN4 (3783),0.15870749221562352
CRISPR_TMEM61 (199964),0.15870472774798206
CRISPR_MATR3 (9782),0.15870426845204566
CRISPR_VPS41 (27072),0.1587004332015196
CRISPR_PKDCC (91461),0.15869991060949395
CRISPR_MYBBP1A (10514),0.15869964423519356
CRISPR_BTBD7 (55727),0.15869963475924287
CRISPR_MRPL36 (64979),0.15869806940713627
CRISPR_DHODH (1723),0.15869515642147025
CRISPR_TMPRSS11F (389208),0.15869127877557787
CRISPR_CORO1B (57175),0.15869120917293333
CRISPR_ARHGEF11 (9826),0.15869032396677252
CRISPR_SMIM15 (643155),0.15869023471751653
CRISPR_INPP5B (3633),0.1586889370968363
CRISPR_MAP3K7 (6885),0.15868868912963574
CRISPR_VRK1 (7443),0.15868857533958014
CRISPR_TRA2B (6434),0.15868703998903122
CRISPR_CHCHD10 (400916),0.15868507404316734
CRISPR_RNF25 (64320),0.1586818966256729
CRISPR_TMEM70 (54968),0.15868189140079725
CRISPR_GRPEL1 (80273),0.15868075947347648
CRISPR_HEATR3 (55027),0.15867830125583104
CRISPR_YJEFN3 (374887),0.1586774462381939
CRISPR_MAPK13 (5603),0.1586760200703523
CRISPR_PDZD9 (255762),0.15867557744460914
CRISPR_KLF6 (1316),0.1586719099505265
CRISPR_OLIG3 (167826),0.15866908599004947
CRISPR_CNIH4 (29097),0.15866891294647623
CRISPR_CBX3 (11335),0.15866279347435164
CRISPR_CRIP3 (401262),0.15865827372358954
CRISPR_UQCRFS1 (7386),0.15865779523173185
CRISPR_LIN7C (55327),0.15865584710891945
CRISPR_TBC1D31 (93594),0.1586538967551281
CRISPR_AP3M2 (10947),0.15865155973043255
CRISPR_ZBTB48 (3104),0.15864904439138172
CRISPR_SMPDL3A (10924),0.1586455965100355
CRISPR_SLC12A1 (6557),0.1586449908092069
CRISPR_MMACHC (25974),0.15863629809740054
CRISPR_RHD (6007),0.15863108188987063
CRISPR_ACADS (35),0.1586235268316214
CRISPR_DNAJC3 (5611),0.15862278826448595
CRISPR_LCN8 (138307),0.15862274027818035
CRISPR_NDUFAF5 (79133),0.15861530416334713
CRISPR_CAMSAP2 (23271),0.15861454287800658
CRISPR_ZNF514 (84874),0.15861056443670574
CRISPR_HSD11B2 (3291),0.15860906788090023
CRISPR_SLC25A44 (9673),0.15860426996496013
CRISPR_PPIP5K1 (9677),0.1586034700598571
CRISPR_CASQ2 (845),0.15860258219758983
CRISPR_MAD2L1BP (9587),0.1585944711929823
CRISPR_ACSL4 (2182),0.15859288101074487
CRISPR_ELF3 (1999),0.1585899911641082
CRISPR_UGT2A3 (79799),0.15858805914999596
CRISPR_KAT2A (2648),0.15858589082056618
CRISPR_PEX11G (92960),0.1585805461828116
CRISPR_RALGAPA1 (253959),0.15858052108477683
CRISPR_BSN (8927),0.15857677871694342
CRISPR_LRFN1 (57622),0.1585759702543319
CRISPR_UROS (7390),0.1585751215918565
CRISPR_WASL (8976),0.15857477091190209
CRISPR_ZDHHC20 (253832),0.1585731163664006
CRISPR_FSAF1 (128061),0.15856267090364984
CRISPR_PFDN5 (5204),0.15856190248341395
CRISPR_CRX (1406),0.15856182570731026
CRISPR_HES2 (54626),0.15855954941044548
CRISPR_TSEN34 (79042),0.15855847300239034
CRISPR_VPS37A (137492),0.1585573526837072
CRISPR_PREX1 (57580),0.15855571377114952
CRISPR_MRPL54 (116541),0.1585516455916638
CRISPR_ZC3H13 (23091),0.15855156183578867
CRISPR_NFYB (4801),0.1585515570196092
CRISPR_SLC26A11 (284129),0.15855151620635421
CRISPR_TPTE2 (93492),0.15855079529402083
CRISPR_APAF1 (317),0.15854956579344837
CRISPR_BHLHA15 (168620),0.1585445157400116
CRISPR_INTS10 (55174),0.1585428144519332
CRISPR_SDHB (6390),0.15854048187896197
CRISPR_SUDS3 (64426),0.15854040774245792
CRISPR_LCMT2 (9836),0.1585373008289901
CRISPR_PAK1 (5058),0.15853521885787547
CRISPR_VCF1 (84923),0.15853239983681888
CRISPR_CHTF18 (63922),0.15853070608128306
CRISPR_MYO15A (51168),0.15853052019571479
CRISPR_CDCA2 (157313),0.15852601186567394
CRISPR_PGRMC2 (10424),0.15852552448050083
CRISPR_MED9 (55090),0.1585245387279901
CRISPR_GTSE1 (51512),0.15852394567079386
CRISPR_MRPS11 (64963),0.15851820591122756
CRISPR_MCPH1 (79648),0.15851611067508653
CRISPR_ITGA11 (22801),0.15851555869821787
CRISPR_USP15 (9958),0.15851311720977268
CRISPR_SLC25A3 (5250),0.15850664417038285
CRISPR_CSN2 (1447),0.15850163138304296
CRISPR_IRF2BP2 (359948),0.15849783099851233
CRISPR_DMAC1 (90871),0.1584970814209461
CRISPR_RTN4IP1 (84816),0.15849651898183748
CRISPR_ADCK5 (203054),0.15849505159679023
CRISPR_GPAA1 (8733),0.15849263630372068
CRISPR_FADD (8772),0.15848746222594912
CRISPR_DNAJB9 (4189),0.15847635372819502
CRISPR_MRPL48 (51642),0.15847592952058154
CRISPR_PGAP2 (27315),0.15847303414121505
CRISPR_C6orf47 (57827),0.1584719436946891
CRISPR_AIP (9049),0.15847094728419098
CRISPR_IMPDH1 (3614),0.1584708149248808
CRISPR_CTSH (1512),0.15847070724943713
CRISPR_LCN10 (414332),0.1584685298096824
CRISPR_PIK3C3 (5289),0.1584674952347802
CRISPR_BLVRB (645),0.15845763722401607
CRISPR_CFAP57 (149465),0.15844986014345697
CRISPR_MAN2A1 (4124),0.1584430097399263
CRISPR_ZMAT4 (79698),0.1584408421136816
CRISPR_UBE2Q1 (55585),0.15843799847916706
CRISPR_YIPF5 (81555),0.15843719826736447
CRISPR_DPPA5 (340168),0.15843679830433555
CRISPR_TIMM9 (26520),0.15843245226486058
CRISPR_CD47 (961),0.15842864462775008
CRISPR_TMEM208 (29100),0.1584281659853044
CRISPR_UGT3A2 (167127),0.1584261346628546
CRISPR_DCTN4 (51164),0.15842446411835454
CRISPR_ALG10 (84920),0.15841433819429085
CRISPR_GGNBP2 (79893),0.1584133192065531
CRISPR_LCE3C (353144),0.15841116890673668
CRISPR_QPCTL (54814),0.1584102121727815
CRISPR_TCEAL8 (90843),0.15840980739660981
CRISPR_TRAF2 (7186),0.15840966217031838
CRISPR_CSPG4 (1464),0.1584023820784095
CRISPR_PLEKHG2 (64857),0.15840193473977848
CRISPR_NEK4 (6787),0.1583967074388184
CRISPR_FCGR3A (2214),0.15839434899259208
CRISPR_PROB1 (389333),0.1583927241977099
CRISPR_C3orf38 (285237),0.15839040191174902
CRISPR_SLC25A28 (81894),0.15838988397698728
CRISPR_RDH5 (5959),0.15838898216161024
CRISPR_FOXL2 (668),0.15838231761048593
CRISPR_ZFP90 (146198),0.1583755768367956
CRISPR_CRACD (57482),0.15836975766618
CRISPR_SCAMP4 (113178),0.15836941272538096
CRISPR_SMC5 (23137),0.1583650157948444
CRISPR_CABP4 (57010),0.1583649689438067
CRISPR_KIAA1210 (57481),0.15836493871294088
CRISPR_CCR7 (1236),0.1583648539129321
CRISPR_H2AC15 (8330),0.15836269934776315
CRISPR_TMEM177 (80775),0.15836190280519524
CRISPR_COCH (1690),0.15835707538377353
CRISPR_MCL1 (4170),0.15835598501981352
CRISPR_FANCE (2178),0.15834950074693044
CRISPR_FASTKD5 (60493),0.15834624654011709
CRISPR_SLC16A4 (9122),0.1583449888262365
CRISPR_GATD1 (347862),0.15834127477364746
CRISPR_AMBRA1 (55626),0.15834081155727286
CRISPR_KRT222 (125113),0.15833747826350386
CRISPR_TDP2 (51567),0.1583367718741
CRISPR_KCNK9 (51305),0.15833622587845042
CRISPR_ZNF486 (90649),0.15833538739900632
CRISPR_MIPEP (4285),0.1583333687053674
CRISPR_SDAD1 (55153),0.15833300366997438
CRISPR_TCEAL7 (56849),0.1583276842309811
CRISPR_ADSS1 (122622),0.15832753135279454
CRISPR_ARHGAP1 (392),0.15832355482085703
CRISPR_PLAGL2 (5326),0.15831932844868746
CRISPR_MEPE (56955),0.1583129879869567
CRISPR_ARID5A (10865),0.15831233864299854
CRISPR_PLCD1 (5333),0.15831215703279433
CRISPR_ANKRD40 (91369),0.1583118005435331
CRISPR_ANKRD16 (54522),0.15831136484489683
CRISPR_BARHL2 (343472),0.15831077098378898
CRISPR_SKIC2 (6499),0.15831024667803995
CRISPR_TXNDC9 (10190),0.15830548048558857
CRISPR_PTGR1 (22949),0.15830158957029639
CRISPR_KIFC1 (3833),0.15829702114376953
CRISPR_ELP6 (54859),0.15829659471447854
CRISPR_ATIC (471),0.15829006281374802
CRISPR_AP3B1 (8546),0.15828428533144034
CRISPR_ZFR (51663),0.15827474248032303
CRISPR_GPAT2 (150763),0.15826882917229756
CRISPR_CPB1 (1360),0.15826868367824343
CRISPR_RAB3GAP2 (25782),0.1582662042380285
CRISPR_FGFR1 (2260),0.15826549748967533
CRISPR_TRAPPC4 (51399),0.15826380472326296
CRISPR_TMEM184B (25829),0.15825792545414608
CRISPR_SLC16A1 (6566),0.15825197931994328
CRISPR_TBRG4 (9238),0.15825121818136445
CRISPR_RBMXL1 (494115),0.15824995722876078
CRISPR_ALAD (210),0.158247343942298
CRISPR_NUPR2 (389493),0.158241507084119
CRISPR_PDCD6 (10016),0.15823365063285433
CRISPR_USP7 (7874),0.15823301755584485
CRISPR_HSD3B1 (3283),0.1582300066248381
CRISPR_RPE65 (6121),0.15821740470840595
CRISPR_CREB3L3 (84699),0.15821534159236705
CRISPR_GLO1 (2739),0.15821148534924134
CRISPR_EIF4EBP1 (1978),0.15820951320116539
CRISPR_SAYSD1 (55776),0.1582083551523059
CRISPR_JADE2 (23338),0.15820362098180674
CRISPR_GEN1 (348654),0.1582005196427705
CRISPR_SCAF8 (22828),0.15818970731295945
CRISPR_LTN1 (26046),0.15818669473182378
CRISPR_GTF2A1L (11036),0.1581856920922693
CRISPR_WDR44 (54521),0.15818219777987697
CRISPR_MYBPHL (343263),0.158173660881328
CRISPR_YAP1 (10413),0.158173402765998
CRISPR_THAP12 (5612),0.15817158250551788
CRISPR_MORF4L1 (10933),0.15816818210005046
CRISPR_ABHD17A (81926),0.15816332573006342
CRISPR_ACBD5 (91452),0.15816201602401403
CRISPR_MED31 (51003),0.15816035742009404
CRISPR_DIDO1 (11083),0.1581581259943894
CRISPR_SENP7 (57337),0.1581562487816539
CRISPR_TGDS (23483),0.15815484257218504
CRISPR_MYSM1 (114803),0.15815455561481784
CRISPR_MATK (4145),0.1581503810757452
CRISPR_KCNK13 (56659),0.15815018758394572
CRISPR_MRPS31 (10240),0.15814748584787797
CRISPR_ANAPC7 (51434),0.1581456883572132
CRISPR_FAM50A (9130),0.15814243842358078
CRISPR_RPS6KA4 (8986),0.1581422724274235
CRISPR_GATAD2A (54815),0.158140857059057
CRISPR_EXOSC3 (51010),0.15813018808191082
CRISPR_ACLY (47),0.1581299532427165
CRISPR_COX18 (285521),0.15812974422235282
CRISPR_TIGD3 (220359),0.15812779768032215
CRISPR_ARRDC5 (645432),0.15812756038579323
CRISPR_RAB40B (10966),0.15812755003282408
CRISPR_RPS27L (51065),0.1581113487487098
CRISPR_CDK5RAP3 (80279),0.15811057492826297
CRISPR_SIPA1 (6494),0.15810956174834523
CRISPR_ZNF674 (641339),0.15810457302511072
CRISPR_SRM (6723),0.15809671116196533
CRISPR_FBXL3 (26224),0.15809650529029984
CRISPR_MGAT1 (4245),0.15809312334092063
CRISPR_KNSTRN (90417),0.1580923660061
CRISPR_NDUFA4L2 (56901),0.15808741071941945
CRISPR_ZNF441 (126068),0.15808607834056865
CRISPR_FUS (2521),0.15808311391534868
CRISPR_FLOT1 (10211),0.1580818684468266
CRISPR_EPO (2056),0.15808158009590745
CRISPR_RNF207 (388591),0.1580777126982955
CRISPR_NFIC (4782),0.1580771838309447
CRISPR_TMEM41B (440026),0.15807696235953994
CRISPR_STRN3 (29966),0.15807613185191194
CRISPR_MBNL1 (4154),0.15806881305483778
CRISPR_GAD1 (2571),0.15806797449223176
CRISPR_SPTLC1 (10558),0.15806761755471133
CRISPR_SP1 (6667),0.15805929851701528
CRISPR_SHMT1 (6470),0.15805827087910806
CRISPR_NME1 (4830),0.15805157197160025
CRISPR_PHOX2A (401),0.15805059285856782
CRISPR_MFN2 (9927),0.1580498221587625
CRISPR_SRI (6717),0.15804569721908912
CRISPR_ATP6V1D (51382),0.15804482018409693
CRISPR_KRTAP4-11 (653240),0.15804398538921927
CRISPR_C1orf210 (149466),0.15804144816638743
CRISPR_TBC1D22B (55633),0.15803854178910903
CRISPR_SCGB2A2 (4250),0.15802858134335196
CRISPR_N4BP2L1 (90634),0.15801905207248357
CRISPR_PPARG (5468),0.15801763190701656
CRISPR_KHK (3795),0.15801265157159694
CRISPR_SOX5 (6660),0.1580114738929188
CRISPR_DERL1 (79139),0.15800837199180773
CRISPR_ARPC1B (10095),0.15800282321795756
CRISPR_PRDM16 (63976),0.15799548708416378
CRISPR_RBM18 (92400),0.15799311813547856
CRISPR_TMEM167B (56900),0.15798991209857505
CRISPR_MRPS35 (60488),0.1579839290085463
CRISPR_AP1M2 (10053),0.15798169537389217
CRISPR_KIN (22944),0.15798084833377324
CRISPR_KRT6A (3853),0.15797990881295831
CRISPR_FIGNL1 (63979),0.15797789370319215
CRISPR_C1orf35 (79169),0.15797421969204262
CRISPR_WNK4 (65266),0.15797242942889245
CRISPR_TNP1 (7141),0.15796986516250744
CRISPR_DGCR6L (85359),0.1579603814796693
CRISPR_ALDH1A2 (8854),0.15795897807435377
CRISPR_SOCS5 (9655),0.15795682980110737
CRISPR_BBS9 (27241),0.15795636074267883
CRISPR_POLE3 (54107),0.15795612969551254
CRISPR_MYO9B (4650),0.15795545918696874
CRISPR_DNAJC19 (131118),0.15794832368889722
CRISPR_CS (1431),0.15793487331837053
CRISPR_FAM151A (338094),0.15793346427891386
CRISPR_UPK2 (7379),0.15793326959128162
CRISPR_PPP1R11 (6992),0.15793320045020032
CRISPR_XYLT2 (64132),0.15792546542682473
CRISPR_LIF (3976),0.15791836093381661
CRISPR_MTMR9 (66036),0.15790536775927055
CRISPR_PARP1 (142),0.157903235976387
CRISPR_MICALL1 (85377),0.1578927714796512
CRISPR_NAP1L1 (4673),0.15789050673841754
CRISPR_SCUBE3 (222663),0.15789050594545984
CRISPR_TSNAXIP1 (55815),0.15788887946749064
CRISPR_CIRSR (9541),0.15788883085431848
CRISPR_MRPL58 (3396),0.15788790848828427
CRISPR_RRAGC (64121),0.1578844879005974
CRISPR_GABPA (2551),0.15788268956737372
CRISPR_NDUFA9 (4704),0.1578791203539076
CRISPR_CBR4 (84869),0.15786713774765015
CRISPR_NRP2 (8828),0.15785985438652883
CRISPR_RAB5IF (55969),0.15785874246619436
CRISPR_TIMM23 (100287932),0.15785354951940356
CRISPR_LEMD2 (221496),0.15785079906779043
CRISPR_TMEM41A (90407),0.15785050736627593
CRISPR_EIF3M (10480),0.15785037664297707
CRISPR_RASL12 (51285),0.1578456637645056
CRISPR_CTDSP1 (58190),0.1578391078627659
CRISPR_CELF1 (10658),0.15783772019505804
CRISPR_ARHGEF16 (27237),0.15783764387638044
CRISPR_PAK4 (10298),0.15783573149143582
CRISPR_OSCP1 (127700),0.15783539602681795
CRISPR_GSK3B (2932),0.157834034434007
CRISPR_TRAPPC9 (83696),0.15783218851885206
CRISPR_KRT4 (3851),0.1578275675394636
CRISPR_PLEC (5339),0.15782304474269981
CRISPR_ABRAXAS1 (84142),0.1578180213576834
CRISPR_GNAQ (2776),0.157815805000447
CRISPR_U2SURP (23350),0.15781559285515945
CRISPR_FPR3 (2359),0.15781547052669875
CRISPR_FZD2 (2535),0.15781415796042353
CRISPR_GGA3 (23163),0.15781330513695035
CRISPR_MED28 (80306),0.15780928478003364
CRISPR_ARNT (405),0.15780654213712886
CRISPR_USP12 (219333),0.15780175995881063
CRISPR_DNAJC8 (22826),0.1577891545370278
CRISPR_UQCC3 (790955),0.1577885064308031
CRISPR_DAXX (1616),0.1577846815593249
CRISPR_SSBP4 (170463),0.15778459010069046
CRISPR_ANXA3 (306),0.15778040744093147
CRISPR_MTHFD2L (441024),0.15777657418760338
CRISPR_IFNGR1 (3459),0.1577761198868144
CRISPR_ZNF24 (7572),0.1577760093563354
CRISPR_MTNAP1 (55028),0.1577754585097706
CRISPR_CDC20B (166979),0.15777422790946716
CRISPR_PHAX (51808),0.1577730782117408
CRISPR_PRODH (5625),0.1577647116151626
CRISPR_KATNA1 (11104),0.15776415868652904
CRISPR_CLPB (81570),0.1577632531667863
CRISPR_TMEM178A (130733),0.1577629559057172
CRISPR_URGCP (55665),0.15776065878748824
CRISPR_POLQ (10721),0.15775919639518587
CRISPR_H2AX (3014),0.1577576688782205
CRISPR_CASTOR2 (729438),0.15775746949650582
CRISPR_TPBGL (100507050),0.1577518333342205
CRISPR_JCAD (57608),0.15774696112847675
CRISPR_IMMP1L (196294),0.15774431369716435
CRISPR_TASP1 (55617),0.15774037641395022
CRISPR_CYP2A13 (1553),0.15774018178232208
CRISPR_GDE1 (51573),0.1577366502911719
CRISPR_SIRT2 (22933),0.1577361723419104
CRISPR_ANKRD11 (29123),0.157735177285649
CRISPR_CYP21A2 (1589),0.15773288880756464
CRISPR_SPTLC2 (9517),0.15772728087368826
CRISPR_CARF (79800),0.15772587234135038
CRISPR_RLF (6018),0.15772060544143596
CRISPR_SNX32 (254122),0.1577196950209423
CRISPR_WASHC3 (51019),0.15771908254797484
CRISPR_FUBP1 (8880),0.1577185683665876
CRISPR_SLC39A9 (55334),0.15771818551965122
CRISPR_LY96 (23643),0.15771501943322797
CRISPR_GRAP2 (9402),0.15771375013415678
CRISPR_DHX29 (54505),0.1577093666136582
CRISPR_PTCH2 (8643),0.15770915593793866
CRISPR_PBRM1 (55193),0.15770538488045727
CRISPR_DNAJC11 (55735),0.15770333076327425
CRISPR_PRPF39 (55015),0.15770176824017046
CRISPR_CFAP92 (57501),0.15770004497810675
CRISPR_TOPBP1 (11073),0.15769938785988735
CRISPR_PHAF1 (80262),0.15769175679640846
CRISPR_TSNAX (7257),0.1576910314909119
CRISPR_SSTR2 (6752),0.1576907338955147
CRISPR_NOC2L (26155),0.15768938404530086
CRISPR_IL19 (29949),0.1576875230961834
CRISPR_IL1A (3552),0.15768729404284
CRISPR_SCO2 (9997),0.1576860612134423
CRISPR_SREBF2 (6721),0.15768350943508747
CRISPR_FAM20A (54757),0.15767501748883106
CRISPR_FNIP2 (57600),0.15767431974484314
CRISPR_TXNDC12 (51060),0.15767279514770483
CRISPR_DLGAP5 (9787),0.15767274510968665
CRISPR_TPCN2 (219931),0.1576720146067725
CRISPR_TNFAIP3 (7128),0.15767200900765
CRISPR_DPCD (25911),0.1576710766078664
CRISPR_ARHGDIA (396),0.15766973687921304
CRISPR_TMEM44 (93109),0.15766784778786924
CRISPR_YEATS2 (55689),0.15766610635244582
CRISPR_CTC1 (80169),0.15765582045753224
CRISPR_EHMT2 (10919),0.15765210502785898
CRISPR_TMEM217 (221468),0.1576505057644253
CRISPR_IL36A (27179),0.1576437535928843
CRISPR_RAB34 (83871),0.1576389723373488
CRISPR_SRRM1 (10250),0.1576353082679134
CRISPR_H2AC4 (8335),0.15762461644023418
CRISPR_FAAH (2166),0.15762455210412618
CRISPR_CRYGC (1420),0.15762367818339662
CRISPR_DNASE2 (1777),0.1576210979416537
CRISPR_GPC1 (2817),0.15762009993928228
CRISPR_CASKIN2 (57513),0.1576085594797405
CRISPR_GATB (5188),0.15760599951757648
CRISPR_FAM111A (63901),0.15760475081996983
CRISPR_CORO7 (79585),0.15760437223190138
CRISPR_ANKRD52 (283373),0.15760407805956422
CRISPR_SYNPR (132204),0.15759480936433956
CRISPR_MTCH2 (23788),0.15759348713717092
CRISPR_COX4I1 (1327),0.1575899933400109
CRISPR_ZFX (7543),0.1575852798323334
CRISPR_USP19 (10869),0.15758160921874254
CRISPR_CFAP36 (112942),0.15758043166290125
CRISPR_ANAPC4 (29945),0.15757456763746358
CRISPR_KIR2DL1 (3802),0.15756898955710952
CRISPR_ALG12 (79087),0.15756785936791218
CRISPR_ZDHHC24 (254359),0.15756326396224285
CRISPR_ITGA5 (3678),0.15756096071469816
CRISPR_VWA5B2 (90113),0.1575585904264134
CRISPR_ACTR1A (10121),0.15755442517985951
CRISPR_ZGPAT (84619),0.15755373652413152
CRISPR_PRPF18 (8559),0.1575429282200469
CRISPR_NDUFS3 (4722),0.15753924587628632
CRISPR_CENPU (79682),0.15753807022182365
CRISPR_JPT1 (51155),0.15753730764568452
CRISPR_LAMA3 (3909),0.15753577180861011
CRISPR_NDUFA7 (4701),0.15753492424613302
CRISPR_SLC35E2B (728661),0.15753099627936518
CRISPR_INPP5A (3632),0.15752941069586068
CRISPR_BRAF (673),0.15752555851253547
CRISPR_EPC2 (26122),0.15751902988874633
CRISPR_KMT2A (4297),0.15751697668225795
CRISPR_ADHFE1 (137872),0.15751345474778944
CRISPR_VAC14 (55697),0.15750580500269784
CRISPR_BRAP (8315),0.15750054998432983
CRISPR_LALBA (3906),0.1574936853717892
CRISPR_DCTN6 (10671),0.15749183433726888
CRISPR_PNISR (25957),0.15748850548902738
CRISPR_ZNF322 (79692),0.15748394053754833
CRISPR_LY6G5C (80741),0.157483246960612
CRISPR_UTS2 (10911),0.15748221419819508
CRISPR_FLVCR2 (55640),0.15748173848320324
CRISPR_CUTA (51596),0.15747909748814237
CRISPR_WRAP53 (55135),0.15747885835265407
CRISPR_NUFIP2 (57532),0.1574757536646194
CRISPR_ADAMTS4 (9507),0.1574661404697668
CRISPR_INO80 (54617),0.1574624255572603
CRISPR_ERBIN (55914),0.15745351908874294
CRISPR_GPATCH1 (55094),0.15745206083129304
CRISPR_LIPA (3988),0.15745111790494004
CRISPR_TAFA3 (284467),0.15744839479384432
CRISPR_APRT (353),0.15744527355827564
CRISPR_DNAJB6 (10049),0.15744161889523056
CRISPR_HAGH (3029),0.15743232676727725
CRISPR_PEX2 (5828),0.15742842794922485
CRISPR_PEA15 (8682),0.1574235394456851
CRISPR_NDUFS4 (4724),0.1574209312312993
CRISPR_FAF2 (23197),0.15741839824334214
CRISPR_CDCP2 (200008),0.15740926819430268
CRISPR_TMEM201 (199953),0.15740765299371517
CRISPR_FSBP (100861412),0.15740593603644104
CRISPR_UBE3D (90025),0.1573980950931375
CRISPR_CREBRF (153222),0.1573974352993721
CRISPR_NKX2-8 (26257),0.15739681002479777
CRISPR_EXT1 (2131),0.15738359940253588
CRISPR_HOXC13 (3229),0.1573810659276651
CRISPR_TAF9B (51616),0.15737870063851211
CRISPR_VEGFA (7422),0.15737811960425052
CRISPR_NPC1 (4864),0.1573686033890942
CRISPR_BIRC2 (329),0.1573685285342581
CRISPR_UGP2 (7360),0.15736830318021688
CRISPR_FAM53A (152877),0.15736548456421318
CRISPR_SRP9 (6726),0.15736483056651185
CRISPR_PTBP1 (5725),0.15735757580930265
CRISPR_RPF1 (80135),0.15735666220060107
CRISPR_ZFP36L2 (678),0.15735605426912702
CRISPR_ARFRP1 (10139),0.15734961197798114
CRISPR_PATJ (10207),0.15734938762510975
CRISPR_CMTM6 (54918),0.1573466944031141
CRISPR_EXTL2 (2135),0.1573453076979403
CRISPR_PGS1 (9489),0.15734088862178197
CRISPR_PTH2 (113091),0.15734050532962307
CRISPR_UAP1 (6675),0.15733648674518008
CRISPR_RAP1GAP (5909),0.1573341787758924
CRISPR_RMND1 (55005),0.15732964277213224
CRISPR_GAB1 (2549),0.15732746385389618
CRISPR_C1orf54 (79630),0.1573244534397853
CRISPR_SPRTN (83932),0.15732031206742736
CRISPR_KPNA7 (402569),0.1573082735338689
CRISPR_SRCAP (10847),0.15730399820339258
CRISPR_RNMT (8731),0.15730366910911808
CRISPR_HNRNPH2 (3188),0.1573010449725114
CRISPR_CYP4Z1 (199974),0.15730093457000738
CRISPR_PCDHA4 (56144),0.15730052846452658
CRISPR_POM121 (9883),0.15729827876998748
CRISPR_CERS6 (253782),0.15729594974886396
CRISPR_JMJD6 (23210),0.15729347410474936
CRISPR_HNRNPA2B1 (3181),0.1572878277579539
CRISPR_IBA57 (200205),0.1572869661865779
CRISPR_TMEM254 (80195),0.15727822981395256
CRISPR_NDUFAF2 (91942),0.15727305006574
CRISPR_PPP2R3C (55012),0.15727157436594208
CRISPR_UMPS (7372),0.1572664682645799
CRISPR_SLC30A9 (10463),0.15726525660278234
CRISPR_MED19 (219541),0.1572643767188051
CRISPR_SUGT1 (10910),0.1572548726259413
CRISPR_PLEK2 (26499),0.15725398527404622
CRISPR_MSI2 (124540),0.15725355913484673
CRISPR_TNIP1 (10318),0.1572519827824017
CRISPR_TIMMDC1 (51300),0.1572505883307409
CRISPR_TXN2 (25828),0.15724864135933636
CRISPR_MAL (4118),0.15724432110082365
CRISPR_TNFRSF1B (7133),0.15724238097087273
CRISPR_DUXA (503835),0.15724171883507854
CRISPR_MRPL46 (26589),0.15723840533047895
CRISPR_NDUFB11 (54539),0.15723611858396414
CRISPR_RNF157 (114804),0.15723190033384338
CRISPR_ITIH4 (3700),0.1572296209460884
CRISPR_FARS2 (10667),0.1572247375744169
CRISPR_HNRNPD (3184),0.15721968720895685
CRISPR_ERLIN1 (10613),0.15721342404969452
CRISPR_FAM185A (222234),0.1572074144899771
CRISPR_LZTR1 (8216),0.15720453540794121
CRISPR_CD27 (939),0.15720173922222447
CRISPR_POLE4 (56655),0.1571992808513949
CRISPR_SHLD1 (149840),0.15719130374823465
CRISPR_PLCB3 (5331),0.15718386798772332
CRISPR_DAPK2 (23604),0.15718026312783984
CRISPR_EFL1 (79631),0.1571748636983621
CRISPR_CMAS (55907),0.15717424187198592
CRISPR_FOXA2 (3170),0.15717336520697334
CRISPR_RALGAPB (57148),0.15717258690038927
CRISPR_C16orf95 (100506581),0.15717252545641092
CRISPR_NCOA4 (8031),0.1571719273140184
CRISPR_STK11 (6794),0.157170973555127
CRISPR_KRT71 (112802),0.15717003884602754
CRISPR_CAST (831),0.15716441579290397
CRISPR_HPS1 (3257),0.15716213656604427
CRISPR_KIF26A (26153),0.15716134491501954
CRISPR_NCOA3 (8202),0.1571607994918116
CRISPR_LRRC74A (145497),0.15716007159994305
CRISPR_TBX4 (9496),0.15715998624029837
CRISPR_INO80B (83444),0.1571596527822674
CRISPR_LIPE (3991),0.15714498471673188
CRISPR_KRTAP13-2 (337959),0.15713986140368252
CRISPR_C22orf15 (150248),0.15713674349239337
CRISPR_BTG1 (694),0.1571335231876443
CRISPR_RNASE11 (122651),0.15713280938851337
CRISPR_ELOF1 (84337),0.15712836639182992
CRISPR_ZWINT (11130),0.15712614973721983
CRISPR_CIP2A (57650),0.15711868458020462
CRISPR_USP30 (84749),0.15711642365055933
CRISPR_PER2 (8864),0.15711501425821606
CRISPR_RHBDF2 (79651),0.15711343811345824
CRISPR_CETN3 (1070),0.15710620955678145
CRISPR_BAG4 (9530),0.15710520365015146
CRISPR_DDX21 (9188),0.15710228468316068
CRISPR_SLC19A3 (80704),0.15710207499200646
CRISPR_TSC2 (7249),0.15710126137296765
CRISPR_CTDSPL2 (51496),0.15709813930407535
CRISPR_CENPO (79172),0.15709763600982818
CRISPR_IDH3B (3420),0.1570974393164084
CRISPR_EEF1E1 (9521),0.15708205498377037
CRISPR_C1orf52 (148423),0.1570802450237201
CRISPR_HDAC7 (51564),0.15707715746613982
CRISPR_CDH1 (999),0.15707682454415117
CRISPR_HOXB6 (3216),0.15707617399428742
CRISPR_SMIM12 (113444),0.15707520209671255
CRISPR_HNRNPA1 (3178),0.1570672263936661
CRISPR_ARHGEF26 (26084),0.15706507146775905
CRISPR_RAP1B (5908),0.15705658020075575
CRISPR_VPS54 (51542),0.15705245791251699
CRISPR_SRPK2 (6733),0.15704345339837822
CRISPR_POLR3E (55718),0.15703947908452598
CRISPR_MTCH1 (23787),0.15703102149905934
CRISPR_MPPE1 (65258),0.15702929463393112
CRISPR_CDKL2 (8999),0.15702830735849727
CRISPR_OMD (4958),0.15702805484801852
CRISPR_DMRTC2 (63946),0.15701995136017022
CRISPR_TGFBR3 (7049),0.15701819376913217
CRISPR_SPTSSA (171546),0.15701721037635163
CRISPR_SUGCT (79783),0.15701147944557636
CRISPR_DERL2 (51009),0.1570060113811662
CRISPR_BIRC6 (57448),0.15700482378490133
CRISPR_ZNF526 (116115),0.15700015161365055
CRISPR_CSTF1 (1477),0.15699454982936611
CRISPR_CD151 (977),0.1569931508582414
CRISPR_EPM2AIP1 (9852),0.1569904690442394
CRISPR_NACA2 (342538),0.15698093643766775
CRISPR_TMEM101 (84336),0.15697832394034794
CRISPR_SPPL3 (121665),0.1569773137861019
CRISPR_XIAP (331),0.15697499452566444
CRISPR_BLOC1S2 (282991),0.15697291226568133
CRISPR_H3C12 (8356),0.1569700366879232
CRISPR_PCYT1A (5130),0.1569689449021805
CRISPR_GLRX3 (10539),0.15696429919001442
CRISPR_HES3 (390992),0.1569634581652446
CRISPR_RASSF2 (9770),0.15696146129608302
CRISPR_VPS4B (9525),0.15696131022400994
CRISPR_RHOU (58480),0.15696108980180945
CRISPR_LYPD6 (130574),0.15696012277500326
CRISPR_B3GALT6 (126792),0.1569594924603317
CRISPR_NME6 (10201),0.15695690934879813
CRISPR_SP5 (389058),0.15695561688422277
CRISPR_WASHC2C (253725),0.15695407880437973
CRISPR_MCRIP2 (84331),0.15695335843679725
CRISPR_XPR1 (9213),0.15695224366384064
CRISPR_C1QTNF5 (114902),0.15695218555898283
CRISPR_MINDY2 (54629),0.15694304542775317
CRISPR_H2BC8 (8339),0.15694199536089304
CRISPR_PDHA1 (5160),0.1569395935685689
CRISPR_TMED8 (283578),0.15693945792942188
CRISPR_MAP1S (55201),0.15693698343146956
CRISPR_DDX28 (55794),0.1569327052742766
CRISPR_KIF15 (56992),0.15692145652397738
CRISPR_PTPRF (5792),0.15691739391378245
CRISPR_CDC25B (994),0.15691443158732543
CRISPR_LY6G6C (80740),0.15691151009605342
CRISPR_LARP4 (113251),0.15690989615140172
CRISPR_GZMH (2999),0.1569072608675457
CRISPR_TRIP6 (7205),0.1569028327479467
CRISPR_FNTA (2339),0.15689972608850855
CRISPR_RP2 (6102),0.15689614677718478
CRISPR_NUBPL (80224),0.15689026583210186
CRISPR_GATAD2B (57459),0.15688788560051226
CRISPR_TTC5 (91875),0.15688772921000282
CRISPR_FSCN2 (25794),0.15688089534867622
CRISPR_ZNF100 (163227),0.15687405342260963
CRISPR_RNF146 (81847),0.15687174987775787
CRISPR_NIPAL2 (79815),0.15686900207627286
CRISPR_RNASEH2B (79621),0.1568689044032876
CRISPR_RPL36AL (6166),0.15686530282805577
CRISPR_MRPL20 (55052),0.15686089245146118
CRISPR_DGCR2 (9993),0.15686079204369108
CRISPR_ZNF343 (79175),0.15685767202679823
CRISPR_MRPL38 (64978),0.15685694786730764
CRISPR_APBB3 (10307),0.15685648340368274
CRISPR_DCST1 (149095),0.1568548661783451
CRISPR_KRTAP5-1 (387264),0.15685394745477232
CRISPR_MTG2 (26164),0.15684955974749215
CRISPR_URB2 (9816),0.15684743546548674
CRISPR_AK3 (50808),0.15684301596970318
CRISPR_MED1 (5469),0.1568366968761623
CRISPR_MKRN2 (23609),0.15683347353855304
CRISPR_RDH16 (8608),0.1568294445841243
CRISPR_PPIG (9360),0.15682521385041248
CRISPR_RGL2 (5863),0.1568217586787135
CRISPR_RAB11FIP4 (84440),0.15681640615272485
CRISPR_ITGA2B (3674),0.15681221691486513
CRISPR_CHPT1 (56994),0.15681018479213726
CRISPR_GSTO2 (119391),0.15680590679137474
CRISPR_DNAJC24 (120526),0.1568032473607821
CRISPR_STAG1 (10274),0.15680135223564484
CRISPR_SURF1 (6834),0.15679634693872035
CRISPR_LYSMD1 (388695),0.15679542327244977
CRISPR_FURIN (5045),0.1567802046343063
CRISPR_THAP11 (57215),0.1567782303384888
CRISPR_SAT2 (112483),0.15677819420099937
CRISPR_KIDINS220 (57498),0.1567778662502315
CRISPR_MLLT6 (4302),0.15677687349834368
CRISPR_REEP1 (65055),0.15677157413489873
CRISPR_ZNF83 (55769),0.15676537537237234
CRISPR_PABPC4 (8761),0.15676386484886962
CRISPR_SLC38A11 (151258),0.1567616815018429
CRISPR_NSUN4 (387338),0.15675724772572242
CRISPR_C11orf54 (28970),0.15675245510283276
CRISPR_SPTBN2 (6712),0.15674405616405007
CRISPR_CBLL1 (79872),0.15673950442768003
CRISPR_PFN2 (5217),0.15673763528963214
CRISPR_WDR48 (57599),0.1567350849996636
CRISPR_PTDSS1 (9791),0.1567306822329826
CRISPR_CAPN10 (11132),0.15672991547615034
CRISPR_PDE12 (201626),0.15672933939795275
CRISPR_ANP32A (8125),0.15672758712284018
CRISPR_RBM7 (10179),0.15672749605034575
CRISPR_NUP160 (23279),0.15671905524306506
CRISPR_ETV5 (2119),0.1567116966913833
CRISPR_NPB (256933),0.15670985697908701
CRISPR_SUGP2 (10147),0.1567060372918858
CRISPR_PAG1 (55824),0.1567004611870697
CRISPR_TP73 (7161),0.15669919476752003
CRISPR_RNF139 (11236),0.1566902333645377
CRISPR_POP1 (10940),0.15668269906500853
CRISPR_GZMA (3001),0.1566757011076083
CRISPR_SLC4A7 (9497),0.15667084545873422
CRISPR_TFB1M (51106),0.15666892093498586
CRISPR_SAFB (6294),0.156664417841192
CRISPR_BCAR3 (8412),0.1566617848061842
CRISPR_MBOAT2 (129642),0.15666047361096247
CRISPR_BHLHE41 (79365),0.156654189058818
CRISPR_SDC1 (6382),0.15665271281675874
CRISPR_FBXO28 (23219),0.15664880291400696
CRISPR_ADGRG3 (222487),0.15664835239247576
CRISPR_DLX3 (1747),0.1566459823742008
CRISPR_HSDL2 (84263),0.15663795841972927
CRISPR_DNMT1 (1786),0.1566373010373603
CRISPR_PCGF3 (10336),0.15663049332447532
CRISPR_BRD2 (6046),0.1566239093225441
CRISPR_PTPN21 (11099),0.1566209977641515
CRISPR_ZNF627 (199692),0.1566125742821658
CRISPR_NSMCE2 (286053),0.1566119187288315
CRISPR_CSTA (1475),0.1566035343383989
CRISPR_ZNF37A (7587),0.15660166058636182
CRISPR_ARMT1 (79624),0.15660112618395683
CRISPR_LMBR1L (55716),0.1566006537296385
CRISPR_NEK7 (140609),0.15659596603778514
CRISPR_FAM204A (63877),0.15659428739325154
CRISPR_MPP3 (4356),0.1565933735569871
CRISPR_DNM1 (1759),0.1565906335934919
CRISPR_KHDC4 (22889),0.15658368165002212
CRISPR_KDM4A (9682),0.15658240878198537
CRISPR_ZBED4 (9889),0.15657831462032945
CRISPR_ALKBH6 (84964),0.15657788727188038
CRISPR_PEAR1 (375033),0.1565778042868633
CRISPR_EPN2 (22905),0.1565770229233472
CRISPR_MIA (8190),0.15657584788954537
CRISPR_GPR37L1 (9283),0.15657427926268586
CRISPR_CENPM (79019),0.1565727513497963
CRISPR_TGOLN2 (10618),0.15656962519325734
CRISPR_MTERF2 (80298),0.15655992015988307
CRISPR_FAM210A (125228),0.15655643444313672
CRISPR_PHIP (55023),0.15655510527657324
CRISPR_LCE3A (353142),0.1565545645593165
CRISPR_SLC39A11 (201266),0.156554087389015
CRISPR_TMEM130 (222865),0.15655034705868864
CRISPR_CWC22 (57703),0.15654569765094983
CRISPR_TAF15 (8148),0.15654485326159673
CRISPR_CEP44 (80817),0.15654235520919801
CRISPR_SKA2 (348235),0.15653776073790482
CRISPR_KIAA0319 (9856),0.15653735022456772
CRISPR_SDSL (113675),0.1565370342874557
CRISPR_JUNB (3726),0.15653415453101704
CRISPR_REXO1 (57455),0.15653099959554062
CRISPR_AP3S1 (1176),0.15652661345959462
CRISPR_SPHK2 (56848),0.1565212634418156
CRISPR_TRAPPC11 (60684),0.15651700806616287
CRISPR_IWS1 (55677),0.15651635635648198
CRISPR_PEX3 (8504),0.15651437127680445
CRISPR_KLF17 (128209),0.15651432215990457
CRISPR_STK3 (6788),0.15651083862283777
CRISPR_FAM167A (83648),0.15650163887538504
CRISPR_XAGE2 (9502),0.15650040877045512
CRISPR_MED25 (81857),0.15649851790450864
CRISPR_LYSMD3 (116068),0.15649602365519355
CRISPR_ERCC6L (54821),0.15649147335579983
CRISPR_PTGER4 (5734),0.15649146749043474
CRISPR_SNX12 (29934),0.15648100564243528
CRISPR_EIF4E3 (317649),0.15647958632710157
CRISPR_TRA2A (29896),0.15647632908061748
CRISPR_PPP6R2 (9701),0.15647569406851858
CRISPR_ICAM5 (7087),0.15647245470505577
CRISPR_USP37 (57695),0.1564703563594163
CRISPR_ARF4 (378),0.15646532506732758
CRISPR_DROSHA (29102),0.1564632867871083
CRISPR_LAMTOR5 (10542),0.1564620255764151
CRISPR_IGF2BP1 (10642),0.1564586217916224
CRISPR_APOC3 (345),0.1564573567603631
CRISPR_F11R (50848),0.15645146850439762
CRISPR_DTX3L (151636),0.15644846184731875
CRISPR_CYB561 (1534),0.1564437252034443
CRISPR_MFSD3 (113655),0.15643551653922483
CRISPR_EEF1G (1937),0.15642847912944813
CRISPR_C1orf162 (128346),0.15642612563532765
CRISPR_HOXA3 (3200),0.15642378921245026
CRISPR_GP1BA (2811),0.15641756669256424
CRISPR_CDIN1 (84529),0.15641411948114037
CRISPR_PCDHA13 (56136),0.15641215589734703
CRISPR_RAD51D (5892),0.15640816794512524
CRISPR_CA10 (56934),0.15640201743876592
CRISPR_KCND3 (3752),0.15639395151135638
CRISPR_NDUFS8 (4728),0.1563935966030714
CRISPR_GPRC5A (9052),0.15639275227678162
CRISPR_GTF3C2 (2976),0.15638754564137436
CRISPR_NUAK1 (9891),0.15638679901712038
CRISPR_SRP72 (6731),0.15637467715932019
CRISPR_SPINK9 (643394),0.15636205343088871
CRISPR_SCGB2A1 (4246),0.1563596720446938
CRISPR_SMPD1 (6609),0.15635935911970478
CRISPR_ATP5PO (539),0.1563567901729428
CRISPR_TSACC (128229),0.1563556687337888
CRISPR_TNPO1 (3842),0.1563459899157129
CRISPR_LRRC75B (388886),0.1563434862607309
CRISPR_NFKBIB (4793),0.1563360135913987
CRISPR_YES1 (7525),0.15633314176794944
CRISPR_GLIS1 (148979),0.15632668347700118
CRISPR_C17orf58 (284018),0.15632553446781117
CRISPR_ZNF677 (342926),0.1563094810331762
CRISPR_MAP3K11 (4296),0.15630751376900864
CRISPR_CYS1 (192668),0.15630672414039282
CRISPR_HLA-DQA1 (3117),0.15630564854028695
CRISPR_RALGPS1 (9649),0.15630325853037075
CRISPR_SPMIP6 (84688),0.1562942459703036
CRISPR_STX18 (53407),0.15629326398393228
CRISPR_CREB1 (1385),0.15629137666239679
CRISPR_NDUFA4 (4697),0.1562815767378165
CRISPR_BRWD1 (54014),0.15628135451066782
CRISPR_CDC25C (995),0.15627771720361316
CRISPR_AVIL (10677),0.15627384273034473
CRISPR_COL11A2 (1302),0.1562719025083581
CRISPR_SPCS2 (9789),0.1562707031353785
CRISPR_B4GALT3 (8703),0.15626433091852565
CRISPR_ADAM2 (2515),0.15626316383725447
CRISPR_SNX22 (79856),0.15626148218739555
CRISPR_ETS1 (2113),0.1562609719803021
CRISPR_WARS1 (7453),0.15625853967588998
CRISPR_THEM5 (284486),0.1562581362386526
CRISPR_CCNF (899),0.15624257279639409
CRISPR_IPMK (253430),0.15624147366453833
CRISPR_FGF19 (9965),0.15623484842447466
CRISPR_GPR142 (350383),0.15623167334610866
CRISPR_SGPL1 (8879),0.1562171253556084
CRISPR_RTCB (51493),0.15621342032001273
CRISPR_UPK1A (11045),0.1562132171166315
CRISPR_ZNF574 (64763),0.1562123412418579
CRISPR_CASC3 (22794),0.15620997469005182
CRISPR_UBE4B (10277),0.15620408566632893
CRISPR_YIPF6 (286451),0.1562029805591285
CRISPR_LRRC8E (80131),0.15619727111443815
CRISPR_UNC5B (219699),0.15619529376448416
CRISPR_REX1BD (55049),0.15618901676418862
CRISPR_NSL1 (25936),0.15618244979881535
CRISPR_GET3 (439),0.15617998787660525
CRISPR_CCL5 (6352),0.1561729391256046
CRISPR_MID2 (11043),0.15616798803691356
CRISPR_MTG1 (92170),0.156150578436133
CRISPR_CCNT1 (904),0.15614763712416213
CRISPR_MAP2K1 (5604),0.15614333672167557
CRISPR_SNAP91 (9892),0.15614195026485778
CRISPR_DPH3 (285381),0.15614013270443383
CRISPR_NFE2L2 (4780),0.15613928583649272
CRISPR_SEC61G (23480),0.1561379214053895
CRISPR_TM9SF3 (56889),0.15613717190212295
CRISPR_H2AC21 (317772),0.15613143281428332
CRISPR_NUP155 (9631),0.15613057136993458
CRISPR_CPN2 (1370),0.15612798075158363
CRISPR_ACAA1 (30),0.15612352341269276
CRISPR_PFAS (5198),0.15612290639833315
CRISPR_PTPA (5524),0.15611489744593943
CRISPR_NKAIN4 (128414),0.15611351804852625
CRISPR_ZNF736 (728927),0.15611273512900325
CRISPR_TGFBR1 (7046),0.15610743722739873
CRISPR_RBM26 (64062),0.1561052969235721
CRISPR_PFKFB4 (5210),0.156090783046122
CRISPR_NKIRAS1 (28512),0.15608918206996591
CRISPR_THEM4 (117145),0.15608872097931403
CRISPR_TMED10 (10972),0.1560854272209884
CRISPR_BRPF1 (7862),0.15608240682690688
CRISPR_HAPLN1 (1404),0.15608166573559323
CRISPR_IL10 (3586),0.15608148229177488
CRISPR_CPAMD8 (27151),0.15607843632136476
CRISPR_NAE1 (8883),0.1560774151756137
CRISPR_TAPT1 (202018),0.1560753435682276
CRISPR_PHETA2 (150368),0.15607301382122607
CRISPR_CRLF3 (51379),0.15607087146204446
CRISPR_PON3 (5446),0.15607031746521027
CRISPR_MMP28 (79148),0.15606372895952791
CRISPR_NUP50 (10762),0.15606254715015044
CRISPR_ZBTB3 (79842),0.15605855454420947
CRISPR_MAP2K3 (5606),0.15605148355949439
CRISPR_CCNB1IP1 (57820),0.1560495608841519
CRISPR_PAPOLA (10914),0.15603713680440556
CRISPR_POLRMT (5442),0.15603261011780845
CRISPR_SURF4 (6836),0.15602851703116993
CRISPR_SRSF11 (9295),0.15602533557085252
CRISPR_HPRT1 (3251),0.15602509733371583
CRISPR_TMEM104 (54868),0.15602506326949062
CRISPR_SSX7 (280658),0.1560145319067754
CRISPR_ATXN2L (11273),0.15601354008397994
CRISPR_ATAD3B (83858),0.15601014473237385
CRISPR_AARS2 (57505),0.15600915974520113
CRISPR_SWT1 (54823),0.15600306366320638
CRISPR_ZNF236 (7776),0.1559856524133192
CRISPR_TVP23A (780776),0.15597559748829415
CRISPR_TMEM184C (55751),0.15597424329660914
CRISPR_TMPRSS11E (28983),0.1559695710487503
CRISPR_MRPL52 (122704),0.15595900253945327
CRISPR_IQCF1 (132141),0.15595755997102412
CRISPR_YWHAG (7532),0.15595588720823006
CRISPR_DCTN5 (84516),0.1559526868919825
CRISPR_MRPS21 (54460),0.1559475643264978
CRISPR_LRP4 (4038),0.1559453248450282
CRISPR_SLC31A1 (1317),0.15593823779320104
CRISPR_SNRPC (6631),0.15593499825491008
CRISPR_TRIP13 (9319),0.15593008961911714
CRISPR_TCL1B (9623),0.15592497077372958
CRISPR_TECPR2 (9895),0.15592491724226498
CRISPR_ZFPL1 (7542),0.15591667423050204
CRISPR_TOP1 (7150),0.1559143402270795
CRISPR_PDCL2 (132954),0.1559116102240825
CRISPR_CDPF1 (150383),0.15590085978554935
CRISPR_CDKN2AIP (55602),0.15589941507461003
CRISPR_COG3 (83548),0.15589841522038306
CRISPR_GAL3ST4 (79690),0.15589767932257015
CRISPR_TMEM38A (79041),0.15589504626206008
CRISPR_PRKAR2A (5576),0.15589417135371963
CRISPR_COX14 (84987),0.15588793676739154
CRISPR_ARHGAP23 (57636),0.15588034322830246
CRISPR_SEMA4G (57715),0.15588010701355248
CRISPR_ZNF599 (148103),0.15587429625542804
CRISPR_SMG6 (23293),0.15587212560278552
CRISPR_ISG20L2 (81875),0.15586758905395648
CRISPR_ATXN7L3 (56970),0.15586667524784392
CRISPR_SPCS3 (60559),0.15586303418954905
CRISPR_LIPM (340654),0.15585559306773522
CRISPR_MEF2B (100271849),0.15585497579966745
CRISPR_DTD2 (112487),0.15584528190646463
CRISPR_ARID4A (5926),0.15584309981956412
CRISPR_PKM (5315),0.1558411591302118
CRISPR_NHSL3 (57648),0.15583938760532856
CRISPR_ERGIC2 (51290),0.1558393818114805
CRISPR_ALCAM (214),0.15583214024185743
CRISPR_KRT35 (3886),0.1558286803478497
CRISPR_GALC (2581),0.15582625849761822
CRISPR_BCAP29 (55973),0.15582441343399367
CRISPR_CACNA1H (8912),0.15582294512475237
CRISPR_GJB5 (2709),0.15581636716654934
CRISPR_KRT12 (3859),0.1558050007457581
CRISPR_NSRP1 (84081),0.15579697299090256
CRISPR_DTWD1 (56986),0.1557957346784482
CRISPR_NCCRP1 (342897),0.1557936981755823
CRISPR_KBTBD2 (25948),0.1557861531480711
CRISPR_TPK1 (27010),0.15577723690978118
CRISPR_PATZ1 (23598),0.15577699463637718
CRISPR_SEC62 (7095),0.15577325886331828
CRISPR_SERINC4 (619189),0.15576270985942742
CRISPR_FBXL18 (80028),0.15576172927823695
CRISPR_MRGPRF (116535),0.1557599759049726
CRISPR_PEX16 (9409),0.15575435434768803
CRISPR_WDR1 (9948),0.1557510102597739
CRISPR_RAB35 (11021),0.15574821309961884
CRISPR_ATXN2 (6311),0.15574725974676262
CRISPR_COX10 (1352),0.1557457376590463
CRISPR_HOXA11 (3207),0.15574312651004707
CRISPR_CGGBP1 (8545),0.15574296453868897
CRISPR_FAM222B (55731),0.15574089303546046
CRISPR_RRAGD (58528),0.15573538516890828
CRISPR_XPO6 (23214),0.1557327088209286
CRISPR_PIH1D1 (55011),0.15572677993726547
CRISPR_CRYGS (1427),0.1557255660823893
CRISPR_RNF138 (51444),0.15571514400460007
CRISPR_NKX6-3 (157848),0.15571487204999723
CRISPR_RPE (6120),0.1557127232291302
CRISPR_HK2 (3099),0.15570655457289106
CRISPR_HYLS1 (219844),0.1557034936572812
CRISPR_SUCLG2 (8801),0.15570319719954462
CRISPR_SELENOP (6414),0.15570102065475755
CRISPR_HLA-DRB1 (3123),0.15569597248461164
CRISPR_IFNW1 (3467),0.15569569453834742
CRISPR_ABCB7 (22),0.15569308938795334
CRISPR_THOC6 (79228),0.15569138180882636
CRISPR_TAX1BP1 (8887),0.1556886470327603
CRISPR_BACE1 (23621),0.15568661794182148
CRISPR_MTX3 (345778),0.15568240416719092
CRISPR_SLK (9748),0.15567594161774245
CRISPR_NF1 (4763),0.15567588258388554
CRISPR_GEMIN2 (8487),0.15567553846686355
CRISPR_VPS9D1 (9605),0.15567143468936528
CRISPR_DDX59 (83479),0.15566906823404647
CRISPR_TYMP (1890),0.15566352687580398
CRISPR_ZNF33B (7582),0.15565168657844186
CRISPR_ZNF528 (84436),0.1556420131176024
CRISPR_FOCAD (54914),0.15564191379520453
CRISPR_TMEM141 (85014),0.1556366359856085
CRISPR_FUCA1 (2517),0.1556351052323146
CRISPR_CCS (9973),0.1556325833011396
CRISPR_RAPGEF2 (9693),0.1556306824866729
CRISPR_PDGFRA (5156),0.1556294472348263
CRISPR_HMMR (3161),0.15562472004348749
CRISPR_NOL7 (51406),0.1556207450783793
CRISPR_GALNT11 (63917),0.15561945915660313
CRISPR_SCGB1D1 (10648),0.15561864097860045
CRISPR_MDH2 (4191),0.15561325009213522
CRISPR_ARHGAP29 (9411),0.15560939983719546
CRISPR_PIAS1 (8554),0.15560520043795822
CRISPR_MRPS25 (64432),0.15560116345132524
CRISPR_RAB18 (22931),0.15560009266593777
CRISPR_RPF2 (84154),0.15559833925655653
CRISPR_RTTN (25914),0.15559821723799416
CRISPR_SOAT2 (8435),0.15559053487336527
CRISPR_WDR5B (54554),0.15558902681612174
CRISPR_AGBL4 (84871),0.15558363416584609
CRISPR_KIF20B (9585),0.15557933847013672
CRISPR_EIF3K (27335),0.15557619637464093
CRISPR_JHY (79864),0.1555721241071586
CRISPR_PRR14L (253143),0.1555720665614606
CRISPR_CPT1A (1374),0.15557056874078512
CRISPR_SGO2 (151246),0.15555660199504118
CRISPR_MYL3 (4634),0.15555581525979711
CRISPR_PIPOX (51268),0.15555526172117506
CRISPR_NEFM (4741),0.15555406932766713
CRISPR_SPANXN3 (139067),0.15554720713265713
CRISPR_TAF5 (6877),0.1555470958808316
CRISPR_TMEM132A (54972),0.15554500454361442
CRISPR_BCCIP (56647),0.1555415231525119
CRISPR_PDC (5132),0.15553637252201824
CRISPR_PIAS4 (51588),0.15553410268258183
CRISPR_MICB (4277),0.155531505119348
CRISPR_EIF3H (8667),0.15552531781457635
CRISPR_SRF (6722),0.15552285991173953
CRISPR_GSTO1 (9446),0.15552182489561517
CRISPR_ORC5 (5001),0.15551588554167584
CRISPR_H2BC15 (8341),0.15550990336568837
CRISPR_BRMS1L (84312),0.15550528944450193
CRISPR_SPINK7 (84651),0.15550134422077377
CRISPR_CBLN3 (643866),0.15548106972729503
CRISPR_PRSS38 (339501),0.15546669467240815
CRISPR_CNN2 (1265),0.15546595026622345
CRISPR_SETD1B (23067),0.15545669884528213
CRISPR_ACOT12 (134526),0.15545296859384017
CRISPR_FABP2 (2169),0.15545050306236563
CRISPR_GEMIN4 (50628),0.15544925564145728
CRISPR_MTR (4548),0.15544340093917164
CRISPR_NUSAP1 (51203),0.15544138251175177
CRISPR_SENP2 (59343),0.15543707366646142
CRISPR_JMJD4 (65094),0.15543517819086006
CRISPR_GRSF1 (2926),0.1554340682492521
CRISPR_DIAPH1 (1729),0.15543264344303065
CRISPR_ACTG1 (71),0.15542439920116902
CRISPR_LDLRAD1 (388633),0.15542380369097586
CRISPR_UCP2 (7351),0.15541896658904042
CRISPR_OTUD5 (55593),0.15541350895251238
CRISPR_LRRN4CL (221091),0.15540936759823687
CRISPR_RAB14 (51552),0.15540933547332436
CRISPR_MYO19 (80179),0.1554001955734856
CRISPR_ABCA4 (24),0.15539744928904398
CRISPR_MSN (4478),0.15539557659893433
CRISPR_PGBD2 (267002),0.15538885335328256
CRISPR_MYNN (55892),0.15538339512351573
CRISPR_OGA (10724),0.15538010630215826
CRISPR_DLX5 (1749),0.15537983883865625
CRISPR_KMT5B (51111),0.15537356932854873
CRISPR_MRPL30 (51263),0.15537171805450267
CRISPR_CDK8 (1024),0.15536552025079242
CRISPR_FERMT3 (83706),0.15536376797919882
CRISPR_ACSM6 (142827),0.15536160570793633
CRISPR_MKI67 (4288),0.1553550567893751
CRISPR_EPG5 (57724),0.1553531826606962
CRISPR_CD300LG (146894),0.15535185125758488
CRISPR_MRPL47 (57129),0.15534709106531697
CRISPR_PPIL4 (85313),0.15534574609885698
CRISPR_MS4A13 (503497),0.1553447006942612
CRISPR_TCEA1 (6917),0.15534406878749074
CRISPR_PGAP3 (93210),0.15534317126667396
CRISPR_TSPAN11 (441631),0.15533438761971397
CRISPR_PANK4 (55229),0.1553337553843379
CRISPR_ZRANB2 (9406),0.15532998202352744
CRISPR_TTC39A (22996),0.1553254696601174
CRISPR_SERPINI2 (5276),0.15531925707079086
CRISPR_SMS (6611),0.15531517496090785
CRISPR_PRSS22 (64063),0.15531205195493758
CRISPR_HSD3B2 (3284),0.1553012299452181
CRISPR_ZNF148 (7707),0.1553009979792792
CRISPR_LATS2 (26524),0.1552909709835557
CRISPR_NOC3L (64318),0.1552837970320997
CRISPR_PEX39 (441150),0.15527795030258051
CRISPR_AIFM1 (9131),0.1552751932531642
CRISPR_TAS2R46 (259292),0.1552704300152623
CRISPR_N4BP1 (9683),0.15526820994308643
CRISPR_ATP2B4 (493),0.15526488474225797
CRISPR_IDI1 (3422),0.1552614965222574
CRISPR_KNOP1 (400506),0.15525928831523572
CRISPR_ZNF771 (51333),0.15524524250755167
CRISPR_TUSC2 (11334),0.1552430805947651
CRISPR_SMR3A (26952),0.15524036748845926
CRISPR_HAMP (57817),0.15523616765594106
CRISPR_GM2A (2760),0.15522519540560697
CRISPR_ALAS1 (211),0.15520774482110333
CRISPR_CYTH4 (27128),0.15520059180598356
CRISPR_KCNA5 (3741),0.15519848800492086
CRISPR_YAE1 (57002),0.1551961536616453
CRISPR_TBKBP1 (9755),0.1551923678128473
CRISPR_FBXL6 (26233),0.1551875843351267
CRISPR_ESRP1 (54845),0.15517589491117967
CRISPR_GBX2 (2637),0.15516739910766297
CRISPR_MAP10 (54627),0.1551666456021774
CRISPR_ZSCAN20 (7579),0.15516488807858053
CRISPR_HNRNPL (3191),0.1551594147670805
CRISPR_SPATA6L (55064),0.15515622218013014
CRISPR_TGIF1 (7050),0.1551561126089842
CRISPR_INKA1 (389119),0.15515152439579882
CRISPR_BEX1 (55859),0.1551447007949136
CRISPR_DENND10 (404636),0.155141598847651
CRISPR_SLC1A7 (6512),0.15513279300769778
CRISPR_CHCHD4 (131474),0.15513152952854892
CRISPR_MET (4233),0.15512201852719976
CRISPR_PWWP2B (170394),0.1551203917410735
CRISPR_RHNO1 (83695),0.15510795938972244
CRISPR_TEX261 (113419),0.15510599670523373
CRISPR_COQ6 (51004),0.1551045296754987
CRISPR_KLC4 (89953),0.15510210860375917
CRISPR_TRAPPC13 (80006),0.1551011595717835
CRISPR_CXCL3 (2921),0.15509480786294638
CRISPR_VXN (254778),0.15509377449640027
CRISPR_EIF2B5 (8893),0.1550852195244703
CRISPR_HES1 (3280),0.15508314219593444
CRISPR_SAFB2 (9667),0.1550810527914308
CRISPR_FOXA1 (3169),0.15507978218023322
CRISPR_STK35 (140901),0.1550773286895799
CRISPR_PSG11 (5680),0.15507012973629397
CRISPR_BATF2 (116071),0.1550578770736406
CRISPR_EFCAB3 (146779),0.1550521717498805
CRISPR_HAT1 (8520),0.15505198623008898
CRISPR_KRTAP4-2 (85291),0.15505002042174176
CRISPR_PTPN1 (5770),0.1550490039224277
CRISPR_METTL6 (131965),0.15504799454203244
CRISPR_COASY (80347),0.15504654688996844
CRISPR_MVD (4597),0.155044590590399
CRISPR_VDAC3 (7419),0.1550445028428502
CRISPR_IL22RA2 (116379),0.155044488699696
CRISPR_FXYD7 (53822),0.15504229175897866
CRISPR_RELT (84957),0.15503840356649334
CRISPR_LSM12 (124801),0.15503606153835658
CRISPR_DDX27 (55661),0.155033863943272
CRISPR_SYCP3 (50511),0.15503291595479674
CRISPR_DLD (1738),0.155024766545945
CRISPR_KMT2C (58508),0.15502459953896564
CRISPR_NUP42 (11097),0.15502144616055613
CRISPR_CCDC51 (79714),0.15502052450418002
CRISPR_RPRD1B (58490),0.15501964022541692
CRISPR_CCNT2 (905),0.15500537294369732
CRISPR_AGPAT2 (10555),0.1549941624015876
CRISPR_FANCA (2175),0.15498780739896478
CRISPR_STXBP4 (252983),0.1549844704951271
CRISPR_TEKTL1 (126402),0.15497777087943643
CRISPR_TMEM165 (55858),0.1549749070045543
CRISPR_BCAS3 (54828),0.1549694343610275
CRISPR_LTV1 (84946),0.1549685733494819
CRISPR_SPDL1 (54908),0.1549675591570443
CRISPR_AHCY (191),0.15496646934393965
CRISPR_ACTC1 (70),0.15495721843134724
CRISPR_PDE4D (5144),0.15494974353658808
CRISPR_ATOX1 (475),0.154948993685891
CRISPR_KPNA4 (3840),0.1549425972245757
CRISPR_SSPN (8082),0.1549418081656846
CRISPR_USHBP1 (83878),0.15493486709634752
CRISPR_HEATR5B (54497),0.1549198294998586
CRISPR_TAF1B (9014),0.15491745361448128
CRISPR_ANKLE1 (126549),0.15491597287257441
CRISPR_PARPBP (55010),0.15491435911274376
CRISPR_TTC34 (100287898),0.15491428771160987
CRISPR_GAK (2580),0.15490904972732267
CRISPR_USP21 (27005),0.15490671647478216
CRISPR_ZNF394 (84124),0.15490170567003236
CRISPR_ENAH (55740),0.1548982367763383
CRISPR_PLCXD2 (257068),0.15489735304945196
CRISPR_SCGB2B2 (284402),0.15489464723882218
CRISPR_UMOD (7369),0.1548934284430823
CRISPR_PDE6D (5147),0.15489331490234193
CRISPR_MAU2 (23383),0.15488615884842893
CRISPR_FSCN1 (6624),0.15488600625239624
CRISPR_ZNF300 (91975),0.15488138703443566
CRISPR_EPHA5 (2044),0.15488092952959143
CRISPR_EGLN2 (112398),0.15487045337964744
CRISPR_PEDS1 (387521),0.1548626816778098
CRISPR_SLC25A22 (79751),0.15485443404228505
CRISPR_SRCIN1 (80725),0.15484919532595054
CRISPR_SECISBP2L (9728),0.1548479325365859
CRISPR_PRCD (768206),0.15484385246310506
CRISPR_TAF1A (9015),0.15484078710347138
CRISPR_LIPT1 (51601),0.15483871275657712
CRISPR_RBFA (79863),0.15483522002402594
CRISPR_C6orf136 (221545),0.15483464844535977
CRISPR_MYBL2 (4605),0.15483383644627402
CRISPR_SPHK1 (8877),0.15483317473897262
CRISPR_PUS3 (83480),0.15482852311196993
CRISPR_EBI3 (10148),0.15482498777900222
CRISPR_DDX24 (57062),0.15482322644292434
CRISPR_PDE4C (5143),0.15481549646236026
CRISPR_PSG4 (5672),0.15480847726381697
CRISPR_LRRC43 (254050),0.15480633804577248
CRISPR_CD200R1L (344807),0.1548050673859107
CRISPR_ZNF320 (162967),0.15480356966867426
CRISPR_MRPL3 (11222),0.15478745938666094
CRISPR_KRT23 (25984),0.15477552582400644
CRISPR_REG1A (5967),0.15477416824792467
CRISPR_TARDBP (23435),0.1547631133486096
CRISPR_RNF113A (7737),0.15475760271537808
CRISPR_CCT6B (10693),0.1547572594832971
CRISPR_NCKAP1 (10787),0.1547542565828257
CRISPR_LHFPL7 (255349),0.15475113147202446
CRISPR_RCE1 (9986),0.15473830255503795
CRISPR_BACC1 (124944),0.15471766709006918
CRISPR_LINGO1 (84894),0.1547120993626665
CRISPR_RABL3 (285282),0.15471078095426538
CRISPR_PCDHGB3 (56102),0.15470820844884248
CRISPR_TOP6BL (79703),0.15470028378353984
CRISPR_CCNC (892),0.15469720220757655
CRISPR_SLC35G5 (83650),0.15469492609287583
CRISPR_RBMX2 (51634),0.15468006898593334
CRISPR_RCC2 (55920),0.1546752330524095
CRISPR_KCTD5 (54442),0.1546734508315133
CRISPR_TMEM33 (55161),0.15466879625397478
CRISPR_ZC3H18 (124245),0.15466419405572562
CRISPR_ARHGAP5 (394),0.1546558328677703
CRISPR_ZBTB45 (84878),0.15465331857715725
CRISPR_NDUFAB1 (4706),0.1546524053518974
CRISPR_B9D1 (27077),0.1546419189410928
CRISPR_ZNF407 (55628),0.1546413301205849
CRISPR_OCLN (100506658),0.15463797544969182
CRISPR_OR6K2 (81448),0.15463641741091605
CRISPR_UNC119 (9094),0.15461443426646504
CRISPR_PPP2R5B (5526),0.15461205641643083
CRISPR_NAF1 (92345),0.15461015836063208
CRISPR_TRIB2 (28951),0.15460579010748088
CRISPR_NCAPG2 (54892),0.1545969960688538
CRISPR_PCDHGB2 (56103),0.15459651970605393
CRISPR_ERCC2 (2068),0.15456957963223594
CRISPR_HMGN4 (10473),0.1545585453329701
CRISPR_MPI (4351),0.15455734211449634
CRISPR_RCL1 (10171),0.15455658327428523
CRISPR_EPX (8288),0.15455652657837593
CRISPR_PPP3CB (5532),0.15454911603343469
CRISPR_CLEC2B (9976),0.15454068636043417
CRISPR_COL9A1 (1297),0.15453160947989542
CRISPR_ZNF43 (7594),0.15453006515869383
CRISPR_ZBTB7B (51043),0.15452642293461416
CRISPR_MRPL10 (124995),0.15452381742561982
CRISPR_STARD3NL (83930),0.1545218185741417
CRISPR_KLF5 (688),0.15452149514231195
CRISPR_PHF3 (23469),0.15452061540073903
CRISPR_NPC2 (10577),0.1545164748015173
CRISPR_SACM1L (22908),0.15451504885567946
CRISPR_GATA6 (2627),0.15450428519686454
CRISPR_GEMIN8 (54960),0.15450049287065326
CRISPR_TAF10 (6881),0.15448857528252624
CRISPR_COX16 (51241),0.15448269226338862
CRISPR_ABCD3 (5825),0.15448152324743702
CRISPR_SULT2B1 (6820),0.15448082594435686
CRISPR_CCSAP (126731),0.15447805187335906
CRISPR_GRAMD1A (57655),0.15444428921154252
CRISPR_IFT122 (55764),0.15444291635266083
CRISPR_ZBTB39 (9880),0.15444264784425776
CRISPR_CNPY2 (10330),0.1544410331221755
CRISPR_BCL2L2 (599),0.15442885859939803
CRISPR_COA3 (28958),0.1544262285720368
CRISPR_PRDX3 (10935),0.15442411982530846
CRISPR_DNAAF5 (54919),0.15441809121125072
CRISPR_ASPHD1 (253982),0.1544153060014155
CRISPR_SMCR8 (140775),0.15441419508716514
CRISPR_CHCHD3 (54927),0.1544137434353079
CRISPR_MPV17L2 (84769),0.154399509185577
CRISPR_MRPS24 (64951),0.15438065296371395
CRISPR_NPAT (4863),0.15437117738288197
CRISPR_YWHAZ (7534),0.15436318259857185
CRISPR_ARHGAP15 (55843),0.1543544520792004
CRISPR_WDR19 (57728),0.15433649048716802
CRISPR_FGG (2266),0.15432667837826575
CRISPR_MALL (7851),0.1543228955369722
CRISPR_APBA2 (321),0.15430776157515602
CRISPR_PLVAP (83483),0.1543075654097983
CRISPR_PWP1 (11137),0.15430727406069877
CRISPR_CPD (1362),0.15430623239199015
CRISPR_RCN1 (5954),0.15430473543122059
CRISPR_UTP11 (51118),0.15430169772752134
CRISPR_RMI1 (80010),0.15429580842109747
CRISPR_C5orf34 (375444),0.15429308358928662
CRISPR_TPPP (11076),0.1542919733620911
CRISPR_ELF1 (1997),0.15429123529136124
CRISPR_ZDHHC15 (158866),0.1542888139246914
CRISPR_ECH1 (1891),0.1542844825984977
CRISPR_TMEM53 (79639),0.15427961085341746
CRISPR_GCNT3 (9245),0.1542769695017343
CRISPR_RCHY1 (25898),0.1542767910220615
CRISPR_NCR2 (9436),0.15427263251776058
CRISPR_NAPA (8775),0.1542706157933309
CRISPR_LTB4R2 (56413),0.1542623934512921
CRISPR_MACO1 (55219),0.1542536094286593
CRISPR_ETV6 (2120),0.154245372993139
CRISPR_GCH1 (2643),0.15423545090697566
CRISPR_ZNF468 (90333),0.15421864457098966
CRISPR_ESS2 (8220),0.15421564833539403
CRISPR_NPR2 (4882),0.15419444186642028
CRISPR_IFNAR2 (3455),0.15419126327474686
CRISPR_OVOL2 (58495),0.15419014336785342
CRISPR_NDE1 (54820),0.15418673646147862
CRISPR_MED29 (55588),0.15418647197846358
CRISPR_SSBP2 (23635),0.15416629708950946
CRISPR_PREP (5550),0.15416525509812917
CRISPR_TLR9 (54106),0.15416518905709609
CRISPR_ZCCHC12 (170261),0.15416231272439251
CRISPR_ROMO1 (140823),0.15415090302780143
CRISPR_CAND1 (55832),0.1541477808374685
CRISPR_HAUS4 (54930),0.15414590327164923
CRISPR_GSTP1 (2950),0.1541351265437445
CRISPR_PIH1D2 (120379),0.15413490082859482
CRISPR_EFHD2 (79180),0.15413291540415486
CRISPR_CYRIB (51571),0.15413060819363045
CRISPR_ATAD2 (29028),0.15412832058951675
CRISPR_ITGB3BP (23421),0.15412734847721055
CRISPR_PDCL (5082),0.15412636279574432
CRISPR_ZFP36 (7538),0.15412013568692107
CRISPR_OR7G2 (390882),0.15410806639897245
CRISPR_DCST2 (127579),0.1541005593962721
CRISPR_ABCF1 (23),0.15409475905794334
CRISPR_KYNU (8942),0.15408970405074474
CRISPR_PKP2 (5318),0.15408867496715484
CRISPR_ELFN1 (392617),0.15408736316019844
CRISPR_TLE3 (7090),0.15408122837708493
CRISPR_CBY2 (220082),0.15407747320618181
CRISPR_MGAT3 (4248),0.15406972653822315
CRISPR_ZGRF1 (55345),0.15406273355319566
CRISPR_TCEANC2 (127428),0.15405299187676746
CRISPR_NEK9 (91754),0.15404820761660165
CRISPR_OTUD6B (51633),0.15404766266476155
CRISPR_HSP90B1 (7184),0.15404650155320798
CRISPR_NFU1 (27247),0.15404615230632945
CRISPR_TMEM106B (54664),0.15404331665809856
CRISPR_SSH3 (54961),0.15403833369205877
CRISPR_FGF3 (2248),0.15402990900105085
CRISPR_TMEM150C (441027),0.15402455555445727
CRISPR_XRRA1 (143570),0.15401433023085254
CRISPR_NR5A2 (2494),0.15401160710238138
CRISPR_USP9X (8239),0.15400626937253303
CRISPR_TSPAN9 (10867),0.15400313286538836
CRISPR_RNF149 (284996),0.1539939930045544
CRISPR_HYCC2 (285172),0.15398668300900376
CRISPR_BID (637),0.15398029902475407
CRISPR_HTR2B (3357),0.15397860198908742
CRISPR_ABHD15 (116236),0.15397796447396228
CRISPR_SYT6 (148281),0.15397742933824876
CRISPR_FAN1 (22909),0.15396672779495546
CRISPR_MED10 (84246),0.1539633341630191
CRISPR_EEA1 (8411),0.15395819092390006
CRISPR_RPTOR (57521),0.15395654392140123
CRISPR_RPH3A (22895),0.15394649697111618
CRISPR_WLS (79971),0.15394541104740744
CRISPR_ACTA1 (58),0.15394485939972125
CRISPR_ZNF333 (84449),0.1539415478166104
CRISPR_TCEAL5 (340543),0.15393270681912963
CRISPR_LYZL4 (131375),0.15392526386018357
CRISPR_KTI12 (112970),0.15392335864403428
CRISPR_JUN (3725),0.1539229217078848
CRISPR_TRABD2B (388630),0.15392026107317136
CRISPR_ROCK2 (9475),0.153917537213494
CRISPR_TUBGCP3 (10426),0.15391622206346156
CRISPR_ATP7A (538),0.15391469837180338
CRISPR_PHF10 (55274),0.153910099699484
CRISPR_ITPR2 (3709),0.15389795816611507
CRISPR_CACTIN (58509),0.15389738987926993
CRISPR_CD79B (974),0.15389609297463114
CRISPR_NUP107 (57122),0.15388830667819242
CRISPR_ZNF181 (339318),0.15388780395411228
CRISPR_COX17 (10063),0.1538822330360503
CRISPR_COX4I2 (84701),0.15387952537356853
CRISPR_G3BP2 (9908),0.15387840632336758
CRISPR_LURAP1 (541468),0.15386945936055874
CRISPR_PARP3 (10039),0.15385222322888392
CRISPR_NADK (65220),0.15384673464579457
CRISPR_CYP2C8 (1558),0.15384476251575485
CRISPR_ELAVL1 (1994),0.1538439855503384
CRISPR_SPATA33 (124045),0.15384168966065026
CRISPR_DKK4 (27121),0.15383745391239323
CRISPR_FAM47A (158724),0.15383601255250667
CRISPR_MRM3 (55178),0.15383201729941298
CRISPR_SASS6 (163786),0.15382694800581564
CRISPR_ZNF726 (730087),0.15381549940178285
CRISPR_NARS2 (79731),0.1537963820629944
CRISPR_MFSD14A (64645),0.15379452604645572
CRISPR_AP1S2 (8905),0.1537938669726513
CRISPR_RNF121 (55298),0.15379289226458415
CRISPR_MORN1 (79906),0.1537905387873213
CRISPR_MOSMO (730094),0.1537831636471081
CRISPR_PBX2 (5089),0.15377832042352058
CRISPR_JPT2 (90861),0.15377587867144182
CRISPR_FBXO3 (26273),0.15377587702443396
CRISPR_UBE2H (7328),0.1537716400984861
CRISPR_ZPBP2 (124626),0.1537714707479827
CRISPR_NAT10 (55226),0.15376597508911827
CRISPR_IL3 (3562),0.1537567320650961
CRISPR_STAG3 (10734),0.15373482822403162
CRISPR_SLIRP (81892),0.15373063912566032
CRISPR_UBE2S (27338),0.1537279894313075
CRISPR_ATP1A3 (478),0.15372545728943088
CRISPR_OSM (5008),0.15372207639160163
CRISPR_ZNF283 (284349),0.15371439470183645
CRISPR_SLC20A1 (6574),0.15370721087435602
CRISPR_SCAF11 (9169),0.15370683983043865
CRISPR_PDCD2 (5134),0.15369224897108502
CRISPR_GTF2H4 (2968),0.15367581911046635
CRISPR_PCED1B (91523),0.15366703790536196
CRISPR_CCNB1 (891),0.1536648971675607
CRISPR_GSDMD (79792),0.1536607306729465
CRISPR_DDX43 (55510),0.15365902105329798
CRISPR_ALKBH1 (8846),0.15364980931792438
CRISPR_RASD1 (51655),0.15364890043082102
CRISPR_MED20 (9477),0.15363814486466687
CRISPR_SRARP (149563),0.15361948701625128
CRISPR_TOP3A (7156),0.15361713963244128
CRISPR_ARK2N (147339),0.15361613829398824
CRISPR_LGALS14 (56891),0.15361430083894767
CRISPR_SMAD6 (4091),0.15361369052708884
CRISPR_RMDN1 (51115),0.15361215276871487
CRISPR_PIMREG (54478),0.15360082949517828
CRISPR_TMEM38B (55151),0.1535940508723277
CRISPR_TCERG1L (256536),0.1535907388170923
CRISPR_ANTXRL (195977),0.15358359996139814
CRISPR_IRF6 (3664),0.15357838948777403
CRISPR_NFKBIA (4792),0.15357135095026564
CRISPR_DPP3 (10072),0.15356461013382994
CRISPR_CTNNBL1 (56259),0.15356199663679782
CRISPR_KEAP1 (9817),0.15355933577709724
CRISPR_ME2 (4200),0.15355789015565957
CRISPR_KCNC4 (3749),0.15354956531757935
CRISPR_GALE (2582),0.15354409748944597
CRISPR_CDCA5 (113130),0.15354130545941924
CRISPR_ZSWIM8 (23053),0.15352323085096398
CRISPR_C19orf25 (148223),0.15351451859647103
CRISPR_CCDC112 (153733),0.15351259767439096
CRISPR_OTOP2 (92736),0.15351082256451232
CRISPR_HUWE1 (10075),0.15350969073356246
CRISPR_MAGEH1 (28986),0.15350142565595792
CRISPR_ZNF91 (7644),0.1535006312084759
CRISPR_LSM6 (11157),0.1534987141229136
CRISPR_CEBPE (1053),0.15348417454368146
CRISPR_SPIRE2 (84501),0.1534806730968814
CRISPR_CSK (1445),0.1534795901806456
CRISPR_CARNS1 (57571),0.1534643026760305
CRISPR_POLG (5428),0.1534639362100556
CRISPR_GORASP2 (26003),0.15346183768458888
CRISPR_XRN1 (54464),0.15345570528953534
CRISPR_SUPT4H1 (6827),0.15345290554647129
CRISPR_PIGC (5279),0.15344236182876259
CRISPR_FAM83D (81610),0.1534379208436496
CRISPR_CEBPD (1052),0.15343357377426958
CRISPR_MRPL33 (9553),0.15343261389915241
CRISPR_MRS2 (57380),0.15342583387048592
CRISPR_DDX51 (317781),0.15342090173236667
CRISPR_RUNX1 (861),0.15341768626178176
CRISPR_APOA1 (335),0.15341515458533284
CRISPR_AGO3 (192669),0.15341311353000364
CRISPR_SH3BP5L (80851),0.1534059990286254
CRISPR_NELFB (25920),0.1533971329474717
CRISPR_TIMM13 (26517),0.1533765402406848
CRISPR_MCRIP1 (348262),0.15337065982592613
CRISPR_RFPL1 (5988),0.15336951216830386
CRISPR_AUTS2 (26053),0.1533688434583791
CRISPR_ANO1 (55107),0.15336018811488383
CRISPR_ANP32B (10541),0.15335793639719242
CRISPR_CDC42EP2 (10435),0.15335669250623063
CRISPR_HAUS2 (55142),0.15335276379723872
CRISPR_TMEM45B (120224),0.15333304983595042
CRISPR_MTRES1 (51250),0.15333267203748413
CRISPR_SYF2 (25949),0.1533312629347625
CRISPR_MYCBPAP (84073),0.15332861990398872
CRISPR_DDB2 (1643),0.15332768151412424
CRISPR_CFDP1 (10428),0.15332160736854927
CRISPR_H1-1 (3024),0.15331830463627227
CRISPR_PHYKPL (85007),0.15331671601694996
CRISPR_NRM (11270),0.1533149826906337
CRISPR_CHAF1A (10036),0.15331348200085415
CRISPR_ICA1L (130026),0.15331126820829155
CRISPR_FOXO3B (2310),0.15330901295333899
CRISPR_IP6K3 (117283),0.15330523525162576
CRISPR_ORMDL3 (94103),0.15329430604255645
CRISPR_ELMOD2 (255520),0.15329332048851718
CRISPR_KDM1B (221656),0.15329285898101386
CRISPR_RBX1 (9978),0.1532900320163204
CRISPR_VHL (7428),0.15328967456725628
CRISPR_CCND2 (894),0.1532858879560317
CRISPR_FTO (79068),0.15327304133350506
CRISPR_LSG1 (55341),0.1532704926857873
CRISPR_EPHX1 (2052),0.15326823139988566
CRISPR_FXYD3 (5349),0.15326760604642242
CRISPR_P2RX6 (9127),0.15325379574897813
CRISPR_GRK5 (2869),0.15325109823900007
CRISPR_ALG13 (79868),0.15323620568020502
CRISPR_ATP8B1 (5205),0.1532307283964638
CRISPR_CHST6 (4166),0.15322896328381486
CRISPR_CMPK2 (129607),0.1532167647052196
CRISPR_CNEP1R1 (255919),0.15320805349370215
CRISPR_GLIPR2 (152007),0.15319128508690305
CRISPR_CCDC65 (85478),0.15317636018007175
CRISPR_TRPM7 (54822),0.15317477715182015
CRISPR_LRRC72 (100506049),0.15316880674454447
CRISPR_FAM222A (84915),0.15316228192118597
CRISPR_MLH1 (4292),0.15315778998828922
CRISPR_AMOTL2 (51421),0.15315212398441513
CRISPR_MON2 (23041),0.153140242409179
CRISPR_DNTTIP1 (116092),0.1531292779010851
CRISPR_HAUS3 (79441),0.15309730948469902
CRISPR_FAM177B (400823),0.153090854959264
CRISPR_RB1CC1 (9821),0.1530839409557565
CRISPR_RGS2 (5997),0.1530818069925317
CRISPR_STRAP (11171),0.15308153163556337
CRISPR_SUPT3H (8464),0.15307327412969585
CRISPR_EEF1B2 (1933),0.15306318685334297
CRISPR_ZFP36L1 (677),0.1530623945361569
CRISPR_MED27 (9442),0.15303893151803472
CRISPR_NOS1AP (9722),0.15303658406234888
CRISPR_CHMP5 (51510),0.15303534628912718
CRISPR_PET100 (100131801),0.15303375316049017
CRISPR_TCF7L2 (6934),0.15301887168469985
CRISPR_ASRGL1 (80150),0.1530144302339682
CRISPR_LSM1 (27257),0.15301098402137292
CRISPR_RBM17 (84991),0.15300631038349444
CRISPR_PSPH (5723),0.1529902531682623
CRISPR_SKIC8 (80349),0.15298732166625406
CRISPR_SNX15 (29907),0.15298078755074496
CRISPR_H3C1 (8350),0.15298013458324
CRISPR_ARL13B (200894),0.15297980924463594
CRISPR_SON (6651),0.1529582506767886
CRISPR_ELMO2 (63916),0.15295461256757115
CRISPR_HRK (8739),0.15294849836678903
CRISPR_C17orf107 (100130311),0.15294832559601446
CRISPR_KCMF1 (56888),0.152947979300893
CRISPR_FFAR1 (2864),0.15292833619424684
CRISPR_GPR139 (124274),0.15292575465015812
CRISPR_STN1 (79991),0.15291981484857864
CRISPR_GGT1 (2678),0.1529166716095638
CRISPR_MRPS34 (65993),0.15290407748824553
CRISPR_MCIDAS (345643),0.1529017986062673
CRISPR_TXNL1 (9352),0.15289793514958028
CRISPR_VPS35 (55737),0.15288649785862773
CRISPR_ANAPC10 (10393),0.15288165360527062
CRISPR_PCDHB10 (56126),0.15287446044011244
CRISPR_OR8K5 (219453),0.15286583592495528
CRISPR_RFLNA (144347),0.15285376842567988
CRISPR_PUM3 (9933),0.15285265802105474
CRISPR_DUSP6 (1848),0.15284786267671358
CRISPR_NR2F2 (7026),0.15283860761298973
CRISPR_SMARCC2 (6601),0.15279507471995402
CRISPR_ZYX (7791),0.1527906351931021
CRISPR_FILIP1L (11259),0.1527894290722509
CRISPR_PORCN (64840),0.15278556817735112
CRISPR_CPNE8 (144402),0.15278552261390344
CRISPR_EP300 (2033),0.15277996357649481
CRISPR_STX5 (6811),0.15277874329270524
CRISPR_KPNA6 (23633),0.15277433000952811
CRISPR_INPPL1 (3636),0.1527671796249681
CRISPR_CRB3 (92359),0.15275724102969335
CRISPR_THRAP3 (9967),0.1527560768646783
CRISPR_CPSF6 (11052),0.15275122342454406
CRISPR_SLC7A1 (6541),0.15274496043490604
CRISPR_PCNX3 (399909),0.15274469737698126
CRISPR_DNAJC21 (134218),0.1527423101340668
CRISPR_CSMD2 (114784),0.15272479803295624
CRISPR_TMEM134 (80194),0.1527174714676649
CRISPR_MCTS1 (28985),0.15271710660321158
CRISPR_DMAC2 (55101),0.15271597265207415
CRISPR_MIS18A (54069),0.1527091008220145
CRISPR_TAGLN2 (8407),0.15269058048745698
CRISPR_DAGLB (221955),0.15267976108571535
CRISPR_BTLA (151888),0.1526795072036231
CRISPR_CABP2 (51475),0.15267728548482218
CRISPR_NCAPD3 (23310),0.15266810499018124
CRISPR_NUMBL (9253),0.15266355537522092
CRISPR_FBXL2 (25827),0.1526600152908646
CRISPR_MELTF (4241),0.1526459100262354
CRISPR_BCAS2 (10286),0.15264539780559438
CRISPR_ITGA4 (3676),0.15264235150720662
CRISPR_GRWD1 (83743),0.1526375295374356
CRISPR_NEK8 (284086),0.15263410772289276
CRISPR_ACAP2 (23527),0.15261157051973395
CRISPR_WNT7B (7477),0.15259816920187452
CRISPR_KIF2A (3796),0.15256914213261386
CRISPR_FNDC3B (64778),0.15256777372666352
CRISPR_NSUN5 (55695),0.15256656264304347
CRISPR_SP3 (6670),0.15255958588994023
CRISPR_P2RY2 (5029),0.15255958159443672
CRISPR_S100A1 (6271),0.15255320365823977
CRISPR_NOXA1 (10811),0.15255209899125877
CRISPR_FANCG (2189),0.15254182514809678
CRISPR_CFHR3 (10878),0.15253814933250265
CRISPR_CTHRC1 (115908),0.1525369886629626
CRISPR_CD300C (10871),0.15253432318021076
CRISPR_EP400 (57634),0.15252706658421022
CRISPR_FRS3 (10817),0.1525224706579822
CRISPR_CENPC (1060),0.1525196980466612
CRISPR_ATE1 (11101),0.15250195924636323
CRISPR_RAD51C (5889),0.1524903362872161
CRISPR_GPHA2 (170589),0.1524886599868962
CRISPR_REV3L (5980),0.15248641901044202
CRISPR_FAM20B (9917),0.15248593664282506
CRISPR_PIGZ (80235),0.15248303363209015
CRISPR_ESCO2 (157570),0.15247669457165536
CRISPR_AKAP8L (26993),0.15246670339913226
CRISPR_GAB4 (128954),0.15246583105601896
CRISPR_APEX2 (27301),0.1524652291718951
CRISPR_MS4A2 (2206),0.15245840832319235
CRISPR_TFDP1 (7027),0.15245519444778033
CRISPR_ATP6V1G1 (9550),0.15245511345014462
CRISPR_GLT8D1 (55830),0.1524544988365797
CRISPR_PKIG (11142),0.1524544128006058
CRISPR_XPO5 (57510),0.15242931072072263
CRISPR_CENATAC (338657),0.15241278753119047
CRISPR_TRERF1 (55809),0.15240028922359183
CRISPR_CSDE1 (7812),0.15238602092427733
CRISPR_TEX46 (729059),0.15237448893778094
CRISPR_SLC30A5 (64924),0.15237390097360493
CRISPR_RASSF8 (11228),0.15237251050546163
CRISPR_ALG1 (56052),0.15233946489543815
CRISPR_ADAP1 (11033),0.1523346508951473
CRISPR_DDX39B (7919),0.15233453558217747
CRISPR_ILF3 (3609),0.15232979657962176
CRISPR_CYCS (54205),0.15231222216637352
CRISPR_C2CD4D (100191040),0.15231065152975987
CRISPR_CCDC47 (57003),0.15229336595912457
CRISPR_JKAMP (51528),0.15228813473240876
CRISPR_MYRF (745),0.15228349449809553
CRISPR_DUSP10 (11221),0.15228118831235093
CRISPR_WAPL (23063),0.15228029661685216
CRISPR_MCMDC2 (157777),0.1522435762949801
CRISPR_KRT79 (338785),0.15224154021778613
CRISPR_SLFN12 (55106),0.15223087246665834
CRISPR_FEN1 (2237),0.15222809807223303
CRISPR_KRTAP9-6 (100507608),0.1522142236651911
CRISPR_AKIRIN2 (55122),0.15221231128265345
CRISPR_PCDHGA4 (56111),0.1522078524421091
CRISPR_RPUSD2 (27079),0.15219469657382234
CRISPR_S100A6 (6277),0.15219389833971064
CRISPR_ABCD4 (5826),0.1521745126932359
CRISPR_ZDHHC7 (55625),0.15216813248403316
CRISPR_HSCB (150274),0.15216409759960925
CRISPR_CCT8 (10694),0.15216117788567018
CRISPR_PEX13 (5194),0.1521564058827387
CRISPR_PRODH2 (58510),0.1521558507627736
CRISPR_OR8H3 (390152),0.15215473222292974
CRISPR_GET4 (51608),0.15215424585579385
CRISPR_ST3GAL1 (6482),0.15213996600876367
CRISPR_RAB6A (5870),0.15212627394495293
CRISPR_KCTD14 (65987),0.15212346617473038
CRISPR_IL17RE (132014),0.15209290683700072
CRISPR_CFAP263 (29070),0.15207964600453217
CRISPR_OVOL1 (5017),0.1520768869087732
CRISPR_TSPAN8 (7103),0.1520719975985383
CRISPR_UGT1A5 (54579),0.15206608407962774
CRISPR_ABI1 (10006),0.15206240063476084
CRISPR_RPAP3 (79657),0.15204941573539443
CRISPR_MARCHF9 (92979),0.1520459289858227
CRISPR_MPPED1 (758),0.1520365076665966
CRISPR_RPL39L (116832),0.15201466949250442
CRISPR_NAMPT (10135),0.15201230228112728
CRISPR_FANCI (55215),0.15200869315930987
CRISPR_NHERF4 (79849),0.1520045256400815
CRISPR_CWC27 (10283),0.15200299401359274
CRISPR_COPS2 (9318),0.1520006735420365
CRISPR_C19orf67 (646457),0.15198923453276958
CRISPR_CIART (148523),0.1519689938458857
CRISPR_BBLN (79095),0.15194928563429766
CRISPR_FBXO11 (80204),0.1519307753927226
CRISPR_VWCE (220001),0.151925189728642
CRISPR_GTF2E1 (2960),0.1519251818083398
CRISPR_FIBIN (387758),0.15192473383354876
CRISPR_SNX13 (23161),0.15192051479544322
CRISPR_CKS2 (1164),0.1519171252315381
CRISPR_PINK1 (65018),0.15191053764303408
CRISPR_PDLIM1 (9124),0.1519086180250646
CRISPR_DLL3 (10683),0.15190146967899487
CRISPR_AMFR (267),0.15189878410723345
CRISPR_AP2A1 (160),0.15188469743269106
CRISPR_RNASE4 (6038),0.15188413724642036
CRISPR_PDXDC1 (23042),0.15188342880164551
CRISPR_CHADL (150356),0.15185931190200197
CRISPR_PLD3 (23646),0.15185666459606129
CRISPR_PRPF40A (55660),0.15185086357507327
CRISPR_SMURF1 (57154),0.15184620592392495
CRISPR_HASPIN (83903),0.1518302860614753
CRISPR_OR7G1 (125962),0.15182339186058247
CRISPR_H2AC12 (85235),0.15182207366218048
CRISPR_FKBP1A (2280),0.1518096371305071
CRISPR_SSX3 (10214),0.15180611655390486
CRISPR_VMA12 (147007),0.151805891285699
CRISPR_ZNF792 (126375),0.15179134874710876
CRISPR_LRP6 (4040),0.15177537321643175
CRISPR_HJURP (55355),0.1517744032682229
CRISPR_ATP5ME (521),0.1517695645829784
CRISPR_USP50 (373509),0.1517641776522476
CRISPR_S100P (6286),0.15175891759985305
CRISPR_TUBGCP4 (27229),0.15175572214862632
CRISPR_DNAH2 (146754),0.15174877330923753
CRISPR_TYW3 (127253),0.15174532279048503
CRISPR_LRRC49 (54839),0.15171492304829037
CRISPR_ZNF662 (389114),0.15170629625256726
CRISPR_HDAC4 (9759),0.15169842729535166
CRISPR_NUTM2A (728118),0.15169154773973226
CRISPR_INO80C (125476),0.15168556415377754
CRISPR_SEC14L6 (730005),0.15167159009387898
CRISPR_PTCD2 (79810),0.15166690625013501
CRISPR_DDX5 (1655),0.15166430973174094
CRISPR_THAP5 (168451),0.15165645112411497
CRISPR_HMOX2 (3163),0.1516451643614669
CRISPR_LINGO2 (158038),0.15160495236192073
CRISPR_TGFBR2 (7048),0.15160126420777198
CRISPR_PSIP1 (11168),0.1516003513307771
CRISPR_TSC1 (7248),0.1515970407061329
CRISPR_MSMO1 (6307),0.15159263378730525
CRISPR_POLR3C (10623),0.151591463088951
CRISPR_KCNE3 (10008),0.1515895507632532
CRISPR_RAD9A (5883),0.15158839271926183
CRISPR_ZFYVE16 (9765),0.15158794912708728
CRISPR_FITM2 (128486),0.1515837658765875
CRISPR_PCDHB14 (56122),0.15157653217483524
CRISPR_SAMD14 (201191),0.151574503244583
CRISPR_TTC3 (7267),0.15157439627526648
CRISPR_LCNL1 (401562),0.15154906204420904
CRISPR_MPHOSPH10 (10199),0.1515467265902215
CRISPR_AHCTF1 (25909),0.15154159282210466
CRISPR_DHPS (1725),0.15154102185223284
CRISPR_RSPRY1 (89970),0.15153470419051907
CRISPR_TMBIM4 (51643),0.15152106254190922
CRISPR_PRX (57716),0.15150793458446898
CRISPR_DDR1 (780),0.1514820399098573
CRISPR_RPP14 (11102),0.15147066679432708
CRISPR_NMT1 (4836),0.151469167658151
CRISPR_COX6B1 (1340),0.1514662306673138
CRISPR_SUB1 (10923),0.15145799446465347
CRISPR_GDF11 (10220),0.15144774611541045
CRISPR_CDC26 (246184),0.15143449746487914
CRISPR_OR4N2 (390429),0.1514252190498988
CRISPR_TEPSIN (146705),0.15142063592728316
CRISPR_GEMIN6 (79833),0.15141784185441942
CRISPR_FBF1 (85302),0.15141043102608442
CRISPR_EIF6 (3692),0.15140987851821341
CRISPR_WDR7 (23335),0.1514025112419244
CRISPR_TFAP2A (7020),0.15140046217109582
CRISPR_EID2B (126272),0.15139933332204958
CRISPR_IFNL1 (282618),0.1513914790427071
CRISPR_SIDT2 (51092),0.15138809326371572
CRISPR_OCM2 (4951),0.1513518136025045
CRISPR_MRPL49 (740),0.15133465213781427
CRISPR_P2RX2 (22953),0.15133307504781968
CRISPR_DPY19L1 (23333),0.15133050750869526
CRISPR_MTO1 (25821),0.1513296343421482
CRISPR_TM6SF1 (53346),0.15132663711007588
CRISPR_SERTAD3 (29946),0.15131738327072597
CRISPR_CCT6A (908),0.1513170780959534
CRISPR_SPTBN4 (57731),0.15131550672355853
CRISPR_WASF3 (10810),0.1513146519253059
CRISPR_NOL9 (79707),0.15131356535241203
CRISPR_POLD4 (57804),0.15131137702978403
CRISPR_ACTR6 (64431),0.1512983481839223
CRISPR_NFAT5 (10725),0.15129502167765008
CRISPR_AFG3L2 (10939),0.1512877142481197
CRISPR_ZBTB14 (7541),0.15127727769634802
CRISPR_RBM47 (54502),0.15127511072995148
CRISPR_MCAT (27349),0.1512636095789901
CRISPR_CHRND (1144),0.1512343245555181
CRISPR_EHF (26298),0.15123203422383735
CRISPR_H3C3 (8352),0.15122797361552998
CRISPR_OIP5 (11339),0.15122227243523412
CRISPR_GPR25 (2848),0.1512013713463043
CRISPR_COQ7 (10229),0.1511989217418881
CRISPR_EZH1 (2145),0.15119403607520798
CRISPR_KRTAP5-7 (440050),0.15118987566935793
CRISPR_COPZ1 (22818),0.15118572623605342
CRISPR_GHRHR (2692),0.15118554770856818
CRISPR_HECTD2 (143279),0.15118332538328794
CRISPR_NUP54 (53371),0.1511616943395664
CRISPR_SIAH1 (6477),0.15115111916389612
CRISPR_CFAP276 (127003),0.15113799063364386
CRISPR_GOLPH3 (64083),0.15113634031235224
CRISPR_ARHGAP9 (64333),0.15112098843362265
CRISPR_LAMB2 (3913),0.1511164598308108
CRISPR_IKBKB (3551),0.1511083357733174
CRISPR_PIK3CD (5293),0.15110536494730908
CRISPR_ZNF644 (84146),0.15109603882730038
CRISPR_UBA2 (10054),0.15109321266189157
CRISPR_PRKAG2 (51422),0.15107448304275284
CRISPR_PIAS3 (10401),0.1510612597314882
CRISPR_SH3PXD2A (9644),0.15105920511522708
CRISPR_MAML2 (84441),0.1510591257805336
CRISPR_NOP56 (10528),0.15105586807346905
CRISPR_CELA3B (23436),0.1510423511468968
CRISPR_ALDH18A1 (5832),0.1510321331324489
CRISPR_MFSD5 (84975),0.15102223940020387
CRISPR_PTBP3 (9991),0.1510076445665307
CRISPR_ACKR1 (2532),0.15099923589596198
CRISPR_KRTAP4-4 (84616),0.150994084225347
CRISPR_PAAF1 (80227),0.15098511981899954
CRISPR_IFNK (56832),0.15097581704272
CRISPR_UXS1 (80146),0.15096607500745662
CRISPR_MIDEAS (91748),0.15096350794643332
CRISPR_NGRN (51335),0.1509633135332793
CRISPR_OXSM (54995),0.1509567892357131
CRISPR_OR4X1 (390113),0.15094955724981052
CRISPR_NCOR1 (9611),0.15094891318678005
CRISPR_FAM9A (171482),0.15094547748988685
CRISPR_NRDC (4898),0.15094442137359465
CRISPR_TMSB10 (9168),0.15093520379858827
CRISPR_SMG5 (23381),0.15091949211337674
CRISPR_FLI1 (2313),0.15091663467490513
CRISPR_DRG2 (1819),0.1508841271562389
CRISPR_ERBB3 (2065),0.15088167586428902
CRISPR_SLC16A8 (23539),0.15086958524995087
CRISPR_SSH2 (85464),0.15086646249714164
CRISPR_PLAT (5327),0.150864399388424
CRISPR_ACOT4 (122970),0.15084153337043826
CRISPR_CCNI (10983),0.15080932269227798
CRISPR_ZNF587 (84914),0.15080750677277877
CRISPR_AGO2 (27161),0.15077524824003152
CRISPR_ELOVL2 (54898),0.15076549732889877
CRISPR_GNB1L (54584),0.1507457403404837
CRISPR_BMPR2 (659),0.1507448274076637
CRISPR_ELOVL4 (6785),0.15074031120514242
CRISPR_TBL3 (10607),0.15073676954765203
CRISPR_AP2M1 (1173),0.15073214838144633
CRISPR_OLFML2B (25903),0.15069898523990233
CRISPR_NUDT13 (25961),0.15068100806760842
CRISPR_TPI1 (7167),0.15066860881590216
CRISPR_TK2 (7084),0.15066531722894716
CRISPR_FAM133B (257415),0.15066073659036938
CRISPR_CLEC18B (497190),0.15065595327526893
CRISPR_ZNF563 (147837),0.15062615835852178
CRISPR_TAMALIN (160622),0.15062504510512031
CRISPR_OR13F1 (138805),0.1506250099566211
CRISPR_KIF14 (9928),0.15062403332470975
CRISPR_CCNB2 (9133),0.15062138926526458
CRISPR_CHD4 (1108),0.15060967417670934
CRISPR_SNRPB2 (6629),0.15059210788639454
CRISPR_ZSWIM1 (90204),0.1505827073743209
CRISPR_ATR (545),0.1505803676515427
CRISPR_SCPEP1 (59342),0.15058008248063803
CRISPR_SYMPK (8189),0.15057417865724965
CRISPR_PPIAL4G (644591),0.150566028902253
CRISPR_KCNK5 (8645),0.15055985110630044
CRISPR_OR5H15 (403274),0.15055737727559615
CRISPR_RXRG (6258),0.15055150622346147
CRISPR_GIMAP1 (170575),0.15052548871164673
CRISPR_DERL3 (91319),0.15050985645615533
CRISPR_MRPL42 (28977),0.15050709037339338
CRISPR_ZCCHC7 (84186),0.15050514204547483
CRISPR_SEL1L (6400),0.1504988475522504
CRISPR_TBX10 (347853),0.15048665590373567
CRISPR_TAMM41 (132001),0.15048164044635293
CRISPR_PCF11 (51585),0.15047128414783018
CRISPR_PDE2A (5138),0.15046966297201347
CRISPR_ZNF362 (149076),0.15044876907010662
CRISPR_C1orf74 (148304),0.1504381547261735
CRISPR_KIF20A (10112),0.15043272058385782
CRISPR_PCBD1 (5092),0.15040194842752808
CRISPR_GTF3A (2971),0.15039968191633069
CRISPR_KRTAP13-4 (284827),0.1503887169936986
CRISPR_HEATR4 (399671),0.15037620479494684
CRISPR_MAGOH (4116),0.15036973546420285
CRISPR_VIPR1 (7433),0.15036798223478254
CRISPR_PREB (10113),0.15036545895484732
CRISPR_SLC25A45 (283130),0.15035488898157023
CRISPR_PTRH2 (51651),0.15035461000952566
CRISPR_ACTB (60),0.15034055705670468
CRISPR_OR1D5 (8386),0.15033243356687542
CRISPR_H4C5 (8367),0.15030696609422556
CRISPR_OR2L5 (81466),0.1503027959484715
CRISPR_EML3 (256364),0.15030026992122192
CRISPR_WDFY2 (115825),0.15026577005850772
CRISPR_DHX15 (1665),0.15026477382318992
CRISPR_S100G (795),0.1502647364485008
CRISPR_RHOQ (23433),0.15025589545713647
CRISPR_BORA (79866),0.150198673615332
CRISPR_PODN (127435),0.15019532319799822
CRISPR_LRRC37A2 (474170),0.1501866472143294
CRISPR_SIN3A (25942),0.1501850385308643
CRISPR_CDC37 (11140),0.15017852995012326
CRISPR_LIFR (3977),0.1501779321358665
CRISPR_RAD51 (5888),0.15017677000732332
CRISPR_TIMM44 (10469),0.15017304335982917
CRISPR_SEPTIN14 (346288),0.1501588923504733
CRISPR_MT2A (4502),0.15014146803501216
CRISPR_ANGPTL3 (27329),0.15013550970593226
CRISPR_DNAI7 (55259),0.15013383110287837
CRISPR_MIB1 (57534),0.15013358017317557
CRISPR_S100A14 (57402),0.15013214268572828
CRISPR_H1-8 (132243),0.1501270813125748
CRISPR_ELP3 (55140),0.15012510808998147
CRISPR_CTTN (2017),0.15011426412771378
CRISPR_ATP5F1E (514),0.15010843737393564
CRISPR_TMPO (7112),0.150097244299638
CRISPR_RLN2 (6019),0.15009363861438718
CRISPR_SPATA31A6 (389730),0.15007641571839958
CRISPR_MOB3B (79817),0.15006553080385254
CRISPR_NCAPH2 (29781),0.15006438718757842
CRISPR_MYH9 (4627),0.1500383802403027
CRISPR_THRB (7068),0.15002523993705896
CRISPR_IL1RL1 (9173),0.14999102710247758
CRISPR_SRSF10 (10772),0.14998458575364282
CRISPR_SNRNP40 (9410),0.14996914884673274
CRISPR_STAG2 (10735),0.14995923021727275
CRISPR_CCBE1 (147372),0.14991094012514417
CRISPR_TOMM22 (56993),0.14990828358285135
CRISPR_OR2T8 (343172),0.1498357001586781
CRISPR_OR4S1 (256148),0.1498356503855045
CRISPR_SNX8 (29886),0.14983533089561352
CRISPR_SEPTIN2 (4735),0.1498240472630008
CRISPR_RIMBP3 (85376),0.1498215236049094
CRISPR_TEX19 (400629),0.14982143693449324
CRISPR_TRIO (7204),0.14981781697076357
CRISPR_GJA4 (2701),0.14978254069864327
CRISPR_SUMO1 (7341),0.1497782868790516
CRISPR_CATSPER2 (117155),0.14976719759044155
CRISPR_CUL9 (23113),0.14975670994253765
CRISPR_FOXD2 (2306),0.14975235797530573
CRISPR_USP49 (25862),0.14975016029770583
CRISPR_NADK2 (133686),0.14974707062992199
CRISPR_CHCHD2 (51142),0.14968349102047096
CRISPR_GRAP (10750),0.14967924426654378
CRISPR_SNX19 (399979),0.14966692259496472
CRISPR_UBE2L3 (7332),0.1496528630829852
CRISPR_GID4 (79018),0.14964970467993144
CRISPR_APOBEC3A (200315),0.1496237449686273
CRISPR_KRT86 (3892),0.1496133963680757
CRISPR_SPRR1B (6699),0.1496054128449229
CRISPR_SYT2 (127833),0.14954843724727418
CRISPR_CCDC152 (100129792),0.14954785902860834
CRISPR_ELMO3 (79767),0.14954437963852207
CRISPR_PPP1CA (5499),0.14954269977886092
CRISPR_RBM12B (389677),0.1495421839842086
CRISPR_HNRNPU (3192),0.14952845098692702
CRISPR_GADD45B (4616),0.14952589692259188
CRISPR_SLC10A5 (347051),0.14951717735037517
CRISPR_KRTAP4-3 (85290),0.149513585257405
CRISPR_PPM1L (151742),0.14950599751681004
CRISPR_HOXC4 (3221),0.14950558805818392
CRISPR_KLHDC1 (122773),0.14950315065975595
CRISPR_RHBDD1 (84236),0.14949961226012043
CRISPR_DRICH1 (51233),0.1494936989349256
CRISPR_MAN1A2 (10905),0.1494813077750914
CRISPR_SCFD1 (23256),0.14947109563073813
CRISPR_MZT2A (653784),0.1494664923635396
CRISPR_ITPKC (80271),0.14941865000595156
CRISPR_OR51M1 (390059),0.14939517920257517
CRISPR_URB1 (9875),0.14938434368115772
CRISPR_NRXN2 (9379),0.14937709820849054
CRISPR_STARD10 (10809),0.1493734970439462
CRISPR_OR1D2 (4991),0.14936869027711053
CRISPR_PLA2G4D (283748),0.14936645897486933
CRISPR_FOXO3 (2309),0.14936590499462277
CRISPR_COMMD9 (29099),0.1493593118999641
CRISPR_BNC2 (54796),0.14934242632369843
CRISPR_PINX1 (54984),0.14933932444270592
CRISPR_HMGCR (3156),0.1493284279894871
CRISPR_DLGAP3 (58512),0.14932002182185933
CRISPR_CLEC3B (7123),0.14931231434176606
CRISPR_HERC5 (51191),0.14929170000112357
CRISPR_OR2G6 (391211),0.14928555936789456
CRISPR_ELAC2 (60528),0.14928278868539824
CRISPR_NDUFS2 (4720),0.14928261367505513
CRISPR_FGF4 (2249),0.14927731430125624
CRISPR_SEC23A (10484),0.14927006210756044
CRISPR_PGGT1B (5229),0.1492693723483427
CRISPR_RNASE3 (6037),0.14926511905804318
CRISPR_FZR1 (51343),0.14925972142354382
CRISPR_SUCNR1 (56670),0.14924127990906655
CRISPR_NUDT11 (55190),0.14923832893511646
CRISPR_KRTAP10-1 (386677),0.14923128344592662
CRISPR_HOXB13 (10481),0.14922381874874802
CRISPR_RAB37 (326624),0.14919799389584032
CRISPR_EPN3 (55040),0.14918913752118623
CRISPR_MYH14 (79784),0.14917453326193497
CRISPR_C11orf52 (91894),0.14917379517861473
CRISPR_GOLGA6L6 (727832),0.14916686389921896
CRISPR_PIK3C2A (5286),0.1491651968504164
CRISPR_LRRC31 (79782),0.14916448622272238
CRISPR_PLRG1 (5356),0.14915824214891682
CRISPR_TRIM41 (90933),0.14915752808566207
CRISPR_OR7D4 (125958),0.14912990249285718
CRISPR_OR5T2 (219464),0.149116959820641
CRISPR_RAD17 (5884),0.14910676626373842
CRISPR_DNAJC9 (23234),0.14909617542240738
CRISPR_MTARC2 (54996),0.14909020883313273
CRISPR_NAA16 (79612),0.14908655792658276
CRISPR_GOSR2 (9570),0.14905641942873604
CRISPR_MARCHF4 (57574),0.14904223967561014
CRISPR_TRIM38 (10475),0.14903634088865214
CRISPR_KRR1 (11103),0.14903292426597137
CRISPR_ZNF552 (79818),0.14902744834778314
CRISPR_CPLANE1 (65250),0.14902681723500066
CRISPR_SSR1 (6745),0.1490195092055373
CRISPR_FTH1 (2495),0.14901846263683627
CRISPR_MRPL45 (84311),0.14901059081861057
CRISPR_BPNT2 (54928),0.14900943954481694
CRISPR_FAM171B (165215),0.14900774954019003
CRISPR_DNAI2 (64446),0.14897912958282244
CRISPR_ZNF846 (162993),0.14896180047538143
CRISPR_THAP1 (55145),0.14895085901937755
CRISPR_OR8G5 (219865),0.14892135280466023
CRISPR_ONECUT3 (390874),0.1489204608204564
CRISPR_NIPA2 (81614),0.14891745203639406
CRISPR_SBSN (374897),0.14890834737931335
CRISPR_ACTMAP (284325),0.14890552270085333
CRISPR_PTPN20 (26095),0.14887734589586454
CRISPR_TP63 (8626),0.14883937115398105
CRISPR_YPEL5 (51646),0.14883659465743415
CRISPR_C5orf24 (134553),0.14882278154181705
CRISPR_NOP10 (55505),0.14881466137027832
CRISPR_LIMK1 (3984),0.14880805300212074
CRISPR_OR2M7 (391196),0.1488074662210348
CRISPR_PNMA6A (84968),0.14880441578355663
CRISPR_CCNG2 (901),0.14879627185071298
CRISPR_HOMER2 (9455),0.14878508063136753
CRISPR_OR10A7 (121364),0.14877211214392405
CRISPR_LRFN4 (78999),0.14877196224724365
CRISPR_OR10C1 (442194),0.14876058088899402
CRISPR_FADS3 (3995),0.14875165962925774
CRISPR_DNAH5 (1767),0.14874492097824632
CRISPR_HS1BP3 (64342),0.14874314813588274
CRISPR_MAP1LC3B2 (643246),0.14874194733813617
CRISPR_GOLGA8N (643699),0.14872540079443208
CRISPR_LAPTM4B (55353),0.14872055035690757
CRISPR_RPP38 (10557),0.1487179192921273
CRISPR_MAD2L1 (4085),0.1487094816934924
CRISPR_OR10H1 (26539),0.1487074560102597
CRISPR_GOLT1B (51026),0.1486973123768629
CRISPR_POLA2 (23649),0.14869690287085913
CRISPR_RTEL1 (51750),0.14868852504846952
CRISPR_FRG2C (100288801),0.14868704084475493
CRISPR_MYLIP (29116),0.1486702013058876
CRISPR_SSRP1 (6749),0.14865102174455203
CRISPR_RBBP8 (5932),0.14860863105513022
CRISPR_FEM1C (56929),0.14859242145341156
CRISPR_ZFP64 (55734),0.14855923630208245
CRISPR_OR4P4 (81300),0.14853933653529472
CRISPR_NXT1 (29107),0.14853310249615959
CRISPR_MAP1LC3B (81631),0.14853220617361584
CRISPR_B4GALNT3 (283358),0.14852008057708588
CRISPR_PPEF2 (5470),0.14848229876800012
CRISPR_CDC42BPA (8476),0.14846897371137313
CRISPR_ELOB (6923),0.14846682033421787
CRISPR_TTI2 (80185),0.14845689290448316
CRISPR_GP1BB (2812),0.148445840824591
CRISPR_AQP7 (364),0.1484259646602899
CRISPR_TEN1 (100134934),0.14841660750044294
CRISPR_MLLT3 (4300),0.14839893694309447
CRISPR_MMEL1 (79258),0.14839319485122537
CRISPR_TOP1MT (116447),0.14837950090659557
CRISPR_OR13H1 (347468),0.14836756427124564
CRISPR_OR5B17 (219965),0.14832807556393313
CRISPR_RABL2A (11159),0.1483154154073354
CRISPR_PTTG2 (10744),0.14831029349698932
CRISPR_PPP2R1B (5519),0.14828995778728427
CRISPR_OR10H2 (26538),0.14828201252295692
CRISPR_CUL4A (8451),0.14827518982556676
CRISPR_ECHS1 (1892),0.14824996620006736
CRISPR_LENEP (55891),0.14823770149065307
CRISPR_RRP15 (51018),0.14819223142296334
CRISPR_LARP1B (55132),0.14818087749650433
CRISPR_CD86 (942),0.14817918595502189
CRISPR_MARCHF5 (54708),0.1481573902967095
CRISPR_CENPN (55839),0.14815684199465196
CRISPR_DOCK8 (81704),0.14815219141712443
CRISPR_SNUPN (10073),0.14813666502559109
CRISPR_DAGLA (747),0.14813030543533134
CRISPR_DNAH10 (196385),0.14811163416045048
CRISPR_NEUROD4 (58158),0.1481011507959682
CRISPR_DNAJB11 (51726),0.14810084798121448
CRISPR_PCDHB3 (56132),0.14809179357611146
CRISPR_EID2 (163126),0.14808351180489066
CRISPR_SEPTIN10 (151011),0.14808076630374822
CRISPR_IZUMO2 (126123),0.14804437181515961
CRISPR_AGAP9 (642517),0.14803807066859864
CRISPR_GAL3ST1 (9514),0.1480342895889759
CRISPR_RABGEF1 (27342),0.14802943384415634
CRISPR_SLC51B (123264),0.1480138164969862
CRISPR_KRTDAP (388533),0.1480126643519286
CRISPR_MVK (4598),0.14800822796869495
CRISPR_PEX5 (5830),0.1479844136016295
CRISPR_PRDX1 (5052),0.1479816174272166
CRISPR_OR5K3 (403277),0.1479423847279291
CRISPR_C3AR1 (719),0.1478839258351683
CRISPR_GFM2 (84340),0.14785793216629362
CRISPR_XRCC5 (7520),0.14785683654967574
CRISPR_AKNAD1 (254268),0.147842460243492
CRISPR_ANKRD36 (375248),0.14783822580987227
CRISPR_LPIN1 (23175),0.14781503048946476
CRISPR_AGPAT1 (10554),0.1478016501065067
CRISPR_OTUD4 (54726),0.14779214230114146
CRISPR_SHKBP1 (92799),0.14775877006231042
CRISPR_CBX5 (23468),0.1477555572575735
CRISPR_EPS8L3 (79574),0.1477519344159539
CRISPR_CTAGE9 (643854),0.14775183884991794
CRISPR_DNAJB13 (374407),0.14774692572746861
CRISPR_H2BC18 (440689),0.1477003101371519
CRISPR_PIBF1 (10464),0.14768114661118492
CRISPR_CCER2 (643669),0.14767950934933038
CRISPR_ODC1 (4953),0.14766448022997025
CRISPR_PSMB7 (5695),0.14764868895733274
CRISPR_METTL4 (64863),0.14764348440876685
CRISPR_SNAI2 (6591),0.1476141096031327
CRISPR_ATP6V0D1 (9114),0.14761189177844614
CRISPR_METTL23 (124512),0.14760594791705994
CRISPR_SSR4 (6748),0.14757724303756792
CRISPR_KRT33A (3883),0.14757016110161292
CRISPR_PRKRA (8575),0.14757011025814215
CRISPR_MYL6B (140465),0.14754296236507614
CRISPR_NKAP (79576),0.14752966193563388
CRISPR_FLNB (2317),0.14751190016148286
CRISPR_NAA20 (51126),0.1475064468881513
CRISPR_TMEM262 (100130348),0.14750268332951366
CRISPR_CACNA1C (775),0.14750143505939795
CRISPR_RIOK1 (83732),0.14749192023674595
CRISPR_RPL39 (6170),0.14746401384752605
CRISPR_DLK2 (65989),0.14745966225151363
CRISPR_ANPEP (290),0.14745717976322226
CRISPR_OR10T2 (128360),0.14744140519257964
CRISPR_PDIA3 (2923),0.14744078150420492
CRISPR_CTPS1 (1503),0.1474074528451128
CRISPR_SNAP23 (8773),0.14740459946768203
CRISPR_KRTAP4-8 (728224),0.14737608414938208
CRISPR_CDIPT (10423),0.14734336745842835
CRISPR_COP1 (64326),0.14732912100213458
CRISPR_OR6B3 (150681),0.1472741412083698
CRISPR_HELLS (3070),0.14725049169767068
CRISPR_SPI1 (6688),0.14724844441018448
CRISPR_BDKRB2 (624),0.14724833558068973
CRISPR_TTC9B (148014),0.14724773074840902
CRISPR_CEACAM16 (388551),0.14723265481672065
CRISPR_STOML1 (9399),0.1472229138681529
CRISPR_OR6C6 (283365),0.14721500175444735
CRISPR_OR8J1 (219477),0.14719838254835071
CRISPR_SPINT2 (10653),0.14719820668833528
CRISPR_CISD2 (493856),0.14719679344581404
CRISPR_CRIP2 (1397),0.1471584944422588
CRISPR_PHGR1 (644844),0.1471283860198942
CRISPR_EFCAB14 (9813),0.1471192792364393
CRISPR_OR51I2 (390064),0.14711361431876702
CRISPR_PPM1M (132160),0.14708647131042873
CRISPR_LGALS7B (653499),0.14708138507561985
CRISPR_CHMP3 (51652),0.1470738264138829
CRISPR_TXN (7295),0.14703978389986716
CRISPR_OR8A1 (390275),0.14703183295895883
CRISPR_PROX2 (283571),0.14698569171990616
CRISPR_AHR (196),0.1469492979190945
CRISPR_PTPRCAP (5790),0.1469365599000647
CRISPR_ZNF878 (729747),0.14693585118121355
CRISPR_OR7A10 (390892),0.14692104948084106
CRISPR_SLC13A2 (9058),0.14691852086458557
CRISPR_KRTAP12-3 (386683),0.14691746366604885
CRISPR_MEPCE (56257),0.1469012946921877
CRISPR_ABHD4 (63874),0.14688517437069137
CRISPR_DHX16 (8449),0.14687883384188094
CRISPR_KDELR2 (11014),0.14685021097089734
CRISPR_SKI (6497),0.14681361978913277
CRISPR_OR2T35 (403244),0.14677025185340398
CRISPR_ELAPOR2 (222223),0.14676084913301857
CRISPR_HMGN2 (3151),0.14675273648292908
CRISPR_SEPTIN3 (55964),0.146748327527646
CRISPR_OR2J3 (442186),0.14674546656536913
CRISPR_PDE5A (8654),0.1467454119838969
CRISPR_CRK (1398),0.1467426488777024
CRISPR_LRRC37A3 (374819),0.1467400129816161
CRISPR_NUDT15 (55270),0.146715254847126
CRISPR_PPP2R1A (5518),0.14670865178946269
CRISPR_RBBP4 (5928),0.14670129318217473
CRISPR_YBX1 (4904),0.14669245607071257
CRISPR_SLC7A2 (6542),0.1466835713774408
CRISPR_EMC3 (55831),0.1466679279460701
CRISPR_ZNF99 (7652),0.14664347344495088
CRISPR_MT1H (4496),0.14662616373956672
CRISPR_PPA1 (5464),0.14662470357301505
CRISPR_MAGEB6 (158809),0.1466068586150593
CRISPR_DDX20 (11218),0.14660020422465525
CRISPR_RIPK4 (54101),0.1465912205421942
CRISPR_KRTAP4-5 (85289),0.14658818840793764
CRISPR_ACACA (31),0.14655151895719776
CRISPR_DEFB135 (613209),0.146549208820709
CRISPR_FRG2B (441581),0.14654412555027507
CRISPR_TUBA1C (84790),0.14654105061677924
CRISPR_OR7A17 (26333),0.14652605141925967
CRISPR_KLHL2 (11275),0.14650840605737336
CRISPR_CCNP (79935),0.1465002214703337
CRISPR_ACTR10 (55860),0.14648564567313205
CRISPR_ANXA8L1 (728113),0.14648389971673925
CRISPR_AGAP5 (729092),0.14648040041777843
CRISPR_DALRD3 (55152),0.14647244675650928
CRISPR_HMGN1 (3150),0.14646392819603982
CRISPR_CLEC18A (348174),0.14645868243592197
CRISPR_YIPF3 (25844),0.14644372252679272
CRISPR_KRTAP19-3 (337970),0.14643705252113648
CRISPR_CYP2C19 (1557),0.1464327490301871
CRISPR_OR1E2 (8388),0.14641700121488288
CRISPR_ACAT1 (38),0.14640291651363402
CRISPR_APEX1 (328),0.14638238475034182
CRISPR_ALG14 (199857),0.1463727902894485
CRISPR_CIAO2B (51647),0.14636508860512176
CRISPR_OR2C3 (81472),0.14634953677900198
CRISPR_TMEM179B (374395),0.14634008370882867
CRISPR_PPIA (5478),0.1463209492621793
CRISPR_EFR3A (23167),0.14632015957636746
CRISPR_OR2V1 (26693),0.14631701386391427
CRISPR_MAX (4149),0.14624131436811716
CRISPR_H2BC13 (8340),0.1462283473684809
CRISPR_OR7G3 (390883),0.14621143847105644
CRISPR_GYPE (2996),0.14619360385939917
CRISPR_PRB2 (653247),0.14615150723506254
CRISPR_OR4B1 (119765),0.14612626134438145
CRISPR_PLIN2 (123),0.14609954989305773
CRISPR_CRB2 (286204),0.14608080258178635
CRISPR_DNAL4 (10126),0.14606517739048197
CRISPR_SEPTIN5 (5413),0.14606487726101225
CRISPR_RFC4 (5984),0.14605303896611765
CRISPR_PRAMEF1 (65121),0.14603421362331392
CRISPR_U2AF2 (11338),0.14602523986315852
CRISPR_TOMM34 (10953),0.14600212036733584
CRISPR_SEZ6 (124925),0.14600095839921323
CRISPR_ZNF417 (147687),0.14598910272997667
CRISPR_OR2T5 (401993),0.14596190070167037
CRISPR_EIF5A (1984),0.14595928087041088
CRISPR_OR5A1 (219982),0.14594863392516766
CRISPR_TNFRSF14 (8764),0.14594851043153145
CRISPR_A3GALT2 (127550),0.14593612478143836
CRISPR_PTPN23 (25930),0.14593297047995213
CRISPR_PRMT1 (3276),0.14592879152838112
CRISPR_TUBGCP5 (114791),0.1458714331825668
CRISPR_SEPTIN11 (55752),0.14586548189801096
CRISPR_NPM1 (4869),0.1458565252611379
CRISPR_RAC1 (5879),0.1458494686707823
CRISPR_SCD (6319),0.1458280005348329
CRISPR_MED14 (9282),0.1458064084737991
CRISPR_HNRNPA3 (220988),0.14580110870890817
CRISPR_FAM187B (148109),0.14579680883738
CRISPR_OR1A2 (26189),0.14578515073705
CRISPR_RNF31 (55072),0.1457849951865704
CRISPR_AGR2 (10551),0.1457801917410082
CRISPR_XCL2 (6846),0.14575725537625006
CRISPR_PRAMEF18 (391003),0.14575495564928476
CRISPR_EXOSC2 (23404),0.14573199822893468
CRISPR_OR5M3 (219482),0.14572191484234676
CRISPR_SELENOV (348303),0.14572183193104493
CRISPR_ACY3 (91703),0.1457199104930389
CRISPR_OR8I2 (120586),0.1457105540273229
CRISPR_AP2S1 (1175),0.14569360927964414
CRISPR_KRI1 (65095),0.1456431114073502
CRISPR_RARG (5916),0.14562115232633221
CRISPR_THOC1 (9984),0.14555942239941366
CRISPR_OR2T2 (401992),0.1455427189416234
CRISPR_CCDC157 (550631),0.1455301786680634
CRISPR_WDHD1 (11169),0.14549080730450914
CRISPR_OR52W1 (120787),0.14546150614127829
CRISPR_SOCS3 (9021),0.14544959207550967
CRISPR_MGAT5 (4249),0.14542142686573722
CRISPR_HBZ (3050),0.14538453561892428
CRISPR_PGK1 (5230),0.1453757861521865
CRISPR_ZDHHC11 (79844),0.14536784058812957
CRISPR_OR13D1 (286365),0.1453615533415653
CRISPR_ZCWPW2 (152098),0.1453553193603021
CRISPR_LGALS9B (284194),0.14534106044785844
CRISPR_ELOC (6921),0.1453171558987547
CRISPR_BMP8B (656),0.14530886401439602
CRISPR_PRR12 (57479),0.14528085320407058
CRISPR_SPATA31A7 (26165),0.14525656109184748
CRISPR_GOLGA6B (55889),0.1452487951537953
CRISPR_ARCN1 (372),0.14523957950235644
CRISPR_HAUS7 (55559),0.14520162471174158
CRISPR_OR2T29 (343563),0.1451996477039703
CRISPR_OR1J1 (347168),0.14519956550315838
CRISPR_UGT1A8 (54576),0.145186924025424
CRISPR_SLC22A10 (387775),0.1451587239203045
CRISPR_OR4D2 (124538),0.14515269664740993
CRISPR_UGT2B28 (54490),0.14513556105487124
CRISPR_FRA10AC1 (118924),0.14511632234787353
CRISPR_HAGHL (84264),0.14510275695493302
CRISPR_C1QTNF9B (387911),0.14506663837315914
CRISPR_MT1X (4501),0.1450636553101896
CRISPR_RAP2C (57826),0.1450599856802568
CRISPR_OR52A1 (23538),0.14505347667466229
CRISPR_GOLGA8R (101059918),0.14505028259503838
CRISPR_UBE2R2 (54926),0.14504115721837874
CRISPR_TOR1AIP1 (26092),0.14498907964248087
CRISPR_NR1H2 (7376),0.14498184661096536
CRISPR_H2BC3 (3018),0.14497519153194283
CRISPR_ALG3 (10195),0.14497310261701912
CRISPR_MASTL (84930),0.14496845547401316
CRISPR_ADAM18 (8749),0.14493390558900554
CRISPR_OR5AU1 (390445),0.14491351648927786
CRISPR_RPRML (388394),0.14486915114532462
CRISPR_ZNG1A (55871),0.14486045908871592
CRISPR_OR2S2 (56656),0.14484772058877615
CRISPR_OR4D10 (390197),0.1448444198657075
CRISPR_IRAK1BP1 (134728),0.1448224555799733
CRISPR_OR5AS1 (219447),0.1447948216171735
CRISPR_SEPTIN6 (23157),0.14477594154226958
CRISPR_OR5W2 (390148),0.14474570065473058
CRISPR_MT1A (4489),0.1447259257233
CRISPR_ATP6V1C1 (528),0.14472036128702914
CRISPR_MARCHF6 (10299),0.1447179224615347
CRISPR_LGALS13 (29124),0.1447139963780648
CRISPR_FZD5 (7855),0.1447102498242554
CRISPR_BCL2L1 (598),0.14470337623419338
CRISPR_METTL2B (55798),0.14468568259354742
CRISPR_TUT7 (79670),0.1446684002540768
CRISPR_RNF212B (100507650),0.14466142191015408
CRISPR_ZNF705B (100132396),0.1446366363753122
CRISPR_GAPDHS (26330),0.14463612059230258
CRISPR_CSH2 (1443),0.14461158086259251
CRISPR_ASAH1 (427),0.1445704916936812
CRISPR_UBR4 (23352),0.144531098258037
CRISPR_SLU7 (10569),0.14447669721740208
CRISPR_SRP19 (6728),0.14447406807824148
CRISPR_CCL4 (6351),0.14446560845040057
CRISPR_CIMIP5 (130813),0.14443778293133036
CRISPR_CD177 (57126),0.14442745678066515
CRISPR_ACO2 (50),0.14440505485974953
CRISPR_CKS1B (1163),0.14437770565364305
CRISPR_ERVW-1 (30816),0.14434365024296447
CRISPR_RPL38 (6169),0.1443045190229686
CRISPR_NOL6 (65083),0.14430309048295253
CRISPR_TUBA3D (113457),0.14428989119716817
CRISPR_SPCS1 (28972),0.14428585913927883
CRISPR_KRTAP10-3 (386682),0.14427258147603794
CRISPR_PLPP5 (84513),0.1442699426335805
CRISPR_AQR (9716),0.14425559396241994
CRISPR_OR4K1 (79544),0.14425038480664742
CRISPR_OR5H2 (79310),0.14422810540027609
CRISPR_TSEN15 (116461),0.14409801936661015
CRISPR_PTGES3L (100885848),0.14409202152086475
CRISPR_TIMM50 (92609),0.1440603081973073
CRISPR_OR4A5 (81318),0.14403543013561748
CRISPR_RNASEK (440400),0.14402804380869139
CRISPR_LRFN3 (79414),0.1440039902736956
CRISPR_ANO2 (57101),0.14391980438174024
CRISPR_TAF8 (129685),0.1439159499394318
CRISPR_TSG101 (7251),0.14389043820435266
CRISPR_CCDC74A (90557),0.14384798113001818
CRISPR_SEPTIN9 (10801),0.14377907157941605
CRISPR_PRKCI (5584),0.14377063111150612
CRISPR_USP17L13 (100287238),0.143743331196303
CRISPR_OR10K1 (391109),0.14372000172218646
CRISPR_IFT80 (57560),0.14366911384246173
CRISPR_PCDHGB4 (8641),0.14366175308581575
CRISPR_OST4 (100128731),0.14365290797605468
CRISPR_ZNF112 (7771),0.14362736113125374
CRISPR_SMAGP (57228),0.14361109853513376
CRISPR_NUGGC (389643),0.1435936026584841
CRISPR_OR10K2 (391107),0.14358681997518152
CRISPR_ZNF429 (353088),0.14358386171768167
CRISPR_UCP3 (7352),0.14357662530604687
CRISPR_ZNF302 (55900),0.14355214097638846
CRISPR_OR4K13 (390433),0.1435391648377733
CRISPR_RGPD4 (285190),0.14348579066177525
CRISPR_OR1L6 (392390),0.14345431660500552
CRISPR_OR5M11 (219487),0.1434367786645261
CRISPR_INCENP (3619),0.14342404312157564
CRISPR_TIAL1 (7073),0.14338019098040977
CRISPR_NUBP1 (4682),0.14336522196354906
CRISPR_SLC24A2 (25769),0.14334465588291723
CRISPR_LETM2 (137994),0.1432736875269338
CRISPR_CHRNA6 (8973),0.14322793722454108
CRISPR_TRIM43 (129868),0.14322333377523755
CRISPR_TBCA (6902),0.1431653052187727
CRISPR_TCEA3 (6920),0.14313692690594948
CRISPR_RWDD2A (112611),0.14305637103153002
CRISPR_FBXW7 (55294),0.14305377822742926
CRISPR_GOLGA6D (653643),0.14302815992615736
CRISPR_OR4A47 (403253),0.14299020189569944
CRISPR_SYS1 (90196),0.14298426524482588
CRISPR_ADH5 (128),0.14292489753815918
CRISPR_SYCN (342898),0.1428969844973258
CRISPR_ZC3H15 (55854),0.1428683354085556
CRISPR_MT1HL1 (645745),0.14286817329936063
CRISPR_OR2T27 (403239),0.14285780292581363
CRISPR_MT1G (4495),0.14278091447199115
CRISPR_ANAPC5 (51433),0.14277362584163988
CRISPR_ALOX15 (246),0.14276801512131776
CRISPR_ERMAP (114625),0.14273474249506712
CRISPR_OR10G8 (219869),0.14272581553432184
CRISPR_ZNF544 (27300),0.14269232701825452
CRISPR_C2CD3 (26005),0.14267480914190056
CRISPR_NINJ2 (4815),0.14267029326668945
CRISPR_OR6C3 (254786),0.1426494340260125
CRISPR_OR7C2 (26658),0.14263210743878352
CRISPR_GNG5 (2787),0.1426055850817871
CRISPR_CYP2W1 (54905),0.14259701305951378
CRISPR_ACTR3C (653857),0.14256010709980194
CRISPR_VMP1 (81671),0.14250489696011392
CRISPR_KRT8 (3856),0.14250173103351305
CRISPR_ZNF98 (148198),0.14246835107326916
CRISPR_SLC6A13 (6540),0.1424205025051899
CRISPR_ANAPC1 (64682),0.1424092999137896
CRISPR_BRD9 (65980),0.14236015954157732
CRISPR_SYNGR2 (9144),0.1422619609795568
CRISPR_POTEG (404785),0.14225955520172473
CRISPR_WHR1 (8859),0.14223627058461208
CRISPR_ZBTB8OS (339487),0.14220062827206803
CRISPR_MZT2B (80097),0.14218138742679987
CRISPR_MRPS33 (51650),0.14217739654504324
CRISPR_CYP2A6 (1548),0.14212110000088973
CRISPR_MGRN1 (23295),0.1420968638040172
CRISPR_OR10G3 (26533),0.14205885172956467
CRISPR_OR4N5 (390437),0.14203210733898297
CRISPR_IL17RB (55540),0.14198451286198832
CRISPR_MMAB (326625),0.14195855070413366
CRISPR_ANKRD13D (338692),0.14192625298205552
CRISPR_ATP6V1H (51606),0.1419261056074852
CRISPR_GOLGA8M (653720),0.1419206953122698
CRISPR_STX16 (8675),0.14191045300138905
CRISPR_CTRB2 (440387),0.14190864787703683
CRISPR_METTL2A (339175),0.14187323618094538
CRISPR_ARL6IP4 (51329),0.1417846772670197
CRISPR_BSG (682),0.14171909743578137
CRISPR_SYCP1 (6847),0.14168810938684295
CRISPR_PF4 (5196),0.14168123446984193
CRISPR_PRAMEF20 (645425),0.1416534821354416
CRISPR_DNAJC2 (27000),0.14158912248709576
CRISPR_UBB (7314),0.14150572193133337
CRISPR_KCNA6 (3742),0.141495712289041
CRISPR_DIS3L2 (129563),0.141492453253667
CRISPR_GAPDH (2597),0.14144948084034903
CRISPR_NF2 (4771),0.14135645515601514
CRISPR_UBC (7316),0.14135430206568778
CRISPR_THOC7 (80145),0.1413171740877468
CRISPR_MZT1 (440145),0.14130285699718925
CRISPR_C9orf72 (203228),0.14119604568784938
CRISPR_DNAAF10 (116143),0.14118339506026256
CRISPR_EIF1AY (9086),0.14114935617942992
CRISPR_BLK (640),0.14107035786930044
CRISPR_TOM1L2 (146691),0.14107004933240752
CRISPR_USPL1 (10208),0.1410608156097708
CRISPR_WNT3A (89780),0.14102770655282804
CRISPR_DPPA3 (359787),0.1410106332217662
CRISPR_TRIM11 (81559),0.14091330414430825
CRISPR_COPE (11316),0.14087772857598369
CRISPR_GSTT2B (653689),0.1408327191252856
CRISPR_DDX3X (1654),0.14082686768287012
CRISPR_ZNG1B (150472),0.14081289431099453
CRISPR_PRDM12 (59335),0.14078981529827672
CRISPR_FSTL4 (23105),0.1407862912738258
CRISPR_LETM1 (3954),0.14063168649061275
CRISPR_IFNA21 (3452),0.14062666197587959
CRISPR_GMFG (9535),0.14059444180266922
CRISPR_MYD88 (4615),0.14056425539459383
CRISPR_RFC5 (5985),0.14052856808111436
CRISPR_DKC1 (1736),0.14051141466378736
CRISPR_OR4D9 (390199),0.14050909999206374
CRISPR_OR8B8 (26493),0.14033383727897686
CRISPR_ITFG2 (55846),0.14033297417349733
CRISPR_DESI2 (51029),0.1401835971494978
CRISPR_OR13C8 (138802),0.14016263325115652
CRISPR_SLN (6588),0.14011912272059135
CRISPR_SPATA31A3 (727830),0.14007900894356196
CRISPR_TMCO2 (127391),0.13997309558531112
CRISPR_KRTAP10-10 (353333),0.13985568317385777
CRISPR_NEIL2 (252969),0.13985357932970777
CRISPR_DDX23 (9416),0.13974910638914295
CRISPR_CDC42 (998),0.13974764045012522
CRISPR_SWI5 (375757),0.13973966985751174
CRISPR_PFN1 (5216),0.13973126011997472
CRISPR_OR5L2 (26338),0.13969390416558403
CRISPR_NDUFB1 (4707),0.1396436547371751
CRISPR_E2F6 (1876),0.13945200689365045
CRISPR_SMAD2 (4087),0.13943634136465777
CRISPR_OR7E24 (26648),0.1394228109329574
CRISPR_RPL41 (6171),0.13941418709268216
CRISPR_OR5D18 (219438),0.13939282093796823
CRISPR_POTEH (23784),0.1393039428077243
CRISPR_B3GALNT1 (8706),0.13930252650833408
CRISPR_MED4 (29079),0.13918912100044567
CRISPR_CTSB (1508),0.13914171737130676
CRISPR_PPIL2 (23759),0.1391298731977053
CRISPR_MYADM (91663),0.1390919416539731
CRISPR_PLN (5350),0.1390745195102494
CRISPR_CXCL11 (6373),0.13903561235039286
CRISPR_KRTAP21-1 (337977),0.13903482421459668
CRISPR_OR51V1 (283111),0.13896170127021534
CRISPR_NUTM2F (54754),0.13896058171363856
CRISPR_PMPCA (23203),0.13895716113764944
CRISPR_LIMS1 (3987),0.13892860054220257
CRISPR_TUBB (203068),0.13887985887664112
CRISPR_OR10A4 (283297),0.1388042229725448
CRISPR_MAP4K3 (8491),0.13878578325326352
CRISPR_PGD (5226),0.13877059802728864
CRISPR_OR4C46 (119749),0.13874178739590004
CRISPR_UBE2W (55284),0.13872438243667373
CRISPR_SMARCA2 (6595),0.1386414133796432
CRISPR_LMO4 (8543),0.13855657164006985
CRISPR_EBLN2 (55096),0.13854785725057894
CRISPR_LCE3D (84648),0.13850106793132388
CRISPR_ZNF676 (163223),0.13840539607297853
CRISPR_SUMO2 (6613),0.13840387855468173
CRISPR_ST13 (6767),0.13819652693399265
CRISPR_HNRNPH1 (3187),0.13819253692990063
CRISPR_RASA4 (10156),0.13793594129956732
CRISPR_METTL8 (79828),0.1378691878584366
CRISPR_PRXL2B (127281),0.13773517292061044
CRISPR_OR6C65 (403282),0.13765097064737963
CRISPR_OR5F1 (338674),0.13763763293216202
CRISPR_PSMC5 (5705),0.13760229031902682
CRISPR_OR5B3 (441608),0.13749064119873067
CRISPR_EQTN (54586),0.13746014180257493
CRISPR_ZNF716 (441234),0.1373801785930615
CRISPR_LGALS7 (3963),0.13736232282034067
CRISPR_KRT6B (3854),0.13735665760287752
CRISPR_TFRC (7037),0.13728517405378815
CRISPR_PSMD2 (5708),0.13728285533268947
CRISPR_RPL36A (6173),0.13728060555103916
CRISPR_CYP4V2 (285440),0.1372194150157493
CRISPR_PCID2 (55795),0.13716970129566297
CRISPR_RAET1L (154064),0.137144657396425
CRISPR_CDK9 (1025),0.13708228118748922
CRISPR_OR4K15 (81127),0.1370350467235002
CRISPR_MON1A (84315),0.13699044249481673
CRISPR_SH2D6 (284948),0.13695975836637553
CRISPR_SPRR1A (6698),0.13676063652356252
CRISPR_INTS6 (26512),0.13674001354655907
CRISPR_FOLR2 (2350),0.13673665335174823
CRISPR_GMPS (8833),0.1366105900572112
CRISPR_LYPLAL1 (127018),0.13660076243878772
CRISPR_PAM16 (51025),0.1365478846072583
CRISPR_XRN2 (22803),0.13651827443707454
CRISPR_UBE2N (7334),0.13623349165067733
CRISPR_LCN1 (3933),0.1361947562963497
CRISPR_OR2T6 (254879),0.13605659867394015
CRISPR_ALPK3 (57538),0.13593430460524436
CRISPR_OR10G2 (26534),0.13591658233414972
CRISPR_CNTLN (54875),0.13590812466494695
CRISPR_TMSB4X (7114),0.1358398995051906
CRISPR_FCGR1A (2209),0.1358374510553393
CRISPR_FAM86B2 (653333),0.135743942260512
CRISPR_ING1 (3621),0.135720373281349
CRISPR_TRIAP1 (51499),0.13558611346914518
CRISPR_OR10AG1 (282770),0.135545516928127
CRISPR_EIF4E (1977),0.13554300392834984
CRISPR_FAM9B (171483),0.1355260436211334
CRISPR_PRPS1L1 (221823),0.13538594898148926
CRISPR_INSL4 (3641),0.1351221824133213
CRISPR_PELO (53918),0.1350833415919599
CRISPR_KRTAP9-3 (83900),0.13505628860794472
CRISPR_NSMCE3 (56160),0.13500672361138255
CRISPR_GAGE12H (729442),0.13486517629880268
CRISPR_IFNA17 (3451),0.1348060214299318
CRISPR_TRAPPC1 (58485),0.13472752168567226
CRISPR_TUBG1 (7283),0.13449575302734385
CRISPR_CFLAR (8837),0.13448456705099776
CRISPR_KCNC3 (3748),0.1344457463933333
CRISPR_POU5F1B (5462),0.13429169563505994
CRISPR_GUCA1ANB-GUCA1A (118142757),0.1342526717974124
CRISPR_HNF4A (3172),0.13420179997620973
CRISPR_TAC1 (6863),0.13401135375918516
CRISPR_REDIC1 (283461),0.13385608231714352
CRISPR_DEFB108B (245911),0.13376760620025063
CRISPR_CNN3 (1266),0.13372925656831214
CRISPR_SNF8 (11267),0.13360421453030558
CRISPR_H2BC21 (8349),0.1335885536401995
CRISPR_UQCR10 (29796),0.13336755573397374
CRISPR_PSMC4 (5704),0.1333516810831652
CRISPR_PARVA (55742),0.13322587714431045
CRISPR_IFNL3 (282617),0.13283214279112698
CRISPR_POTEF (728378),0.13236448545891433
CRISPR_OR2T4 (127074),0.1321447212996758
CRISPR_RBM4B (83759),0.1320788046553263
CRISPR_ADSL (158),0.13166259085479037
CRISPR_PRB4 (5545),0.13154182570881456
CRISPR_ETNK1 (55500),0.13140164960721723
CRISPR_MST1 (4485),0.1312117767404155
CRISPR_TYW1B (441250),0.13117057214301564
CRISPR_ZNF107 (51427),0.13107803674737672
CRISPR_LYRM4 (57128),0.13094982288488577
CRISPR_ARMC7 (79637),0.13076067677455105
CRISPR_ZC3H11A (9877),0.13064208515423292
CRISPR_DHFR (1719),0.13000767696375615
CRISPR_LCE1F (353137),0.1299596682515567
CRISPR_RNF145 (153830),0.1298792883460811
CRISPR_PSMC6 (5706),0.12986032022749816
CRISPR_MYBL1 (4603),0.12959730168601968
CRISPR_NUF2 (83540),0.1295591781960006
CRISPR_ZNF519 (162655),0.1295244077725668
CRISPR_TIGD1 (200765),0.12883839978935452
CRISPR_OR10A5 (144124),0.12873872766976646
CRISPR_PSMG2 (56984),0.12870838738421142
CRISPR_TSGA10IP (254187),0.12860763695735278
CRISPR_MTOR (2475),0.12813923198019594
CRISPR_TYMS (7298),0.127650079006433
CRISPR_EIF1 (10209),0.12764916539049986
CRISPR_RBM4 (5936),0.12735840119963182
CRISPR_HAUS6 (54801),0.12696241968038358
CRISPR_MOCS1 (4337),0.1268991280784837
CRISPR_H3-3A (3020),0.1265986255181386
CRISPR_CXADR (1525),0.12630349221013049
CRISPR_VPS28 (51160),0.12628627948006743
CRISPR_SUPT5H (6829),0.12610258585027134
CRISPR_CCND1 (595),0.12609566561188235
CRISPR_LONP1 (9361),0.12591741954714708
CRISPR_PMPCB (9512),0.12562853510085148
CRISPR_GATA4 (2626),0.12559291838768782
CRISPR_UROD (7389),0.12542353231965908
CRISPR_CLTC (1213),0.12527243473575433
CRISPR_PPP1R12A (4659),0.1251552075582385
CRISPR_ALDOA (226),0.12492161592487028
CRISPR_FRRS1 (391059),0.12454820035046366
CRISPR_TACC1 (6867),0.12450139479952549
CRISPR_NUP43 (348995),0.12396848141934891
CRISPR_GYPB (2994),0.12390974654596709
CRISPR_PRH2 (5555),0.12361922196658748
CRISPR_SPRR2F (6705),0.12350470603576102
CRISPR_ZNF85 (7639),0.12297064099683075
CRISPR_SCAP (22937),0.12269637226779118
CRISPR_SUPT16H (11198),0.1220574527145093
CRISPR_DNM2 (1785),0.12178191133143157
CRISPR_KLHDC7B (113730),0.12174479038476305
CRISPR_TPX2 (22974),0.12145499751887723
CRISPR_HINFP (25988),0.12095162011042015
CRISPR_ALG11 (440138),0.12042004772985715
CRISPR_SRSF1 (6426),0.12023529161615087
CRISPR_WDR77 (79084),0.11966859829284981
CRISPR_FBXO27 (126433),0.11958447601007105
CRISPR_IPO11 (51194),0.11928059649085787
CRISPR_BNIP2 (663),0.11912481130883457
CRISPR_SAE1 (10055),0.11814513289892536
CRISPR_CRKL (1399),0.11812853438412851
CRISPR_MED6 (10001),0.11645850137911884
CRISPR_GSPT1 (2935),0.11602529210058377
CRISPR_FAM90A1 (55138),0.11474425567553359
CRISPR_UBE2M (9040),0.11418063865353067
CRISPR_DYNC1I2 (1781),0.11354917270869347
CRISPR_RPP21 (79897),0.11058023393733984
CRISPR_PCBP1 (5093),0.11050957702583286
CRISPR_PSMB5 (5693),0.10942475930083395
CRISPR_ELL (8178),0.10778392417835647
CRISPR_COPG1 (22820),0.10511887723820612
CRISPR_RWDD4 (201965),0.10437298302451836
CRISPR_CRCP (27297),0.10228862363244229
CRISPR_TUT1 (64852),0.10128076084699833
CRISPR_ORC6 (23594),0.10122950134856001
CRISPR_SPC25 (57405),0.09976751431623754
CRISPR_XRCC6 (2547),0.09955621735305531
CRISPR_PKMYT1 (9088),0.09814589875820579
CRISPR_PPP2CA (5515),0.09588007081977779
CRISPR_RCC1 (1104),0.09548130886179429
CRISPR_ARL2 (402),0.09232084968856968
CRISPR_CHEK1 (1111),0.09215905080735665
CRISPR_CDK7 (1022),0.0897295359275474
CRISPR_TCP1 (6950),0.08966118200121276
CRISPR_TONSL (4796),0.08964755936727364
CRISPR_KIF18A (81930),0.08675454304797636
CRISPR_UBTF (7343),0.0793954559096628
CRISPR_SOD1 (6647),0.07246434182504746
CRISPR_POLR3B (55703),0.07189108424501
CRISPR_POLR3H (171568),0.06747799624776762
CRISPR_KIF23 (9493),0.06264687296117621
CRISPR_KRAS (3845),0.059914788860283785
CRISPR_YRDC (79693),0.059485243319161274
CRISPR_SBDS (51119),0.05825066344869301
CRISPR_CKAP5 (9793),0.05513287999543204
CRISPR_EEF1A1 (1915),0.052570242330568284
CRISPR_EIF1AX (1964),0.04027658091464614
CRISPR_RPL21 (6144),0.022157715275734624
