Gene,GeneID
TSPAN6,0
TNMD,1
DPM1,2
SCYL3,3
FIRRM,4
FGR,5
CFH,6
FUCA2,7
GCLC,8
NFYA,9
STPG1,10
NIPAL3,11
LAS1L,12
ENPP4,13
SEMA3F,14
CFTR,15
ANKIB1,16
CYP51A1,17
KRIT1,18
RAD52,19
MYH16,20
BAD,21
LAP3,22
CD99,23
HS3ST1,24
AOC1,25
WNT16,26
HECW1,27
MAD1L1,28
LASP1,29
SNX11,30
TMEM176A,31
M6PR,32
KLHL13,33
CYP26B1,34
ICA1,35
DBNDD1,36
ALS2,37
CASP10,38
CFLAR,39
TFPI,40
NDUFAF7,41
RBM5,42
MTMR7,43
SLC7A2,44
ARF5,45
SARM1,46
POLDIP2,47
PLXND1,48
AK2,49
CD38,50
FKBP4,51
KDM1A,52
RBM6,53
CAMKK1,54
RECQL,55
VPS50,56
HSPB6,57
ARHGAP33,58
NDUFAB1,59
PDK4,60
SLC22A16,61
ZMYND10,62
ABCB5,63
ARX,64
SLC25A13,65
ST7,66
CDC27,67
SLC4A1,68
CALCR,69
HCCS,70
DVL2,71
PRSS22,72
UPF1,73
SKAP2,74
SLC25A5,75
MCUB,76
HOXA11,77
POLR2J,78
DHX33,79
MEOX1,80
THSD7A,81
LIG3,82
RPAP3,83
ACSM3,84
REXO5,85
CIAPIN1,86
SPPL2B,87
ATOSB,88
COPZ2,89
PRKAR2B,90
MSL3,91
CREBBP,92
TSPOAP1,93
MPO,94
PON1,95
GCFC2,96
WDR54,97
CROT,98
ABCB4,99
KMT2E,100
RHBDD2,101
SOX8,102
IBTK,103
ZNF195,104
MYCBP2,105
FBXL3,106
ITGAL,107
PDK2,108
ITGA3,109
ZFX,110
LAMP2,111
ITGA2B,112
ASB4,113
GDE1,114
REX1BD,115
CRLF1,116
OSBPL7,117
TMEM98,118
YBX2,119
KRT33A,120
MAP3K14,121
ABCC8,122
CACNG3,123
TMEM132A,124
AP2B1,125
TAC1,126
ZNF263,127
CX3CL1,128
SPATA20,129
CACNA1G,130
TNFRSF12A,131
DLX6,132
MAP3K9,133
RALA,134
BAIAP2L1,135
KDM7A,136
ETV1,137
AGK,138
ALDH3B1,139
TTC22,140
PHTF2,141
CCL26,142
FARP2,143
USH1C,144
GGCT,145
DBF4,146
TBXA2R,147
IFRD1,148
LGALS14,149
COX10,150
GTF2IRD1,151
PAF1,152
VPS41,153
ARHGAP44,154
ELAC2,155
SCIN,156
ARSD,157
PNPLA4,158
MYH13,159
ADIPOR2,160
CDKL3,161
UPP2,162
PRSS21,163
MARK4,164
PROM1,165
CCDC124,166
CEACAM21,167
PAFAH1B1,168
NOS2,169
DNAH9,170
BLTP2,171
SLC13A2,172
GAS7,173
TRAPPC6A,174
MATK,175
CEACAM7,176
CD79B,177
SCN4A,178
ST7L,179
TKTL1,180
PAX6,181
RPUSD1,182
RHBDF1,183
LUC7L,184
CACNA2D2,185
BAIAP3,186
TSR3,187
PIGQ,188
CRAMP1,189
TEAD3,190
SELE,191
DNAJC11,192
FMO3,193
MYLIP,194
NOX1,195
E2F2,196
PSMB1,197
SYN1,198
JARID2,199
CDKL5,200
CAMK1G,201
CDK11A,202
NADK,203
TFAP2B,204
DLEC1,205
CYTH3,206
ADAM22,207
SYPL1,208
CYB561,209
SPAG9,210
CELSR3,211
AASS,212
PLEKHG6,213
SS18L2,214
MPND,215
MGST1,216
CRY1,217
PGLYRP1,218
NFIX,219
ST3GAL1,220
MMP25,221
IL32,222
PKD1,223
MAPK8IP2,224
MED24,225
RHOBTB2,226
HEATR5B,227
SEC62,228
RPS20,229
CSDE1,230
UBE3C,231
REV3L,232
TENM1,233
PAX7,234
MASP2,235
IYD,236
FAM76A,237
TRAF3IP3,238
POMT2,239
VTA1,240
MLXIPL,241
BAZ1B,242
RANBP9,243
ETV7,244
SPRTN,245
METTL13,246
DYRK4,247
ZNF207,248
UQCRC1,249
STARD3NL,250
CD9,251
HHATL,252
NCAPD2,253
IFFO1,254
GIPR,255
PHF7,256
SEMA3G,257
NISCH,258
STAB1,259
FUZ,260
SLC6A13,261
IDS,262
PRSS3,263
ZNF200,264
CD4,265
LRRC23,266
BTK,267
HFE,268
SCMH1,269
FYN,270
HIVEP2,271
FMO1,272
ELOA,273
LYPLA2,274
CLCN6,275
MRC2,276
SLC6A7,277
TSPAN9,278
BTBD7,279
APBA3,280
MKS1,281
ABHD5,282
ANOS1,283
AKAP8L,284
MBTD1,285
UTP18,286
RNF216,287
TTC19,288
PTBP1,289
DPF1,290
SYT7,291
LARS2,292
PIK3C2A,293
PLAUR,294
ANLN,295
WIZ,296
RABGAP1,297
DCN,298
QPCTL,299
PPP5C,300
CEP68,301
MAP4K3,302
ZBTB32,303
TYROBP,304
LDAF1,305
GABRA3,306
BRCA1,307
ERCC1,308
CD22,309
SEMA3B,310
MBTPS2,311
PRICKLE3,312
LTF,313
EXTL3,314
NR1H4,315
ELOVL5,316
ALOX5,317
KDM5D,318
CALCOCO1,319
UBR7,320
MAP4K5,321
EHD3,322
PSMC4,323
MAN2B2,324
SLC7A14,325
CLDN11,326
SLC25A39,327
MVP,328
NUB1,329
PGM3,330
RWDD2A,331
CLK1,332
POLR3B,333
ANGEL1,334
RNF14,335
DNASE1L1,336
DDX11,337
HEBP1,338
GPRC5A,339
MAMLD1,340
CD6,341
TACC3,342
UFL1,343
POLA2,344
ZC3H3,345
CAPN1,346
ACP3,347
MDH1,348
SLC30A9,349
MTMR11,350
COX15,351
CCDC88C,352
YAF2,353
ZMYND11,354
WAS,355
DPEP1,356
BID,357
MATR3,358
NPC1L1,359
XYLT2,360
RGPD5,361
STMN4,362
NUDCD3,363
ISL1,364
CHDH,365
IL20RA,366
CLCA1,367
CLCA4,368
GLT8D1,369
ATP2C1,370
IGF1,371
SLC38A5,372
RALBP1,373
RUFY3,374
CNTN1,375
SLC11A1,376
WWTR1,377
AGPS,378
STEEP1,379
ATP1A2,380
TTC27,381
ZNF582,382
VSIG2,383
PHLDB1,384
MARCO,385
CYP24A1,386
PRDM11,387
SYT13,388
SNAI2,389
CD74,390
HGF,391
ZRANB1,392
NCDN,393
ADGRA2,394
ZFP64,395
MNAT1,396
SAMD4A,397
RUNX3,398
MRE11,399
PLEKHB1,400
SERPINB1,401
CYP3A43,402
SLC7A9,403
SPAST,404
NRXN3,405
OSBPL5,406
AQR,407
CPS1,408
C8B,409
FHL1,410
RTF2,411
GABRA1,412
NLRP2,413
SLC45A4,414
RNF10,415
ZNF839,416
ZDHHC6,417
GRAMD1B,418
RNH1,419
NDUFS1,420
RB1CC1,421
ERP44,422
ALAS1,423
BIRC3,424
AKAP11,425
GLRX2,426
SNAPC1,427
DERA,428
STRAP,429
ABCC2,430
DEF6,431
PLEKHO1,432
GCLM,433
UBR2,434
EHD2,435
DEPDC1,436
CCDC28A,437
RRAGD,438
HSF2,439
PHF20,440
HSD17B6,441
NR1H3,442
TYMP,443
NCAPH2,444
TOMM34,445
SEC63,446
KPNA6,447
VIM,448
FAS,449
RNASET2,450
CD44,451
KCNG1,452
AGPAT4,453
SLAMF7,454
BTN3A1,455
MIPEP,456
PRKCH,457
INSRR,458
IFNGR1,459
B4GALT7,460
SH2D2A,461
VRK2,462
TNFRSF1B,463
VEZT,464
POU2F2,465
BRD9,466
SNX1,467
TBPL1,468
BMAL2,469
BCLAF1,470
SLC39A9,471
ANK1,472
IBSP,473
TFB1M,474
RABEP1,475
HMGB3,476
NUP160,477
BAK1,478
MUSK,479
IKZF2,480
GRN,481
FAM13B,482
ARHGAP31,483
CENPQ,484
SARS1,485
RANBP3,486
ARID4A,487
EIPR1,488
PNPLA6,489
IFT88,490
ALG1,491
ZCCHC8,492
ABCF2,493
CHPF2,494
LRRC7,495
FUT8,496
UBA6,497
GAB2,498
ATP6V0A1,499
PIAS1,500
SLC4A7,501
APBA2,502
MAP2K3,503
CLXN,504
TMSB10,505
ASTE1,506
RNF19A,507
PEX3,508
GABARAPL2,509
MYOC,510
SH3YL1,511
FAM136A,512
VCL,513
DEPDC1B,514
DAPK2,515
NSMAF,516
ADSS2,517
STAP1,518
TIMP2,519
RFC1,520
TBC1D23,521
CUL3,522
MYOM2,523
OTC,524
CYP46A1,525
ZZZ3,526
SLC18A1,527
USP2,528
CASR,529
TUBG2,530
RPL26L1,531
FLT4,532
NSUN2,533
FBXO42,534
MFAP3,535
MRI1,536
METTL1,537
HOXC8,538
AGA,539
PI4K2B,540
BOD1L1,541
MAT2B,542
TLL1,543
EDC4,544
TRIO,545
VCAN,546
CLEC16A,547
MSR1,548
CDH1,549
MTREX,550
DNAH5,551
ZFYVE16,552
RIPOR1,553
C6,554
RAI14,555
SOX30,556
PNKP,557
BEST2,558
PHLPP2,559
SPDL1,560
STAU2,561
SLC66A1,562
CTNS,563
RTN4R,564
PHF23,565
CDH10,566
INPP4A,567
RAB27B,568
PSMA4,569
MYO16,570
LSG1,571
PARP3,572
TNC,573
THAP3,574
RIPOR3,575
TDP1,576
AIFM2,577
SPATA7,578
MED17,579
RETSAT,580
CAPG,581
AP2S1,582
USH2A,583
ZPBP,584
TG,585
ADAM28,586
BARX2,587
DCUN1D1,588
JADE2,589
ZIC2,590
LCP2,591
TRIT1,592
ADRB1,593
GUCA2B,594
CUL7,595
CTNNA1,596
PHKA2,597
CNTLN,598
EPHA3,599
HSPA5,600
DSG2,601
GEMIN8,602
OFD1,603
GPM6B,604
MAGEC2,605
PREX2,606
WDR37,607
YTHDC2,608
CTPS2,609
ATP6V1H,610
POLR2B,611
ATOSA,612
ARAP2,613
TPR,614
CP,615
KATNIP,616
DTNBP1,617
XK,618
ANO2,619
FERRY3,620
SCML1,621
WWC3,622
ARHGAP6,623
FAM184B,624
MAP4,625
GOPC,626
ROS1,627
USP28,628
HDAC9,629
TSPAN17,630
NOP16,631
CC2D2A,632
RRM2B,633
ZNF800,634
TNFRSF17,635
SNX29,636
LMO3,637
MRPS10,638
GUCA1A,639
RSF1,640
VPS13D,641
CELF2,642
FAM120A,643
R3HDM1,644
COL9A2,645
KITLG,646
ERCC8,647
ADAMTS6,648
H6PD,649
VAMP3,650
PER3,651
UTS2,652
TNFRSF9,653
EPN3,654
LTBP1,655
RCN1,656
ELN,657
RFC2,658
ARID1B,659
CLPTM1L,660
NEDD4L,661
FOXP3,662
PPP1R3F,663
HEXB,664
PTCD2,665
NEXMIF,666
JKAMP,667
DKK3,668
ARHGEF5,669
NFE2L3,670
MCUR1,671
LIMA1,672
LETMD1,673
SLC4A8,674
LAMC3,675
PTGER3,676
TNIP3,677
MAPK9,678
COL23A1,679
BCAR1,680
FHIP1B,681
HERPUD1,682
HOMER3,683
RAD51,684
POLQ,685
PIK3CB,686
CYBA,687
THOC3,688
HEBP2,689
MPHOSPH9,690
PLEKHA5,691
PRSS8,692
SIKE1,693
RRP12,694
FNIP2,695
MSMO1,696
TTC17,697
ALX4,698
FSTL4,699
FOXN3,700
METTL24,701
AKR7A2,702
MRTO4,703
NNAT,704
USE1,705
MCF2L2,706
NRIP2,707
LAMA3,708
AP5M1,709
ANAPC4,710
KCNQ1,711
TRAPPC3,712
THRAP3,713
PHPT1,714
ENTPD2,715
LY75,716
ARID4B,717
OPN3,718
SDCCAG8,719
PTPRN,720
HHAT,721
KIF1B,722
FOXC1,723
TBC1D22A,724
SYNE2,725
PLEKHH1,726
ATP9A,727
CBLN4,728
CHRDL2,729
FAM168A,730
RELT,731
GALC,732
NOP58,733
SZRD1,734
KCNH2,735
CUL1,736
FAM114A2,737
CYFIP2,738
TAB2,739
GINM1,740
EIF2AK2,741
USP36,742
KMT2C,743
MCOLN3,744
CCDC85A,745
PUM2,746
MRPL43,747
ITIH4,748
ITIH1,749
HPF1,750
ZFR,751
ZNF280C,752
NPFFR2,753
PHF21B,754
TRAF1,755
RC3H2,756
IL17RB,757
TRAF3IP2,758
GYG2,759
DCBLD2,760
SERPINB3,761
SOAT1,762
PKP2,763
MSH4,764
F7,765
GDI2,766
PRDM1,767
ATG5,768
TMCC3,769
PITHD1,770
MTA3,771
USP13,772
ATP11B,773
LAMC2,774
CDK14,775
SEC61A1,776
PPP1R12A,777
RASGRF1,778
CAMK2B,779
CROCC,780
POLR3E,781
ATP2B4,782
ZC3H11A,783
RIOK2,784
YIPF1,785
NDC1,786
DGKG,787
FLYWCH1,788
UNKL,789
TBXAS1,790
PARP12,791
ALDH18A1,792
TARBP1,793
GATB,794
MXD1,795
CDK17,796
DNAJC25,797
SLC2A3,798
PSD,799
CTDP1,800
YBX3,801
STYK1,802
WNK1,803
CCAR1,804
OGFR,805
GNA15,806
CREB3L3,807
PIGV,808
PTPRU,809
SNRNP40,810
RIMBP2,811
COL11A1,812
QSER1,813
MPC1,814
ACAA1,815
BCAT1,816
HDAC7,817
LZTS1,818
PRDM6,819
WNT8A,820
SPAG4,821
NCKAP1,822
MRPS35,823
GUCY1B1,824
SFSWAP,825
TNK2,826
MON2,827
CDH3,828
ARSF,829
GPBP1,830
DGAT2,831
ZNF112,832
CS,833
LTK,834
MRPS24,835
ELMO2,836
WAPL,837
VMP1,838
APPBP2,839
POLD1,840
SEZ6,841
EIF4B,842
SLC6A16,843
BICRA,844
SPHK2,845
RPL18,846
CA11,847
ISOC2,848
U2AF2,849
EPN1,850
MED29,851
AHRR,852
GSC2,853
ZNF275,854
MTMR1,855
GPC1,856
ADCK1,857
HAGH,858
RNF4,859
CASP8,860
LIMCH1,861
INTS13,862
TM7SF3,863
DLX3,864
SPA17,865
TSPAN32,866
CCN5,867
DMRT3,868
ST3GAL6,869
ATP2C2,870
NGFR,871
CDON,872
TAF2,873
HIPK2,874
TNPO3,875
RFXANK,876
TMEM161A,877
LPAR2,878
CTSA,879
SUGP2,880
SLC12A2,881
SNX24,882
EYA2,883
CNN2,884
ABCA7,885
SNCAIP,886
DDX20,887
BTBD1,888
FAR2,889
BCAS1,890
POU1F1,891
CHI3L2,892
SBNO2,893
PMS1,894
HMG20B,895
CALCRL,896
TAF11,897
ANKS1A,898
AP3D1,899
ZNF76,900
NHERF2,901
NTHL1,902
BLTP3A,903
GNAI3,904
IPO5,905
OAT,906
WDR3,907
PKN2,908
WDR18,909
TRAM2,910
NTN1,911
GLP2R,912
MCM10,913
DGKA,914
ERBB3,915
ROPN1,916
ANKRD44,917
KARS1,918
ADAT1,919
PDIA5,920
TBC1D22B,921
NDUFB4,922
SPEN,923
MYLK,924
ZC3H15,925
MAP2K4,926
PACC1,927
SNAP91,928
SLK,929
CYB5R4,930
COL17A1,931
GSTO2,932
SEC61A2,933
PRKCQ,934
TLE2,935
ASB1,936
FAM107B,937
ME1,938
TBC1D1,939
CDK13,940
MTHFD2,941
SLC9A7,942
FOXJ2,943
YBX1,944
PDE4A,945
PPP2R5A,946
CTNNA2,947
ELAVL1,948
TIE1,949
DIP2B,950
SMARCD1,951
KDM4A,952
NFYC,953
ZMYND12,954
SLC9A3,955
NGEF,956
ASPM,957
CD84,958
ELOVL1,959
SPI1,960
POLR1H,961
MPPED2,962
CLDN18,963
ZBTB11,964
ATXN3,965
GOLGA5,966
FGFR2,967
LRRC40,968
ISOC1,969
EML1,970
TRMT11,971
THUMPD1,972
MSANTD3,973
KIF26A,974
ATG2B,975
ARFGEF1,976
ZFAT,977
MTFR1,978
STAG3,979
FECH,980
MYO9A,981
DDX3Y,982
PFKP,983
IDI1,984
SP100,985
KLF6,986
PLPP1,987
NEO1,988
TRAM1,989
PHKA1,990
TNFRSF1A,991
CACNB1,992
EVI5,993
STOML1,994
PKM,995
DHX29,996
DNTTIP2,997
METTL22,998
TP53BP1,999
TRO,1000
RRP15,1001
RHOA,1002
DHX8,1003
PRKCZ,1004
ZFY,1005
IARS2,1006
SYT1,1007
NAV3,1008
IDH3G,1009
ROGDI,1010
PDZD4,1011
ATP2B3,1012
ROCK1,1013
CBFB,1014
PDK3,1015
HYAL2,1016
HDAC4,1017
RASSF1,1018
FGFR3,1019
IFI35,1020
HEATR6,1021
COASY,1022
PLEKHH3,1023
MEF2A,1024
OTUD5,1025
TFE3,1026
TBC1D25,1027
ACSL4,1028
INPP5A,1029
GPKOW,1030
GRIPAP1,1031
FTSJ1,1032
PRR11,1033
REEP1,1034
ATP11A,1035
POLR1A,1036
LAPTM4A,1037
TTC7A,1038
IP6K2,1039
SRBD1,1040
KIF2A,1041
RASGRP2,1042
PSME4,1043
IFT80,1044
SIRT2,1045
ERLEC1,1046
PPP2R5B,1047
PYGM,1048
PAGE1,1049
PITX1,1050
TRPC7,1051
MAST4,1052
ADGRF5,1053
SDK2,1054
ADAM7,1055
NUP133,1056
NUCKS1,1057
VPS35,1058
DNAJA2,1059
BCL3,1060
KCNAB2,1061
ABCC9,1062
GAL,1063
CLEC2D,1064
FUNDC1,1065
MAOB,1066
RORA,1067
DRD4,1068
TGFBR3,1069
PLA2G10,1070
HES2,1071
ATP1B3,1072
NEDD4,1073
PIGB,1074
MAPK6,1075
GNB5,1076
RAB27A,1077
HDHD5,1078
UFD1,1079
LRP6,1080
GUCY2C,1081
SCT,1082
PHRF1,1083
ELP1,1084
NUCB2,1085
PFN2,1086
PTPN3,1087
SPTB,1088
DAPP1,1089
FGF10,1090
SLC44A1,1091
TMEM260,1092
SMG6,1093
EXOC5,1094
CLTCL1,1095
FGF22,1096
FSTL3,1097
DGCR2,1098
RNF126,1099
MNT,1100
ZXDC,1101
JMJD6,1102
POLB,1103
ST6GALNAC1,1104
WIPI1,1105
FRMPD1,1106
GBA2,1107
NDST1,1108
ASNS,1109
AP3M2,1110
CNGB1,1111
ST6GALNAC2,1112
CHAT,1113
PABPC1,1114
TESK2,1115
CFAP20,1116
CSNK2A2,1117
PTPN21,1118
EIF2B3,1119
CAMK2A,1120
TCOF1,1121
CDC42,1122
OSBPL3,1123
EPHA8,1124
SLC12A3,1125
RAD18,1126
ATP2B1,1127
TRPM5,1128
NCK2,1129
MAP4K4,1130
MGAT4A,1131
RPL31,1132
WDR1,1133
SNX13,1134
MS4A12,1135
ARHGAP10,1136
RPS6KA2,1137
ING3,1138
VASH1,1139
LMCD1,1140
BUD23,1141
SEL1L,1142
TRIP13,1143
ATP6AP1,1144
TCF3,1145
TRIB2,1146
DAZAP1,1147
MBD3,1148
PRLH,1149
HLTF,1150
FAM50A,1151
FAM3A,1152
CPSF1,1153
MYO3B,1154
CYBRD1,1155
CDH19,1156
PDCD2,1157
SLC6A15,1158
RDH11,1159
PRKACA,1160
ADGRL1,1161
SPP2,1162
ACTN1,1163
ZFYVE26,1164
RPS6KA6,1165
EPN2,1166
PTPN18,1167
LIMS2,1168
ASIC4,1169
SPEG,1170
LNX1,1171
ALDH3A2,1172
TFRC,1173
SREBF1,1174
TRPC5,1175
AFF4,1176
UBE2D1,1177
PALS1,1178
RHOBTB1,1179
SMC1A,1180
HSD17B10,1181
MARK2,1182
HMMR,1183
CHFR,1184
TRHDE,1185
P4HA2,1186
FCGR2B,1187
NFATC3,1188
TRNT1,1189
ACADVL,1190
STK10,1191
FBXW11,1192
ACAP1,1193
CRMP1,1194
EVC,1195
DERL2,1196
SIDT1,1197
NDE1,1198
IRAG1,1199
TMEM38A,1200
AP1M1,1201
PVR,1202
XRCC1,1203
SCARB1,1204
CYP2W1,1205
MCM2,1206
MOV10L1,1207
PANX2,1208
SELENOO,1209
TP63,1210
ALPK1,1211
LLGL2,1212
PDE8A,1213
CLCN4,1214
NLE1,1215
SDHA,1216
SMARCE1,1217
FNDC8,1218
GSDMB,1219
KDM5A,1220
ADAM11,1221
PPP2R3A,1222
FERMT2,1223
ABCB11,1224
DHRS9,1225
CD5L,1226
PTGS2,1227
IGF2BP2,1228
MAP3K13,1229
ST6GAL1,1230
TBX21,1231
FRY,1232
PICALM,1233
NSF,1234
GLI2,1235
CLASP1,1236
MRPS34,1237
NOTCH3,1238
CLNS1A,1239
PPP2R2C,1240
TEAD2,1241
EED,1242
CDHR2,1243
SNCB,1244
TSG101,1245
NCBP3,1246
ATP2A3,1247
CA12,1248
MGLL,1249
NTN4,1250
BCS1L,1251
NUAK1,1252
DPP8,1253
SLC24A1,1254
ZNF532,1255
SCARF1,1256
LMAN1,1257
HACD3,1258
IPCEF1,1259
ZZEF1,1260
NOX3,1261
ENO1,1262
SLC12A1,1263
MYDGF,1264
ANO8,1265
TUBE1,1266
ARHGEF10L,1267
TXK,1268
WSCD2,1269
KCNQ2,1270
TACR2,1271
ACTR6,1272
TIPIN,1273
SRI,1274
EIF4G3,1275
NUP37,1276
SEMA3A,1277
GTSE1,1278
SEMA3C,1279
TTC38,1280
ACAT1,1281
GRAMD4,1282
CELSR1,1283
WNT8B,1284
ZNF638,1285
SLC25A40,1286
TIMM21,1287
ADD2,1288
FGF4,1289
RASAL2,1290
VPS9D1,1291
ZNF37A,1292
MARK3,1293
SLC25A3,1294
FNDC3B,1295
FOSL2,1296
CACNG5,1297
CACNG4,1298
FRYL,1299
TMEM131,1300
FSCN1,1301
ACTB,1302
MOCOS,1303
PLD1,1304
ATP12A,1305
WDR62,1306
DLG1,1307
RAB7A,1308
BCAP29,1309
SEC31B,1310
SART3,1311
ARHGAP15,1312
TUBA3D,1313
PAX2,1314
EXOSC7,1315
KIFAP3,1316
MKRN2,1317
MCM6,1318
REXO2,1319
RBM7,1320
RBMS2,1321
BAZ2A,1322
PTPN23,1323
MLH1,1324
UNG,1325
FMO4,1326
KLHL20,1327
RGS11,1328
SLC46A1,1329
PLXNA2,1330
SPAG5,1331
ANKRD13A,1332
TPD52,1333
ACACB,1334
TRAF4,1335
PAG1,1336
GPATCH1,1337
ICAM3,1338
NT5C2,1339
MCAM,1340
GPC4,1341
MBNL3,1342
CAMSAP3,1343
RAP1GAP,1344
XAB2,1345
ARHGEF1,1346
STXBP2,1347
MAP2K7,1348
NMRK2,1349
DGKD,1350
CTTNBP2,1351
ACTL6B,1352
RARB,1353
TOP2B,1354
TM9SF3,1355
NFKB2,1356
UBE2T,1357
PPP1R12B,1358
DNAJC10,1359
GTF3C1,1360
IL4R,1361
USP33,1362
PAK3,1363
CAPN6,1364
DCX,1365
SNRPA,1366
SPAG6,1367
EXOSC5,1368
DYNC1I2,1369
APBB1IP,1370
LRCH4,1371
FAM76B,1372
SIRT6,1373
TYR,1374
POLD3,1375
ACTN2,1376
CAPZB,1377
GPR137B,1378
NAALAD2,1379
JADE1,1380
SLC25A43,1381
UBE2A,1382
FGFR1,1383
FKBP6,1384
SMC1B,1385
FBLN1,1386
ITGA8,1387
CST7,1388
MAP2,1389
PIAS2,1390
AMPH,1391
ARAF,1392
MCCC1,1393
LAMP3,1394
FAP,1395
NEBL,1396
ACER3,1397
UBE2K,1398
PIK3C3,1399
N4BP2,1400
TIGAR,1401
TULP3,1402
SYNJ2,1403
ADCY2,1404
PPP2R5C,1405
RBFOX1,1406
GNB1,1407
HOXA9,1408
EDN1,1409
MLLT10,1410
ZCWPW1,1411
ADCYAP1R1,1412
FGF20,1413
P2RY10,1414
ITM2A,1415
NRDC,1416
VDAC3,1417
PCM1,1418
TNRC6C,1419
CBFA2T2,1420
BRINP1,1421
ITCH,1422
PKD2L2,1423
TP53INP2,1424
SDF4,1425
MYH7B,1426
BPIFB2,1427
TP73,1428
TOLLIP,1429
UBE2D4,1430
CLUL1,1431
RUNX1T1,1432
CDH17,1433
THOC1,1434
FKBP7,1435
OSBPL6,1436
SLC1A3,1437
XRCC5,1438
LXN,1439
SP140,1440
MKNK1,1441
TNS1,1442
REXO1,1443
SAR1A,1444
CDC14A,1445
RAPGEF3,1446
CEACAM1,1447
SENP1,1448
DUSP13B,1449
CIC,1450
LIPE,1451
FDFT1,1452
PAFAH1B3,1453
OPHN1,1454
AFM,1455
KIF22,1456
SCGN,1457
CARMIL1,1458
PGM1,1459
DDX1,1460
DNM2,1461
EPB41L2,1462
RIMS1,1463
MOXD1,1464
STX7,1465
RABL2B,1466
KEAP1,1467
DDX43,1468
PTPRH,1469
DCT,1470
SLC35C2,1471
CRYBG3,1472
EPHA6,1473
SCTR,1474
RFX3,1475
RIF1,1476
RAB21,1477
SLC4A4,1478
SMARCA2,1479
RDH8,1480
SESN1,1481
MID2,1482
DNAAF6,1483
COL5A3,1484
SRCAP,1485
PUM3,1486
CPB2,1487
CHRNA3,1488
KCNN2,1489
CNOT4,1490
PSEN1,1491
CPOX,1492
CLDND1,1493
MOK,1494
HSP90AA1,1495
RBL1,1496
DLGAP4,1497
IGSF9B,1498
CFHR2,1499
NDC80,1500
AP4E1,1501
RSBN1,1502
MAGI3,1503
CXCL2,1504
AFP,1505
COL4A4,1506
TCF7,1507
OSTM1,1508
CDH7,1509
IMPG2,1510
PCNP,1511
EXD2,1512
ARG2,1513
MEF2C,1514
PTPRC,1515
CACNA1S,1516
PKP1,1517
UBA5,1518
STK17B,1519
CDC14B,1520
ZNF510,1521
LRP2,1522
ZNF506,1523
JMJD4,1524
DUSP12,1525
AACS,1526
DELE1,1527
SLC13A1,1528
CADPS2,1529
IFT25,1530
PHLPP1,1531
ATP8B1,1532
IL12RB2,1533
SMARCD3,1534
WDR70,1535
FYB1,1536
MPP4,1537
STRADB,1538
BZW1,1539
PGR,1540
C1QTNF3,1541
ME2,1542
C5orf22,1543
CCNT2,1544
FAM135A,1545
COL19A1,1546
EPB41L3,1547
COBLL1,1548
DLG3,1549
KCNK2,1550
SERTAD4,1551
TRAF5,1552
MRPL22,1553
GEMIN5,1554
OPRK1,1555
NFE2L1,1556
SEMA5B,1557
GSK3B,1558
ITGB5,1559
ERC1,1560
XPO1,1561
RNF13,1562
TRPM3,1563
PALB2,1564
DOP1A,1565
LYRM2,1566
BCKDHB,1567
KAT6A,1568
TUT7,1569
ULK2,1570
GRHL2,1571
TNPO1,1572
PLOD1,1573
P2RX5,1574
ITGAE,1575
DIS3,1576
PIBF1,1577
TDRD3,1578
NUFIP1,1579
PDS5B,1580
OXCT1,1581
RRAGB,1582
EPYC,1583
CYLD,1584
SLC27A5,1585
ZNF324,1586
ZNF671,1587
ZNF416,1588
ZNF586,1589
ZNF446,1590
ZNF264,1591
RPS5,1592
FAT1,1593
YTHDC1,1594
CHMP2B,1595
SMAP2,1596
PPIE,1597
ZMPSTE24,1598
STARD7,1599
NOA1,1600
REST,1601
HAL,1602
SSH1,1603
GSTP1,1604
APLP2,1605
FAM234B,1606
SLCO1A2,1607
WBP11,1608
EIF3I,1609
NKAIN1,1610
COL16A1,1611
TXLNA,1612
APOB,1613
NCOA1,1614
AGBL5,1615
EFR3B,1616
KIF3C,1617
RAB10,1618
GCKR,1619
HADHA,1620
MAPRE3,1621
CAD,1622
CD59,1623
CD82,1624
BCORL1,1625
ATRX,1626
AK6,1627
FCN1,1628
MYNN,1629
MECOM,1630
SCAMP1,1631
PREP,1632
HACE1,1633
SEH1L,1634
WDR47,1635
WDFY1,1636
OVGP1,1637
SLC25A24,1638
MAP3K4,1639
PILRA,1640
IGSF9,1641
ABCB1,1642
ZNF213,1643
AKR1B1,1644
CPNE3,1645
RRN3,1646
CTTN,1647
WNT11,1648
MTIF2,1649
DDHD2,1650
TTC39A,1651
EPS15,1652
ORC1,1653
MGST2,1654
CHERP,1655
ATG16L1,1656
USP40,1657
POMGNT1,1658
RAD54L,1659
MAST2,1660
DNAJA1,1661
B4GALT1,1662
CHMP5,1663
NFX1,1664
AQP6,1665
DIMT1,1666
IPO11,1667
FOLH1,1668
EIF2AK1,1669
NME8,1670
EPDR1,1671
SNX10,1672
SEPHS1,1673
MRPL28,1674
HBQ1,1675
ITPKC,1676
CEACAM6,1677
FAT2,1678
RBM22,1679
TMED2,1680
ERO1B,1681
ZFAND6,1682
HSD17B2,1683
TXLNG,1684
PPEF1,1685
LAT2,1686
HUWE1,1687
ZW10,1688
ALG9,1689
MYBPC2,1690
NOX4,1691
ACOX3,1692
MTMR2,1693
PPP1R15A,1694
HSD17B14,1695
TRIP6,1696
ACHE,1697
FTL,1698
SRRT,1699
BAX,1700
NLK,1701
PIGS,1702
ADAMTS2,1703
TMPRSS11E,1704
ATXN7L3,1705
PGS1,1706
PSMC5,1707
UIMC1,1708
CETP,1709
MMP2,1710
MT3,1711
LPCAT2,1712
GNAO1,1713
OGFOD1,1714
SH3BP2,1715
NOP14,1716
ADD1,1717
L2HGDH,1718
TXNDC16,1719
RTRAF,1720
NID2,1721
GMCL1,1722
SF3B2,1723
KLHL42,1724
GNAS,1725
DNM1L,1726
PTHLH,1727
PHACTR3,1728
ERGIC2,1729
TFAP2C,1730
AURKA,1731
CASS4,1732
PIR,1733
AAMDC,1734
RFX2,1735
METTL2A,1736
SULT2B1,1737
ALG6,1738
CNOT3,1739
GP6,1740
PTPN4,1741
DDX18,1742
KHSRP,1743
GNA11,1744
ASAP3,1745
EDEM2,1746
DNMT3B,1747
REM1,1748
TPX2,1749
PDRG1,1750
EPB41L1,1751
SLC15A1,1752
DOCK9,1753
ANKRD10,1754
TGDS,1755
DOCK3,1756
C3orf18,1757
COQ9,1758
TMEM40,1759
KIF9,1760
ARHGAP28,1761
CRLS1,1762
PPP1R13B,1763
ATRN,1764
SMOX,1765
SIGLEC1,1766
FKBP1A,1767
NSFL1C,1768
SLC4A11,1769
DNAAF9,1770
ZNF343,1771
EBF4,1772
CPXM1,1773
MAVS,1774
LZTS3,1775
F11,1776
XRN2,1777
KIZ,1778
DYNLL1,1779
TESC,1780
SNX5,1781
RPL6,1782
SIRPG,1783
MAPKAPK5,1784
P2RX7,1785
ESF1,1786
RBBP9,1787
ANAPC5,1788
SLC23A2,1789
SLC8B1,1790
TMEM230,1791
DZANK1,1792
KDM2B,1793
CFAP61,1794
LHX5,1795
TASP1,1796
OAS1,1797
GCN1,1798
RPLP0,1799
PXN,1800
SIRT4,1801
RPH3A,1802
KIF16B,1803
TRMT6,1804
CHGB,1805
PEBP1,1806
TBX5,1807
BRAP,1808
ERP29,1809
NOS1,1810
FUS,1811
IGBP1,1812
FXYD5,1813
ZNF302,1814
GRAMD1A,1815
FXYD3,1816
HEPH,1817
CDIP1,1818
CMTM1,1819
KCNH4,1820
GANAB,1821
GMIP,1822
RBM41,1823
BIRC5,1824
LAG3,1825
MLF2,1826
OTUB2,1827
DDX24,1828
ZBTB25,1829
NECAP1,1830
ARHGAP4,1831
ANKRD24,1832
DHX32,1833
RCOR1,1834
GPATCH2L,1835
LTBP4,1836
BLVRB,1837
SLC9A1,1838
SPTLC1,1839
PAPOLA,1840
CCNK,1841
PCBP4,1842
RGS1,1843
YPEL3,1844
MRPS33,1845
NDUFB2,1846
NUDC,1847
MAEA,1848
ICAM1,1849
STRN4,1850
IRAK3,1851
LYZ,1852
SI,1853
MUL1,1854
TFAP4,1855
PDCD7,1856
SPG21,1857
FETUB,1858
DNAJB11,1859
P3H2,1860
THPO,1861
CHRD,1862
FLT3LG,1863
RAB11FIP3,1864
GNPTG,1865
ZNF268,1866
GOLGA3,1867
PABPC4,1868
CD209,1869
CERS4,1870
MCOLN1,1871
USP48,1872
EFNB1,1873
PDPR,1874
AARS1,1875
GLG1,1876
KIF4A,1877
TNRC6A,1878
PLEKHG2,1879
DLL3,1880
NAT14,1881
PITPNM2,1882
EXOC1,1883
RBM27,1884
POU4F3,1885
OSBPL8,1886
DTX2,1887
NLRC4,1888
PUS7,1889
LAMB4,1890
NRCAM,1891
LAMB1,1892
SLC26A4,1893
SLC26A3,1894
DLD,1895
WDR7,1896
TXNL1,1897
IL5RA,1898
ABCC6,1899
CMTM6,1900
ITGA6,1901
RAPGEF4,1902
MAP3K20,1903
SMPX,1904
FH,1905
SEL1L3,1906
TF,1907
CDV3,1908
MYO15A,1909
ALKBH5,1910
APOH,1911
NLRP1,1912
PITPNM3,1913
SPAG7,1914
ORC6,1915
ZFHX4,1916
SLC17A6,1917
CPA1,1918
ZC3HC1,1919
ESR1,1920
RGS17,1921
ANGPT2,1922
TMEM101,1923
CD200,1924
CCDC80,1925
CMA1,1926
PSME1,1927
PPP2R3C,1928
HAUS4,1929
JPH4,1930
MYH7,1931
CEBPE,1932
SLC7A8,1933
OSGEP,1934
SLC22A17,1935
RNF31,1936
SCFD1,1937
G2E3,1938
HECTD1,1939
HNRNPC,1940
RPGRIP1,1941
SUPT16H,1942
TOX4,1943
GEMIN2,1944
TGM1,1945
TINF2,1946
DAZL,1947
SEMA6A,1948
TRPM7,1949
TYRO3,1950
WDR76,1951
CAPN3,1952
SNAP23,1953
TBX15,1954
PHGDH,1955
COL9A3,1956
EZR,1957
MYL6,1958
AGO1,1959
TEKT2,1960
CLSPN,1961
RFFL,1962
UNC13D,1963
MFSD11,1964
DPYSL2,1965
TGFB2,1966
GPATCH2,1967
NUP50,1968
CDC45,1969
COMT,1970
ADA2,1971
ECHDC1,1972
LRRFIP2,1973
SEC22C,1974
XYLB,1975
HDAC6,1976
OR1I1,1977
GABRP,1978
KRT31,1979
CDC6,1980
UPRT,1981
CDC23,1982
AAAS,1983
CBX5,1984
FMO2,1985
SUCO,1986
MSH2,1987
MAP3K1,1988
DHPS,1989
HOOK2,1990
NXPE1,1991
ARCN1,1992
EPB41L4B,1993
TMEM38B,1994
PSMD5,1995
PTGS1,1996
NUP188,1997
CRAT,1998
SH2D3C,1999
NANS,2000
TBC1D2,2001
WHRN,2002
PDE6C,2003
CWF19L1,2004
SEMA4G,2005
BTAF1,2006
IKZF5,2007
BLNK,2008
TLL2,2009
CYP26A1,2010
TDRD1,2011
SORBS1,2012
CRTAC1,2013
BAMBI,2014
IL11,2015
MYO3A,2016
WAC,2017
CREM,2018
NUBP2,2019
TPSD1,2020
SMIM24,2021
HIVEP1,2022
TREM2,2023
KCNK16,2024
CRISP3,2025
FKBP5,2026
SRPK1,2027
BRPF3,2028
MRPS18A,2029
PGC,2030
TMEM14A,2031
EFHC1,2032
NCR2,2033
HSP90AB1,2034
CDC5L,2035
ITPR3,2036
ZNF184,2037
DSP,2038
SIRT1,2039
HNRNPH3,2040
IFT74,2041
JAK2,2042
IL12RB1,2043
ABL1,2044
ACOT7,2045
SH3GLB1,2046
CDC7,2047
SYDE2,2048
PCSK5,2049
SCD,2050
TMED1,2051
ABLIM1,2052
ERMP1,2053
RAB18,2054
NRP1,2055
PRTFDC1,2056
PALMD,2057
TSPAN15,2058
MACROH2A2,2059
WASHC2A,2060
MAST3,2061
MZF1,2062
OCEL1,2063
MYO9B,2064
KCNK6,2065
CATSPERG,2066
PSMD8,2067
FBXL19,2068
STX1B,2069
HSD3B7,2070
SETD1A,2071
BCL7C,2072
MAGEB2,2073
EFNA2,2074
CIRBP,2075
ATP5F1D,2076
CBARP,2077
PCDH11Y,2078
IGFALS,2079
HNRNPM,2080
MARCHF2,2081
NDUFB7,2082
TECR,2083
TIMM13,2084
CDC34,2085
MTAP,2086
MISP,2087
CEP170B,2088
POLR2E,2089
POLRMT,2090
HCN2,2091
CDHR5,2092
IZUMO4,2093
RASSF7,2094
GADD45B,2095
PALM,2096
MADCAM1,2097
MKNK2,2098
ARVCF,2099
TRMT2A,2100
RANBP1,2101
ZDHHC8,2102
KLHL22,2103
MED15,2104
SERPIND1,2105
SNAP29,2106
CRKL,2107
LZTR1,2108
MMP11,2109
CECR2,2110
SMARCB1,2111
P2RX6,2112
DERL3,2113
SLC7A4,2114
BCL2L13,2115
DDTL,2116
DDT,2117
GSTT2,2118
OSM,2119
CABIN1,2120
TBC1D10A,2121
SUSD2,2122
SF3A1,2123
GGT5,2124
RNF215,2125
SEC14L2,2126
SEC14L3,2127
SPECC1L,2128
PPIL2,2129
UPB1,2130
YPEL1,2131
SNRPD3,2132
PES1,2133
MAPK1,2134
GGT1,2135
PRODH,2136
PPM1F,2137
SLC35E4,2138
TOP3B,2139
CRYBB3,2140
CYTH4,2141
ESS2,2142
MFNG,2143
CARD10,2144
SLC25A1,2145
GRK3,2146
PLA2G3,2147
LGALS2,2148
GGA1,2149
HIRA,2150
SH3BP1,2151
SEZ6L,2152
LGALS1,2153
HPS4,2154
PIK3IP1,2155
SRRD,2156
PATZ1,2157
TRIOBP,2158
TFIP11,2159
GCAT,2160
GGTLC2,2161
CRYBB1,2162
ANKRD54,2163
EIF3L,2164
SNU13,2165
MICALL1,2166
POLR2F,2167
SOX10,2168
CCDC134,2169
DEPDC5,2170
PICK1,2171
TTC28,2172
SLC16A8,2173
CENPM,2174
SEPTIN3,2175
SLC5A1,2176
SLC5A4,2177
KDELR3,2178
CYP2D6,2179
DDX17,2180
DMC1,2181
TCF20,2182
HSCB,2183
CBY1,2184
TOMM22,2185
RSPH14,2186
XBP1,2187
RTCB,2188
JOSD1,2189
FBXO7,2190
GTPBP1,2191
POLDIP3,2192
RAB36,2193
TIMP3,2194
PPP6R2,2195
SBF1,2196
SUN2,2197
CYB5R3,2198
DNAL4,2199
C22orf31,2200
MIOX,2201
LMF2,2202
RHBDD3,2203
PACSIN2,2204
TTLL1,2205
RASL10A,2206
AP1B1,2207
HMGXB4,2208
TOM1,2209
NEFH,2210
CHKB,2211
BIK,2212
HMOX1,2213
MCAT,2214
THOC5,2215
MCM5,2216
APOBEC3H,2217
ARSA,2218
TSPO,2219
RASD2,2220
TTLL12,2221
CBX7,2222
PDGFB,2223
ACR,2224
CABP7,2225
RPL3,2226
ZMAT5,2227
RBFOX2,2228
SYNGR1,2229
TAB1,2230
ASCC2,2231
MTMR3,2232
MIEF1,2233
APOL4,2234
PNPLA5,2235
APOL1,2236
PNPLA3,2237
MYH9,2238
CACNA1I,2239
SAMM50,2240
TXN2,2241
FOXRED2,2242
GRAP2,2243
EIF3D,2244
TNRC6B,2245
SGSM3,2246
IFT27,2247
PVALB,2248
KIAA0930,2249
NCF4,2250
CSF2RB,2251
SLC25A17,2252
UPK3A,2253
FAM118A,2254
KCTD17,2255
ST13,2256
IL2RB,2257
RBX1,2258
EP300,2259
L3MBTL2,2260
CHADL,2261
RANGAP1,2262
ZC3H7B,2263
PHF5A,2264
ACO2,2265
POLR3H,2266
TRMU,2267
PMM1,2268
DESI1,2269
CERK,2270
BRD1,2271
ZBED4,2272
MLC1,2273
HDAC10,2274
KCNK10,2275
ABHD4,2276
KHNYN,2277
FKBP3,2278
SDR39U1,2279
CTSG,2280
GZMH,2281
GZMB,2282
RBM23,2283
PRMT5,2284
COCH,2285
AP4S1,2286
POLE2,2287
VCPKMT,2288
SOS2,2289
CDKL1,2290
NIN,2291
PYGL,2292
TRIM9,2293
PSMC6,2294
GNPNAT1,2295
DDHD1,2296
CDKN3,2297
CNIH1,2298
CGRRF1,2299
ATP6V1D,2300
CCDC198,2301
PLEK2,2302
PIGH,2303
PSMA3,2304
VTI1B,2305
TIMM9,2306
GSTZ1,2307
KIAA0586,2308
TMED8,2309
SAMD15,2310
AHSA1,2311
DAAM1,2312
ISM2,2313
SPTLC2,2314
RIN3,2315
LGMN,2316
ALKBH1,2317
SNW1,2318
CHGA,2319
ITPK1,2320
DHRS7,2321
PPM1A,2322
SIX4,2323
GALNT16,2324
ASB2,2325
CEP128,2326
ERH,2327
HIF1A,2328
SUSD6,2329
SRSF5,2330
SLC10A1,2331
EIF5,2332
SERPINA4,2333
SLC8A3,2334
DICER1,2335
ZFYVE21,2336
MTHFD1,2337
TCL1A,2338
ZC3H14,2339
TELO2,2340
PCNX1,2341
BDKRB1,2342
GSKIP,2343
VRK1,2344
PSMC1,2345
PAPLN,2346
RPS6KA5,2347
PPP4R3A,2348
C14orf93,2349
PSMB5,2350
YY1,2351
ACIN1,2352
CCNB1IP1,2353
TRIP11,2354
APEX1,2355
PABPN1,2356
EFS,2357
ARHGAP5,2358
CINP,2359
DHRS2,2360
SRP54,2361
CPNE6,2362
CHD8,2363
PCK2,2364
PRORP,2365
DCAF11,2366
PSMA6,2367
NFKBIA,2368
EMC9,2369
PSME2,2370
BRMS1L,2371
REC8,2372
TM9SF1,2373
SEC23A,2374
GMPR2,2375
PNN,2376
RABGGTA,2377
NFATC4,2378
PLTP,2379
PCIF1,2380
GSS,2381
MMP9,2382
VSX1,2383
TRPC4AP,2384
PYGB,2385
ABHD12,2386
PROCR,2387
GINS1,2388
NINL,2389
CD40,2390
UQCC1,2391
ZMYND8,2392
SGK2,2393
IFT52,2394
MYBL2,2395
R3HDML,2396
HNF4A,2397
NDRG3,2398
SLA2,2399
RAB5IF,2400
NFATC2,2401
RIMS4,2402
PABPC1L,2403
STK4,2404
SALL4,2405
ADNP,2406
PFDN4,2407
DOK5,2408
CSTF1,2409
BMP7,2410
RAE1,2411
TPD52L2,2412
DNAJC5,2413
NELFCD,2414
CTSZ,2415
PRPF6,2416
TUBB1,2417
PRELID3B,2418
HRH3,2419
MTG2,2420
PSMA7,2421
SLCO4A1,2422
NTSR1,2423
MRGBP,2424
TCFL5,2425
DIDO1,2426
GID8,2427
SLC17A9,2428
BIRC7,2429
NKAIN4,2430
ARFGAP1,2431
AVP,2432
COL20A1,2433
CHRNA4,2434
EEF1A2,2435
PTK6,2436
GMEB2,2437
ADISSP,2438
SPEF1,2439
CDC25B,2440
ISM1,2441
RNF24,2442
ARFRP1,2443
NDUFAF5,2444
SEL1L2,2445
TRIB3,2446
RASSF2,2447
CSNK2A1,2448
SLC52A3,2449
ANGPT4,2450
RSPO4,2451
CDS2,2452
PROKR2,2453
HM13,2454
SNPH,2455
MYLK2,2456
SIRPB1,2457
SEC23B,2458
FERMT1,2459
HAO1,2460
PDYN,2461
CCM2L,2462
PLCB4,2463
MYL9,2464
HCK,2465
TM9SF4,2466
TLDC2,2467
CRNKL1,2468
POFUT1,2469
SAMHD1,2470
PAK5,2471
KIF3B,2472
MROH8,2473
NOP56,2474
MANBAL,2475
IDH3B,2476
MAPRE1,2477
JAG1,2478
CDK5RAP1,2479
SNTA1,2480
OXT,2481
TTI1,2482
E2F1,2483
RPRD1B,2484
PXMP4,2485
CHMP4B,2486
BPI,2487
CST9L,2488
SLC32A1,2489
CST3,2490
ASIP,2491
CST4,2492
ACTR5,2493
WFDC2,2494
AHCY,2495
PPP1R16B,2496
FAM83D,2497
EPPIN,2498
DHX35,2499
DNTTIP1,2500
MAP1LC3A,2501
SYNDIG1,2502
PIGU,2503
TNNC2,2504
ACOT8,2505
APMAP,2506
CELF4,2507
ZNF516,2508
CDH20,2509
ADNP2,2510
RBFA,2511
USP14,2512
VAPA,2513
METTL4,2514
LPIN2,2515
SMCHD1,2516
MYOM1,2517
MYL12A,2518
CEP76,2519
ST8SIA5,2520
CEP192,2521
RNMT,2522
SMAD7,2523
LIPG,2524
LAMA1,2525
RNF125,2526
ANKRD12,2527
NOL4,2528
POLI,2529
MIB1,2530
RBBP8,2531
RIOK3,2532
CSTF2,2533
MXRA5,2534
VSIG1,2535
PSMD10,2536
ATG4A,2537
STS,2538
TBL1X,2539
GPR143,2540
PGRMC1,2541
POLA1,2542
MID1,2543
NKAP,2544
RHOXF1,2545
NXT2,2546
GUCY2F,2547
ATP1B4,2548
MCTS2,2549
ALG13,2550
PRPS2,2551
TLR8,2552
MOSPD1,2553
AMMECR1,2554
CHRDL1,2555
WDR13,2556
SUV39H1,2557
PAGE4,2558
SRPX,2559
GLRA2,2560
XIAP,2561
STAG2,2562
ATP11C,2563
MCF2,2564
F9,2565
ABCD1,2566
CCDC22,2567
CACNA1F,2568
SYP,2569
PLP2,2570
BMX,2571
LUZP4,2572
PLS3,2573
NAA10,2574
RENBP,2575
ELF4,2576
SMARCA1,2577
MTMR8,2578
ASB9,2579
ZC3H12B,2580
RBBP7,2581
PPP1R2C,2582
KCND1,2583
OPN1LW,2584
SLC25A14,2585
FMR1,2586
PIM2,2587
SCML2,2588
SLC35A2,2589
PQBP1,2590
RS1,2591
PCSK1N,2592
EMD,2593
TAFAZZIN,2594
RAB40AL,2595
PGK1,2596
GATA1,2597
MAGT1,2598
SMS,2599
PHEX,2600
UBL4A,2601
CD99L2,2602
EEA1,2603
GPR50,2604
RP2,2605
JADE3,2606
CDK16,2607
USP11,2608
PCYT1B,2609
BRS3,2610
HTATSF1,2611
VGLL1,2612
CD40LG,2613
TIMP1,2614
KLHL4,2615
GABRE,2616
PCDH11X,2617
FGD1,2618
PIN4,2619
PORCN,2620
ITIH6,2621
MAGED2,2622
RBM3,2623
KLF8,2624
SRPX2,2625
SYTL4,2626
ZDHHC15,2627
CENPI,2628
DRP2,2629
TAF7L,2630
PBDC1,2631
GLA,2632
ARMCX3,2633
BEX4,2634
RUBCNL,2635
NALCN,2636
FGF14,2637
HTR2A,2638
NDFIP2,2639
TNFSF13B,2640
FNDC3A,2641
MLNR,2642
CDADC1,2643
CAB39L,2644
KLF5,2645
STK24,2646
ACP5,2647
DNAJC3,2648
UGGT2,2649
ARHGEF7,2650
FGF9,2651
SGCG,2652
PARP4,2653
SUPT20H,2654
MRPS31,2655
SLC25A15,2656
KPNA3,2657
FLT1,2658
RGCC,2659
VWA8,2660
DGKH,2661
KATNAL1,2662
INTS6,2663
ACOD1,2664
DHRS12,2665
MEDAG,2666
TSC22D1,2667
CLN5,2668
OLFM4,2669
MSLN,2670
MGRN1,2671
ZNF629,2672
TRADD,2673
HSF4,2674
CORO1A,2675
MAPK3,2676
GDPD3,2677
ELMO3,2678
MT4,2679
PHKB,2680
LYRM1,2681
NUTF2,2682
NUP93,2683
CENPT,2684
TSNAXIP1,2685
NFAT5,2686
LONP2,2687
N4BP1,2688
CBLN1,2689
ARL2BP,2690
PLLP,2691
ZNF423,2692
CCL22,2693
DHODH,2694
CCL17,2695
CTCF,2696
ACD,2697
POLR2C,2698
PARD6A,2699
ZNF821,2700
MMP15,2701
USB1,2702
CYB5B,2703
CFAP263,2704
PRSS54,2705
NME3,2706
NDRG4,2707
PSMD7,2708
SETD6,2709
SLC38A7,2710
VAC14,2711
HAS3,2712
TANGO6,2713
COG4,2714
SMPD3,2715
SLC7A6OS,2716
SLC7A6,2717
PLA2G15,2718
ESRP2,2719
FA2H,2720
WDR59,2721
MON1B,2722
CMC2,2723
AXIN1,2724
HCFC1R1,2725
NPRL3,2726
MLYCD,2727
MPG,2728
NECAB2,2729
HSDL1,2730
TAF1C,2731
NAGPA,2732
WFDC1,2733
SEC14L5,2734
COTL1,2735
USP10,2736
CRISPLD2,2737
TSC2,2738
ZNF500,2739
NME4,2740
ABCC1,2741
NOMO3,2742
LMF1,2743
FOXF1,2744
CIAO3,2745
MTHFSD,2746
CLCN7,2747
HAGHL,2748
ANTKMT,2749
SLC7A5,2750
METRN,2751
FBXO31,2752
STUB1,2753
RHBDL1,2754
NUBP1,2755
UBE2I,2756
ZP2,2757
MEFV,2758
CRYM,2759
EEF2K,2760
CAPN15,2761
PIEZO1,2762
GSPT1,2763
ZNF174,2764
CLUAP1,2765
UBFD1,2766
PRSS33,2767
EARS2,2768
ELOB,2769
GGA2,2770
AQP8,2771
CPPED1,2772
USP31,2773
HMOX2,2774
DNAJA3,2775
BFAR,2776
SALL1,2777
TOX3,2778
RBL2,2779
QPRT,2780
XYLT1,2781
PYCARD,2782
RPGRIP1L,2783
MAZ,2784
STX4,2785
CDIPT,2786
BCKDK,2787
KAT8,2788
NOMO1,2789
IL21R,2790
SYT17,2791
TMC5,2792
CCP110,2793
VPS35L,2794
SLC6A2,2795
RNF40,2796
KNOP1,2797
AQP9,2798
AAGAB,2799
IQCH,2800
LACTB,2801
CORO2B,2802
CSK,2803
HERC1,2804
TRIP4,2805
MTFMT,2806
RASL12,2807
AP3B2,2808
ACSBG1,2809
IGDCC4,2810
RAB11A,2811
CTSH,2812
TTC23,2813
CD276,2814
FAH,2815
CEMIP,2816
RPAP1,2817
HOMER2,2818
EHD4,2819
TMEM87A,2820
ZNF106,2821
CEP152,2822
ATP8B4,2823
OCA2,2824
DTWD1,2825
TGM5,2826
ENTREP2,2827
GABPB1,2828
TJP1,2829
BMF,2830
DMXL2,2831
SCG3,2832
DNAJC17,2833
EIF3J,2834
SPG11,2835
RHOV,2836
VPS18,2837
OIP5,2838
SLC30A4,2839
BLOC1S6,2840
MYEF2,2841
SGK3,2842
PDGFRL,2843
CSPP1,2844
ZDHHC2,2845
BRF2,2846
TRIM35,2847
ZFAND1,2848
RP1,2849
CA2,2850
FZD3,2851
INTS9,2852
RIPK2,2853
EYA1,2854
NBN,2855
TRPA1,2856
CPQ,2857
DECR1,2858
CALB1,2859
BPNT2,2860
SFRP1,2861
LAPTM4B,2862
UBE2W,2863
POP1,2864
NIPAL2,2865
IKBKB,2866
PLAT,2867
JPH1,2868
DKK4,2869
STK3,2870
GDAP1,2871
RAB2A,2872
EIF3E,2873
EMC2,2874
ESRP1,2875
CCN4,2876
NDRG1,2877
ZC2HC1A,2878
IL7,2879
STMN2,2880
ARMC1,2881
TRPS1,2882
SPAG1,2883
CHRAC1,2884
NCALD,2885
SNX16,2886
GML,2887
UBR5,2888
GSDMD,2889
GFUS,2890
PYCR3,2891
EEF1D,2892
ANXA13,2893
SQLE,2894
SH2D4A,2895
INTS10,2896
ERI1,2897
SLC39A14,2898
MTMR9,2899
LEPROTL1,2900
DCTN6,2901
R3HCC1,2902
GSR,2903
TNFRSF10A,2904
UBXN8,2905
PPP2CB,2906
ERICH1,2907
NEFM,2908
TUSC3,2909
ARHGEF10,2910
KLHDC4,2911
MCM4,2912
ADAM2,2913
KCTD9,2914
FGL1,2915
ASAH1,2916
BNIP3L,2917
MAN2B1,2918
KCNN4,2919
TULP2,2920
NUCB1,2921
DHDH,2922
GYS1,2923
MAP4K1,2924
CGB2,2925
ECH1,2926
HNRNPL,2927
NFKBIB,2928
LHB,2929
CGB3,2930
TUBB4A,2931
SARS2,2932
KCNA7,2933
SNRNP70,2934
CLPTM1,2935
RELB,2936
CLASRP,2937
LIN7B,2938
PPP1R37,2939
FCGRT,2940
PIH1D1,2941
CKM,2942
ARHGEF18,2943
PPP1R13L,2944
PEX11G,2945
ERCC2,2946
DOT1L,2947
PLEKHJ1,2948
SLC17A7,2949
RNASEH2A,2950
KLC3,2951
CD37,2952
SF3A2,2953
AMH,2954
DKKL1,2955
LYL1,2956
OAZ1,2957
TRMT1,2958
STX10,2959
RETN,2960
FCER2,2961
DMPK,2962
CLEC4M,2963
RSPH6A,2964
TBC1D17,2965
IL4I1,2966
TLE6,2967
YJU2B,2968
PTOV1,2969
TLE5,2970
NOVA2,2971
SGTA,2972
LILRB1,2973
MED25,2974
LILRA1,2975
SNAPC2,2976
C19orf53,2977
TIMM44,2978
CCDC61,2979
IL27RA,2980
ASF1B,2981
TNNT1,2982
VRK3,2983
FAM32A,2984
PPP6R1,2985
C19orf44,2986
MED26,2987
OLFM2,2988
RASAL3,2989
AKAP8,2990
EPHX3,2991
ILVBL,2992
ZNF419,2993
SYDE1,2994
CASP14,2995
SLC1A6,2996
AURKC,2997
POP4,2998
CCNE1,2999
URI1,3000
PDCD5,3001
ANKRD27,3002
RPS16,3003
TIMM50,3004
FBL,3005
DYRK1B,3006
CLC,3007
CCNP,3008
GPI,3009
AKT2,3010
PLD3,3011
PRX,3012
PIAS4,3013
NUMBL,3014
EBI3,3015
YJU2,3016
SHD,3017
TBCB,3018
FSD1,3019
POLR2I,3020
OVOL3,3021
CLIP3,3022
ZFR2,3023
SLC1A5,3024
PRKD2,3025
TJP3,3026
APLP1,3027
CACTIN,3028
CCDC9,3029
HNRNPUL1,3030
FZR1,3031
BBC3,3032
TGFB1,3033
DENND3,3034
DMAC2,3035
CEACAM4,3036
PLIN3,3037
MYH14,3038
MRPL4,3039
SIGLEC8,3040
CD79A,3041
ICAM4,3042
RPS19,3043
NOP53,3044
NKG7,3045
ICAM5,3046
ETFB,3047
CD33,3048
CEACAM5,3049
CRX,3050
BABAM1,3051
TYK2,3052
SULT2A1,3053
CDC37,3054
NAPA,3055
RABAC1,3056
ATP1A3,3057
MEIS3,3058
PTPRS,3059
CNFN,3060
ZNRF4,3061
MEGF8,3062
KDELR1,3063
CYTH2,3064
GRWD1,3065
GRIN2D,3066
SYNGR4,3067
CLEC11A,3068
ODAD1,3069
CARD8,3070
LIG1,3071
SIGLEC6,3072
ZNF175,3073
PLA2G4C,3074
SIGLEC5,3075
CABP5,3076
HAS1,3077
RAB3D,3078
DBP,3079
TMEM205,3080
CAPS,3081
PLPPR2,3082
FAM83E,3083
RASIP1,3084
SPMAP2,3085
FGF21,3086
BCAT2,3087
MIER2,3088
PLEKHA4,3089
PPP2R1A,3090
TNPO2,3091
WDR83OS,3092
CACNG7,3093
GCDH,3094
LILRB5,3095
KLF1,3096
DNASE2,3097
MAST1,3098
LENG1,3099
PRPF31,3100
TFPT,3101
JAK3,3102
RPL18A,3103
SLC5A5,3104
KCNN1,3105
ARRDC2,3106
PIK3R2,3107
RAB3A,3108
PDE4C,3109
ISYNA1,3110
ELL,3111
CRTC1,3112
COMP,3113
UPK1A,3114
COPE,3115
DDX49,3116
ETV2,3117
ATP4A,3118
ARMC6,3119
TMEM147,3120
GAPDHS,3121
MAG,3122
TMEM59L,3123
HAMP,3124
USF2,3125
LSR,3126
KXD1,3127
FKBP8,3128
SUGP1,3129
HPN,3130
ZNF14,3131
SCN1B,3132
PBX4,3133
ERF,3134
GSK3A,3135
ATP13A1,3136
ZNF574,3137
GRIK5,3138
SIPA1L3,3139
ZNF85,3140
ETHE1,3141
CADM4,3142
SMG9,3143
AVL9,3144
RUNDC3B,3145
CFAP69,3146
GTPBP10,3147
RASA4,3148
CDK6,3149
PMPCB,3150
DNAJC2,3151
TFPI2,3152
BET1,3153
NAMPT,3154
POLR1F,3155
PIK3CG,3156
PON3,3157
PON2,3158
ITGB8,3159
HBP1,3160
DUS4L,3161
SP4,3162
WDR91,3163
DNAH11,3164
CBLL1,3165
DLX5,3166
MTPN,3167
STEAP1B,3168
PTN,3169
PALS2,3170
GSDME,3171
ATP6V0A4,3172
ZC3HAV1,3173
IFT56,3174
OGDH,3175
NPVF,3176
ADAP1,3177
TFEC,3178
H2AZ2,3179
CAV2,3180
CAV1,3181
MET,3182
RNF32,3183
LMBR1,3184
WNT2,3185
HOXA1,3186
DNAJB6,3187
HOXA2,3188
HOXA3,3189
LFNG,3190
HOXA5,3191
HOXA6,3192
BRAT1,3193
IQCE,3194
ANKRD7,3195
VIPR2,3196
TSPAN12,3197
SSBP1,3198
HOXA13,3199
CPED1,3200
EVX1,3201
HIBADH,3202
TAX1BP1,3203
CPVL,3204
CHN2,3205
GRB10,3206
ABHD11,3207
COBL,3208
FKBP14,3209
PLEKHA8,3210
STX1A,3211
NOD1,3212
GARS1,3213
CRHR2,3214
EPHB6,3215
MINDY4,3216
GHRHR,3217
CASP2,3218
CHCHD2,3219
CCL24,3220
HSPB1,3221
NPTX2,3222
PDAP1,3223
BUD31,3224
PTCD1,3225
CYP3A5,3226
ZKSCAN1,3227
EIF3B,3228
SNX8,3229
NUDT1,3230
PTPRZ1,3231
TAF6,3232
WASL,3233
HYAL4,3234
SPAM1,3235
AIMP2,3236
TFR2,3237
FSCN3,3238
MOSPD3,3239
PAX4,3240
PCOLCE,3241
FBXO24,3242
PPP1R17,3243
RBM28,3244
USP42,3245
IMPDH1,3246
AGFG2,3247
LSM5,3248
SERPINE1,3249
AP1S1,3250
MOGAT3,3251
C1GALT1,3252
PLOD3,3253
RPA3,3254
ZNHIT1,3255
CLDN15,3256
NOBOX,3257
GLCCI1,3258
MYL10,3259
PHF14,3260
NRF1,3261
TMEM106B,3262
EZH2,3263
CEP41,3264
ZNF862,3265
SFRP4,3266
MEST,3267
MEOX2,3268
ANKMY2,3269
ACTR3C,3270
POU6F2,3271
TSPAN13,3272
RARRES2,3273
AGR2,3274
AHR,3275
CHCHD3,3276
GIMAP2,3277
TMEM176B,3278
GLI3,3279
PSMA2,3280
MRPL32,3281
COA1,3282
BLVRA,3283
URGCP,3284
TMEM248,3285
RHEB,3286
PRKAG2,3287
AEBP1,3288
POLD2,3289
MYL7,3290
GCK,3291
BCL7B,3292
YKT6,3293
TBL2,3294
GALNTL5,3295
CLIP2,3296
EIF4H,3297
LIMK1,3298
SPATA6L,3299
SLC1A1,3300
LHX2,3301
FKTN,3302
FSD1L,3303
CNTNAP3,3304
SPIN1,3305
NMRK1,3306
TMEM245,3307
PRUNE2,3308
MEGF9,3309
TRIM14,3310
CORO2A,3311
TGFBR1,3312
SEC61B,3313
C5,3314
OGN,3315
ASPN,3316
ECM2,3317
TLE4,3318
LHX6,3319
PTGR1,3320
SUSD1,3321
AMBP,3322
AKNA,3323
TNFSF8,3324
DNM1,3325
ENG,3326
AK1,3327
CDC37L1,3328
RLN2,3329
RLN1,3330
PLGRKT,3331
TBC1D13,3332
RIC1,3333
KDM4C,3334
DOCK8,3335
KANK1,3336
ELAVL2,3337
NCS1,3338
TESK1,3339
KCNT1,3340
CA9,3341
FUBP3,3342
TYRP1,3343
CREB3,3344
RGP1,3345
MPDZ,3346
LHX3,3347
RIGI,3348
EDF1,3349
PIP5K1B,3350
GLIS3,3351
BAG1,3352
RAPGEF1,3353
NPDC1,3354
APBA1,3355
SETX,3356
SH3GL2,3357
PTGDS,3358
ABCA2,3359
SHB,3360
UBE2R2,3361
ABHD17B,3362
EXOSC3,3363
ZFAND5,3364
DVL1,3365
PDLIM1,3366
CCNJ,3367
DNTT,3368
GATA3,3369
ATRNL1,3370
HPS1,3371
PHYH,3372
RASSF4,3373
DNMBP,3374
RAB11FIP2,3375
CXCL12,3376
ERLIN1,3377
EIF3A,3378
PKD2L1,3379
CUBN,3380
TRDMT1,3381
DDX50,3382
MAPK8,3383
SEC23IP,3384
ATE1,3385
NSMCE4A,3386
PLEKHA1,3387
PALD1,3388
UNC5B,3389
CDH23,3390
VSIR,3391
SPOCK2,3392
MICU1,3393
PPP3CB,3394
CCSER2,3395
BMPR1A,3396
MINPP1,3397
ACTA2,3398
LIPA,3399
TLX1,3400
TWNK,3401
LZTS2,3402
SFXN3,3403
KAZALD1,3404
FBXW4,3405
FGF8,3406
NPM3,3407
TNKS2,3408
PITX3,3409
GBF1,3410
ARHGAP21,3411
CPEB3,3412
FBXL15,3413
CUEDC2,3414
SUFU,3415
ANKRD26,3416
ACBD5,3417
LHPP,3418
LARP4B,3419
GTPBP4,3420
EDRF1,3421
BCCIP,3422
MTPAP,3423
NEURL1,3424
SH3PXD2A,3425
PITRM1,3426
STN1,3427
MAP3K8,3428
DKK1,3429
EBF3,3430
GLRX3,3431
SORCS1,3432
TASOR2,3433
XPNPEP1,3434
SMC3,3435
SHOC2,3436
TFAM,3437
CCDC6,3438
CUL2,3439
CCNY,3440
UBE2S,3441
RPL28,3442
ZMIZ1,3443
DNAJC12,3444
PPIF,3445
PBLD,3446
TSPAN14,3447
LGI1,3448
TBC1D12,3449
CYP2C18,3450
KRT23,3451
CRYBA1,3452
NUFIP2,3453
GIT1,3454
RPL19,3455
FBXL20,3456
RUNDC3A,3457
UBTF,3458
CSF3,3459
PSMD3,3460
CASC3,3461
RAPGEFL1,3462
RGS9,3463
RNF43,3464
WNT3,3465
ASPA,3466
RAD51C,3467
SEPTIN4,3468
MTMR4,3469
TRIM37,3470
P2RX1,3471
DHX40,3472
KRT37,3473
TUBD1,3474
KPNB1,3475
GOSR2,3476
PNPO,3477
RPS6KB1,3478
CDK5RAP3,3479
CBX1,3480
RECQL5,3481
PIGL,3482
GALK1,3483
INTS2,3484
CAMTA2,3485
MED13,3486
HOXB6,3487
ENO3,3488
PFN1,3489
RNF167,3490
SLC25A11,3491
RASD1,3492
CHRNE,3493
RAI1,3494
NUP88,3495
C1QBP,3496
SLC6A4,3497
BLMH,3498
CPD,3499
GOSR1,3500
CCDC47,3501
MED31,3502
DRG2,3503
FTSJ3,3504
AKAP10,3505
ALDH3A1,3506
SMARCD2,3507
ICAM2,3508
SYNGR2,3509
B9D1,3510
UTP6,3511
DDX5,3512
C17orf75,3513
CYTH1,3514
PSMD11,3515
LGALS3BP,3516
ASIC2,3517
CCL7,3518
CCL2,3519
CCL8,3520
PEX12,3521
KRT32,3522
DHX58,3523
KAT2A,3524
RAB5C,3525
NAGLU,3526
HSD17B1,3527
MLX,3528
CNTNAP1,3529
ABI3,3530
EZH1,3531
DLX4,3532
PPP1R9B,3533
COL1A1,3534
SGCA,3535
MRPL27,3536
VAT1,3537
LRRC59,3538
RND2,3539
ALOX12,3540
HDAC5,3541
ABCC3,3542
LUC7L3,3543
PPY,3544
MPP2,3545
SMURF2,3546
DUSP3,3547
CACNG1,3548
EFTUD2,3549
HLF,3550
SLC16A6,3551
PRKAR1A,3552
EFNB3,3553
FAM20A,3554
YWHAE,3555
MMD,3556
RANGRF,3557
DPH1,3558
MAP2K6,3559
DHRS7B,3560
WSB1,3561
RCVRN,3562
MYH1,3563
NHERF1,3564
MYH3,3565
NAT9,3566
TMEM104,3567
VTN,3568
TNFAIP1,3569
IFT20,3570
TMEM97,3571
CDR2L,3572
PMP22,3573
FOXN1,3574
UNC119,3575
ALDOC,3576
SUPT6H,3577
RAB34,3578
PHF12,3579
PHOX2B,3580
TMEM33,3581
GABRA4,3582
GNRHR,3583
SLAIN2,3584
OCIAD1,3585
UGT2B10,3586
CWH43,3587
DCUN1D4,3588
USP46,3589
SULT1E1,3590
ODAM,3591
CHIC2,3592
NMU,3593
CRACD,3594
LAMTOR3,3595
PF4V1,3596
NFKB1,3597
AREG,3598
MANBA,3599
UBE2D3,3600
MAPK10,3601
ELF2,3602
NDUFC1,3603
UCP1,3604
TBC1D9,3605
ZNF330,3606
INPP4B,3607
GAB1,3608
KLHL2,3609
IL2,3610
CPE,3611
RPL34,3612
WFS1,3613
ANXA10,3614
GRPEL1,3615
GAR1,3616
FRG1,3617
CLCN3,3618
AADAT,3619
GALNT7,3620
DHX15,3621
SOD3,3622
SEPSECS,3623
CPZ,3624
TRIM2,3625
SLC2A9,3626
FBXW7,3627
NEIL3,3628
TBC1D19,3629
CLNK,3630
NSD2,3631
SH3D19,3632
STIM2,3633
NKX3-2,3634
MFSD10,3635
GLRB,3636
BST1,3637
RAPGEF2,3638
HGFAC,3639
SNX25,3640
LRP2BP,3641
UFSP2,3642
KLF3,3643
KLHL5,3644
FAM149A,3645
NCAPG,3646
UGDH,3647
PPARGC1A,3648
DDX25,3649
CRYAB,3650
DBX1,3651
HTATIP2,3652
CTSC,3653
CCDC34,3654
ZBTB16,3655
ELP4,3656
ZPR1,3657
MTCH2,3658
FNBP4,3659
TECTA,3660
SC5D,3661
CRTAM,3662
JHY,3663
B3GAT1,3664
HSPA8,3665
P2RX3,3666
VWA5A,3667
DNAJC4,3668
SIAE,3669
SNX15,3670
LPXN,3671
DTX4,3672
ATG2A,3673
EHD1,3674
OSBP,3675
UNC93B1,3676
PUS3,3677
DCPS,3678
KMT5B,3679
FOXRED1,3680
PPP6R3,3681
NRXN2,3682
MS4A6A,3683
MS4A4A,3684
ST3GAL4,3685
CPT1A,3686
CCND1,3687
CCDC86,3688
PRPF19,3689
TMEM109,3690
CCKBR,3691
HPX,3692
TRIM3,3693
CHORDC1,3694
FOLR1,3695
ANAPC15,3696
FOLR3,3697
PANX1,3698
ARHGEF17,3699
APOA5,3700
APOA4,3701
APOC3,3702
CEP164,3703
RNF141,3704
CEP126,3705
EIF4G2,3706
IL10RA,3707
GALNT18,3708
BIRC2,3709
UBE4A,3710
DDX6,3711
UPK2,3712
CBL,3713
NECTIN1,3714
HIPK3,3715
KIAA1549L,3716
FBXO3,3717
PDHX,3718
SLC1A2,3719
COMMD9,3720
SLC15A3,3721
CD5,3722
ACCS,3723
SCGB2A2,3724
MDK,3725
AMBRA1,3726
MADD,3727
PTPMT1,3728
NAA40,3729
CARS1,3730
SLC67A1,3731
CD81,3732
SLC35F2,3733
C11orf21,3734
ELMOD1,3735
CALCA,3736
SOX6,3737
C11orf58,3738
PITPNM1,3739
RPS13,3740
AIP,3741
NUP98,3742
NDUFS8,3743
TCIRG1,3744
CHKA,3745
EXPH5,3746
HPS5,3747
GTF2H1,3748
POU2AF1,3749
PTPN5,3750
VWF,3751
PSMD9,3752
P3H3,3753
PPFIBP1,3754
PRPF40B,3755
CD69,3756
PRDM4,3757
CLEC2B,3758
COQ5,3759
SELPLG,3760
CORO1C,3761
ASIC1,3762
DAO,3763
CAPRIN2,3764
TSPAN11,3765
KCTD10,3766
SLC11A2,3767
MLEC,3768
MVK,3769
CSRNP2,3770
CAMKK2,3771
BIN2,3772
IL23A,3773
ATP5F1B,3774
PTGES3,3775
SYT10,3776
BCL7A,3777
RSRC2,3778
CYP27B1,3779
MYF6,3780
MYF5,3781
LIN7A,3782
KRT18,3783
ACSS3,3784
TNS2,3785
GLI1,3786
PPM1H,3787
METAP2,3788
LTA4H,3789
ELK3,3790
SLC6A12,3791
WNT5B,3792
MAGOHB,3793
TRPV4,3794
ITFG2,3795
FOXM1,3796
PRR4,3797
PRMT8,3798
PARP11,3799
ARPC3,3800
GPN3,3801
VPS29,3802
FGF6,3803
MYL2,3804
RAD51AP1,3805
CUX2,3806
SH2B3,3807
AKAP3,3808
MANSC1,3809
KCNA1,3810
DUSP16,3811
CREBL2,3812
ACAD10,3813
ALDH2,3814
CDKN1B,3815
GPRC5D,3816
NAA25,3817
GSG1,3818
SCNN1A,3819
LTBR,3820
OGFOD2,3821
CDK2AP1,3822
OAS3,3823
OAS2,3824
ART4,3825
MGP,3826
RASAL1,3827
ARHGDIB,3828
GTF2H3,3829
EIF2B1,3830
DDX55,3831
SLC38A1,3832
RERGL,3833
ENDOU,3834
SPRING1,3835
VDR,3836
FZD10,3837
RFC5,3838
STX2,3839
ADGRD1,3840
COPZ1,3841
TBC1D30,3842
CAND1,3843
IL26,3844
IFNG,3845
RAB5B,3846
MDM1,3847
NUP107,3848
CNOT2,3849
TIMELESS,3850
CPSF6,3851
KRR1,3852
MRPL51,3853
GAPDH,3854
NOP2,3855
CHD4,3856
ACRBP,3857
BLTP3B,3858
COPS7A,3859
ING4,3860
GNB3,3861
CDCA3,3862
CHPT1,3863
USP5,3864
TPI1,3865
GNPTAB,3866
SPSB2,3867
ENO2,3868
ATN1,3869
C12orf57,3870
PTPN6,3871
LPCAT3,3872
NT5DC3,3873
SLCO1B3,3874
APOBEC1,3875
NANOG,3876
SUDS3,3877
GOLT1B,3878
LDHB,3879
PRKAB1,3880
CMAS,3881
HCFC2,3882
ST8SIA1,3883
CLEC4A,3884
C2CD5,3885
AICDA,3886
RAB35,3887
PHC1,3888
COX6A1,3889
RFX4,3890
RIC8B,3891
SRSF9,3892
FGFR1OP2,3893
KLRB1,3894
COL12A1,3895
BTN3A3,3896
TDP2,3897
FRK,3898
DSE,3899
RWDD1,3900
RSPH4A,3901
MAK,3902
TMEM14C,3903
PAK1IP1,3904
GCNT2,3905
SMIM8,3906
NEDD9,3907
CEP85L,3908
ADTRP,3909
ASF1A,3910
MCM9,3911
FAM184A,3912
RNGTT,3913
MAN1A1,3914
GABRR2,3915
SERINC1,3916
HDDC2,3917
TPD52L1,3918
HINT3,3919
NCOA7,3920
RIPOR2,3921
SASH1,3922
UST,3923
ULBP1,3924
FBXO5,3925
MTRF1L,3926
PPARD,3927
OPRM1,3928
FANCE,3929
TULP1,3930
SLC26A8,3931
MAPK14,3932
RHAG,3933
KCTD20,3934
STK38,3935
SRSF3,3936
MRPL18,3937
IL17A,3938
IL17F,3939
MCM3,3940
RNF8,3941
PHACTR1,3942
MDGA1,3943
CILK1,3944
FBXO9,3945
CD83,3946
MDN1,3947
GLP1R,3948
SAYSD1,3949
BMP5,3950
BACH2,3951
RBM24,3952
CAP2,3953
TREML2,3954
ZNF451,3955
BAG2,3956
RAB23,3957
TSPO2,3958
GPR63,3959
KHDRBS2,3960
FBXL4,3961
CCNC,3962
PRDM13,3963
E2F3,3964
PTP4A1,3965
SIM1,3966
ASCC3,3967
POPDC1,3968
COL9A1,3969
MED23,3970
WASF1,3971
GPLD1,3972
ALDH5A1,3973
CRYBG1,3974
VNN1,3975
VNN2,3976
ACOT13,3977
SMAP1,3978
RPS12,3979
C6orf62,3980
B3GAT2,3981
GMNN,3982
EYA4,3983
SOBP,3984
NR2E1,3985
SNX3,3986
SLC17A2,3987
HBS1L,3988
TRIM38,3989
PEX7,3990
ZBTB24,3991
FIG4,3992
PERP,3993
ARFGEF3,3994
SLC16A10,3995
HECA,3996
ADGRG6,3997
PHACTR2,3998
EPM2A,3999
OR12D3,4000
SLC39A7,4001
CCR6,4002
UNC93A,4003
SLC22A2,4004
PHF1,4005
CUTA,4006
PACRG,4007
QKI,4008
C6orf118,4009
PDE10A,4010
MDFI,4011
TFEB,4012
SMOC2,4013
CCND3,4014
BYSL,4015
FAM120B,4016
TBP,4017
GUCA1B,4018
PRPH2,4019
BICRAL,4020
PPP2R5D,4021
MRPL2,4022
PTK7,4023
SRF,4024
CUL9,4025
DNPH1,4026
DUSP22,4027
EXOC2,4028
COX7A2,4029
TMEM30A,4030
GMDS,4031
SENP6,4032
IMPG1,4033
VEGFA,4034
PRP4K,4035
TTK,4036
SLC29A1,4037
CCN6,4038
BTN2A1,4039
LAMA4,4040
TENT5A,4041
CLIC5,4042
FBRSL1,4043
ENPP5,4044
LY86,4045
PRSS16,4046
MEP1A,4047
TBX18,4048
ERBIN,4049
HARS2,4050
NUDT12,4051
CEP72,4052
MAN2A1,4053
SEMA5A,4054
C7,4055
TENT4A,4056
GHR,4057
HMGCS1,4058
DAP,4059
NME5,4060
BRD8,4061
KIF20A,4062
NNT,4063
MRPS30,4064
HSPA9,4065
MRPS27,4066
PFDN1,4067
HBEGF,4068
SLC4A9,4069
LOX,4070
GZMK,4071
CDH9,4072
APBB3,4073
TMCO6,4074
SPARC,4075
IK,4076
HMGCR,4077
CERT1,4078
FAF2,4079
HAND1,4080
PDE8B,4081
CLK4,4082
HAVCR1,4083
GRM6,4084
ITK,4085
RNF130,4086
THG1L,4087
ARSB,4088
CLINT1,4089
THBS4,4090
CNOT6,4091
IL12B,4092
BTNL8,4093
TTC1,4094
MSH3,4095
RASGRF2,4096
GABRG2,4097
CCNG1,4098
POLR3G,4099
DROSHA,4100
CDH6,4101
LMNB1,4102
ARRDC3,4103
GOLPH3,4104
SUB1,4105
NPR3,4106
ARB2A,4107
SLC27A6,4108
TARS1,4109
IRX4,4110
LNPEP,4111
PDE4D,4112
RAD1,4113
BRIX1,4114
PRLR,4115
SLC12A7,4116
IL4,4117
RAD50,4118
IL5,4119
ST8SIA4,4120
GNPDA1,4121
PCDH12,4122
SKP1,4123
NUP155,4124
PPP2CA,4125
FGF1,4126
NR3C1,4127
C5orf15,4128
PPWD1,4129
LIFR,4130
TRIM23,4131
TRAPPC13,4132
C9,4133
SEC24A,4134
TXNDC15,4135
TTC33,4136
RARS1,4137
WWC1,4138
MACROH2A1,4139
TCERG1,4140
DPYSL3,4141
SMAD5,4142
CSNK1A1,4143
HMGXB3,4144
ERGIC1,4145
PDGFRB,4146
CDX1,4147
ATP6V0E1,4148
BNIP1,4149
STC2,4150
CPEB4,4151
HRH2,4152
DBN1,4153
ZNF346,4154
UNC5A,4155
EHHADH,4156
CNTN3,4157
SMC4,4158
SELENOK,4159
ACTR8,4160
TBCCD1,4161
TIMMDC1,4162
CRBN,4163
KNG1,4164
HRG,4165
BCL6,4166
HGD,4167
CLDN16,4168
ARL6,4169
NPHP3,4170
CD86,4171
AMOTL2,4172
NIT2,4173
FAM162A,4174
OGG1,4175
KPNA1,4176
PCCB,4177
UBE3A,4178
ARMC8,4179
CEP70,4180
RBP2,4181
RBP1,4182
SLC25A36,4183
GRK7,4184
RNF7,4185
TFDP2,4186
XRN1,4187
KAT2B,4188
BCHE,4189
SERPINI2,4190
PDCD10,4191
LRRC31,4192
WNT5A,4193
PFKFB4,4194
COL7A1,4195
FGF12,4196
PRKAR2A,4197
HES1,4198
USP4,4199
ACAP2,4200
ECT2,4201
GNAT1,4202
GNAI2,4203
TFG,4204
USP9Y,4205
HYAL1,4206
TUSC2,4207
NPRL2,4208
RPL24,4209
CYB561D2,4210
CEP15,4211
FXR1,4212
CBLB,4213
BBX,4214
IFT57,4215
GNB4,4216
HHLA2,4217
IQCG,4218
GBE1,4219
MORC1,4220
UMPS,4221
NCBP2,4222
SNX4,4223
C3orf52,4224
FRMD4B,4225
SLC41A3,4226
ROPN1B,4227
PLXNA1,4228
ATP6V1A,4229
ABTB1,4230
PODXL2,4231
UPK1B,4232
CSPG5,4233
KLHL18,4234
SCAP,4235
EFCC1,4236
CFAP92,4237
NEK11,4238
MRPL3,4239
PLSCR4,4240
HEMK1,4241
CISH,4242
MAPKAPK3,4243
ACVR2B,4244
WDR48,4245
COMMD2,4246
GORASP1,4247
PEX5L,4248
RRP9,4249
ABCC5,4250
AADAC,4251
ABHD14B,4252
EIF1B,4253
ARHGEF26,4254
KLHL24,4255
PLCH1,4256
VIPR1,4257
DNAH1,4258
SSR3,4259
ZBTB47,4260
TNNC1,4261
NKTR,4262
CLCN2,4263
FOXP1,4264
EIF4G1,4265
SPCS1,4266
NEK4,4267
SLC4A3,4268
INO80D,4269
EEF1B2,4270
ADAM23,4271
DGUOK,4272
MOB1A,4273
KANSL3,4274
LMAN2L,4275
RTKN,4276
TTL,4277
IL1A,4278
CCL20,4279
PIKFYVE,4280
KCNIP3,4281
FAHD2A,4282
NCL,4283
ACTR1B,4284
SLC35F5,4285
ZAP70,4286
ACTR3,4287
STEAP3,4288
EPB41L5,4289
TFCP2L1,4290
SF3B6,4291
TP53I3,4292
DNAJC27,4293
POMC,4294
STAM2,4295
OTOF,4296
GPD2,4297
CENPA,4298
CYTIP,4299
ACVR1,4300
TANC1,4301
SLC30A3,4302
MPV17,4303
GTF3C2,4304
EIF2B4,4305
NRBP1,4306
ITGB6,4307
FNDC4,4308
ITGA4,4309
PSMD14,4310
SNX17,4311
ASB3,4312
PPM1G,4313
PDE1A,4314
REEP6,4315
PCSK4,4316
GCG,4317
APC2,4318
IFIH1,4319
RPS15,4320
GCA,4321
INO80B,4322
MOGS,4323
TTC31,4324
NDUFS7,4325
PCGF1,4326
GRB14,4327
CLIP4,4328
TLX2,4329
SPTBN1,4330
AUP1,4331
RTN4,4332
HTRA2,4333
LOXL3,4334
DOK1,4335
GALNT3,4336
POLE4,4337
TACR1,4338
CCDC88A,4339
ACADL,4340
EVA1A,4341
MRPL19,4342
LANCL1,4343
WDR75,4344
EFEMP1,4345
REG1A,4346
FANCL,4347
FN1,4348
STAT1,4349
GLS,4350
PAPOLG,4351
DNAH6,4352
PECR,4353
UNC50,4354
IGFBP2,4355
ELMOD3,4356
IGFBP5,4357
USP34,4358
EFHD1,4359
KCNJ13,4360
CCT4,4361
GGCX,4362
NEU2,4363
EHBP1,4364
OTX1,4365
TXNDC9,4366
COQ10B,4367
GNLY,4368
SF3B1,4369
ST3GAL5,4370
CHST10,4371
PDCL3,4372
MOB4,4373
HSPE1,4374
KDM3A,4375
PLCD4,4376
CHMP3,4377
ZNF142,4378
IL1R2,4379
PRKAG3,4380
SMYD1,4381
IL1R1,4382
WNT6,4383
IL1RL2,4384
IL1RL1,4385
IL18R1,4386
IL18RAP,4387
SLC9A2,4388
FHL2,4389
MLPH,4390
CNPPD1,4391
UXS1,4392
ABCB6,4393
STK16,4394
SLC5A7,4395
HDLBP,4396
PPP1R7,4397
PASK,4398
STK25,4399
TPO,4400
PROC,4401
ID2,4402
TAF1B,4403
HPCAL1,4404
ODC1,4405
BIRC6,4406
NOL10,4407
PLEKHB2,4408
GORASP2,4409
STRN,4410
CEBPZ,4411
PRKD3,4412
DCAF17,4413
QPCT,4414
RAB3GAP1,4415
SLC25A12,4416
RMDN2,4417
DLX2,4418
LCT,4419
DARS1,4420
SRSF7,4421
SDC1,4422
PLCL1,4423
SLC1A4,4424
SOS1,4425
KYNU,4426
WIPF1,4427
ORC2,4428
COX7A2L,4429
PNO1,4430
ORC4,4431
PLEK,4432
RND3,4433
ATF2,4434
THADA,4435
AAK1,4436
TRAK2,4437
C2orf42,4438
TIA1,4439
PCYOX1,4440
KISS1R,4441
EPAS1,4442
ARID3A,4443
SUMO1,4444
CD207,4445
GRIN3B,4446
VAX2,4447
ATP6V1B1,4448
NFE2L2,4449
MSH6,4450
PLEKHA3,4451
SPR,4452
EPHA4,4453
PARD3B,4454
FARSB,4455
ALMS1,4456
BCL9,4457
PRRX1,4458
DHCR24,4459
DNAJC16,4460
MARK1,4461
TNR,4462
MORN1,4463
GPX7,4464
CACYBP,4465
SCP2,4466
TPSG1,4467
PAPPA2,4468
RALGPS2,4469
ANGPTL1,4470
CEP104,4471
FAM20B,4472
TCEANC2,4473
TMEM59,4474
LRRC42,4475
WRAP73,4476
NPHS2,4477
MRPL37,4478
ICMT,4479
RPL22,4480
CHD5,4481
QSOX1,4482
STXBP3,4483
PHF13,4484
ERRFI1,4485
PARK7,4486
ELAPOR1,4487
OPRD1,4488
AMPD2,4489
SRSF4,4490
MECR,4491
KCNC4,4492
EDEM3,4493
WDR77,4494
ATP5PB,4495
RAP1A,4496
HDAC1,4497
CAPZA1,4498
S100PBP,4499
RNF19B,4500
SCAMP3,4501
TRIM62,4502
ASH1L,4503
DLGAP3,4504
SFPQ,4505
RHOU,4506
GON4L,4507
ARHGEF2,4508
LAMTOR2,4509
MEF2D,4510
DOCK7,4511
SRM,4512
FBXO2,4513
FBXO6,4514
C1orf21,4515
SWT1,4516
MAD2L2,4517
DNAJC6,4518
LEPR,4519
IVNS1ABP,4520
KIAA2013,4521
MFN2,4522
PRG4,4523
MIIP,4524
SMG7,4525
NCF2,4526
PDC,4527
SLC35D1,4528
PLA2G4A,4529
GADD45A,4530
PRAMEF1,4531
PRAMEF12,4532
WLS,4533
PRDM2,4534
RGS2,4535
RPE65,4536
RO60,4537
AMPD1,4538
UCHL5,4539
BCAS2,4540
SRSF11,4541
CTH,4542
AGMAT,4543
OLFML3,4544
TNNI3K,4545
CFHR3,4546
PLEKHM2,4547
CRYZ,4548
PHTF1,4549
ZBTB17,4550
CD58,4551
TFAP2E,4552
CD2,4553
TTF2,4554
NR5A2,4555
KIF21B,4556
TMEM9,4557
ADPRS,4558
MAP7D1,4559
WARS2,4560
HAO2,4561
OSCP1,4562
MRPS15,4563
EXOC8,4564
GNPAT,4565
TSNAX,4566
AIRIM,4567
RRAGC,4568
NID1,4569
LGALS8,4570
NT5C1A,4571
HPCAL4,4572
MTR,4573
BMP8B,4574
MYCL,4575
SIPA1L2,4576
ZP4,4577
RLF,4578
KMO,4579
ZNF684,4580
KCNQ4,4581
RIMS3,4582
AKT3,4583
ETV3,4584
ACADM,4585
ST6GALNAC5,4586
SLAMF1,4587
CD48,4588
ADGRL2,4589
PADI2,4590
SDHB,4591
MFAP2,4592
RPF1,4593
KDM5B,4594
UAP1,4595
ACTL8,4596
CTBS,4597
RGS4,4598
KLHL12,4599
IGSF21,4600
SSX2IP,4601
ZNHIT6,4602
PLA2G2D,4603
RBBP5,4604
GBP3,4605
GBP1,4606
KIF17,4607
GPR89A,4608
CDK18,4609
RAB29,4610
CD160,4611
ECE1,4612
HMGCL,4613
GALE,4614
ID3,4615
CR2,4616
CD46,4617
PRPF3,4618
APH1A,4619
P3H1,4620
SLC2A1,4621
EBNA1BP2,4622
CDC20,4623
MPL,4624
ARTN,4625
IPO13,4626
ATP6V0B,4627
B4GALT2,4628
ERI3,4629
PTCH2,4630
AKR1A1,4631
PRDX1,4632
PIK3R3,4633
TSPAN1,4634
BLZF1,4635
CCDC181,4636
SLC19A2,4637
FAAH,4638
NSUN4,4639
TMED5,4640
DR1,4641
CNN3,4642
PRRC2C,4643
F3,4644
ABCD3,4645
VAMP4,4646
DPH5,4647
FASLG,4648
PTBP2,4649
TNFSF4,4650
PRDX6,4651
DARS2,4652
HSD11B1,4653
IRF6,4654
UTP25,4655
PLPPR5,4656
PLPPR4,4657
SERPINC1,4658
RCAN3,4659
SYF2,4660
RSRP1,4661
SLC35A3,4662
RCOR3,4663
STMN1,4664
MTFR1L,4665
MAN1C1,4666
NEK2,4667
RPS6KA1,4668
DHDDS,4669
NENF,4670
NSL1,4671
PROX1,4672
ARID1A,4673
CENPF,4674
RPA2,4675
PPP1R8,4676
STX12,4677
MTARC2,4678
SLC5A9,4679
OSBPL9,4680
TXNDC12,4681
ESYT2,4682
POLR1G,4683
MESD,4684
RCN2,4685
CHRNB4,4686
MUC5B,4687
CTSD,4688
COLEC11,4689
STAG1,4690
A4GNT,4691
STK11,4692
KMT2A,4693
TREH,4694
IFT46,4695
MMP8,4696
APOA1,4697
ZNF541,4698
SLC8A2,4699
KPTN,4700
RPS25,4701
KIF14,4702
TNNT2,4703
DDX59,4704
CAMSAP2,4705
ATF6,4706
CRYGD,4707
MREG,4708
FASTKD2,4709
NRP2,4710
CREB1,4711
KLF7,4712
TTR,4713
B4GALT6,4714
C1orf54,4715
CA14,4716
DNAI7,4717
IRAG2,4718
ATP10B,4719
SPCS2,4720
USP35,4721
ELOVL4,4722
FILIP1,4723
CASP8AP2,4724
HMGN3,4725
UBE3D,4726
CNR1,4727
ANKRD13C,4728
SGIP1,4729
PHF3,4730
ZC2HC1B,4731
ADGB,4732
PLAGL1,4733
FBXO30,4734
TNFAIP3,4735
AKAP7,4736
RAB32,4737
MYB,4738
ALDH8A1,4739
SGK1,4740
RNF146,4741
ARG1,4742
CCN2,4743
TCF21,4744
PMFBP1,4745
FBXL5,4746
MED28,4747
SLC16A7,4748
RXYLT1,4749
ZNF430,4750
VAMP8,4751
DCLRE1B,4752
MYL12B,4753
FOXO3,4754
ARMC2,4755
GHRH,4756
RPN2,4757
TGIF2,4758
CASQ2,4759
OLFM3,4760
PKD2,4761
ABCG2,4762
SPP1,4763
STBD1,4764
CCNI,4765
RARRES1,4766
MFSD1,4767
RAB3GAP2,4768
EEF2KMT,4769
PPL,4770
UBN1,4771
KLF12,4772
UCHL3,4773
PCDH17,4774
HS1BP3,4775
LDAH,4776
WDR35,4777
CCND2,4778
FGF23,4779
ELL2,4780
DNAH7,4781
CYP20A1,4782
NDUFB3,4783
GTF3C3,4784
SATB2,4785
UBE2B,4786
TRPM6,4787
GDA,4788
KLF9,4789
TJP2,4790
ECRG4,4791
ITGB1BP1,4792
CPSF3,4793
PIGZ,4794
SENP5,4795
CCDC92,4796
C1orf198,4797
TRIM67,4798
HEATR1,4799
PTBP3,4800
RAD23B,4801
FKBP15,4802
CTNNAL1,4803
ABITRAM,4804
DYNC2I2,4805
SET,4806
PTPA,4807
GLE1,4808
RAB14,4809
CNTRL,4810
TRIM32,4811
FBXW2,4812
PHF19,4813
NEK6,4814
BSPRY,4815
PPP6C,4816
NDUFA8,4817
HDHD3,4818
RBM18,4819
SLC46A2,4820
HSDL2,4821
MAPKAP1,4822
NR4A3,4823
INVS,4824
GALNT12,4825
DENND1A,4826
ALG2,4827
CSF3R,4828
KDSR,4829
VPS4B,4830
ONECUT2,4831
C19orf25,4832
ZBTB45,4833
YLPM1,4834
DCAF4,4835
PROX2,4836
VSX2,4837
FCF1,4838
PGF,4839
IFI27L2,4840
BBOF1,4841
NEK9,4842
ACYP1,4843
IFT43,4844
NPC2,4845
DNAL1,4846
IRF2BPL,4847
ACOT2,4848
LTBP2,4849
AREL1,4850
MLH3,4851
TTLL5,4852
FLVCR2,4853
ABCD4,4854
DLST,4855
PPP4R4,4856
TGFB3,4857
ZC2HC1C,4858
SLIRP,4859
RBM25,4860
ALDH6A1,4861
GPR68,4862
ESRRB,4863
EIF2B2,4864
NRDE2,4865
COQ6,4866
ZNF410,4867
RHOQ,4868
GPR75,4869
SUPT7L,4870
KLHL29,4871
DNMT3A,4872
TMEM214,4873
ATAD2B,4874
FKBP1B,4875
ATL2,4876
YPEL5,4877
FAM98A,4878
YIPF4,4879
AFTPH,4880
LGALSL,4881
CNRIP1,4882
BCL11A,4883
CRIPT,4884
EPCAM,4885
SLC17A5,4886
OGFRL1,4887
SLF2,4888
IDE,4889
TECTB,4890
ELOVL3,4891
IFIT3,4892
NKX2-3,4893
IFIT2,4894
GPAM,4895
CUTC,4896
PPP1R3C,4897
PYROXD2,4898
CNNM1,4899
MXI1,4900
SMNDC1,4901
C10orf88,4902
HELLS,4903
PRLHR,4904
TCTN3,4905
DENND10,4906
AVPI1,4907
WDR11,4908
ARMH3,4909
KCNIP2,4910
CFAP58,4911
GOT1,4912
CPN1,4913
C10orf95,4914
SFRP5,4915
GNA13,4916
HOXB8,4917
KANSL1,4918
HOXB5,4919
CRHR1,4920
HOXB3,4921
HOXB1,4922
DUSP1,4923
PANK3,4924
MSX2,4925
TEK,4926
RCL1,4927
CAAP1,4928
EQTN,4929
MOB3B,4930
INSL6,4931
INSL4,4932
MLANA,4933
CD274,4934
IFNA6,4935
IFNA8,4936
GRIA2,4937
NUP43,4938
MTHFD1L,4939
LRP11,4940
CCDC170,4941
PCMT1,4942
PLEKHG1,4943
MYCT1,4944
TASL,4945
MAGEB4,4946
CYSTM1,4947
WDR55,4948
ARAP3,4949
SLC25A2,4950
TNN,4951
MRPS14,4952
CENPL,4953
TNFSF18,4954
SEC16B,4955
GORAB,4956
GPR31,4957
ACAT2,4958
TCP1,4959
TTLL2,4960
SNX19,4961
KCNJ5,4962
MSANTD2,4963
TP53AIP1,4964
TEX11,4965
ARR3,4966
PDZD11,4967
SLC10A7,4968
NUDCD1,4969
ENY2,4970
MASTL,4971
KIAA1217,4972
PLXDC2,4973
EPC1,4974
IQSEC3,4975
CCDC77,4976
TAF12,4977
ENOX1,4978
TNFSF11,4979
MTRF1,4980
SOHLH2,4981
DNAJC15,4982
PROSER1,4983
UFM1,4984
WBP4,4985
ELF1,4986
SMAD9,4987
HSPH1,4988
KBTBD7,4989
ALG5,4990
EXOSC8,4991
ETF1,4992
TGFBI,4993
FAM53C,4994
SIL1,4995
PAIP2,4996
MYOT,4997
KDM3B,4998
EGR1,4999
SERP1,5000
PLS1,5001
ZFP30,5002
NR2C1,5003
UTP20,5004
TMPO,5005
ARL1,5006
GLT8D2,5007
MTERF2,5008
SOCS2,5009
NFYB,5010
WASHC3,5011
APAF1,5012
DUSP4,5013
CLU,5014
TNFRSF10B,5015
SORBS3,5016
PTK2B,5017
CHRNA2,5018
ADRA1A,5019
PPP3CC,5020
PDLIM2,5021
EPHX2,5022
RNF170,5023
NPPB,5024
UBIAD1,5025
TARDBP,5026
TNFRSF8,5027
PRAMEF2,5028
ZNF706,5029
LYPLA1,5030
CRISPLD1,5031
COPS5,5032
RDH10,5033
EPX,5034
AKAP1,5035
COIL,5036
TRIM25,5037
SCPEP1,5038
SPOP,5039
TBX2,5040
SLC35B1,5041
TBX4,5042
TEX14,5043
FAM117A,5044
NCAPH,5045
LRAT,5046
TMEM131L,5047
MND1,5048
TRIM6,5049
ABCC11,5050
TENT4B,5051
ADCY7,5052
CEP89,5053
TSHZ3,5054
ECHDC2,5055
TAS2R8,5056
PLBD1,5057
TAS2R10,5058
PRB2,5059
PYROXD1,5060
IAPP,5061
KCNJ8,5062
TAS2R7,5063
BCL2L14,5064
TAS2R9,5065
PSPC1,5066
ZNF549,5067
A1BG,5068
ZSCAN18,5069
ZNF211,5070
PDZRN3,5071
RGSL1,5072
LHX4,5073
RNF2,5074
TRMT1L,5075
SEC22A,5076
CSTA,5077
DPPA4,5078
POPDC2,5079
B4GALT4,5080
NAA50,5081
CD80,5082
KIF18A,5083
DESI2,5084
MAPK8IP1,5085
CRY2,5086
PEX16,5087
DEPDC7,5088
CAT,5089
PILRB,5090
ZMYM2,5091
GJB6,5092
GJA3,5093
TBC1D15,5094
ADGRB2,5095
HCRTR1,5096
ZCCHC17,5097
FABP3,5098
KHDRBS1,5099
TMEM39B,5100
CCRL2,5101
CCR2,5102
POLR3GL,5103
GHSR,5104
TNFSF10,5105
ZNF639,5106
SLITRK3,5107
PIK3CA,5108
PDS5A,5109
TMEM156,5110
LIAS,5111
CPXM2,5112
TMEM54,5113
ZSCAN20,5114
CSMD2,5115
HPCA,5116
LRIF1,5117
TMIGD3,5118
CLCC1,5119
GPSM2,5120
GTDC1,5121
CXCR4,5122
ZRANB3,5123
ACVR2A,5124
POLK,5125
SV2C,5126
FLT3,5127
RPL21,5128
MTIF3,5129
GTF3A,5130
RASL11A,5131
UBL3,5132
FYTTD1,5133
MTERF4,5134
XPNPEP2,5135
SASH3,5136
OCRL,5137
PAEP,5138
OBP2A,5139
MRPS2,5140
FMOD,5141
MYOG,5142
LAX1,5143
PLG,5144
KIAA1191,5145
COPA,5146
CD244,5147
LY9,5148
HS3ST2,5149
RBBP6,5150
ZC3H7A,5151
PRM2,5152
SERAC1,5153
ANXA11,5154
LDB3,5155
OPN4,5156
SHLD2,5157
PRXL2A,5158
ZNF205,5159
NAA60,5160
RPL5,5161
ODF2L,5162
PTGFR,5163
SPATA1,5164
TRMT13,5165
LRRC39,5166
RWDD3,5167
ZNF644,5168
CCDC18,5169
RPAP2,5170
SLC66A2,5171
BBS9,5172
PMS2,5173
ZMIZ2,5174
OCM,5175
SEPTIN7,5176
EEPD1,5177
KLHL7,5178
HERPUD2,5179
CBX3,5180
HNRNPA2B1,5181
WIPF3,5182
NXPH1,5183
NPY,5184
HYCC1,5185
HOXA7,5186
INHBA,5187
FKBP9,5188
NT5C3A,5189
ARL4A,5190
CCZ1,5191
POLM,5192
RAMP3,5193
MRM2,5194
TWIST1,5195
SMU1,5196
GLIPR2,5197
SLC25A51,5198
CLTA,5199
RECK,5200
SPINK4,5201
TAF1L,5202
ACO1,5203
PHF24,5204
DNAI1,5205
DCAF10,5206
CNTFR,5207
KIAA1549,5208
TRIM24,5209
CYREN,5210
CALD1,5211
AKR1D1,5212
NUDT10,5213
SFTPA1,5214
NEUROG3,5215
PLAU,5216
SRGN,5217
CHST3,5218
BICC1,5219
CISD1,5220
EGR2,5221
ECD,5222
P4HA1,5223
SLC25A16,5224
ZWINT,5225
VPS26A,5226
RBM19,5227
CIT,5228
IFT81,5229
ACADS,5230
HVCN1,5231
DDX54,5232
MED13L,5233
CDKN2C,5234
RNF11,5235
RASSF8,5236
BHLHE41,5237
SSPN,5238
ITPR2,5239
CCDC91,5240
NECAB1,5241
WWP1,5242
ACOT9,5243
PRDX4,5244
DDX39A,5245
PKN1,5246
TRIR,5247
ADGRE5,5248
WDR83,5249
GIPC1,5250
ACTRT1,5251
CCDC70,5252
SPRYD7,5253
EBPL,5254
ATP7B,5255
ZC3H13,5256
NLN,5257
CENPK,5258
OPTN,5259
ITIH5,5260
ATF1,5261
TSFM,5262
NEUROD4,5263
ARHGAP9,5264
NCKAP1L,5265
MMP19,5266
PFDN5,5267
SPATS2,5268
ORMDL2,5269
NR4A1,5270
PDE1B,5271
HOXC13,5272
CDK2,5273
LRP1,5274
HOXC11,5275
ATG101,5276
NFE2,5277
HOXC12,5278
IKZF4,5279
SMUG1,5280
TUBA1B,5281
EEF1AKMT3,5282
KBTBD4,5283
SARDH,5284
DBH,5285
ATPAF1,5286
STIL,5287
HJURP,5288
IL13RA2,5289
COL10A1,5290
AMD1,5291
NDUFAF4,5292
USP45,5293
PLP1,5294
SERPINA7,5295
MORF4L2,5296
H2BW1,5297
RAB9B,5298
NRK,5299
FAM199X,5300
ESX1,5301
MAGEA9,5302
ATXN3L,5303
RAB9A,5304
METTL8,5305
TTC21B,5306
NMI,5307
TNFAIP6,5308
ACVR1C,5309
BAZ2B,5310
SLC36A1,5311
LPGAT1,5312
BATF3,5313
G0S2,5314
KCNJ2,5315
RAP2C,5316
EXOSC9,5317
PLA2G12A,5318
B9D2,5319
COQ8B,5320
PFKFB2,5321
C4BPA,5322
C4BPB,5323
RAB38,5324
GPR83,5325
AGO2,5326
MXD4,5327
CKS2,5328
DAW1,5329
ACSL3,5330
CHPF,5331
DNPEP,5332
INHA,5333
MOGAT1,5334
OBSL1,5335
FAM124B,5336
SLC12A4,5337
ENKD1,5338
MC3R,5339
GCNT7,5340
CTCFL,5341
FAM210B,5342
PI3,5343
FAM209A,5344
SNX21,5345
SLPI,5346
WFDC3,5347
TTPAL,5348
PREX1,5349
KCNS1,5350
SLC12A5,5351
ARHGAP40,5352
SDC4,5353
NCOA3,5354
PIGT,5355
SEMG2,5356
MATN4,5357
NCOA5,5358
VAPB,5359
PARD6B,5360
ATP5F1E,5361
CHD6,5362
PLCG1,5363
TOX2,5364
SRSF6,5365
GDAP1L1,5366
GTSF1L,5367
ARFGEF2,5368
ZNFX1,5369
ZNF831,5370
EDN3,5371
CSE1L,5372
RAB22A,5373
PTGIS,5374
STAU1,5375
CDH26,5376
SNAI1,5377
MOCS3,5378
STX16,5379
PMEPA1,5380
RNF114,5381
DDX27,5382
RBPJL,5383
SEMG1,5384
CIMIP1,5385
BCAS4,5386
KCNK15,5387
TP53TG5,5388
PCK1,5389
ZBP1,5390
NEURL2,5391
MAGEA10,5392
MTRR,5393
FASTKD3,5394
PEPD,5395
CHST8,5396
IQSEC2,5397
VAMP7,5398
IL9R,5399
XG,5400
STAMBP,5401
NAGK,5402
MCEE,5403
PAIP2B,5404
SNRNP27,5405
MPHOSPH10,5406
IL17C,5407
ATP8A1,5408
USP22,5409
POF1B,5410
HIF3A,5411
ZNF576,5412
IRGC,5413
ZNF45,5414
LYPD3,5415
PSG8,5416
CEACAM8,5417
NDP,5418
USP9X,5419
CRISP2,5420
F13A1,5421
GRM4,5422
TRERF1,5423
PACSIN1,5424
BTN2A2,5425
SIRT5,5426
MRS2,5427
WRNIP1,5428
RRP36,5429
BTN1A1,5430
SNRPC,5431
SLC17A3,5432
SLC17A1,5433
SERPINB6,5434
XPO5,5435
ABCC10,5436
H1-3,5437
PEX6,5438
NQO2,5439
OARD1,5440
UNC5CL,5441
AARS2,5442
H1-1,5443
ZNF391,5444
RPS10,5445
MOCS1,5446
H2BC11,5447
MED20,5448
OR2B6,5449
TBCC,5450
SPDEF,5451
TCP11,5452
MAD2L1BP,5453
APOBEC2,5454
KLHDC3,5455
GNMT,5456
DNAH8,5457
TREM1,5458
MEA1,5459
KLHL31,5460
COL21A1,5461
CDKN1A,5462
SOX4,5463
GLO1,5464
CPNE5,5465
KCNK17,5466
RREB1,5467
SSR1,5468
RIOK1,5469
NRN1,5470
SLC35B3,5471
RPP40,5472
ATXN1,5473
NUP153,5474
DEK,5475
EEF1E1,5476
CRISP1,5477
RUNX2,5478
OPN5,5479
GCM2,5480
LRRFIP1,5481
RAB17,5482
CXCL6,5483
EREG,5484
TRIM51,5485
MYRF,5486
SCGB1D2,5487
SCGB2A1,5488
AHNAK,5489
EMC3,5490
SSUH2,5491
WNT1,5492
SH3TC1,5493
CNOT1,5494
BBS2,5495
MT1G,5496
MT2A,5497
PHAF1,5498
GOT2,5499
DOK4,5500
PIWIL1,5501
GPR18,5502
CLYBL,5503
TMTC4,5504
RAP2A,5505
SLC10A2,5506
ABCC4,5507
EFNB2,5508
SOX21,5509
TM9SF2,5510
HROB,5511
KIF25,5512
IRF1,5513
UPF3B,5514
RNF113A,5515
SEPTIN6,5516
TMEM255A,5517
NDUFA1,5518
AMELX,5519
DMAC2L,5520
BMP4,5521
PTGER2,5522
FAM193A,5523
GRK4,5524
SOX9,5525
TEKT3,5526
MYH2,5527
HS3ST3B1,5528
SLC25A35,5529
MRPS7,5530
GGA3,5531
ARMC7,5532
NUP85,5533
SLC25A19,5534
MIF4GD,5535
NT5C,5536
MSTO1,5537
TTF1,5538
GTF3C4,5539
DDX31,5540
BARHL1,5541
PPP1R12C,5542
MBOAT7,5543
SRMS,5544
OPRL1,5545
SLC2A4RG,5546
NPBWR2,5547
FNDC11,5548
BHLHE23,5549
PPDPF,5550
IL1B,5551
PLGLB2,5552
IL37,5553
CHCHD5,5554
PAX8,5555
INSIG2,5556
POLR1B,5557
CCDC93,5558
PSD4,5559
SLC25A23,5560
PSPN,5561
GTF2F1,5562
ALKBH7,5563
CLPP,5564
TNFSF9,5565
GRIA3,5566
THOC2,5567
MED1,5568
RPL23,5569
ATG4C,5570
CD70,5571
C3,5572
SH2D3A,5573
TRIP10,5574
GPR108,5575
TNFSF14,5576
FOSB,5577
OPA3,5578
SNRPD2,5579
RTN2,5580
EML2,5581
VASP,5582
SYMPK,5583
GPCPD1,5584
SDCBP2,5585
PANK2,5586
TGM3,5587
GNRH2,5588
DEFB126,5589
FOXA2,5590
CD93,5591
GZF1,5592
PAX1,5593
NAPB,5594
NKX2-4,5595
CENPB,5596
PSMF1,5597
NKX2-2,5598
DTD1,5599
CSTL1,5600
RBCK1,5601
TMX4,5602
CST11,5603
STK35,5604
SNRPB,5605
NRSN2,5606
AP5S1,5607
RRBP1,5608
BMP2,5609
ZNF133,5610
FLRT3,5611
OVOL2,5612
PCSK2,5613
GFRA4,5614
MKKS,5615
BFSP1,5616
DSTN,5617
LAMP5,5618
SNRPB2,5619
MGME1,5620
LRRN4,5621
TBC1D20,5622
ITPA,5623
TCF15,5624
OTOR,5625
MCM8,5626
TMEM74B,5627
FAM110A,5628
SIRPD,5629
MRPS26,5630
S1PR4,5631
NCLN,5632
CITED1,5633
HNRNPR,5634
ZNF436,5635
MAX,5636
ARMCX5,5637
GDF5,5638
MMP24,5639
NECAB3,5640
ID1,5641
RALY,5642
DYNLRB1,5643
C20orf173,5644
EIF2S2,5645
ERGIC3,5646
ROMO1,5647
FAM83C,5648
BPIFB1,5649
CEP250,5650
PLAGL2,5651
MMP24OS,5652
GRPR,5653
KDM5C,5654
AMOT,5655
TMEM115,5656
PSMB2,5657
AGO3,5658
UROD,5659
ST3GAL3,5660
TMEM53,5661
HECTD3,5662
KLC1,5663
XRCC3,5664
TUBGCP3,5665
MCF2L,5666
F10,5667
PCID2,5668
PROZ,5669
SLURP1,5670
LRFN3,5671
IGFLR1,5672
CAPNS1,5673
PDCD2L,5674
GPR42,5675
RBM42,5676
KIRREL2,5677
UBA2,5678
FFAR2,5679
HCST,5680
FFAR1,5681
COX6B1,5682
KRT36,5683
THRA,5684
CCR7,5685
NR1D1,5686
FRMD8,5687
PRDX5,5688
BCL2L12,5689
IRF3,5690
PRMT1,5691
RRAS,5692
PRRG2,5693
SCAF1,5694
PRR12,5695
TSKS,5696
FLRT1,5697
ASL,5698
SBDS,5699
CSN1S1,5700
STATH,5701
STAT5A,5702
WNK4,5703
BECN1,5704
PRKCG,5705
TRAP1,5706
GLIS2,5707
NSRP1,5708
DNAJC8,5709
AHDC1,5710
IFI6,5711
DACH2,5712
ZNF384,5713
EMG1,5714
SSX1,5715
UXT,5716
CFP,5717
ELK1,5718
TIMM17B,5719
PCNX4,5720
ATG14,5721
KTN1,5722
SIX1,5723
RHOJ,5724
DLGAP5,5725
L3HYPDH,5726
HSPA2,5727
ZBTB1,5728
TRMT5,5729
SGPP1,5730
PLEKHG3,5731
PZP,5732
PRDM7,5733
RHOT1,5734
EVI2A,5735
OMG,5736
DYNC2I1,5737
AIF1L,5738
FAM78A,5739
NUP214,5740
CTAG2,5741
AVPR2,5742
SLC10A3,5743
MAP2K2,5744
HNRNPH2,5745
ARMCX1,5746
TMEM35A,5747
NXF5,5748
TIMM8A,5749
ZC4H2,5750
CANX,5751
INTS11,5752
RGS13,5753
IPPK,5754
ZNF484,5755
OMD,5756
FGD3,5757
HIVEP3,5758
PPCS,5759
EDN2,5760
BCL11B,5761
COX7C,5762
TRAF2,5763
ABHD8,5764
MASP1,5765
ATP13A4,5766
PLAAT1,5767
HELB,5768
RAP1B,5769
IL22,5770
TSPAN8,5771
BEST3,5772
RAB3IP,5773
PTPRB,5774
DYRK2,5775
YEATS4,5776
TAS2R3,5777
TAS2R4,5778
TAS2R5,5779
CRYGN,5780
LRRC61,5781
TRPV5,5782
IDUA,5783
FGFRL1,5784
TMEM175,5785
AUNIP,5786
PIN1,5787
FBXL12,5788
EMC1,5789
PLA2G5,5790
UBR4,5791
HP1BP3,5792
ADGRE2,5793
SIN3B,5794
SLC35E1,5795
EPS15L1,5796
KLF2,5797
OR7C1,5798
F2RL3,5799
UQCR11,5800
GFER,5801
SYNGR3,5802
PKMYT1,5803
WFIKKN1,5804
WDR24,5805
FBXL16,5806
CHTF18,5807
GNG13,5808
MACF1,5809
SMARCA4,5810
KDM4B,5811
TICAM1,5812
METTL25,5813
IL17B,5814
EMC6,5815
METTL16,5816
TUBA4A,5817
VIL1,5818
AAMP,5819
PNKD,5820
TNFRSF19,5821
RNF6,5822
ECHS1,5823
ZNF835,5824
AKAP9,5825
GNG11,5826
SEM1,5827
GNGT1,5828
HIP1,5829
PTPN12,5830
POR,5831
FGL2,5832
STYXL1,5833
STEAP4,5834
GNAI1,5835
PEX1,5836
MTERF1,5837
SGCE,5838
RBM48,5839
CASD1,5840
ZNF780B,5841
LRFN1,5842
ZFP36,5843
SRD5A3,5844
SPINK2,5845
RASL11B,5846
PAICS,5847
KDR,5848
PPAT,5849
TUBGCP6,5850
ADM2,5851
DGCR6L,5852
DGCR8,5853
ASPHD2,5854
VPREB3,5855
SDF2L1,5856
GAL3ST1,5857
YWHAH,5858
RFPL1,5859
RFPL2,5860
GNAZ,5861
MGAT3,5862
ADORA2A,5863
ATF4,5864
A4GALT,5865
RFPL3,5866
CDC42EP1,5867
APOL3,5868
MCHR1,5869
TPST2,5870
BAIAP2L2,5871
MPST,5872
GALR3,5873
TST,5874
APOL5,5875
IGLL1,5876
APOL2,5877
RAC2,5878
LIF,5879
C22orf23,5880
APOBEC3A,5881
APOBEC3F,5882
RIBC2,5883
KRT17,5884
EMC4,5885
RNF112,5886
SPECC1,5887
CPA4,5888
DOCK4,5889
POT1,5890
ATP6V1F,5891
LSM8,5892
CDHR3,5893
PRKRIP1,5894
VGF,5895
PODXL,5896
FOXP2,5897
STRIP2,5898
IFT22,5899
MKLN1,5900
DNAJB9,5901
FLNC,5902
LRRC4,5903
CALU,5904
CCDC136,5905
SMO,5906
IRF5,5907
LRRC17,5908
KLHDC10,5909
NDUFA5,5910
FEZF1,5911
OPN1SW,5912
MRPS12,5913
MYO1B,5914
HOXD1,5915
HOXD3,5916
MTX2,5917
PDE11A,5918
CHN1,5919
GAD1,5920
OSGEPL1,5921
ORMDL1,5922
HAT1,5923
HOXD9,5924
HOXD10,5925
HOXD11,5926
HOXD13,5927
HERC2,5928
SNRPN,5929
PSMG2,5930
TWSG1,5931
ARHGAP22,5932
WDFY4,5933
EIF2AK4,5934
MYO5C,5935
CGNL1,5936
TMOD2,5937
TTBK2,5938
ELL3,5939
CCDC32,5940
INO80,5941
ICE2,5942
DLL4,5943
ALDH1A2,5944
MINDY2,5945
IVD,5946
KNSTRN,5947
DUT,5948
CHAC1,5949
CLN6,5950
ARPP19,5951
VPS13C,5952
CALML4,5953
ISLR,5954
THAP10,5955
LOXL1,5956
ACKR4,5957
ANAPC13,5958
MBD4,5959
COPB1,5960
PSMA1,5961
SUMF2,5962
PALLD,5963
SPCS3,5964
BBOX1,5965
MYOD1,5966
SERGEF,5967
KCNC1,5968
TPH1,5969
CSRP3,5970
E2F8,5971
DCTD,5972
SOX15,5973
PIMREG,5974
RPAIN,5975
USP6,5976
SHBG,5977
PLD2,5978
AIPL1,5979
CD68,5980
TXNDC17,5981
ATP1B2,5982
FXR2,5983
KIF1C,5984
MPDU1,5985
PHF20L1,5986
DNAAF11,5987
CCNT1,5988
PUS7L,5989
KRI1,5990
ILF3,5991
SLC44A2,5992
AP1M2,5993
CDKN2D,5994
MTUS1,5995
KLK14,5996
SIGLEC9,5997
KLK10,5998
KLK8,5999
NGDN,6000
RIPK3,6001
ADCY4,6002
RAB2B,6003
BCL2L2,6004
AJUBA,6005
DTD2,6006
PARP2,6007
HEATR5A,6008
FOXA1,6009
SNX6,6010
EAPP,6011
EGLN3,6012
MIS18BP1,6013
NRL,6014
RNASE1,6015
NEDD8,6016
DAD1,6017
TEP1,6018
EPB41L4A,6019
CDO1,6020
REEP5,6021
ITFG1,6022
QRICH2,6023
FOXJ1,6024
SEC14L1,6025
RHBDF2,6026
AANAT,6027
ARHGEF6,6028
MAP7D3,6029
FGF13,6030
ASH2L,6031
TTI2,6032
ART1,6033
CHRNA10,6034
CDKN1C,6035
SGO1,6036
RPS4Y1,6037
VCY1B,6038
CDH15,6039
KLF16,6040
PGAP6,6041
DOHH,6042
MAU2,6043
SHC2,6044
PLPPR3,6045
ABHD17A,6046
LBP,6047
SYT5,6048
TNNI3,6049
CBFA2T3,6050
GAMT,6051
PUDP,6052
ERMARD,6053
PHF10,6054
PRRG3,6055
GALNT8,6056
KCNA5,6057
CRACR2A,6058
NXNL2,6059
STARD8,6060
NALF2,6061
GDPD2,6062
SAT1,6063
GNL3L,6064
SH3BP4,6065
MOSPD2,6066
DOCK6,6067
ECSIT,6068
LDLR,6069
ELOF1,6070
TSPAN16,6071
ANGPTL8,6072
PRKCSH,6073
CNN1,6074
CDC16,6075
ZSCAN10,6076
THEM6,6077
NECTIN2,6078
APOE,6079
TOMM40,6080
APOC1,6081
GADD45G,6082
LRCH2,6083
DPP6,6084
XPO7,6085
ACE2,6086
FAM98C,6087
SAFB2,6088
RPL36,6089
ATP8B3,6090
GDF1,6091
NCAN,6092
KIF1A,6093
GTPBP3,6094
PLVAP,6095
BST2,6096
SLC27A1,6097
NSUN5,6098
USHBP1,6099
COLGALT1,6100
DDA1,6101
MRPL34,6102
PGLS,6103
LSM7,6104
TULP4,6105
SNX9,6106
RTN4IP1,6107
QRSL1,6108
MTRES1,6109
RSPH3,6110
MAS1,6111
ACSBG2,6112
MLLT1,6113
FUT5,6114
AFDN,6115
ACTN4,6116
STK33,6117
NDUFA10,6118
EPO,6119
ARPC1B,6120
CACNG6,6121
ZSWIM6,6122
FCHO1,6123
UNC13A,6124
MAP1S,6125
KLHDC7B,6126
PXDN,6127
SSBP4,6128
GDF15,6129
PGPEP1,6130
IQCN,6131
LSM4,6132
JUND,6133
HRC,6134
TRPM4,6135
OR11H1,6136
SULT4A1,6137
ZNF557,6138
CRB3,6139
OLFM1,6140
CAMSAP1,6141
UBAC1,6142
SAG,6143
ZBTB46,6144
HELZ2,6145
SAMD10,6146
LSP1,6147
TNNT3,6148
TNNI2,6149
COL5A1,6150
ATXN10,6151
TUBGCP2,6152
CALY,6153
CYP2E1,6154
PNPLA7,6155
HBZ,6156
PAK4,6157
MNX1,6158
ZNF337,6159
CEP85,6160
TAF4,6161
GATA5,6162
RBBP8NL,6163
LAMA5,6164
OSBPL2,6165
ADRM1,6166
ASS1,6167
PRDM12,6168
EXOSC2,6169
POMT1,6170
UCK1,6171
FIBCD1,6172
CHMP2A,6173
UBE2M,6174
TRIM28,6175
METTL26,6176
YIPF2,6177
ATG4D,6178
EIF2S3,6179
TMEM160,6180
ZC3H4,6181
NPAS1,6182
GMFG,6183
MAP3K10,6184
ARHGEF16,6185
LRRC47,6186
SESN2,6187
SMPDL3B,6188
ATP5IF1,6189
MED18,6190
THEMIS2,6191
CLIP1,6192
CCDC62,6193
HIP1R,6194
ZNF317,6195
PPAN,6196
EIF3G,6197
ANGPTL6,6198
SHFL,6199
DNMT1,6200
ZNF426,6201
SLC6A8,6202
PNCK,6203
DKC1,6204
PLXNA3,6205
DUSP9,6206
MPP1,6207
ZNF331,6208
ZNF236,6209
SLC7A10,6210
LRP3,6211
MTRFR,6212
NOL11,6213
UBE4B,6214
CASZ1,6215
PKDREJ,6216
HSD17B3,6217
NUTM2F,6218
HABP4,6219
FBP2,6220
SLC35D2,6221
PRRG1,6222
UBA1,6223
RGN,6224
POLN,6225
PPIL4,6226
ULBP2,6227
AKAP12,6228
SYNE1,6229
ULBP3,6230
LATS1,6231
EPS8L1,6232
LILRB2,6233
AAR2,6234
TTLL9,6235
BPIFA2,6236
RBM39,6237
COX4I2,6238
ZNF341,6239
GGT7,6240
ACSS2,6241
EDA2R,6242
ARHGEF9,6243
C1QL1,6244
GFAP,6245
PYY,6246
HIGD1B,6247
ATP6V1E1,6248
ZNF227,6249
ZNF428,6250
TEX101,6251
ZNF141,6252
CCL25,6253
COX4I1,6254
EMC8,6255
GSE1,6256
GINS2,6257
CHMP1A,6258
SH3BGRL,6259
COX7B,6260
SLC34A1,6261
F12,6262
PRR7,6263
NFATC1,6264
IDO1,6265
GJA9,6266
CAP1,6267
PPT1,6268
RAB11FIP4,6269
RLIM,6270
ABCB7,6271
TRAF3,6272
HAUS8,6273
ADGRE3,6274
MRPS25,6275
SH3BP5,6276
HACL1,6277
TBC1D5,6278
CAPN7,6279
RFTN1,6280
C3orf20,6281
RBSN,6282
GALNT15,6283
SLC6A6,6284
KCNC3,6285
NAPSA,6286
NR1H2,6287
LRRC4B,6288
PDLIM4,6289
KIF3A,6290
MGAT1,6291
GFPT2,6292
TUBG1,6293
PSME3,6294
RPL27,6295
PSMC3IP,6296
AOC3,6297
ACLY,6298
VPS25,6299
RAMP2,6300
AOC2,6301
G6PC1,6302
NDUFA2,6303
ANKHD1,6304
DIAPH1,6305
NDFIP1,6306
UBE2D2,6307
EXOC4,6308
ACAP3,6309
C1orf159,6310
ANO1,6311
PPFIA1,6312
TMEM204,6313
KREMEN2,6314
THOC6,6315
TRAF7,6316
BARX1,6317
NINJ1,6318
CA6,6319
NPHP4,6320
MAP1B,6321
RHOXF2,6322
IL13RA1,6323
WDR44,6324
CKMT2,6325
ZCCHC9,6326
KRT34,6327
KRT33B,6328
TNS4,6329
TOP2A,6330
STARD3,6331
RARA,6332
PPP1R1B,6333
KHDRBS3,6334
CHD1L,6335
PEX11B,6336
FMO5,6337
PIAS3,6338
PRKAB2,6339
FSHB,6340
PDHA1,6341
RAI2,6342
MCCC2,6343
ZNF304,6344
ZSCAN5A,6345
ZNF132,6346
USP29,6347
SELENOS,6348
CHSY1,6349
SNRPA1,6350
LLGL1,6351
NR0B2,6352
LIN28A,6353
THAP1,6354
RHPN2,6355
C19orf12,6356
FAAP24,6357
LRRC9,6358
ACTR10,6359
ABHD12B,6360
GCH1,6361
LGALS3,6362
PODNL1,6363
DNAJB1,6364
ZSWIM4,6365
FBXW9,6366
RFX1,6367
ZNF20,6368
BRME1,6369
DCAF15,6370
CC2D1A,6371
RTBDN,6372
MATN3,6373
TRIM21,6374
SPATA6,6375
LRRC41,6376
CCT6B,6377
DHX30,6378
RAF1,6379
SLC6A11,6380
PPARG,6381
NUP210,6382
FCRLA,6383
HSD17B7,6384
ENOSF1,6385
EMILIN2,6386
SLX1A,6387
ARFIP2,6388
TRIM5,6389
CNGA4,6390
TRIM22,6391
RRP8,6392
TIMM10B,6393
EFR3A,6394
HHLA1,6395
PTCD3,6396
IMMT,6397
MRPL35,6398
IQCA1,6399
ILKAP,6400
PER2,6401
RAMP1,6402
SCLY,6403
PTPRE,6404
RAN,6405
PRKAA1,6406
CARD6,6407
RAP1GAP2,6408
CLUH,6409
INPP5K,6410
MYBBP1A,6411
RPA1,6412
SERPINF1,6413
UBE2G1,6414
EEFSEC,6415
TBC1D14,6416
TMEM128,6417
COQ3,6418
PNISR,6419
POPDC3,6420
SEC61G,6421
LANCL2,6422
FIGNL1,6423
DDC,6424
FTHL17,6425
GRSF1,6426
ENAM,6427
JCHAIN,6428
ANKRD17,6429
UTP3,6430
ITGB4,6431
WBP2,6432
H3-3B,6433
UNK,6434
TRIM47,6435
ZRANB2,6436
EIF5A,6437
KDM6B,6438
CLEC10A,6439
SLC52A1,6440
GUCY2D,6441
GPS2,6442
XAF1,6443
DLG4,6444
RIDA,6445
VPS13B,6446
RGS22,6447
MATN2,6448
REEP2,6449
PCBD2,6450
SDF2,6451
FLOT2,6452
ERAL1,6453
PRMT7,6454
NIP7,6455
TERF2,6456
VPS4A,6457
MTSS2,6458
HSPA12B,6459
ANKEF1,6460
PCED1A,6461
SNAP25,6462
BTBD3,6463
PCNA,6464
NXT1,6465
POLR3F,6466
RIN2,6467
PTPRA,6468
SSTR4,6469
DAP3,6470
RHBG,6471
KHDC4,6472
ATP1A4,6473
NES,6474
BCAN,6475
CRP,6476
ARHGEF11,6477
RAB25,6478
HAPLN2,6479
APCS,6480
FCRL2,6481
DCAF8,6482
SYT11,6483
IGHMBP2,6484
ACY3,6485
ALDH3B2,6486
TESMIN,6487
MMACHC,6488
DPH2,6489
TOE1,6490
NASP,6491
MUTYH,6492
CTNNBL1,6493
LPIN3,6494
ZSWIM3,6495
RBM38,6496
VSTM2L,6497
OSER1,6498
SERINC3,6499
PPP1R3D,6500
DMGDH,6501
BHMT2,6502
AP3B1,6503
ZBED3,6504
PATJ,6505
KANK4,6506
ANGPTL3,6507
SYT4,6508
SLC14A2,6509
FBXO44,6510
CPLANE2,6511
CASP9,6512
NMUR2,6513
DCTN4,6514
PDE6A,6515
ATP8A2,6516
MTUS2,6517
ZMYM5,6518
USPL1,6519
XPO4,6520
TPTE2,6521
POMP,6522
CDK8,6523
ALOX5AP,6524
WASF3,6525
RNF17,6526
GPR12,6527
CHRM3,6528
MYH8,6529
MYH10,6530
PEMT,6531
SCO1,6532
MPRIP,6533
CHI3L1,6534
MYBPH,6535
PIK3C2B,6536
DSTYK,6537
CHIT1,6538
SLC41A1,6539
LGR6,6540
TMCC2,6541
DCLK1,6542
CCNA1,6543
COG6,6544
SPART,6545
RXFP2,6546
EPSTI1,6547
TRPC4,6548
POSTN,6549
RFXAP,6550
TPT1,6551
GPALPP1,6552
STOML3,6553
KL,6554
RFC3,6555
STARD13,6556
IRS4,6557
MORC4,6558
BEX2,6559
RNF128,6560
GNG5B,6561
TBC1D8B,6562
TCEAL4,6563
BEX1,6564
VCF1,6565
SLC39A11,6566
EPHB2,6567
SRRM1,6568
BTBD2,6569
PRAM1,6570
KMT5C,6571
ZNF414,6572
PDE6B,6573
HSPBP1,6574
CSNK1G2,6575
SLF1,6576
CNDP2,6577
MACROD1,6578
WDR74,6579
LGALS12,6580
RTN3,6581
PLAAT4,6582
PLAAT2,6583
MYH11,6584
CEP20,6585
MED10,6586
PDZD2,6587
MORC2,6588
LARGE1,6589
GSTT2B,6590
MYO18B,6591
SLC2A11,6592
C1QTNF6,6593
FAM83F,6594
SEC14L4,6595
GIMAP6,6596
GIMAP4,6597
ADCK2,6598
MKRN1,6599
AGAP3,6600
KRBA1,6601
ACTR3B,6602
NTS,6603
BTG1,6604
LRRIQ1,6605
RLIG1,6606
ATP13A3,6607
SFTPD,6608
DYDC2,6609
TMEM254,6610
TMTC1,6611
KRAS,6612
IPO8,6613
LARS1,6614
SPINK5,6615
IMPA1,6616
LRRCC1,6617
E2F5,6618
CA1,6619
CCDC59,6620
SWAP70,6621
BMAL1,6622
LYVE1,6623
AMPD3,6624
SBF2,6625
MICAL2,6626
RRAS2,6627
HSD17B4,6628
ZFC3H1,6629
TEX15,6630
SARAF,6631
RNF122,6632
DUSP26,6633
DPF2,6634
MEN1,6635
ERG28,6636
GSC,6637
DGLUCY,6638
UNC79,6639
NUMB,6640
CATSPERB,6641
VRTN,6642
COX16,6643
TTC9,6644
MED6,6645
EIF2S1,6646
ADAM20,6647
LOXL2,6648
ELP3,6649
PEBP4,6650
ADAMDEC1,6651
CTIF,6652
MRO,6653
MBD2,6654
IER3IP1,6655
KGD4,6656
CCNB1,6657
CDK7,6658
CD180,6659
IRAK2,6660
CAMK1,6661
THUMPD3,6662
VHL,6663
BHLHE40,6664
ARL8B,6665
EDEM1,6666
CNTN6,6667
CHL1,6668
MEIS2,6669
DPH6,6670
KATNBL1,6671
EMC7,6672
TRPM1,6673
GNAT2,6674
GSTM1,6675
PRPF38B,6676
REG4,6677
TSPAN2,6678
TSHB,6679
GSTM5,6680
GSTM3,6681
SYT6,6682
VAV3,6683
CHIA,6684
PSRC1,6685
HMGCS2,6686
PTPN22,6687
SORT1,6688
WNT2B,6689
PTGFRN,6690
LAMTOR5,6691
ADAM30,6692
NOTCH2,6693
TRIM45,6694
CEPT1,6695
CD101,6696
VTCN1,6697
NGF,6698
AP4B1,6699
NAPG,6700
SPIRE1,6701
PPHLN1,6702
FKBP11,6703
ARF3,6704
TMEM106C,6705
SLC38A2,6706
YWHAQ,6707
KIDINS220,6708
GRHL1,6709
ROCK2,6710
RSAD2,6711
MYCN,6712
LPIN1,6713
CMPK2,6714
IAH1,6715
LDHA,6716
SAA2,6717
ANO3,6718
IL6ST,6719
FST,6720
CFHR4,6721
NAV1,6722
CDC73,6723
TIMM17A,6724
CRB1,6725
CFHR5,6726
ERN2,6727
RPS15A,6728
RAX,6729
NARS1,6730
GRP,6731
RELCH,6732
FBH1,6733
RBM17,6734
IL2RA,6735
ANKRD16,6736
ECHDC3,6737
IL15RA,6738
CCNH,6739
HRH4,6740
TMEM241,6741
KCTD1,6742
CABLES1,6743
DOCK2,6744
EMP1,6745
SOX5,6746
RERG,6747
SLCO1B1,6748
KLRD1,6749
KLRC1,6750
SPX,6751
PRH2,6752
LRP4,6753
MYBPC3,6754
DDB2,6755
ACP2,6756
USP26,6757
RTL8C,6758
RAB33A,6759
SOX3,6760
RBMX2,6761
STK26,6762
PIWIL4,6763
MTNR1B,6764
PUM1,6765
SPOCD1,6766
YARS1,6767
PHC2,6768
CDCA8,6769
GNL2,6770
AGO4,6771
HOOK1,6772
CYP2J2,6773
BTF3L4,6774
TUT4,6775
PRPF38A,6776
DSC2,6777
DSG3,6778
RNF138,6779
ELP2,6780
DSG1,6781
DSC3,6782
DSC1,6783
DTNA,6784
FHOD3,6785
TPGS2,6786
DAGLA,6787
SLC43A3,6788
TIMM10,6789
CBLIF,6790
DHX34,6791
APLNR,6792
FADS2,6793
TMEM258,6794
TCN1,6795
C5AR2,6796
TMEM165,6797
CLOCK,6798
PDGFRA,6799
GGACT,6800
COL4A2,6801
CLDN10,6802
DZIP1,6803
UBAC2,6804
ARGLU1,6805
BIVM,6806
ERCC5,6807
TPP2,6808
POGLUT2,6809
CARS2,6810
ARHGAP32,6811
STT3A,6812
ADAMTS8,6813
ACRV1,6814
ETS1,6815
SLC37A2,6816
KLB,6817
TMED7,6818
APC,6819
NREP,6820
WDR36,6821
OSTF1,6822
RFK,6823
UBQLN1,6824
NAA35,6825
C9orf40,6826
ANXA1,6827
CTSL,6828
CEMIP2,6829
AGTPBP1,6830
GOLM1,6831
ENTREP1,6832
PSAT1,6833
ISCA1,6834
ADAM19,6835
HAVCR2,6836
CCNJL,6837
TAOK3,6838
USP30,6839
SDS,6840
MSI1,6841
HNF1A,6842
FBXO21,6843
TBX3,6844
OASL,6845
HRK,6846
RNFT2,6847
P2RX4,6848
BICDL1,6849
DTX1,6850
TRAFD1,6851
DMTF1,6852
OCM2,6853
TMEM243,6854
CCDC146,6855
TMEM60,6856
CD36,6857
UGT2A3,6858
UGT2B28,6859
PNPLA8,6860
HILPDA,6861
GARIN1B,6862
RINT1,6863
SRPK2,6864
KCP,6865
TES,6866
MDFIC,6867
MTO1,6868
ADGRB3,6869
ANKRD6,6870
HTR1B,6871
KHDC1,6872
CEP162,6873
SYNCRIP,6874
SNX14,6875
NT5E,6876
MRAP2,6877
EPHA7,6878
AKIRIN2,6879
ORC3,6880
LCA5,6881
MAP3K7,6882
CGA,6883
GJA10,6884
PRR5L,6885
LMO2,6886
PHF21A,6887
NAT10,6888
EHF,6889
ELF5,6890
PRRG4,6891
CAPRIN1,6892
ATP5MC2,6893
DNAJC14,6894
CD63,6895
PRPH,6896
AVIL,6897
AMHR2,6898
GDF11,6899
GLS2,6900
ITGA7,6901
TESPA1,6902
FAM186B,6903
RDH5,6904
AGAP2,6905
BLOC1S1,6906
KRT85,6907
CDK4,6908
PPP1R1A,6909
TROAP,6910
TSPAN31,6911
B4GALNT1,6912
TFCP2,6913
COQ10A,6914
FAIM2,6915
PAN2,6916
ESPL1,6917
KRT7,6918
ZC3H10,6919
HNRNPA1,6920
ACVR1B,6921
OS9,6922
MIP,6923
KCNH3,6924
LTV1,6925
MAP7,6926
CD164,6927
AFG1L,6928
NHSL1,6929
AHI1,6930
HEY2,6931
PKIB,6932
NMBR,6933
SMPD2,6934
MICAL1,6935
REPS1,6936
STX11,6937
TEC,6938
PRADC1,6939
SEMA4F,6940
CCT7,6941
EGR4,6942
RAB11FIP5,6943
SMYD5,6944
DYSF,6945
CCDC142,6946
EMX1,6947
KCNMB4,6948
USP15,6949
GNS,6950
CPM,6951
MDM2,6952
KLHL36,6953
BCO1,6954
MPHOSPH6,6955
CHST5,6956
KIAA0513,6957
DYNC1LI2,6958
FBXL8,6959
FHOD1,6960
CCDC102A,6961
SLC9A5,6962
AGT,6963
PCNX2,6964
KCNK1,6965
URB2,6966
EGLN1,6967
CAPN9,6968
COG2,6969
ABCB10,6970
NTPCR,6971
TAF5L,6972
GLUL,6973
STX6,6974
RGS8,6975
RNASEL,6976
DHX9,6977
KIAA1614,6978
CEP350,6979
NPL,6980
NIBAN1,6981
PIGC,6982
LAMC1,6983
RC3H1,6984
GPR55,6985
SP110,6986
MRPL44,6987
CHRND,6988
PAX3,6989
DOCK10,6990
TTLL4,6991
USP37,6992
HTR2B,6993
ITM2C,6994
SLC19A3,6995
SERPINE2,6996
DNAJB2,6997
WNT10A,6998
TMBIM1,6999
CYP27A1,7000
EIF4E2,7001
ARMC9,7002
CAB39,7003
COX5B,7004
REV1,7005
TSGA10,7006
MFSD9,7007
TMEM127,7008
EDAR,7009
TGFBRAP1,7010
GCC2,7011
MRPS9,7012
GPR45,7013
C2orf49,7014
ANKRD36,7015
EPC2,7016
ARHGEF4,7017
ISCU,7018
ALDH1L2,7019
STAB2,7020
USP44,7021
SCYL2,7022
CKAP4,7023
PLXNC1,7024
APPL2,7025
PWP1,7026
DRAM1,7027
WASHC4,7028
SLC41A2,7029
VILL,7030
FLNB,7031
NEK3,7032
PCDH8,7033
VPS36,7034
RNASEH2B,7035
CKAP2,7036
CNMD,7037
TBC1D4,7038
THSD1,7039
BORA,7040
LRCH1,7041
SUCLA2,7042
RCBTB1,7043
MED4,7044
PHF11,7045
COG3,7046
LMO7,7047
SCEL,7048
ITM2B,7049
SPRY2,7050
NUDT15,7051
EDNRB,7052
RCBTB2,7053
LCP1,7054
SETDB2,7055
SCRN1,7056
C7orf25,7057
TNS3,7058
SPDYE1,7059
CHST12,7060
IGF2BP3,7061
GPNMB,7062
RAPGEF5,7063
RAC1,7064
KDELR2,7065
NUP42,7066
IL6,7067
ZDHHC4,7068
AOAH,7069
BZW2,7070
DGKB,7071
TBRG4,7072
DDX56,7073
HUS1,7074
NACAD,7075
DBNL,7076
CCM2,7077
MYO1G,7078
TTYH3,7079
MMD2,7080
CIDEB,7081
TTC5,7082
NKX2-8,7083
NKX2-1,7084
ZFHX2,7085
MTHFS,7086
ADAMTS7,7087
ABHD17C,7088
IREB2,7089
ALPK3,7090
TM6SF1,7091
CIB2,7092
CALCOCO2,7093
RSAD1,7094
NMT1,7095
MYCBPAP,7096
SRSF1,7097
VEZF1,7098
CHAD,7099
TACO1,7100
TEX2,7101
DCAF7,7102
GH2,7103
CSH1,7104
LIMD2,7105
BRIP1,7106
KAT7,7107
RTP4,7108
ACTL6A,7109
NDUFB5,7110
MRPL47,7111
TRA2B,7112
SCN2A,7113
TBR1,7114
MARCHF7,7115
ERMN,7116
GALNT5,7117
SCN7A,7118
TANK,7119
BLK,7120
GATA4,7121
SKIL,7122
EPRS1,7123
HLX,7124
VPS45,7125
IL10,7126
KCTD3,7127
RPS6KC1,7128
ZNG1B,7129
IL36G,7130
IL1RN,7131
IL36A,7132
IL36RN,7133
IL36B,7134
IL1F10,7135
CFC1,7136
SMPD4,7137
WDR33,7138
VMA22,7139
SAP130,7140
BIN1,7141
IMP4,7142
HS6ST1,7143
UGGT1,7144
GYPC,7145
STAM,7146
GAD2,7147
ABI1,7148
YME1L1,7149
DNAJC1,7150
NIPSNAP3A,7151
LRRC8A,7152
CDK9,7153
TXN,7154
ODF2,7155
ECPAS,7156
TOR1B,7157
C9orf78,7158
SMC2,7159
KLF4,7160
TOR1A,7161
RALGPS1,7162
NIBAN2,7163
OR1J1,7164
OR13C9,7165
ST6GALNAC4,7166
TMOD1,7167
DAB2IP,7168
STXBP1,7169
SLC2A8,7170
ANGPTL2,7171
CDK5RAP2,7172
ZFP37,7173
SLC31A2,7174
SLC31A1,7175
TLR4,7176
ZNF189,7177
ALDOB,7178
STX17,7179
PRPF4,7180
FPGS,7181
USP20,7182
BAAT,7183
KIF12,7184
ATP6V1G1,7185
TEX10,7186
GARNL3,7187
MRPL50,7188
DPM2,7189
WDR38,7190
TSTD2,7191
GABBR2,7192
HEMGN,7193
PSMB7,7194
NR5A1,7195
TRMO,7196
RABEPK,7197
GOLGA1,7198
XPA,7199
NCBP1,7200
ANP32B,7201
OR1L4,7202
PDCL,7203
RPL35,7204
CTSV,7205
LMX1B,7206
ARPC5L,7207
ENPP2,7208
DSCC1,7209
DERL1,7210
MYC,7211
CCN3,7212
IL33,7213
DMAC1,7214
RANBP6,7215
POLR1E,7216
PLAA,7217
IL11RA,7218
UBAP2,7219
APTX,7220
RNF38,7221
TLN1,7222
CCL21,7223
SIT1,7224
IFNA21,7225
DMRT1,7226
DNAJB5,7227
SPAG8,7228
DCTN3,7229
CD72,7230
TMEM8B,7231
GRHPR,7232
ALDH1B1,7233
HINT2,7234
ARHGEF39,7235
IGFBPL1,7236
DENND4C,7237
RPS6,7238
CNPY3,7239
FOXP4,7240
PPIL1,7241
KLC4,7242
KIF13A,7243
ZSCAN9,7244
PIM1,7245
GMPR,7246
CMTR1,7247
TFAP2A,7248
SLC22A7,7249
YIPF3,7250
TMEM14B,7251
TMEM63B,7252
FRS3,7253
TJAP1,7254
CAPN11,7255
TINAG,7256
HCRTR2,7257
KIAA0319,7258
IRF4,7259
SLC22A23,7260
TUBB2A,7261
LRRC1,7262
GCM1,7263
FOXF2,7264
BPHL,7265
RIPK1,7266
TUBB2B,7267
UQCC2,7268
HMGA1,7269
TCF19,7270
FLOT1,7271
IER3,7272
MDC1,7273
PGBD1,7274
ATAT1,7275
TPMT,7276
CLPS,7277
RNF144B,7278
NRM,7279
MTCH1,7280
VARS2,7281
TAF8,7282
FAM8A1,7283
C6orf52,7284
FGFBP1,7285
FGFBP2,7286
CPEB2,7287
FHDC1,7288
TLR2,7289
MGARP,7290
TTC29,7291
MYO7A,7292
FCHSD2,7293
ARRB1,7294
SLCO2B1,7295
THAP12,7296
ANKRD42,7297
IL18BP,7298
NUMA1,7299
CCDC90B,7300
SYTL2,7301
RAB30,7302
CREBZF,7303
LRRC32,7304
PRCP,7305
NARS2,7306
RNF121,7307
MRPL15,7308
PI15,7309
TTPA,7310
GGH,7311
SLCO5A1,7312
SULF1,7313
TGS1,7314
SDCBP,7315
NEK1,7316
DDX60,7317
NXPE4,7318
SORL1,7319
TMPRSS4,7320
BUD13,7321
TRPC6,7322
MMP7,7323
MMP20,7324
MMP27,7325
CFAP300,7326
DCUN1D5,7327
YAP1,7328
TRIM29,7329
SLC37A4,7330
BTG4,7331
POU2F3,7332
RDX,7333
PPP2R1B,7334
FDX1,7335
CFAP68,7336
FXYD6,7337
ARHGAP20,7338
FXYD2,7339
MMP13,7340
TMPRSS13,7341
CASP1,7342
CASP5,7343
ALKBH8,7344
MAP2K5,7345
UNC13C,7346
SQOR,7347
CTDSPL2,7348
SLTM,7349
THBS1,7350
MAPKBP1,7351
NUSAP1,7352
NDUFAF1,7353
KIF23,7354
ITGA11,7355
KNL1,7356
HAUS2,7357
RTF1,7358
PARP6,7359
RPLP1,7360
PAQR5,7361
LRRC49,7362
TUBGCP4,7363
RMDN3,7364
ITPKA,7365
UACA,7366
SMAD6,7367
PLCB2,7368
TMEM62,7369
PAK6,7370
ADAM10,7371
DUOX1,7372
SLC28A2,7373
STRA6,7374
CYP19A1,7375
ZNF280D,7376
SEMA6D,7377
BCL2L10,7378
RSL24D1,7379
SPTBN5,7380
GCHFR,7381
BCAR3,7382
TTLL7,7383
FNBP1L,7384
KYAT3,7385
GTF2B,7386
BRDT,7387
RABGGTB,7388
IFI44L,7389
GIPC2,7390
ARHGAP29,7391
IFI44,7392
SLC44A5,7393
CLCA2,7394
DNASE2B,7395
DBT,7396
RTCA,7397
IFT172,7398
SELENOI,7399
CGREF1,7400
HADHB,7401
KHK,7402
ADCY3,7403
PPM1B,7404
PNPT1,7405
DYNC2LI1,7406
LHCGR,7407
THUMPD2,7408
CYP1B1,7409
SULT6B1,7410
RAB1A,7411
ACTR2,7412
PREB,7413
SLC5A6,7414
ABCG5,7415
PREPL,7416
SLC3A1,7417
EMILIN1,7418
FBXO11,7419
SIX3,7420
ATRAID,7421
CENPO,7422
LRPPRC,7423
TRIM54,7424
DTNB,7425
ACTR1A,7426
CYP2C9,7427
MFSD13A,7428
CYP2C8,7429
MYOF,7430
LOXL4,7431
STAMBPL1,7432
CH25H,7433
LBX1,7434
ATAD1,7435
BTBD16,7436
KIF11,7437
CUZD1,7438
TACC2,7439
DUSP5,7440
CALHM2,7441
ARL3,7442
CEP55,7443
KIF20B,7444
ENTPD1,7445
EXOC6,7446
PLCE1,7447
RBP4,7448
DBR1,7449
DNAJC13,7450
GPR87,7451
ANXA7,7452
FAM149B1,7453
ASCC1,7454
PLA2G12B,7455
ZNF365,7456
OIT3,7457
ADAMTS14,7458
RPS24,7459
TET1,7460
DNA2,7461
MYPN,7462
AOX1,7463
ATIC,7464
SMARCAL1,7465
BARD1,7466
STAT4,7467
MSTN,7468
CARF,7469
ASNSD1,7470
METTL5,7471
SSB,7472
NAB1,7473
CDK15,7474
PPIG,7475
FASTKD1,7476
MDH1B,7477
HECW2,7478
IDH1,7479
OLA1,7480
CIRSR,7481
ITPRID2,7482
CHRNA1,7483
FAM117B,7484
WDR12,7485
ABI2,7486
ITGAV,7487
SLC40A1,7488
SLC35A5,7489
SLC49A4,7490
SENP7,7491
GUCA1C,7492
CCDC54,7493
COX17,7494
PARP9,7495
MNS1,7496
USP8,7497
SECISBP2L,7498
TMOD3,7499
SPPL2A,7500
GLCE,7501
SHF,7502
APH1B,7503
INTS14,7504
CILP,7505
PARP16,7506
PPCDC,7507
HCN4,7508
SEMA7A,7509
UBL7,7510
ARHGAP24,7511
FAM13A,7512
HERC3,7513
HERC6,7514
HERC5,7515
PCDH10,7516
NDST4,7517
ZGRF1,7518
AP1AR,7519
COPS4,7520
HNRNPD,7521
PRKG2,7522
RASGEF1B,7523
SEC31A,7524
FGF5,7525
GPAT3,7526
IL21,7527
FGF2,7528
BBS7,7529
BLTP1,7530
BMPR1B,7531
RAP1GDS1,7532
LARP1B,7533
MMRN1,7534
PDE5A,7535
PRDM5,7536
TRPC3,7537
NAAA,7538
NUP54,7539
CXCL9,7540
BMP2K,7541
G3BP2,7542
SEPTIN11,7543
FRAS1,7544
SCARB2,7545
CCNG2,7546
CNOT6L,7547
USO1,7548
CDKL2,7549
SHROOM3,7550
ANXA3,7551
PPA2,7552
CENPE,7553
GSTCD,7554
INTS12,7555
ENPEP,7556
CASP6,7557
LEF1,7558
HADH,7559
EGF,7560
PAPSS1,7561
SEC24B,7562
C4orf17,7563
PPP3CA,7564
SLC39A8,7565
MTTP,7566
FBN2,7567
MAPK8IP3,7568
RGS3,7569
GUCD1,7570
TTLL8,7571
RNF185,7572
SHISAL1,7573
PARVG,7574
B4GALNT3,7575
PDE6H,7576
ERP27,7577
ETV6,7578
GABARAPL1,7579
KIF21A,7580
CPNE8,7581
YARS2,7582
FGD4,7583
ALG10,7584
PIK3C2G,7585
SINHCAF,7586
PLCZ1,7587
AEBP2,7588
SLCO1C1,7589
ETFBKMT,7590
ETNK1,7591
ZCRB1,7592
TMEM117,7593
PRICKLE1,7594
C1RL,7595
NDUFA9,7596
CLSTN3,7597
KLRG1,7598
VAMP1,7599
TAPBPL,7600
CD27,7601
RBP5,7602
PEX5,7603
PIANP,7604
SLC38A4,7605
AMIGO2,7606
SCAF11,7607
COL2A1,7608
PPFIA2,7609
ANP32D,7610
LLPH,7611
LRIG3,7612
MARCHF9,7613
INHBE,7614
GLIPR1,7615
TPH2,7616
PHLDA1,7617
TMEM19,7618
LGR5,7619
PTPRQ,7620
DUSP6,7621
POC1B,7622
TMTC3,7623
LUM,7624
KERA,7625
SNRPF,7626
AMDHD1,7627
NEDD1,7628
SYCP3,7629
ASCL1,7630
GAS2L3,7631
TMEM132B,7632
SLC15A4,7633
TDG,7634
RITA1,7635
SDSL,7636
MMAB,7637
GLTP,7638
GIT2,7639
TCHP,7640
FAM222A,7641
FOXN4,7642
NUP58,7643
MTMR6,7644
SLC46A3,7645
SLC7A1,7646
PDX1,7647
LNX2,7648
SUOX,7649
CCDC65,7650
SLC39A5,7651
TARBP2,7652
RDH16,7653
DHH,7654
ACVRL1,7655
GPR84,7656
NPFF,7657
NABP2,7658
N4BP2L1,7659
CELA1,7660
SMARCC2,7661
BRCA2,7662
KANSL2,7663
CERS5,7664
MAP3K12,7665
ITGB7,7666
GALNT6,7667
CSAD,7668
LMBR1L,7669
MYG1,7670
ESYT1,7671
TMBIM6,7672
ANKRD52,7673
KRT71,7674
ZNF740,7675
SMIM2,7676
WDFY2,7677
HNRNPA1L2,7678
LPAR6,7679
ESD,7680
RB1,7681
SBNO1,7682
MORN3,7683
SETD1B,7684
VPS33A,7685
VPS37B,7686
RHOF,7687
DENR,7688
DIAPH3,7689
SLAIN1,7690
RBM26,7691
SRRM4,7692
METTL21C,7693
MBNL2,7694
RNF113B,7695
ZIC5,7696
ABHD13,7697
RAB20,7698
GRTP1,7699
CUL4A,7700
TTC6,7701
SSTR1,7702
CDH24,7703
REM2,7704
CBLN3,7705
TSSK4,7706
NOVA1,7707
FITM1,7708
MDGA2,7709
TMX1,7710
FRMD6,7711
PELI2,7712
RTN1,7713
ARMH4,7714
SYT16,7715
SLC38A6,7716
NAA30,7717
ADAM21,7718
RDH12,7719
DCAF5,7720
RAB15,7721
WDR89,7722
ESR2,7723
KCNH5,7724
STON2,7725
EFCAB11,7726
GPR65,7727
PTGR2,7728
JDP2,7729
AK7,7730
FAM181A,7731
SLC24A4,7732
FBLN5,7733
SERPINA10,7734
CLBA1,7735
WARS1,7736
SLC25A47,7737
WDR20,7738
NIPA2,7739
SLC12A6,7740
DUOXA1,7741
MFAP1,7742
TCF12,7743
SORD,7744
SERF2,7745
ZSCAN29,7746
DUOXA2,7747
DUOX2,7748
LYSMD2,7749
SLC27A2,7750
FGF7,7751
HDC,7752
GCNT3,7753
BNIP2,7754
GTF2A2,7755
SRP14,7756
BAHD1,7757
DISP2,7758
CDAN1,7759
TLE3,7760
ANP32A,7761
COMMD4,7762
UBE2Q2,7763
PSTPIP1,7764
ETFA,7765
BCL2A1,7766
HMG20A,7767
SCAPER,7768
TSPAN3,7769
SKIC8,7770
NCOA2,7771
NEIL1,7772
MAN2C1,7773
DNAJA4,7774
TLNRD1,7775
TPM1,7776
IGF1R,7777
ARRDC4,7778
PIF1,7779
USP3,7780
CYP11A1,7781
BBS4,7782
PML,7783
CYP1A1,7784
ADAMTS17,7785
LINS1,7786
ULK3,7787
GOLGA6D,7788
PCSK6,7789
CCDC33,7790
CELF6,7791
SCAMP2,7792
CYP1A2,7793
LMAN1L,7794
HAPLN3,7795
RHCG,7796
POLG,7797
RLBP1,7798
FANCI,7799
ABHD2,7800
WDR93,7801
TICRR,7802
NTRK3,7803
DET1,7804
MFGE8,7805
ZNF710,7806
UNC45A,7807
ST8SIA2,7808
MCTP2,7809
FURIN,7810
IQGAP1,7811
CRTC3,7812
EFL1,7813
SH3GL3,7814
SEC11A,7815
SEPTIN12,7816
GLYR1,7817
PMM2,7818
SLC5A2,7819
ITGAX,7820
TGFB1I1,7821
RUSF1,7822
ARMC5,7823
PARN,7824
FTO,7825
UQCRC2,7826
CDR2,7827
IGSF6,7828
ARHGAP17,7829
MYLK3,7830
ABCC12,7831
NKD1,7832
DHX38,7833
TXNL4B,7834
MARVELD3,7835
CHST4,7836
ZFHX3,7837
CLEC18B,7838
CPNE2,7839
NLRC5,7840
KATNB1,7841
KIFC3,7842
ADAMTS18,7843
NUDT7,7844
GCSH,7845
CMTM3,7846
CMTM2,7847
CDH11,7848
NOL3,7849
MAP1LC3B,7850
MBTPS1,7851
CDH13,7852
ZCCHC14,7853
MEAK7,7854
ADAD2,7855
OSGIN1,7856
IRF8,7857
RHOT2,7858
RPL3L,7859
ZSCAN32,7860
RPS2,7861
NDUFB10,7862
PDPK1,7863
TIGD7,7864
DEF8,7865
TCF25,7866
GALNS,7867
GAS8,7868
MED9,7869
NCOR1,7870
COPS3,7871
GID4,7872
ZNF287,7873
MYOCD,7874
KSR1,7875
UTP4,7876
RANBP10,7877
CTRL,7878
DPEP3,7879
GFOD2,7880
NOB1,7881
PRPSAP2,7882
UNC45B,7883
PCTP,7884
OR4D1,7885
TOM1L1,7886
KIF2B,7887
MTNAP1,7888
TOB1,7889
VPS53,7890
SPATA22,7891
SGSM2,7892
NPEPPS,7893
SKAP1,7894
LRRC46,7895
SCRN2,7896
SSH2,7897
RHBDL3,7898
SPACA3,7899
ARSG,7900
ABCA8,7901
G6PC3,7902
CLTC,7903
CHCT1,7904
BCAS3,7905
PTRH2,7906
SS18,7907
TAF4B,7908
AFG3L2,7909
PRELID3A,7910
IMPA2,7911
GNAL,7912
SLC39A6,7913
RPRD1A,7914
RMP24,7915
GALNT1,7916
ASXL3,7917
ADCYAP1,7918
MEP1B,7919
SLC25A52,7920
GAREM1,7921
ESCO1,7922
OSBPL1A,7923
GATA6,7924
GREB1L,7925
RMC1,7926
PELP1,7927
NPC1,7928
SLC14A1,7929
ARRB2,7930
SLC13A5,7931
ZMYND15,7932
WRAP53,7933
MINK1,7934
SAT2,7935
ASGR1,7936
PIK3R5,7937
TP53,7938
CCDC40,7939
ARHGDIA,7940
TMC6,7941
SLC16A3,7942
CARD14,7943
TTYH2,7944
RAB40B,7945
EIF4A3,7946
CSNK1D,7947
ANAPC11,7948
TBCD,7949
FN3KRP,7950
NARF,7951
RPTOR,7952
FOXK2,7953
TRIM65,7954
CBX8,7955
SECTM1,7956
RNF157,7957
CEP131,7958
ZNF750,7959
WDR45B,7960
CBX4,7961
ARK2C,7962
DYM,7963
MAPK4,7964
ELAC1,7965
MBD1,7966
SMAD4,7967
TNFRSF11A,7968
ZCCHC2,7969
FBXO15,7970
CBLN2,7971
PMAIP1,7972
P3H4,7973
NT5C3B,7974
RETREG3,7975
ERBB2,7976
GRB7,7977
MIEN1,7978
PNMT,7979
ARL5C,7980
STAC2,7981
IGFBP4,7982
FKBP10,7983
TXNL4A,7984
CACNA1A,7985
MISP3,7986
SAMD1,7987
BRD4,7988
SLC39A3,7989
NFIC,7990
TPGS1,7991
PLPP2,7992
ZIM3,7993
PRDM15,7994
PFKL,7995
FEM1A,7996
VAV1,7997
MVB12A,7998
CIB3,7999
SH3GL1,8000
DUS3L,8001
DPP9,8002
DMRTC2,8003
CCDC97,8004
TMEM91,8005
ZFP14,8006
SIRT3,8007
IFITM3,8008
PGGHG,8009
HUNK,8010
COL6A1,8011
IFNAR1,8012
SOD1,8013
COL6A2,8014
SIK1,8015
DNMT3L,8016
TRPM2,8017
SCYL1,8018
TMEM50B,8019
APP,8020
DOP1B,8021
URB1,8022
AKT1,8023
IL19,8024
EMP3,8025
SAE1,8026
NTN5,8027
LMTK3,8028
GEMIN7,8029
CBLC,8030
WTIP,8031
ADAMTS10,8032
SLC6A3,8033
RNPEPL1,8034
CAPN10,8035
MYO1F,8036
NLRP12,8037
CACNG8,8038
ZNF787,8039
TIMM29,8040
FBN3,8041
CARM1,8042
EVI5L,8043
TM4SF5,8044
SLC47A1,8045
PSMB6,8046
GPR32,8047
SIGLEC10,8048
ACP4,8049
KLK3,8050
ZNF473,8051
GARIN5A,8052
RPS11,8053
PTH2,8054
RPL13A,8055
CTU1,8056
NOSIP,8057
IGLON5,8058
RCN3,8059
ZNF614,8060
SLC2A5,8061
RERE,8062
MMEL1,8063
CFAP74,8064
PRDM16,8065
CELA2A,8066
PADI3,8067
FHAD1,8068
PADI1,8069
EPHA2,8070
ARHGEF19,8071
EFHD2,8072
PEX14,8073
PGD,8074
MYOM3,8075
SH3BGRL3,8076
CNKSR1,8077
RPL11,8078
IL22RA1,8079
ZNF593,8080
C1orf216,8081
KIAA0319L,8082
EVA1B,8083
C1orf94,8084
DMRTA2,8085
PLK4,8086
MAP3K6,8087
FCN3,8088
GPN2,8089
SYTL1,8090
WDTC1,8091
CELA3A,8092
NBPF3,8093
HSPG2,8094
ITGB3BP,8095
SERBP1,8096
BCL10,8097
CCN1,8098
PRKACB,8099
PIGK,8100
TINAGL1,8101
AZIN2,8102
RPS8,8103
KIF2C,8104
PTPRF,8105
BEST4,8106
MOB3C,8107
CYP4B1,8108
TMEM61,8109
LMO4,8110
SYPL2,8111
BARHL2,8112
MTF2,8113
SLC44A3,8114
IGSF3,8115
ZNF697,8116
CTTNBP2NL,8117
STRIP1,8118
KCNA10,8119
PSMA5,8120
FNDC7,8121
C1orf162,8122
CD53,8123
PROK1,8124
CELSR2,8125
ITGA10,8126
GPR161,8127
ALDH9A1,8128
ATP1B1,8129
TIPRL,8130
NME7,8131
POGK,8132
MPC2,8133
CREG1,8134
DCAF6,8135
GPA33,8136
RXRG,8137
TBX19,8138
UCK2,8139
TMCO1,8140
XCL1,8141
XCL2,8142
POU2F1,8143
MAEL,8144
ILDR2,8145
DPT,8146
MGST3,8147
ADCY10,8148
COP1,8149
NECTIN4,8150
UFC1,8151
PPOX,8152
FCGR2A,8153
NUF2,8154
RGS5,8155
SDHC,8156
PFDN2,8157
NR1I3,8158
USP21,8159
F13B,8160
PRCC,8161
FCRL5,8162
METTL25B,8163
MRPL24,8164
PIGM,8165
CASQ1,8166
ISG20L2,8167
CRABP2,8168
HDGF,8169
ABL2,8170
XPR1,8171
RGS16,8172
TOR1AIP1,8173
FAM163A,8174
HMCN1,8175
RGL1,8176
LYPLAL1,8177
LHX9,8178
PRUNE1,8179
RORC,8180
TUFT1,8181
SF3B4,8182
ECM1,8183
ZNF687,8184
TARS2,8185
CGN,8186
SNX27,8187
SETDB1,8188
ADAMTSL4,8189
MCL1,8190
CTSK,8191
RFX5,8192
PI4KB,8193
PIP5K1A,8194
ANP32E,8195
MINDY1,8196
ANXA9,8197
SELENBP1,8198
CERS2,8199
ENSA,8200
SEMA6C,8201
MRPL9,8202
ARNT,8203
POGZ,8204
C1orf56,8205
OAZ3,8206
HORMAD1,8207
GOLPH3L,8208
GABPB2,8209
SYT14,8210
KCNH1,8211
DTL,8212
DYRK3,8213
EIF2D,8214
INTS7,8215
VASH2,8216
TAF1A,8217
SMYD2,8218
SUSD4,8219
DUSP10,8220
HHIPL2,8221
TP53BP2,8222
ATP8B2,8223
FLG2,8224
CRNN,8225
ADAM15,8226
JTB,8227
RAB13,8228
S100A8,8229
TPM3,8230
NUP210L,8231
SNAPIN,8232
SLC27A3,8233
S100A7,8234
UBAP2L,8235
SLC39A1,8236
HAX1,8237
CREB3L4,8238
EFNA3,8239
AQP10,8240
KCNN3,8241
C1orf43,8242
GATAD2B,8243
ILF2,8244
RIT1,8245
INTS3,8246
PKLR,8247
HCN3,8248
FLG,8249
ACTA1,8250
FSAF1,8251
GALNT2,8252
TTC13,8253
SCCPDH,8254
LYST,8255
MAP3K21,8256
CEP170,8257
ACP1,8258
SNAP47,8259
SRP9,8260
NVL,8261
SDE2,8262
DEGS1,8263
FBXO28,8264
ARF1,8265
LEFTY2,8266
CNIH4,8267
ITPKB,8268
GUK1,8269
CDC42BPA,8270
CNIH3,8271
C1orf35,8272
MBOAT2,8273
PARP1,8274
PSEN2,8275
PYCR2,8276
LBR,8277
WNT9A,8278
EPHX1,8279
REN,8280
SOX13,8281
ETNK2,8282
PPFIA4,8283
PLEKHA6,8284
PTPN7,8285
SYT2,8286
ARL8A,8287
OSR1,8288
GDF7,8289
PDIA6,8290
RHOB,8291
ATP6V1C2,8292
HNRNPLL,8293
GALM,8294
CAMKMT,8295
ABCG8,8296
EML4,8297
CALM2,8298
CHAC2,8299
RPS27A,8300
WDPCP,8301
VPS54,8302
REG3G,8303
ASXL2,8304
ETAA1,8305
SNRPG,8306
ABHD1,8307
MEIS1,8308
TRIM43B,8309
TRIM43,8310
CIAO1,8311
ZNF514,8312
SNRNP200,8313
MRPS5,8314
ANKRD53,8315
TPRKB,8316
NAT8,8317
EXOC6B,8318
SFXN5,8319
TEX261,8320
DQX1,8321
DUSP11,8322
ST6GAL2,8323
NPHP1,8324
MALL,8325
THNSL2,8326
RALB,8327
C1QL2,8328
TMEM177,8329
NT5DC4,8330
RABL2A,8331
SLC20A1,8332
FBLN7,8333
ZC3H8,8334
LIPT1,8335
CNGA3,8336
FAHD2B,8337
LYG1,8338
AFF3,8339
UBXN4,8340
NXPH2,8341
SPOPL,8342
THSD7B,8343
GPR17,8344
POLR2D,8345
AMMECR1L,8346
GALNT13,8347
PKP4,8348
SCN1A,8349
SLC4A10,8350
SCRN3,8351
LNPK,8352
ZNF385B,8353
TMEFF2,8354
CDCA7,8355
DLX1,8356
UBR3,8357
PHOSPHO2,8358
GULP1,8359
FAM171B,8360
HSPD1,8361
CCDC150,8362
METTL21A,8363
UNC80,8364
PTH2R,8365
CPO,8366
NBEAL1,8367
KANSL1L,8368
SPAG16,8369
ABCA12,8370
SUMF1,8371
NYAP2,8372
RHBDD1,8373
ACKR3,8374
TRPM8,8375
HES6,8376
ESPNL,8377
ANKMY1,8378
COPS7B,8379
DIS3L2,8380
CPNE9,8381
FANCD2,8382
TAMM41,8383
VGLL4,8384
RAB5A,8385
RETREG2,8386
CTDSP1,8387
CNOT9,8388
MARCHF4,8389
STK11IP,8390
GMPPA,8391
GRIP2,8392
EAF1,8393
CNTN4,8394
DYNC1LI1,8395
RBMS3,8396
GADL1,8397
OSBPL10,8398
POMGNT2,8399
ACKR2,8400
GASK1A,8401
CSRNP1,8402
SLC25A38,8403
ITGA9,8404
SLC22A14,8405
GOLGA4,8406
CTDSPL,8407
STAC,8408
IQSEC1,8409
CAND2,8410
RPL32,8411
PTPRG,8412
IL17RD,8413
SHQ1,8414
SLC25A26,8415
UBA3,8416
ARL6IP5,8417
TMF1,8418
LRIG1,8419
LRTM1,8420
LIMD1,8421
ZNF660,8422
NFKBIZ,8423
COL8A1,8424
NXPE3,8425
ADGRG7,8426
MYH15,8427
PHLDB2,8428
ABHD10,8429
TAGLN3,8430
PLA1A,8431
RABL3,8432
ADPRH,8433
IGSF11,8434
ATG3,8435
NR1I2,8436
BOC,8437
SRPRB,8438
TMEM108,8439
AGTR1,8440
MED12L,8441
EIF2A,8442
ALDH1L1,8443
OSBPL11,8444
TRPC1,8445
NCEH1,8446
SPATA16,8447
FAM86B2,8448
LPP,8449
TMEM44,8450
RUBCN,8451
AMT,8452
TCTA,8453
NICN1,8454
UCN2,8455
DCAF1,8456
MANF,8457
STXBP5L,8458
EAF2,8459
ILDR1,8460
TM4SF19,8461
MUC4,8462
SLIT2,8463
EIF2B5,8464
AHSG,8465
ECE2,8466
VWA5B2,8467
DGKQ,8468
FIP1L1,8469
SLC26A1,8470
LYAR,8471
CENPC,8472
EPHA5,8473
CORIN,8474
ATP10D,8475
OCIAD2,8476
SLC10A4,8477
SLC10A6,8478
SCD5,8479
PLAC8,8480
ENOPH1,8481
CABS1,8482
GC,8483
TRMT10A,8484
KLHL8,8485
SNCA,8486
PYURF,8487
TBCK,8488
CAMK2D,8489
CISD2,8490
DDIT4L,8491
ANK2,8492
TIFA,8493
AFG2A,8494
FABP2,8495
CCNA2,8496
METTL14,8497
USP53,8498
SETD7,8499
NAF1,8500
MARCHF1,8501
SFRP2,8502
RPS3A,8503
RNF175,8504
PDGFC,8505
CBR4,8506
GLRA3,8507
CYP4V2,8508
ROPN1L,8509
NDUFS6,8510
MARCHF6,8511
NKD2,8512
CDH18,8513
ADAMTS16,8514
SRD5A1,8515
MYO10,8516
OTULINL,8517
RPL37,8518
SKP2,8519
OSMR,8520
UGT3A1,8521
PLK2,8522
SHISAL2B,8523
GZMA,8524
PIK3R1,8525
HAPLN1,8526
LHFPL2,8527
SSBP2,8528
BHMT,8529
ANKRD31,8530
IQGAP2,8531
CRHBP,8532
RASA1,8533
LIX1,8534
GIN1,8535
PPIP5K2,8536
PAM,8537
BDP1,8538
GTF2H2,8539
SLC30A5,8540
BTF3,8541
FBXL17,8542
SPATA9,8543
TSLP,8544
TNFAIP8,8545
FEM1C,8546
COMMD10,8547
ATG12,8548
MEGF10,8549
ADAMTS19,8550
YIPF5,8551
ARHGAP26,8552
CXCL14,8553
SLC25A48,8554
DDX46,8555
TIMD4,8556
RNF145,8557
C1QTNF2,8558
GABRA6,8559
GABRB2,8560
FBXO38,8561
SPINK7,8562
PCYOX1L,8563
GLRA1,8564
TNIP1,8565
G3BP1,8566
ZNF300,8567
N4BP3,8568
NHP2,8569
RMND5B,8570
BOD1,8571
CPLX2,8572
TENM2,8573
KCNMB1,8574
FAM50B,8575
MYLK4,8576
FAM217A,8577
TBC1D7,8578
FARS2,8579
GFOD1,8580
CDKAL1,8581
PSD2,8582
LRRTM2,8583
ZMAT2,8584
GFRA3,8585
KLHL3,8586
DCDC2,8587
SLC17A4,8588
TRIM7,8589
TRIM41,8590
HIGD2A,8591
FAM193B,8592
PLA2G7,8593
TNFRSF21,8594
RNF44,8595
MMUT,8596
RASGEF1C,8597
DOK3,8598
ABT1,8599
PPP1R18,8600
DAAM2,8601
PRIM2,8602
MLIP,8603
HMGCLL1,8604
LGSN,8605
FGD2,8606
SCUBE3,8607
ANO7,8608
CRIP3,8609
TTBK1,8610
TCTE1,8611
RPL7L1,8612
NFKBIE,8613
CYP39A1,8614
TPBG,8615
IRAK1BP1,8616
PHIP,8617
PRSS35,8618
MMS22L,8619
FAXC,8620
GABRR1,8621
PNRC1,8622
PM20D2,8623
RARS2,8624
SCML4,8625
TBC1D32,8626
CLVS2,8627
RNF217,8628
RSPO3,8629
ARHGAP18,8630
TAAR2,8631
TAAR6,8632
TAAR8,8633
ABRACL,8634
TAAR1,8635
SLC18B1,8636
MTFR2,8637
SLC2A12,8638
SHPRH,8639
AIG1,8640
DYNLT1,8641
TIAM2,8642
TMEM181,8643
PNLDC1,8644
WTAP,8645
ZMYM4,8646
VIP,8647
ARMT1,8648
SLC22A3,8649
VWDE,8650
GNA12,8651
CHLSN,8652
SDK1,8653
CCZ1B,8654
INTS15,8655
RBAK,8656
CREB5,8657
EGFR,8658
CDCA5,8659
IGFBP3,8660
PURB,8661
IGFBP1,8662
SSC4D,8663
MDH2,8664
POMZP3,8665
NIPSNAP2,8666
CCT6A,8667
PSPH,8668
TRIM50,8669
ZNF92,8670
ATXN7L1,8671
TMEM168,8672
ASB15,8673
TRAPPC14,8674
SLC12A9,8675
GIGYF1,8676
TRIM4,8677
MEPCE,8678
ZAN,8679
TMEM209,8680
AGBL3,8681
STRA8,8682
ZC3HAV1L,8683
TMEM140,8684
TLK2,8685
EPHA1,8686
NOM1,8687
CNPY1,8688
NCAPG2,8689
ASB10,8690
NLGN4X,8691
SHROOM2,8692
RAB19,8693
LUC7L2,8694
DENND2A,8695
CLTRN,8696
SH3KBP1,8697
TMEM47,8698
LANCL3,8699
SYTL5,8700
CASK,8701
KDM6A,8702
SPIN2A,8703
MSN,8704
AKAP4,8705
CCNB3,8706
HDAC8,8707
SLC16A2,8708
DIPK2B,8709
ZNF157,8710
ZNF182,8711
CHST7,8712
KRBOX4,8713
NDUFB11,8714
ZNF41,8715
RAB41,8716
ZMYM3,8717
TAF1,8718
GPR174,8719
NONO,8720
CCDC120,8721
LPAR4,8722
EBP,8723
AWAT2,8724
OGT,8725
SNX12,8726
ITGB1BP2,8727
IL2RG,8728
GCNA,8729
ZNF711,8730
CPXCR1,8731
DIAPH2,8732
NXF3,8733
RIPPLY1,8734
PRPS1,8735
RADX,8736
FRMPD3,8737
HTR2C,8738
DOCK11,8739
IGSF1,8740
ARHGAP36,8741
GPC3,8742
GPR119,8743
RBMX,8744
MCPH1,8745
MFHAS1,8746
FBXO25,8747
FATE1,8748
MAGEA4,8749
NSDHL,8750
ZNF185,8751
CETN2,8752
RPL10,8753
CSGALNACT1,8754
ATP6V1B2,8755
CCDC25,8756
HMBOX1,8757
CHRNB3,8758
CHRNA6,8759
GNRH1,8760
BIN3,8761
DOK2,8762
SLC25A37,8763
CHMP7,8764
DOCK5,8765
STAR,8766
PLPBP,8767
ERLIN2,8768
SNTG1,8769
PXDNL,8770
ST18,8771
RGS20,8772
TACC1,8773
GOLGA7,8774
PLPP5,8775
GINS4,8776
NSD3,8777
DNAJC5B,8778
CRH,8779
TRIM55,8780
ADHFE1,8781
MRPS28,8782
PMP2,8783
LACTB2,8784
PRDM14,8785
TERF1,8786
RPL7,8787
SLC26A7,8788
PSKH2,8789
ATP6V0D2,8790
SYBU,8791
DPYS,8792
MTDH,8793
LRP12,8794
EBAG9,8795
RSPO2,8796
POLR2K,8797
MAL2,8798
EIF3H,8799
UTP23,8800
NDUFB9,8801
TATDN1,8802
FAM83A,8803
GSDMC,8804
FAM135B,8805
ZNF7,8806
ARHGAP39,8807
SLC39A4,8808
NAPRT,8809
VLDLR,8810
AK3,8811
UHRF2,8812
NFIB,8813
CER1,8814
PLIN2,8815
IFNA5,8816
HAUS6,8817
CDKN2B,8818
CDKN2A,8819
C9orf72,8820
IFNK,8821
ZCCHC7,8822
FBXO10,8823
SIGMAR1,8824
ZNG1E,8825
CEP78,8826
NTRK2,8827
IDNK,8828
SHC3,8829
AUH,8830
MFSD14B,8831
AOPEP,8832
PLPPR1,8833
ZNF462,8834
INIP,8835
UGCG,8836
ACTL7B,8837
SNX30,8838
STOM,8839
GSN,8840
MRRF,8841
NR6A1,8842
CRB2,8843
OR5C1,8844
ALAD,8845
ASTN2,8846
WDR31,8847
POLE3,8848
SURF4,8849
GBGT1,8850
SURF1,8851
SURF2,8852
SURF6,8853
MED22,8854
REXO4,8855
RPL7A,8856
GTF3C5,8857
ASB6,8858
PTGES2,8859
NTMT1,8860
CIZ1,8861
SLC25A25,8862
SH3GLB2,8863
MIGA2,8864
PTGES,8865
LCN2,8866
LRSAM1,8867
HMCN2,8868
GPR107,8869
PAXX,8870
IDI2,8871
INPP5E,8872
SEC16A,8873
DPH7,8874
NOTCH1,8875
CACNA1B,8876
NACC2,8877
PROSER2,8878
USP6NL,8879
COMMD3,8880
MSRB2,8881
PDSS1,8882
FAM171A1,8883
MINDY3,8884
SLC39A12,8885
TMEM236,8886
RSU1,8887
ST8SIA6,8888
PARD3,8889
ANKRD30A,8890
ZEB1,8891
FAM13C,8892
NRBF2,8893
A1CF,8894
CDHR1,8895
RGR,8896
POLR3A,8897
HERC4,8898
LRMDA,8899
CAMK2G,8900
ADIRF,8901
GLUD1,8902
ANKRD1,8903
HTR7,8904
RPP30,8905
FRA10AC1,8906
ADD3,8907
HABP2,8908
VAX1,8909
DNAJB12,8910
EIF4EBP2,8911
NPFFR1,8912
PLEKHS1,8913
TCF7L2,8914
MKI67,8915
CYP17A1,8916
INA,8917
FUOM,8918
LRRC27,8919
MTG1,8920
NKX6-2,8921
PAOX,8922
GSTO1,8923
TAF5,8924
PPRC1,8925
ITPRIP,8926
CNNM2,8927
PDCD11,8928
ADAM12,8929
RGS10,8930
BTBD10,8931
ADM,8932
GAS2,8933
SLC5A12,8934
LIN7C,8935
LRRC4C,8936
IMMP1L,8937
SAA4,8938
PGAP2,8939
TUT1,8940
SCGB1A1,8941
SYT8,8942
ZNF214,8943
ZNF215,8944
HSD17B12,8945
APIP,8946
PAMR1,8947
DGKZ,8948
EIF3M,8949
TNKS1BP1,8950
GLYAT,8951
SERPING1,8952
SSRP1,8953
SLC43A1,8954
PTPRJ,8955
CSTPP1,8956
ARFGAP2,8957
CELF1,8958
HIKESHI,8959
CCDC81,8960
SESN3,8961
ENDOD1,8962
CCDC82,8963
KLHL35,8964
TENM4,8965
SERPINH1,8966
CAPN5,8967
INTS4,8968
PAK1,8969
RPS3,8970
ZC3H12C,8971
TTC12,8972
NCAM1,8973
DRD2,8974
C11orf52,8975
HTR3B,8976
NPAT,8977
ATM,8978
AASDHPPT,8979
GLB1L2,8980
SLX4IP,8981
LAMTOR1,8982
P4HA3,8983
GRIK4,8984
ST14,8985
HYOU1,8986
GGTLC1,8987
ADAM33,8988
SLC22A8,8989
KAT14,8990
TKFC,8991
MTA2,8992
TMEM138,8993
FADS1,8994
TMC2,8995
ROM1,8996
EML3,8997
INCENP,8998
ZP1,8999
MS4A3,9000
PLCH2,9001
CPSF7,9002
MS4A2,9003
B3GAT3,9004
EI24,9005
CCDC15,9006
CHEK1,9007
FEZ1,9008
ESAM,9009
KIRREL3,9010
MPZL2,9011
SCN2B,9012
SIDT2,9013
TMEM25,9014
TAGLN,9015
JPH2,9016
DUSP15,9017
COMMD7,9018
C20orf144,9019
KIAA1755,9020
SPATA25,9021
OCSTAMP,9022
DSN1,9023
MTCL2,9024
CNBD2,9025
CDH22,9026
LSM14B,9027
YTHDF1,9028
CABLES2,9029
LTO1,9030
GPHA2,9031
SLC22A9,9032
TRPT1,9033
NUDT22,9034
FERMT3,9035
PLCB3,9036
MRPL49,9037
CDC42EP2,9038
FAU,9039
TM7SF2,9040
VPS51,9041
TBX6,9042
PPP4C,9043
ALDOA,9044
TLCD3B,9045
DOC2A,9046
HIRIP3,9047
TAOK2,9048
TMEM219,9049
HMGA2,9050
MMP3,9051
CNKSR2,9052
CNTN5,9053
KLRF1,9054
CLEC1A,9055
MKX,9056
MPP7,9057
ITGB1,9058
FXYD4,9059
PCDH15,9060
CTF1,9061
CWC15,9062
FCGR1A,9063
ARID5B,9064
KLHL1,9065
CDH8,9066
DCUN1D2,9067
TMCO3,9068
TMEM218,9069
TIRAP,9070
EEF1AKMT1,9071
LATS2,9072
SAP18,9073
ADGRL3,9074
KIAA1328,9075
FAM124A,9076
MIA2,9077
HNMT,9078
LYPD1,9079
LYPD6B,9080
PDCD4,9081
ADRA2A,9082
GPM6A,9083
WDR17,9084
SPATA4,9085
VEGFC,9086
CCDC102B,9087
CD226,9088
CNDP1,9089
FSIP1,9090
DLG2,9091
CCDC83,9092
RGS18,9093
PRSS23,9094
MTMR12,9095
PPP1R1C,9096
POU2AF2,9097
CCT5,9098
ATPSCKMT,9099
DOCK1,9100
DIXDC1,9101
DLAT,9102
PIH1D2,9103
NKAPD1,9104
TIMM8B,9105
IL18,9106
TEX12,9107
PTS,9108
PIP4K2A,9109
CIMIP5,9110
FREM2,9111
FOXO1,9112
CRIM1,9113
SEC24D,9114
ABCB9,9115
RILPL2,9116
DHX37,9117
UBC,9118
ITPR1,9119
TKTL2,9120
PRSS53,9121
SLC7A11,9122
NOCT,9123
ENKUR,9124
GPR158,9125
LYZL2,9126
CACNA2D4,9127
DCP1B,9128
CACNA1C,9129
KCNA6,9130
THRB,9131
NGLY1,9132
OXSM,9133
UEVLD,9134
TMEM86A,9135
NOPCHAP1,9136
TMEM263,9137
ABTB3,9138
UBE3B,9139
ANK3,9140
IPMK,9141
RAD9B,9142
PLBD2,9143
DLG5,9144
MAT1A,9145
SLC2A13,9146
GXYLT1,9147
TWF1,9148
DIP2C,9149
EIF4E,9150
MAGI1,9151
TEX30,9152
CSNK1G3,9153
SRFBP1,9154
AKAP6,9155
NPAS3,9156
FAM177A1,9157
MBIP,9158
MIPOL1,9159
EXT2,9160
TMEM18,9161
ALLC,9162
KCTD14,9163
THRSP,9164
NDUFC2,9165
ME3,9166
MSGN1,9167
ADAMTS12,9168
NUBPL,9169
NEK7,9170
ATP6V1G3,9171
FER,9172
VIPAS39,9173
ANKRD50,9174
UPF2,9175
CDC123,9176
SCLT1,9177
CCDC3,9178
C4orf33,9179
FRMD4A,9180
SLC25A31,9181
PTPRO,9182
EPS8,9183
ACAD8,9184
THYN1,9185
VPS26B,9186
NCAPD3,9187
VTI1A,9188
QDPR,9189
FHIP2A,9190
ANO4,9191
TEX9,9192
QTRT2,9193
DRD3,9194
MMAA,9195
ZNF827,9196
POU4F2,9197
EDNRA,9198
NR3C2,9199
AKR1C2,9200
DPYSL4,9201
VENTX,9202
ADAM8,9203
ITIH2,9204
KIN,9205
PIGF,9206
ANKAR,9207
INPP1,9208
MFSD6,9209
RNF144A,9210
ASAP2,9211
ADAM17,9212
FLI1,9213
KCNJ1,9214
TMEM45B,9215
WWC2,9216
CENPU,9217
ACSL1,9218
SLC25A4,9219
AMN1,9220
BICD1,9221
SAV1,9222
CCDC122,9223
SERP2,9224
NBAS,9225
ZNF385D,9226
TDO2,9227
GUF1,9228
SLC35F4,9229
GABRA2,9230
SACS,9231
CCDC175,9232
PABPC3,9233
CPAP,9234
FBXO4,9235
TMEM267,9236
CCL28,9237
PARP8,9238
GFRA1,9239
CACUL1,9240
DST,9241
BEND6,9242
TIAL1,9243
BAG3,9244
GLT1D1,9245
TMEM132D,9246
RBM46,9247
SCHIP1,9248
MCHR2,9249
KCNE4,9250
AP1S3,9251
RABGAP1L,9252
CCDC74B,9253
TLCD4,9254
MZT2B,9255
TUBA3E,9256
ASTN1,9257
CFC1B,9258
FAM168B,9259
PTPN14,9260
MGAT5,9261
TMEM163,9262
GPATCH11,9263
HSPB8,9264
GEMIN6,9265
TMEM178A,9266
POU4F1,9267
OBI1,9268
CYSLTR2,9269
GRID2,9270
ARL11,9271
RIT2,9272
SETBP1,9273
ARL14EP,9274
EPG5,9275
PSTPIP2,9276
ATP5F1A,9277
HAUS1,9278
ARK2N,9279
SPC25,9280
G6PC2,9281
PDK1,9282
PTH,9283
PDE3B,9284
TCF7L1,9285
TGOLN2,9286
SH2D6,9287
KCNK13,9288
UHMK1,9289
ATG10,9290
POC5,9291
SPOCK1,9292
FAM151B,9293
TADA1,9294
GUCY1A2,9295
CWF19L2,9296
JMY,9297
HOMER1,9298
XRCC4,9299
BOLL,9300
ZNF547,9301
ZNF773,9302
ZNF776,9303
ZNF256,9304
SUV39H2,9305
DCLRE1C,9306
OLAH,9307
RPP38,9308
NMT2,9309
ZSCAN1,9310
ZNF837,9311
USP12,9312
CCDC50,9313
CAMK4,9314
TRIM36,9315
ZFP36L2,9316
PAN3,9317
PLEKHH2,9318
PFKM,9319
TMEM123,9320
GRIA4,9321
IGSF10,9322
SPEF2,9323
SPARCL1,9324
DSPP,9325
DMP1,9326
MEPE,9327
MBNL1,9328
CAPSL,9329
NADK2,9330
GPD1L,9331
GJA1,9332
CCNO,9333
DDX4,9334
CLEC4F,9335
SLC30A6,9336
PELO,9337
RASGRP3,9338
SAR1B,9339
CATSPER3,9340
GPR180,9341
DYNLT5,9342
DNAI4,9343
ANKRD22,9344
FARP1,9345
IFIT5,9346
SLC16A12,9347
PANK1,9348
PRDM8,9349
BMP3,9350
HNRNPDL,9351
HHEX,9352
UTRN,9353
GRM1,9354
PTPRK,9355
GGPS1,9356
CNTNAP4,9357
ZNF117,9358
RAB3C,9359
LMNTD1,9360
MARVELD2,9361
RAD17,9362
MED21,9363
PLOD2,9364
STK32B,9365
NRSN1,9366
JAKMIP1,9367
ZIC1,9368
ADGRA3,9369
CPB1,9370
SREK1IP1,9371
LGI2,9372
CWC27,9373
MR1,9374
SRP19,9375
CENPH,9376
CDYL,9377
CARHSP1,9378
TEKT5,9379
BANK1,9380
TXNDC11,9381
DAB2,9382
ACMSD,9383
ACOXL,9384
BCL2L11,9385
ANAPC1,9386
CAST,9387
SCOC,9388
CLGN,9389
CETN3,9390
SMARCA5,9391
SYCP2L,9392
BMP6,9393
RGPD3,9394
RASSF3,9395
HNRNPU,9396
RANBP2,9397
AHCTF1,9398
MERTK,9399
TMEM87B,9400
PTPRR,9401
NR4A2,9402
CCDC148,9403
PLA2R1,9404
RBMS1,9405
SCN3A,9406
CD96,9407
SLC25A27,9408
ADGRF1,9409
ADGRF4,9410
FRMD1,9411
CYRIB,9412
ASAP1,9413
TRAPPC8,9414
FAM81B,9415
INO80C,9416
LPCAT1,9417
PLEKHG4B,9418
NMRAL1,9419
UBALD1,9420
C16orf89,9421
LYSET,9422
ING1,9423
TEX29,9424
ADPRHL1,9425
CMTM7,9426
FBXL2,9427
UBP1,9428
RMND5A,9429
CD8A,9430
RPIA,9431
GOLGA8F,9432
PTPRD,9433
LURAP1L,9434
CNKSR3,9435
GTF2E1,9436
CFDP1,9437
TGIF2LX,9438
ZDHHC7,9439
CIBAR2,9440
SPMIP4,9441
TMPRSS11D,9442
JAZF1,9443
CMIP,9444
SPHKAP,9445
KCNJ16,9446
PID1,9447
TRIP12,9448
FBXO36,9449
CEBPG,9450
KCTD15,9451
ZNF599,9452
MCOLN2,9453
LGI4,9454
DDAH1,9455
SREK1,9456
CHD1,9457
ANKFN1,9458
DGKE,9459
HS2ST1,9460
MSI2,9461
CACNA2D1,9462
ZUP1,9463
HS3ST3A1,9464
GDPD1,9465
NUS1,9466
SEMA3D,9467
PPP2R5E,9468
GRAP,9469
SLC5A10,9470
AK5,9471
CABYR,9472
IMPACT,9473
ANKRD29,9474
SDHAF4,9475
CHST9,9476
THY1,9477
DNAAF1,9478
C16orf74,9479
TBCEL,9480
JPH3,9481
ANKH,9482
OTULIN,9483
UBASH3B,9484
ROBO4,9485
ROBO3,9486
PANX3,9487
TBRG1,9488
NRGN,9489
RETREG1,9490
CDH12,9491
GPR15,9492
TOMM70,9493
ABI3BP,9494
ANGPT1,9495
PITPNC1,9496
CC2D1B,9497
CERS3,9498
PRKCA,9499
LRRK1,9500
CEP112,9501
GAL3ST2,9502
ABCA9,9503
ABCA6,9504
ABCA10,9505
ABCA5,9506
ENPP3,9507
PGCKA1,9508
UCHL1,9509
MIA3,9510
DISP1,9511
TNIK,9512
FAM167A,9513
NEIL2,9514
PGM5,9515
WNT3A,9516
OBSCN,9517
LONRF1,9518
TRIM11,9519
ENAH,9520
PPP1R3A,9521
CCSAP,9522
ASZ1,9523
SH3RF1,9524
GBP5,9525
BUB3,9526
GPR26,9527
CFAP210,9528
MMP21,9529
C10orf90,9530
DIPK1A,9531
ATP5MC3,9532
CNTNAP3B,9533
MAGED4,9534
SRSF12,9535
PDLIM3,9536
SORBS2,9537
ELOC,9538
LY96,9539
PSMA8,9540
TMSB4Y,9541
CXADR,9542
BTG3,9543
C21orf91,9544
CHODL,9545
TMPRSS15,9546
NCAM2,9547
L3MBTL4,9548
PDE1C,9549
RABGEF1,9550
MRPL39,9551
JAM2,9552
ATP5PF,9553
GABPA,9554
ADAMTS1,9555
ADAMTS5,9556
TSEN2,9557
SLFN13,9558
WNT7A,9559
XPC,9560
CCDC174,9561
FGD5,9562
FLCN,9563
DPH3,9564
OXNAD1,9565
PLCL2,9566
CXXC1,9567
SKA1,9568
PPP4R1,9569
APCDD1,9570
PIEZO2,9571
MPPE1,9572
USP43,9573
RAB6B,9574
EME1,9575
EPHB1,9576
ACSS1,9577
ANKRD40,9578
ZNF18,9579
CA10,9580
VOPP1,9581
SEPTIN14,9582
APOOL,9583
DKK2,9584
CYP2U1,9585
RSPH10B,9586
FBXL18,9587
CNTNAP5,9588
PROM2,9589
AK9,9590
ODF1,9591
KLF10,9592
PTPRN2,9593
AZIN1,9594
ATP6V1C1,9595
PIP4P2,9596
OTUD6B,9597
CDK19,9598
GTF3C6,9599
TTC39B,9600
AGPAT5,9601
MMS19,9602
PI4K2A,9603
MARVELD1,9604
ZFYVE27,9605
GOLGA7B,9606
GPR78,9607
TRMT44,9608
SLC25A28,9609
HSPA13,9610
SAMSN1,9611
USP25,9612
GRAMD2B,9613
ZCCHC10,9614
C16orf87,9615
MOV10,9616
RHOC,9617
PPM1J,9618
DBI,9619
SLC16A1,9620
HEATR3,9621
TRIM74,9622
NIFK,9623
OXA1L,9624
SLC7A7,9625
MAGEC1,9626
LARP1,9627
CNOT8,9628
GRIA1,9629
LRGUK,9630
SETD9,9631
MIER3,9632
NUP205,9633
ZKSCAN2,9634
C9orf85,9635
XAGE2,9636
PIK3AP1,9637
RBM45,9638
TTN,9639
VSIG4,9640
PDIA4,9641
KDM8,9642
PDZD9,9643
OTOA,9644
KCTD18,9645
HYCC2,9646
FLACC1,9647
C2CD6,9648
TMEM237,9649
FZD7,9650
SPAG17,9651
DEPTOR,9652
FMN2,9653
RNF20,9654
PPARGC1B,9655
ELMO1,9656
SLC26A2,9657
LSM11,9658
MED7,9659
SAXO1,9660
RRAGA,9661
SLC24A2,9662
TRIM42,9663
PXYLP1,9664
ADCY8,9665
RASA2,9666
RMND1,9667
RAET1L,9668
SLA,9669
TMBIM4,9670
VBP1,9671
RAB39B,9672
CLIC2,9673
AFF2,9674
MICU3,9675
GRIP1,9676
VPS37A,9677
KIF5A,9678
NAT2,9679
MAGEA8,9680
PSD3,9681
CARNMT1,9682
MCU,9683
MIDEAS,9684
CFAP70,9685
GNA14,9686
FAM161B,9687
GNAQ,9688
WIF1,9689
UGT2B4,9690
GPR61,9691
MMP16,9692
ADK,9693
KCNMA1,9694
BATF,9695
DCK,9696
ADAMTS3,9697
ALX3,9698
DPY19L4,9699
NDUFAF6,9700
DRAM2,9701
CFAP418,9702
PPEF2,9703
CFAP161,9704
ADAMTSL3,9705
ART3,9706
SLC28A1,9707
WHAMM,9708
CXCL13,9709
HEMK2,9710
RWDD2B,9711
USP16,9712
CCT8,9713
MAP3K7CL,9714
NAA11,9715
BACH1,9716
CLDN17,9717
CLDN8,9718
TSPAN7,9719
TIAM1,9720
SCAF4,9721
RPGR,9722
CDK20,9723
PCGF6,9724
ANKRD9,9725
SFR1,9726
SORCS3,9727
SFXN2,9728
ATP5MJ,9729
FUT6,9730
TDRD9,9731
FGF18,9732
PCDH1,9733
SH3RF2,9734
GDF6,9735
UQCRB,9736
MTERF3,9737
PTDSS1,9738
PPP2R2B,9739
RPL30,9740
KCNS2,9741
PABIR3,9742
SUPV3L1,9743
PABIR2,9744
EEF1A1,9745
FBXO43,9746
HKDC1,9747
HK1,9748
TYSND1,9749
PHF6,9750
CD109,9751
LRFN2,9752
NODAL,9753
UBE2L6,9754
ZDHHC5,9755
MED19,9756
ZFAND3,9757
NPTN,9758
KAT6B,9759
SAMD8,9760
RAB11FIP1,9761
UNC5D,9762
GLYATL2,9763
UTP14A,9764
AIFM1,9765
MAPK13,9766
BAG4,9767
MS4A1,9768
TBC1D31,9769
NTAQ1,9770
ATAD2,9771
FBXO32,9772
NSMCE2,9773
ZNF689,9774
PRR14,9775
FBRS,9776
FRRS1,9777
PHKG2,9778
MFSD14A,9779
SASS6,9780
ITGAD,9781
ADGRG4,9782
ZIC3,9783
MALSU1,9784
VPS8,9785
GALK2,9786
LHFPL4,9787
B3GNT7,9788
MPV17L,9789
BUB1B,9790
PDE6D,9791
EIF4A2,9792
BRPF1,9793
RPUSD3,9794
SST,9795
TATDN2,9796
GHRL,9797
SEC13,9798
EXOG,9799
NTAN1,9800
SHCBP1L,9801
NMNAT2,9802
ZFYVE9,9803
ATP2B2,9804
LYZL4,9805
SLC6A1,9806
SMG1,9807
FCHO2,9808
RBPMS,9809
TMEM171,9810
KLHL40,9811
C8A,9812
TIMP4,9813
SYN2,9814
NRG1,9815
ODR4,9816
CPT2,9817
NECAP2,9818
LRP8,9819
CDCP2,9820
PAXIP1,9821
STEAP2,9822
SSBP3,9823
HTR5A,9824
CLDN12,9825
MMP14,9826
FZD1,9827
GATAD1,9828
SUSD3,9829
TMED6,9830
CLEC18A,9831
DHRS4,9832
CFAP107,9833
CLEC18C,9834
ARMC12,9835
DDX19B,9836
ST3GAL2,9837
FCSK,9838
IL34,9839
DHRS1,9840
CACNA1D,9841
ARSL,9842
KIT,9843
HYDIN,9844
AASDH,9845
ZNF19,9846
CACNA2D3,9847
RNF111,9848
CCNB2,9849
FAM81A,9850
MYO1E,9851
APPL1,9852
PWWP3B,9853
AFAP1L1,9854
TSC22D3,9855
VPS26C,9856
DYRK1A,9857
KCNJ6,9858
KCNJ15,9859
ERG,9860
ETS2,9861
TSPAN18,9862
LCA5L,9863
SLC35B2,9864
TMEM164,9865
MX1,9866
CREB3L1,9867
C2CD2,9868
TAB3,9869
SLC38A10,9870
C9orf43,9871
PALM2AKAP2,9872
ZNF618,9873
DGKI,9874
TMEM268,9875
SVOPL,9876
SNX22,9877
UBN2,9878
BRAF,9879
SLC34A2,9880
ACAN,9881
PSMG3,9882
CABP1,9883
WDR19,9884
SLC37A3,9885
AP3S2,9886
FMNL2,9887
GAREM2,9888
SPPL3,9889
DPYSL5,9890
DRC1,9891
RAB28,9892
PRXL2B,9893
TNFRSF14,9894
PANK4,9895
CIB4,9896
MEGF11,9897
C12orf43,9898
PEX10,9899
RER1,9900
RADIL,9901
SKI,9902
WIPI2,9903
LDLRAP1,9904
AGAP1,9905
KRTCAP3,9906
ANKRD61,9907
PAFAH2,9908
EXTL1,9909
SLC30A2,9910
BABAM2,9911
TRIM63,9912
CFAP251,9913
MRPL17,9914
DUSP2,9915
GRHL3,9916
UBXN11,9917
NLRP14,9918
PTPDC1,9919
GALNT14,9920
NCK1,9921
HPD,9922
RHPN1,9923
TPRG1L,9924
LRRC43,9925
PRXL2C,9926
XDH,9927
XKR8,9928
CNNM4,9929
EYA3,9930
DZIP1L,9931
TMSB15A,9932
FANCC,9933
MRAS,9934
WASF2,9935
ABHD3,9936
ESYT3,9937
FAIM,9938
TENT5B,9939
CLSTN2,9940
COLEC12,9941
RNF207,9942
CUL4B,9943
GPR153,9944
SLC13A3,9945
GPRASP2,9946
RHBDL2,9947
AUTS2,9948
SHROOM4,9949
H2BC5,9950
CDC25C,9951
H4C8,9952
MITD1,9953
EIF5B,9954
RIBC1,9955
TMSB15B,9956
CATIP,9957
CNOT11,9958
KCNB1,9959
TSPAN33,9960
NRG2,9961
AHCYL2,9962
B4GALT5,9963
CD1D,9964
CD1A,9965
SPATA2,9966
CD1C,9967
CD1B,9968
DNAH3,9969
CD1E,9970
HMHB1,9971
CPA2,9972
NCF1,9973
CPA5,9974
TSR2,9975
PPP1R9A,9976
ZC3H18,9977
ZFAND2B,9978
POM121L2,9979
GDPD5,9980
DYNC1I1,9981
PFKFB1,9982
ALAS2,9983
TMED4,9984
PPP1R15B,9985
COPG2,9986
EMSY,9987
PAGE5,9988
GPAT4,9989
PKD1L1,9990
ZSCAN12,9991
TAGLN2,9992
ELK4,9993
SLAMF8,9994
SLC45A3,9995
DUSP23,9996
RNF166,9997
NBL1,9998
HTR6,9999
ITLN2,10000
F11R,10001
USF1,10002
PLA2G2F,10003
SPATA2L,10004
NIT1,10005
DEDD,10006
ZNF276,10007
NPM2,10008
EDA,10009
FGF17,10010
VWA5B1,10011
CDA,10012
PINK1,10013
B4GALT3,10014
DMTN,10015
ADAMTS4,10016
FHIP2B,10017
NDUFS2,10018
SLC5A11,10019
FCER1G,10020
APOA2,10021
TOMM40L,10022
MPZ,10023
WFDC8,10024
CCAR2,10025
WNT9B,10026
CACHD1,10027
CDC42SE2,10028
RAPGEF6,10029
EPB41,10030
MIS18A,10031
ALG8,10032
FBXW5,10033
CFAP298,10034
SYNJ1,10035
PAXBP1,10036
IFNAR2,10037
MRPL10,10038
IFNGR2,10039
GART,10040
SON,10041
DONSON,10042
SV2A,10043
LAD1,10044
STC1,10045
TNNI1,10046
CSRP1,10047
PRAC1,10048
HOXB13,10049
C1QC,10050
KCNE2,10051
ATP5MC1,10052
RCAN1,10053
UBE2Z,10054
CIART,10055
SNF8,10056
CLIC6,10057
CCDC24,10058
RUNX1,10059
IGF2BP1,10060
GIP,10061
CBR1,10062
CBR3,10063
GJD2,10064
ACTC1,10065
MORC3,10066
CHAF1B,10067
CLDN14,10068
SIM2,10069
HLCS,10070
GOLGA6A,10071
SCUBE1,10072
ARHGAP27,10073
ADPGK,10074
PTMS,10075
PLA2G4D,10076
PADI4,10077
ADIPOR1,10078
CYB5R1,10079
PSMD4,10080
ATP13A2,10081
M1AP,10082
PSMB4,10083
IRX6,10084
BTG2,10085
CES5A,10086
HK2,10087
C1R,10088
CELF3,10089
ALDH4A1,10090
STARD9,10091
THEM4,10092
TCHH,10093
LCE2B,10094
UBR1,10095
AMFR,10096
MED8,10097
TGM7,10098
RGL4,10099
SPRR2G,10100
PGLYRP3,10101
ISL2,10102
RSPRY1,10103
CCDC17,10104
GPBP1L1,10105
NAE1,10106
TMEM69,10107
ADGRG5,10108
DRC7,10109
ACE,10110
SPMIP8,10111
UROC1,10112
EFCAB14,10113
SPON2,10114
CHCHD6,10115
CTBP1,10116
LRRC36,10117
TPPP3,10118
ZDHHC1,10119
ATP6V0D1,10120
AGRP,10121
ZFYVE28,10122
CARMIL2,10123
C16orf86,10124
PIP,10125
FAM131B,10126
RGS12,10127
PSKH1,10128
ZYX,10129
ABR,10130
LYPD5,10131
CCDC117,10132
ZNF230,10133
CCDC107,10134
ZNF222,10135
NPR2,10136
ZNF221,10137
ZNF233,10138
ZNF235,10139
GNE,10140
TNFRSF13C,10141
OR3A3,10142
ARHGAP35,10143
PTGIR,10144
CALM3,10145
DFFA,10146
CCDC28B,10147
IQCC,10148
TMEM234,10149
BSDC1,10150
ZBTB8A,10151
ATAD3B,10152
SSU72,10153
UBE2J2,10154
ZNF362,10155
FNDC5,10156
CPAMD8,10157
NR2F6,10158
ANKLE1,10159
MIX23,10160
VMA21,10161
KALRN,10162
CILP2,10163
ABCG1,10164
TFF3,10165
TFF2,10166
TFF1,10167
TMPRSS3,10168
UBASH3A,10169
RSPH1,10170
SLC37A1,10171
PDE9A,10172
WDR4,10173
NDUFV3,10174
PKNOX1,10175
CBS,10176
U2AF1,10177
CRYAA,10178
HSF2BP,10179
RRP1B,10180
PDXK,10181
G6PD,10182
CSTB,10183
RRP1,10184
AGPAT3,10185
TRAPPC10,10186
GAB3,10187
GATD3,10188
ICOSLG,10189
AIRE,10190
CFAP410,10191
ZNF66,10192
LRRC3,10193
ITGB2,10194
SLX9,10195
RALGDS,10196
FTCD,10197
SPATC1L,10198
LSS,10199
VAV2,10200
MCM3AP,10201
C21orf58,10202
PCNT,10203
DIP2A,10204
S100B,10205
PRMT2,10206
CLDND2,10207
ZNF208,10208
ADAMTS13,10209
CACFD1,10210
SLC2A6,10211
ZNF761,10212
PIERCE1,10213
LCN1,10214
ZNF714,10215
GPSM1,10216
C19orf47,10217
HIPK4,10218
CFAP157,10219
TOR2A,10220
ST6GALNAC6,10221
SHKBP1,10222
RDH13,10223
ZER1,10224
ZDHHC12,10225
PKN3,10226
SPTBN4,10227
BRSK1,10228
COX6B2,10229
TMEM190,10230
NLRP4,10231
PLPP7,10232
TAOK1,10233
MED27,10234
DEDD2,10235
SIK3,10236
MPZL3,10237
JAML,10238
NEK8,10239
TLCD1,10240
PCSK7,10241
SAFB,10242
CD3G,10243
S100A1,10244
CHTOP,10245
CXCR5,10246
ZBTB7B,10247
FLAD1,10248
SHC1,10249
VPS11,10250
NLRX1,10251
ADAR,10252
IL6R,10253
UBE2Q1,10254
CHRNB2,10255
CRTC2,10256
ANO10,10257
FDPS,10258
RUSC1,10259
ENTREP3,10260
PAQR6,10261
PMF1,10262
SLC25A44,10263
LMNA,10264
CCR5,10265
NBEAL2,10266
CCDC12,10267
PTH1R,10268
UBQLN4,10269
MYL3,10270
PPP1R35,10271
GPATCH4,10272
LRRC71,10273
FCRL3,10274
AZGP1,10275
FGFR4,10276
CYP3A4,10277
CYP3A7,10278
NACC1,10279
CYP11B1,10280
HK3,10281
LY6K,10282
IER2,10283
ZNF394,10284
CPSF4,10285
LY6E,10286
VPS28,10287
TONSL,10288
PTGER1,10289
PWWP3A,10290
RECQL4,10291
LRRC14,10292
ZNF333,10293
COL26A1,10294
PPP1R16A,10295
FOXH1,10296
ORAI2,10297
ALKBH4,10298
SH2B2,10299
MRNIP,10300
SQSTM1,10301
MGAT4B,10302
RPL8,10303
MAML1,10304
PGLYRP2,10305
LRWD1,10306
FBXL13,10307
NAPEPLD,10308
SCGB3A1,10309
PSMC2,10310
CELF5,10311
MFSD12,10312
YDJC,10313
CCDC116,10314
DVL3,10315
AP2M1,10316
ABCF3,10317
PCYT1A,10318
FBXO27,10319
DMKN,10320
U2AF1L4,10321
BDH1,10322
NPHS1,10323
THAP8,10324
COX7A1,10325
ZNF382,10326
LRRC56,10327
PLXDC1,10328
PGAP3,10329
IKZF3,10330
GRIN2C,10331
FDXR,10332
SAP30BP,10333
ACOX1,10334
PRPSAP1,10335
CYGB,10336
SRSF2,10337
ZNF577,10338
TMEM143,10339
KLHL10,10340
KASH5,10341
HCRT,10342
ALDH16A1,10343
ITGA5,10344
SIGLEC11,10345
ZNF385A,10346
SIGLEC16,10347
MPP3,10348
CD300LG,10349
IZUMO2,10350
NAGS,10351
LSM12,10352
ASB16,10353
EMC10,10354
JOSD2,10355
SHANK1,10356
FAM171A2,10357
DBF4B,10358
PLCD3,10359
FMNL3,10360
AQP5,10361
RACGAP1,10362
LARP4,10363
TAMALIN,10364
RAVER1,10365
KRT84,10366
KRT82,10367
SYCE2,10368
SPC24,10369
IP6K3,10370
LEMD2,10371
ALOX15,10372
TREML1,10373
ZNF653,10374
MED11,10375
CXCL16,10376
SCIMP,10377
BCL6B,10378
ASGR2,10379
TNFSF13,10380
SENP3,10381
FGF11,10382
EIF4A1,10383
RPL26,10384
CCDC42,10385
POLR3K,10386
SNRNP25,10387
PRR35,10388
WDR90,10389
JMJD8,10390
CCDC78,10391
SSTR5,10392
SPSB3,10393
MEIOB,10394
HS3ST6,10395
TEDC2,10396
CCNF,10397
TBC1D24,10398
AMDHD2,10399
NTN3,10400
BICDL2,10401
PAQR4,10402
FLYWCH2,10403
ZG16B,10404
ZNF75A,10405
ADCY9,10406
SHANK2,10407
CLPB,10408
NEU3,10409
CYB561A3,10410
SAXO4,10411
ASRGL1,10412
GNG3,10413
UBXN1,10414
LBHD1,10415
TTC9C,10416
TAF6L,10417
NXF1,10418
STX5,10419
SLC25A45,10420
RPL29,10421
ITIH3,10422
SYVN1,10423
ZFPL1,10424
RPS6KA4,10425
LRP5,10426
TPCN2,10427
FGF19,10428
CYP4A22,10429
PDZK1IP1,10430
TAL1,10431
CMPK1,10432
BEND5,10433
ELAVL4,10434
COA7,10435
ZYG11B,10436
SLC1A7,10437
CZIB,10438
MAGOH,10439
ACOT11,10440
FAM151A,10441
PARS2,10442
CIMAP2,10443
BSND,10444
USP24,10445
PLPP3,10446
NOL9,10447
PRKAA2,10448
KLHL21,10449
ZSWIM5,10450
GMEB1,10451
SLC45A1,10452
SELENON,10453
AK4,10454
JAK1,10455
RAVER2,10456
CTRC,10457
LZIC,10458
RBP7,10459
KNCN,10460
FBLIM1,10461
TMEM82,10462
SLC25A34,10463
AKR7A3,10464
DRAXIN,10465
PDPN,10466
LRRC38,10467
DHRS3,10468
MATN1,10469
LAPTM5,10470
SDC3,10471
PEF1,10472
SYNC,10473
RBBP4,10474
NHSL3,10475
TSSK3,10476
TMCO4,10477
UBXN10,10478
CAMK2N1,10479
ALPL,10480
WNT4,10481
TTLL10,10482
SCNN1D,10483
MXRA8,10484
FAAP20,10485
MEGF6,10486
CCDC27,10487
IL23R,10488
DIRAS3,10489
C1orf87,10490
NFIA,10491
OMA1,10492
MYSM1,10493
TM2D1,10494
USP1,10495
FUBP1,10496
NEXN,10497
DNAJB4,10498
ADGRL4,10499
LRRIQ3,10500
LRRC53,10501
TYW3,10502
LHX8,10503
SNX7,10504
B3GALT2,10505
NTNG1,10506
EEIG2,10507
HENMT1,10508
AKNAD1,10509
C1orf52,10510
DNAI3,10511
GBP2,10512
ATXN7L2,10513
GBP4,10514
ZNF326,10515
HFM1,10516
BRINP3,10517
GFI1,10518
KCNT2,10519
AGL,10520
VCAM1,10521
EXTL2,10522
SLC30A7,10523
ZNF281,10524
ARPC5,10525
CADM3,10526
NLRP3,10527
ZNF496,10528
TRIM58,10529
SLAMF9,10530
KCNJ9,10531
IGSF8,10532
DDR2,10533
PEA15,10534
PEX19,10535
NCSTN,10536
VANGL2,10537
SLAMF6,10538
OLFML2B,10539
FCRLB,10540
FCGR3B,10541
SLC9C2,10542
KLHDC9,10543
C1orf74,10544
LMX1A,10545
LRRC52,10546
FLVCR1,10547
GARIN4,10548
ATF3,10549
RBM15,10550
DENND2D,10551
AXDND1,10552
TDRD5,10553
IER5,10554
SNED1,10555
BPNT1,10556
SPATA17,10557
C1orf115,10558
BROX,10559
NBPF20,10560
ACP6,10561
WDR64,10562
KIF26B,10563
TFB2M,10564
CNST,10565
PPP1R21,10566
KLHDC8A,10567
PM20D1,10568
PKDCC,10569
OXER1,10570
HAAO,10571
B3GALNT2,10572
MAPKAPK2,10573
IL20,10574
IL24,10575
FCMR,10576
PIGR,10577
FCAMR,10578
CAPN2,10579
MRPL55,10580
WDR26,10581
REL,10582
PUS10,10583
PEX13,10584
SANBR,10585
TRIM17,10586
RFTN2,10587
DISC1,10588
CAPN13,10589
LRRTM1,10590
MEMO1,10591
DPY30,10592
TYW5,10593
MAIP1,10594
KCNF1,10595
SLC66A3,10596
ARL5A,10597
LRATD1,10598
KCNJ3,10599
NEUROD1,10600
CLHC1,10601
FRZB,10602
DUSP19,10603
CFAP36,10604
NUP35,10605
CCDC138,10606
ZSWIM2,10607
FBXO41,10608
ACTG2,10609
WDCP,10610
SMC6,10611
VSNL1,10612
CCDC74A,10613
H3-3A,10614
COQ8A,10615
SLC16A14,10616
TEKT4,10617
EN1,10618
SGCB,10619
SPATA18,10620
NOSTRIN,10621
CFAP221,10622
SGPP2,10623
INHBB,10624
XIRP2,10625
BBS5,10626
SMARCAD1,10627
HPGDS,10628
PDLIM5,10629
STPG2,10630
NEURL3,10631
RPRD2,10632
ANKRD23,10633
CTSS,10634
MSX1,10635
PACRGL,10636
BNIPL,10637
C1QTNF7,10638
TNFAIP8L2,10639
LYSMD1,10640
SCNM1,10641
TMOD4,10642
VPS72,10643
ERCC3,10644
RNF149,10645
IWS1,10646
BOLA3,10647
CDC42EP3,10648
S100A11,10649
LCE3D,10650
IVL,10651
SPRR3,10652
DHX57,10653
SPRR2D,10654
BMP10,10655
PGLYRP4,10656
ARHGAP25,10657
S100A9,10658
S100A12,10659
TGFA,10660
TDRD10,10661
CCNYL1,10662
FZD5,10663
CRYGC,10664
DCAF16,10665
CFAP141,10666
NPPC,10667
GNPDA2,10668
ALPP,10669
GABRG1,10670
ALPG,10671
GABRB1,10672
PAQR3,10673
NIPAL1,10674
ALPI,10675
ANTXR2,10676
HELQ,10677
MRPS18C,10678
CGGBP1,10679
ABRAXAS1,10680
GPR155,10681
DAPL1,10682
PMVK,10683
PBXIP1,10684
CLDN1,10685
PYGO2,10686
HIPK1,10687
LENEP,10688
DCST2,10689
DCST1,10690
COL6A3,10691
INAVA,10692
YY1AP1,10693
KBTBD8,10694
TAFA4,10695
EOGT,10696
LMOD3,10697
NAXE,10698
POGLUT1,10699
SLC22A15,10700
CCKAR,10701
IGFN1,10702
ATP1A1,10703
SLC15A2,10704
EIF4E3,10705
PROK2,10706
TEX55,10707
LRRC58,10708
FSTL1,10709
LMOD1,10710
ELF3,10711
PDCL2,10712
TMEM183A,10713
TMEM169,10714
IGFBP7,10715
TRIM46,10716
KRTCAP2,10717
CXCR1,10718
ARPC2,10719
TSACC,10720
CCT3,10721
TMEM79,10722
SSR2,10723
RNF25,10724
STK36,10725
ADORA1,10726
NEK10,10727
CCDC141,10728
FEV,10729
CRYBA2,10730
IHH,10731
CIP2A,10732
EOMES,10733
CWC22,10734
AZI2,10735
TGFBR2,10736
RETNLB,10737
ANKZF1,10738
HDAC11,10739
FCRL4,10740
TRAT1,10741
FBLN2,10742
GLB1L,10743
STT3B,10744
CHCHD4,10745
DPPA2,10746
NFASC,10747
FCRL1,10748
SGO2,10749
SERPINI1,10750
CLASP2,10751
SUCLG1,10752
NUAK2,10753
SPTA1,10754
PRKCI,10755
MNDA,10756
PYHIN1,10757
IFI16,10758
AIM2,10759
EFHB,10760
EIF5A2,10761
SLC2A2,10762
RPL22L1,10763
FABP1,10764
PPM1L,10765
ICA1L,10766
CTLA4,10767
ICOS,10768
RYBP,10769
PPP4R2,10770
CD200R1,10771
GTPBP8,10772
RMP64,10773
SPICE1,10774
CCDC191,10775
CADPS,10776
NKX6-1,10777
CDS1,10778
WDFY3,10779
COX18,10780
PTPN13,10781
SYNPR,10782
ALB,10783
C3orf49,10784
C4orf36,10785
THOC7,10786
ATXN7,10787
PSMD6,10788
PRICKLE2,10789
ADAMTS9,10790
PPM1K,10791
ERICH6,10792
CLRN1,10793
GMPS,10794
TIPARP,10795
CCNL1,10796
PTX3,10797
HESX1,10798
DCLK3,10799
SLMAP,10800
RPL9,10801
SMIM14,10802
RPP14,10803
ABHD6,10804
DNASE1L3,10805
CFAP20DC,10806
RBM47,10807
APBB2,10808
IL17RE,10809
IL17RC,10810
CRELD1,10811
PRRT3,10812
FANCD2OS,10813
PCOLCE2,10814
U2SURP,10815
MTMR14,10816
TTC14,10817
CXCL3,10818
CXCL5,10819
PPBP,10820
PF4,10821
MTHFD2L,10822
CXCL1,10823
RCHY1,10824
PLSCR2,10825
CCDC158,10826
CPA3,10827
GYG1,10828
HPS3,10829
TM4SF18,10830
TOPBP1,10831
RYK,10832
SNRK,10833
TCF23,10834
DNAJC5G,10835
UCN,10836
ZNF513,10837
SLC4A1AP,10838
PLB1,10839
SPDYA,10840
KIAA1143,10841
KIF15,10842
TGM4,10843
WDR43,10844
ZDHHC3,10845
CDCP1,10846
CLEC3B,10847
SLC6A20,10848
LZTFL1,10849
FYCO1,10850
CCR1,10851
RTP3,10852
LRRC2,10853
ELP6,10854
FBXO40,10855
DTX3L,10856
ZNF148,10857
NMNAT3,10858
SMIM12,10859
ZMYM6,10860
TPRA1,10861
YEATS2,10862
GRIK3,10863
ZC3H12A,10864
MEAF6,10865
SNIP1,10866
DNALI1,10867
POLR2H,10868
KLF15,10869
CFAP100,10870
CAMK2N2,10871
LIPH,10872
TMEM41A,10873
RPN1,10874
SENP2,10875
HEYL,10876
IFT122,10877
RHO,10878
RFC4,10879
RPL39L,10880
BAP1,10881
TKT,10882
PRKCD,10883
RFT1,10884
SFMBT1,10885
GNL3,10886
PBRM1,10887
UVSSA,10888
TASOR,10889
ARHGEF3,10890
SLBP,10891
LRPAP1,10892
ZDHHC19,10893
SLC51A,10894
UBXN7,10895
RNF168,10896
PIGX,10897
MELTF,10898
OTOP1,10899
S100P,10900
ABLIM2,10901
EXO5,10902
CLDN19,10903
C1orf50,10904
ERMAP,10905
ZNF691,10906
AIMP1,10907
SGMS2,10908
METAP1,10909
DNAJB14,10910
H2AZ1,10911
EMCN,10912
SLC9B1,10913
SLC9B2,10914
BDH2,10915
PGRMC2,10916
CDC25A,10917
CAMP,10918
ZNF589,10919
FBXW12,10920
PLXNB1,10921
CCDC51,10922
ATRIP,10923
SHISA5,10924
SPRY1,10925
BSN,10926
APEH,10927
INTU,10928
RNF123,10929
HSPA4L,10930
MFSD8,10931
ABHD18,10932
CAMKV,10933
MON1A,10934
MST1R,10935
RAD54L2,10936
TEX264,10937
GRM2,10938
DUSP7,10939
POC1A,10940
PPM1M,10941
ETNPPL,10942
WDR82,10943
PITX2,10944
ARLN,10945
PRSS12,10946
NDST3,10947
HMGB2,10948
SAP30,10949
SCRG1,10950
HAND2,10951
MAD2L1,10952
ANXA5,10953
SMIM43,10954
ADAD1,10955
MAP9,10956
GUCY1A1,10957
FBXO8,10958
CEP44,10959
HPGD,10960
ASB5,10961
SPMIP2,10962
TMEM144,10963
GASK1B,10964
NPY1R,10965
NPY5R,10966
NAA15,10967
IL15,10968
FHIP1A,10969
ARFIP1,10970
ICE1,10971
HHIP,10972
ANAPC10,10973
ABCE1,10974
OTUD4,10975
LSM6,10976
TMEM184C,10977
PRMT9,10978
ITGA2,10979
MOCS2,10980
SLC45A2,10981
EDIL3,10982
TMEM161B,10983
ELOVL7,10984
NDUFAF2,10985
ZNF474,10986
LMBRD2,10987
RANBP3L,10988
NIPBL,10989
RNF180,10990
ADGRV1,10991
SLC25A46,10992
STARD4,10993
PGGT1B,10994
F2RL2,10995
CCDC112,10996
ANKRD33B,10997
CMBL,10998
C5orf63,10999
PRRC1,11000
F2RL1,11001
AGGF1,11002
WDR41,11003
PRDM9,11004
NDUFS4,11005
SPINK1,11006
HTR4,11007
ESM1,11008
GRPEL2,11009
CDC20B,11010
ARSK,11011
RHOBTB3,11012
GPX8,11013
TIGD6,11014
SPZ1,11015
SERINC5,11016
ENPP6,11017
CAGE1,11018
CASP3,11019
PRIMPOL,11020
ERAP1,11021
ERAP2,11022
CMYA5,11023
EGFLAM,11024
CFAP97,11025
RICTOR,11026
TENT2,11027
EBF1,11028
ANKRA2,11029
UBLCP1,11030
FAM170A,11031
UTP15,11032
TLR3,11033
KLKB1,11034
NSA2,11035
GFM2,11036
TERT,11037
SLC6A18,11038
CCDC127,11039
FOXQ1,11040
ACSL6,11041
IL3,11042
CSF2,11043
SEPTIN8,11044
SHROOM1,11045
GDF9,11046
UQCRQ,11047
LEAP2,11048
GJB7,11049
SLC35A1,11050
GRIK2,11051
CGAS,11052
FABP7,11053
TLX3,11054
TXLNB,11055
CITED2,11056
CALHM4,11057
TBXT,11058
CREBRF,11059
DCBLD1,11060
SFXN1,11061
SAMD3,11062
TMEM200A,11063
IL22RA2,11064
DACT2,11065
PDSS2,11066
STXBP5,11067
IL31RA,11068
ANKRD55,11069
RAET1E,11070
PI16,11071
TBX20,11072
DAGLB,11073
MATCAP2,11074
STK17A,11075
TRA2A,11076
GALNT10,11077
SAP30L,11078
RPS14,11079
HCN1,11080
MYOZ3,11081
COG5,11082
SAMTOR,11083
GPR85,11084
SLU7,11085
RP9,11086
PTTG1,11087
CAMLG,11088
BMPER,11089
RELL2,11090
KCNK5,11091
KIF6,11092
ZNF12,11093
SLC29A4,11094
STEAP1,11095
CDCA7L,11096
SP8,11097
MIOS,11098
ELAPOR2,11099
USP49,11100
SYTL3,11101
IQUB,11102
HEY1,11103
ZNF704,11104
FABP5,11105
SHH,11106
TAGAP,11107
COL1A2,11108
FNDC1,11109
CHMP4C,11110
SLC13A4,11111
PGAM2,11112
BRI3,11113
LMTK2,11114
SLC35G3,11115
CTSB,11116
SOX17,11117
DLC1,11118
ADCY1,11119
C8orf48,11120
SUN3,11121
C7orf57,11122
HNF4G,11123
PEX2,11124
RAD21,11125
SLC30A8,11126
MED30,11127
TNFRSF11B,11128
SBSPON,11129
PHKG1,11130
EN2,11131
KCNV1,11132
CSMD3,11133
SPIDR,11134
ORC5,11135
DEFA5,11136
DNAAF5,11137
DEFA4,11138
DEFA6,11139
OSGIN2,11140
DEFB1,11141
SUN1,11142
OXR1,11143
TMEM74,11144
GPR146,11145
GPER1,11146
UNCX,11147
TMEM184A,11148
NOS3,11149
MICALL2,11150
CA3,11151
INTS1,11152
CDK5,11153
SLC4A2,11154
FASTK,11155
TMUB1,11156
FMC1,11157
GBX1,11158
PHAX,11159
ALDH7A1,11160
FOXK1,11161
COX6C,11162
OSR2,11163
YWHAZ,11164
BAALC,11165
FZD6,11166
CTHRC1,11167
SLC25A32,11168
DCAF13,11169
DCSTAMP,11170
TP53INP1,11171
INTS8,11172
VIRMA,11173
FREM1,11174
GEM,11175
PDP1,11176
TMEM67,11177
WASHC5,11178
RPP25L,11179
FAM219A,11180
SPMIP6,11181
SNAPC3,11182
MYORG,11183
NUDT2,11184
TMEM65,11185
PSIP1,11186
CCDC171,11187
UBAP1,11188
DIRAS2,11189
SYK,11190
NIPSNAP3B,11191
ABCA1,11192
NFIL3,11193
LETM2,11194
METTL2B,11195
PRKACG,11196
FXN,11197
ZMAT4,11198
NKX6-3,11199
TMEM71,11200
MAMDC2,11201
PRSS37,11202
CPA6,11203
C8orf34,11204
TMC1,11205
ALDH1A1,11206
KDM1B,11207
HGSNAT,11208
RASEF,11209
GKAP1,11210
KIF27,11211
QNG1,11212
HNRNPK,11213
SSMEM1,11214
SVEP1,11215
TRPV6,11216
LLCFC1,11217
ANKS6,11218
FBP1,11219
PGAP4,11220
ZHX1,11221
CFAP47,11222
CYBB,11223
DYNLT3,11224
METTL27,11225
MID1IP1,11226
SHOC1,11227
CXorf58,11228
KIAA1958,11229
PTCHD1,11230
RNF183,11231
ASB11,11232
PCDH19,11233
PIGA,11234
VEGFD,11235
OR1Q1,11236
OR1K1,11237
STRBP,11238
CLDN3,11239
GAPVD1,11240
CARD19,11241
WNK2,11242
ATP7A,11243
ZNF367,11244
NLGN4Y,11245
HDX,11246
NDUFB6,11247
AQP7,11248
NOL6,11249
AQP3,11250
TRMT10B,11251
VCP,11252
PIGO,11253
STOML2,11254
BRWD3,11255
SLITRK5,11256
MELK,11257
ARMC3,11258
OTUD1,11259
ARHGAP12,11260
FAT3,11261
DEUP1,11262
HECTD2,11263
SLC7A3,11264
FBXO33,11265
INTS6L,11266
GPR101,11267
CLDN2,11268
LRFN5,11269
LRRC18,11270
SPTSSA,11271
WRN,11272
MARCHF8,11273
TSHR,11274
CFL2,11275
SUGT1,11276
GTF2A1,11277
ZCCHC24,11278
PGM2L1,11279
PHYHIPL,11280
SLC16A9,11281
FOLR2,11282
INPPL1,11283
PHOX2A,11284
MBL2,11285
GJB2,11286
CRYL1,11287
REEP3,11288
HEPACAM,11289
SKA3,11290
MICU2,11291
DDIAS,11292
PCF11,11293
PKNOX2,11294
RPL10L,11295
LRR1,11296
RPL36AL,11297
DNAAF2,11298
DEPP1,11299
MAGEC3,11300
ZNF22,11301
KLHDC2,11302
EML5,11303
NEMF,11304
RPUSD4,11305
ARF6,11306
TTC8,11307
TMEM63C,11308
NGB,11309
NOXRED1,11310
CDX2,11311
AMER2,11312
AKR1E2,11313
KBTBD6,11314
SSX5,11315
SSX3,11316
OTX2,11317
FAAH2,11318
DRGX,11319
NUDT5,11320
DACT1,11321
OXGR1,11322
UCMA,11323
BEND7,11324
ATP5F1C,11325
PRPF18,11326
TAF3,11327
VSTM4,11328
VDAC2,11329
SOHLH1,11330
COMTD1,11331
SLC18A2,11332
PDZD8,11333
ZNF503,11334
ABRAXAS2,11335
QSOX2,11336
FAM204A,11337
NSD1,11338
PRDX3,11339
ENOX2,11340
GHITM,11341
CLEC1B,11342
SNAPC4,11343
TMEM52B,11344
PMPCA,11345
ENTR1,11346
FRMD7,11347
AK8,11348
SPACA9,11349
TSC1,11350
GFI1B,11351
HPRT1,11352
BORCS5,11353
DIPK1B,11354
ZMYND19,11355
STOX1,11356
RET,11357
DDX21,11358
BMS1,11359
STK32C,11360
JCAD,11361
FUNDC2,11362
PIP4P1,11363
METTL17,11364
SLC39A2,11365
NDRG2,11366
RNASE7,11367
ARHGEF40,11368
NSMF,11369
ZNF219,11370
C12orf50,11371
CASP7,11372
PPP1R36,11373
BTNL9,11374
CCDC186,11375
VWA2,11376
METTL3,11377
SALL2,11378
PRAP1,11379
TRUB1,11380
ERICH6B,11381
CYP2C19,11382
ZFYVE1,11383
SPMIP5,11384
HSPA12A,11385
FRAT1,11386
UBTD1,11387
ANKRD2,11388
E2F7,11389
ARHGAP42,11390
ISCA2,11391
OTOGL,11392
LARGE2,11393
PACSIN3,11394
TTC7B,11395
SLC39A13,11396
PSMC3,11397
RAPSN,11398
AGBL2,11399
TC2N,11400
CPSF2,11401
SMCO2,11402
MOAP1,11403
IFI27L1,11404
IFI27,11405
SERPINA12,11406
CLMN,11407
PDZRN4,11408
SLC6A5,11409
CCDC38,11410
NELL1,11411
PTER,11412
C1QL3,11413
CACNB2,11414
HACD1,11415
ARL5B,11416
SMCO4,11417
CEP295,11418
KCNC2,11419
TAF1D,11420
ABTB2,11421
R3HCC1L,11422
AMOTL1,11423
HTRA1,11424
LIPC,11425
CEP57,11426
TCP11L2,11427
PASD1,11428
SPRED1,11429
TMCO5A,11430
GPR176,11431
JAM3,11432
CMTM5,11433
GLB1L3,11434
ADAMTS15,11435
SVOP,11436
SPATA19,11437
GPT2,11438
AMN,11439
RAB8B,11440
IKBIP,11441
RPUSD2,11442
HIF1AN,11443
NDUFB8,11444
ZFYVE19,11445
PPP1R14D,11446
SPINT1,11447
FBN1,11448
AVPR1A,11449
DEPDC4,11450
LRTM2,11451
OPN1MW2,11452
BRD7,11453
CKB,11454
TRMT61A,11455
BTRC,11456
POLL,11457
BAG5,11458
DPCD,11459
LARP6,11460
API5,11461
ASPG,11462
ZNF319,11463
HPS6,11464
SENP8,11465
NOLC1,11466
ALKBH3,11467
COPS2,11468
GABRB3,11469
SPIC,11470
TBATA,11471
SGPL1,11472
FRS2,11473
CCT2,11474
PCBD1,11475
ARIH1,11476
DNAAF8,11477
CLMP,11478
SCN3B,11479
COX11,11480
ZNF202,11481
FAM227B,11482
STXBP4,11483
CYYR1,11484
CUL5,11485
MYRFL,11486
WBP1L,11487
BORCS7,11488
C2,11489
PLEKHF1,11490
TMEM100,11491
ANAPC16,11492
SMPD1,11493
APBB1,11494
SYNPO2L,11495
NUDT13,11496
C11orf65,11497
TRIM44,11498
CCDC182,11499
ILK,11500
TAF10,11501
TPP1,11502
DCHS1,11503
NETO1,11504
MSS51,11505
CYB5A,11506
USP54,11507
RAG1,11508
POTED,11509
IFTAP,11510
WDR88,11511
OR10A5,11512
OR2D2,11513
ATP9B,11514
PPFIBP2,11515
MOGAT2,11516
CYB5R2,11517
SERPINB7,11518
GARRE1,11519
SERPINB8,11520
TUB,11521
RIC3,11522
LMO1,11523
IDH3A,11524
WDR72,11525
CRABP1,11526
PLD4,11527
ZMAT1,11528
XRRA1,11529
TRIM66,11530
RNF169,11531
RPL27A,11532
DENND2B,11533
CDYL2,11534
TMEM130,11535
PRTG,11536
CENPN,11537
AKIP1,11538
ATMIN,11539
C16orf46,11540
TMEM41B,11541
PKD1L2,11542
LEO1,11543
ZNF143,11544
TMX3,11545
MFAP4,11546
WEE1,11547
MAPK7,11548
PRKCB,11549
HDGFL3,11550
NDST2,11551
MCM7,11552
CLEC3A,11553
CCDC68,11554
CLEC4E,11555
ZNF3,11556
CLEC4D,11557
ZSCAN21,11558
RIMKLB,11559
A2ML1,11560
BEAN1,11561
TK2,11562
TMED3,11563
SLC38A8,11564
SEC11C,11565
CPLX4,11566
GALR1,11567
TMEM135,11568
IQCD,11569
NDEL1,11570
CENPV,11571
CDH16,11572
RRAD,11573
CIAO2B,11574
CFAP52,11575
HSP90B1,11576
MC4R,11577
BLCAP,11578
SERPINB12,11579
CHRFAM7A,11580
ATF7IP2,11581
MMP10,11582
TVP23A,11583
BEX3,11584
TMPRSS5,11585
COG1,11586
PLEKHA7,11587
ZNF606,11588
ZCCHC18,11589
B2M,11590
ZNF592,11591
GOLM2,11592
HTR3A,11593
NNMT,11594
ACSM1,11595
AP1G1,11596
SLFN5,11597
CATSPER2,11598
BMERB1,11599
MARF1,11600
SAAL1,11601
YPEL4,11602
PPIB,11603
LDHC,11604
CIAO2A,11605
LDHAL6A,11606
FAM111A,11607
PCLAF,11608
KIF7,11609
LDHD,11610
PLIN1,11611
PEX11A,11612
TMEM170A,11613
MESP1,11614
ANPEP,11615
SCNN1G,11616
RBPMS2,11617
NAV2,11618
ANKDD1A,11619
GLYATL1,11620
C18orf54,11621
DCTN5,11622
TERF2IP,11623
PLK1,11624
CLPX,11625
GPR182,11626
ZBTB39,11627
CACNG2,11628
TAC3,11629
MYO1A,11630
CHP2,11631
NEMP1,11632
NAB2,11633
VPS39,11634
STAT6,11635
PATL1,11636
ATP23,11637
ELFN2,11638
STX3,11639
MRPL16,11640
PIP4K2C,11641
MTMR10,11642
YWHAB,11643
C15orf48,11644
SCG5,11645
GREM1,11646
NYAP1,11647
TSC22D4,11648
MS4A7,11649
MS4A14,11650
DIS3L,11651
CCNDBP1,11652
EPB42,11653
TGM6,11654
SMAD3,11655
MS4A8,11656
CCDC178,11657
MS4A15,11658
MAP1A,11659
RCCD1,11660
AKTIP,11661
MAPRE2,11662
EVA1C,11663
MARS1,11664
MBD6,11665
CNPY4,11666
PDIA3,11667
NUDT21,11668
NAT16,11669
NKX3-1,11670
SGSM1,11671
DUSP18,11672
TEF,11673
MEI1,11674
B4GALNT2,11675
PBX3,11676
GNGT2,11677
PHB1,11678
SNRPD1,11679
TTC16,11680
SAMD14,11681
PIP5KL1,11682
TMEM92,11683
EEIG1,11684
ACSF2,11685
GOLGA2,11686
TRUB2,11687
COQ4,11688
SLC27A4,11689
ANKRD40CL,11690
URM1,11691
CERCAM,11692
DOLPP1,11693
DNAAF19,11694
ENDOG,11695
PRRX2,11696
C15orf39,11697
ISLR2,11698
SP2,11699
PRR15L,11700
COQ7,11701
GPRC5B,11702
CRK,11703
C16orf92,11704
GOLGA6C,11705
FBXO22,11706
TBC1D2B,11707
NOD2,11708
SNX20,11709
LOXHD1,11710
KATNAL2,11711
HDHD2,11712
ZNF91,11713
IGF2,11714
RNF214,11715
CDK12,11716
DPEP2,11717
DUS2,11718
POP5,11719
ENGASE,11720
RBFOX3,11721
ATP5MG,11722
CD3D,11723
TBC1D16,11724
TEPSIN,11725
MYO5B,11726
ART5,11727
ACAA2,11728
STIM1,11729
RRM1,11730
OR51E2,11731
TRIM68,11732
MMP26,11733
OR51B5,11734
OR51I1,11735
OR51Q1,11736
FN3K,11737
PRRT2,11738
ZNF23,11739
IRGQ,11740
ZNF226,11741
ZNF180,11742
PPP2R3B,11743
ZNF668,11744
ZNF646,11745
VKORC1,11746
LPO,11747
CA4,11748
SMG8,11749
TPM4,11750
RAB8A,11751
GPX4,11752
MIDN,11753
JSRP1,11754
NIBAN3,11755
KLHL26,11756
GATAD2A,11757
MVD,11758
CDT1,11759
TRAPPC2L,11760
ANKRD11,11761
SPATA33,11762
RSKR,11763
PROCA1,11764
RPL13,11765
ZNF641,11766
LALBA,11767
CACNB3,11768
DHRS13,11769
TP53I13,11770
KMT2D,11771
CORO6,11772
RHEBL1,11773
TUBA1A,11774
TUBA1C,11775
ZNF610,11776
ZNF528,11777
ZNF701,11778
SERTAD3,11779
NCKAP5L,11780
RAB4B,11781
AQP2,11782
GPD1,11783
PROSER3,11784
CYP2S1,11785
AXL,11786
NFKBID,11787
TMC4,11788
ANKRD33,11789
LAIR1,11790
TTYH1,11791
LENG8,11792
CDC42EP5,11793
LAIR2,11794
TMEM145,11795
ZNF526,11796
TRAPPC9,11797
KIR3DL1,11798
NLRP7,11799
ZNF146,11800
ZNF283,11801
PPP1R14A,11802
SPINT2,11803
C19orf33,11804
YIF1B,11805
DNAAF3,11806
PSCA,11807
ATCAY,11808
LY6D,11809
DAPK3,11810
EEF2,11811
TMIGD2,11812
CHAF1A,11813
UBXN6,11814
HDGFL2,11815
PLIN4,11816
SEMA6B,11817
ZNF444,11818
NXN,11819
TLCD3A,11820
GLOD4,11821
MFSD3,11822
GPT,11823
KIFC2,11824
SLC43A2,11825
RILP,11826
SERPINF2,11827
WDR81,11828
SRR,11829
TSR1,11830
TRPV3,11831
HSD11B1L,11832
CYB5D2,11833
GGT6,11834
KLK1,11835
KLK4,11836
KLK2,11837
KLK5,11838
KLK6,11839
KLK11,11840
KLK13,11841
ZNF83,11842
KRT80,11843
KRT1,11844
ACER1,11845
OTUB1,11846
RCOR2,11847
ANGPTL4,11848
CD320,11849
SPRYD3,11850
IGFBP6,11851
SOAT2,11852
ZNF558,11853
CABP2,11854
NDUFV1,11855
CDK2AP2,11856
NUDT8,11857
TBX10,11858
PRDX2,11859
ZNF232,11860
MIS12,11861
CD300C,11862
CD300A,11863
TEKT1,11864
HID1,11865
MRPL58,11866
ATP5PD,11867
TMEM88,11868
EVPL,11869
SRP68,11870
MGAT5B,11871
TMC8,11872
TK1,11873
TMEM68,11874
CYP7A1,11875
GSDMA,11876
KRT24,11877
GHDC,11878
FAM234A,11879
SOST,11880
ZNF598,11881
RAB26,11882
MLST8,11883
E4F1,11884
DNASE1L2,11885
ECI1,11886
CASKIN1,11887
ABCA3,11888
KCTD5,11889
SRRM2,11890
ZNF597,11891
NLRC3,11892
SDHAF2,11893
DDB1,11894
VPS37C,11895
VWCE,11896
RAB3IL1,11897
BEST1,11898
FTH1,11899
BSCL2,11900
POLR2G,11901
SLC3A2,11902
PLAAT5,11903
SPINDOC,11904
ATG16L2,11905
C2CD3,11906
TRANK1,11907
TTC21A,11908
RPSA,11909
ENTPD3,11910
CTNNB1,11911
ULK4,11912
FADD,11913
LTBP3,11914
NAALADL1,11915
SAC3D1,11916
BATF2,11917
SLC22A11,11918
SF1,11919
MAP4K2,11920
MAJIN,11921
CCDC88B,11922
SCARA3,11923
PBK,11924
SCARA5,11925
PNOC,11926
COPS6,11927
PAFAH1B2,11928
ANKS3,11929
NUDT16L1,11930
KIAA1586,11931
RAB4A,11932
OR1F1,11933
OR2B2,11934
KCNJ4,11935
SETD5,11936
VASN,11937
FAM83B,11938
H3-4,11939
THAP9,11940
OR2C1,11941
RNF187,11942
HOOK3,11943
MAPK1IP1L,11944
DDIT4,11945
RBPJ,11946
LMBRD1,11947
ZCCHC4,11948
PTGDR,11949
TTC39C,11950
GLYCTK,11951
GNG4,11952
UBTD2,11953
POLR2J3,11954
NKIRAS2,11955
DNAJC7,11956
KCNV2,11957
IRF2BP2,11958
NT5DC2,11959
FOXI1,11960
UQCC5,11961
COA6,11962
KIF5C,11963
MGAT2,11964
BMI1,11965
THAP11,11966
MMADHC,11967
PDHB,11968
PXK,11969
H1-4,11970
PCMTD1,11971
KCTD6,11972
MPLKIP,11973
ACOX2,11974
FAM107A,11975
IRF2,11976
MOBP,11977
CX3CR1,11978
PPDPFL,11979
XIRP1,11980
INSM2,11981
DEGS2,11982
SCN11A,11983
ARF4,11984
SEPTIN2,11985
FILIP1L,11986
MFSD2A,11987
DTYMK,11988
TAP1,11989
ING5,11990
ATG4B,11991
BDKRB2,11992
MLKL,11993
RFWD3,11994
MTNR1A,11995
KCNG4,11996
RHOH,11997
KLHL30,11998
COG7,11999
CDC40,12000
STIP1,12001
SCNN1B,12002
HR,12003
TXNDC2,12004
RAB31,12005
REEP4,12006
TNXB,12007
LGI3,12008
SFTPC,12009
BMP1,12010
ATXN2L,12011
PHYHIP,12012
CCDC110,12013
POLR3D,12014
FEN1,12015
CAVIN2,12016
MTCL1,12017
GBX2,12018
HJV,12019
HEXIM2,12020
FNTA,12021
SERINC2,12022
MYL1,12023
TRAPPC11,12024
CHRM1,12025
COL3A1,12026
GFRA2,12027
ING2,12028
CDKN2AIP,12029
SNRNP48,12030
TMEM223,12031
SLC20A2,12032
DYNLRB2,12033
TMUB2,12034
ADAM29,12035
STAT3,12036
ZSWIM1,12037
ADAM9,12038
ADAM18,12039
GDNF,12040
MUCL3,12041
WFDC13,12042
AXIN2,12043
NDUFS5,12044
VWA3B,12045
ZNF30,12046
UGT3A2,12047
LRATD2,12048
LDLRAD4,12049
KCTD19,12050
SLC16A4,12051
IL7R,12052
TMEM208,12053
LRP1B,12054
WFDC12,12055
AHCYL1,12056
DNAJC21,12057
PKIG,12058
NPNT,12059
CA7,12060
FAM178B,12061
TSPY2,12062
SEMA4C,12063
CNNM3,12064
GSTM4,12065
TET2,12066
CXXC4,12067
TCTN2,12068
SHOX2,12069
PPIP5K1,12070
TSPAN5,12071
ABHD15,12072
ZBTB5,12073
CHTF8,12074
MAPDA,12075
LCMT2,12076
SNTB2,12077
IL12A,12078
ZNF507,12079
STX18,12080
NSG1,12081
ZBTB49,12082
GFM1,12083
OR13J1,12084
FSTL5,12085
DDX19A,12086
ATOH8,12087
SOX14,12088
ANKRD49,12089
SFTPB,12090
USP39,12091
TNIP2,12092
C2orf68,12093
TMEM150A,12094
RNF181,12095
VAMP5,12096
BTNL3,12097
LRRC28,12098
MAT2A,12099
PLA2G4F,12100
ENHO,12101
ZNF608,12102
SLC35G2,12103
INPP5D,12104
LETM1,12105
CTRB1,12106
CTRB2,12107
TRIM49,12108
TMEM129,12109
PPIC,12110
SPRY3,12111
CEP120,12112
STXBP6,12113
TM4SF20,12114
MFF,12115
GRM5,12116
LGALS9,12117
CPLX1,12118
PXDC1,12119
SIGLEC7,12120
NTSR2,12121
E2F6,12122
FEM1B,12123
COMMD8,12124
ATP5ME,12125
UQCRFS1,12126
SLC49A3,12127
COL4A3,12128
MAP2K1,12129
KLK7,12130
HNRNPH1,12131
IRS1,12132
MECP2,12133
VCX3A,12134
UPF3A,12135
ZBBX,12136
ACTBL2,12137
ROR2,12138
AR,12139
DHRSX,12140
VXN,12141
HSPBAP1,12142
ASMTL,12143
SLC25A6,12144
CHST14,12145
PARM1,12146
CSNK1G1,12147
FAM110B,12148
ODAD2,12149
AFAP1L2,12150
ZNF354A,12151
ATF5,12152
UBE2V2,12153
ZBTB43,12154
CPT1C,12155
PCSK9,12156
XPO6,12157
GSG1L,12158
MN1,12159
APEX2,12160
NSMCE1,12161
CCDC126,12162
IL13,12163
NPIPB12,12164
OR10G3,12165
RAB3B,12166
OR6F1,12167
CD2BP2,12168
RSPO1,12169
RGS14,12170
TBC1D10B,12171
LMAN2,12172
GCSAML,12173
RAB24,12174
PRELID1,12175
THBS3,12176
CA5B,12177
SLC50A1,12178
EFNA1,12179
CXCL10,12180
NPIPB3,12181
SH3TC2,12182
CXCL11,12183
ZRSR2,12184
NMD3,12185
ADRB2,12186
B3GALNT1,12187
GPRIN1,12188
HSPB3,12189
KCNAB1,12190
MRPL1,12191
SHE,12192
NR0B1,12193
PGM2,12194
STK32A,12195
IL1RAPL1,12196
P2RY12,12197
C22orf15,12198
OR5AU1,12199
MINAR1,12200
GP2,12201
SLC33A1,12202
SNUPN,12203
CRADD,12204
SIN3A,12205
ARL13B,12206
RNASE2,12207
RNASE3,12208
PTK2,12209
RSPH10B2,12210
PTAFR,12211
PTPN9,12212
RNASE6,12213
NPR1,12214
KCNK9,12215
CXCL8,12216
SCN9A,12217
RASSF6,12218
COL22A1,12219
SDC2,12220
CD52,12221
MMGT1,12222
SPRR1B,12223
SPRR1A,12224
TM2D2,12225
HTRA4,12226
PLEKHA2,12227
CLIC4,12228
SLC38A11,12229
GPR183,12230
CRCT1,12231
CCDC8,12232
METTL15,12233
ZNF280A,12234
MUC15,12235
CT55,12236
ZEB2,12237
GJB1,12238
PCBP1,12239
HINT1,12240
DTWD2,12241
VPREB1,12242
CLIC3,12243
INO80E,12244
BNC1,12245
DFFB,12246
NFU1,12247
ANTXR1,12248
GKN1,12249
CKAP2L,12250
C15orf40,12251
RAMAC,12252
PROKR1,12253
APLF,12254
BOLA2B,12255
RGPD8,12256
HIC2,12257
LUZP1,12258
HEXD,12259
DRD5,12260
BUB1,12261
SPNS1,12262
LRRC45,12263
CHRNA5,12264
MT1B,12265
CENPX,12266
AGPAT2,12267
ASPSCR1,12268
GP9,12269
FASN,12270
CNBP,12271
MT1E,12272
DUS1L,12273
GPS1,12274
RFNG,12275
DCXR,12276
ZNF32,12277
LDB2,12278
RAC3,12279
NRG4,12280
LIMS1,12281
TMEM266,12282
NLGN1,12283
TAPT1,12284
UGP2,12285
TAS2R1,12286
LINGO1,12287
HNRNPF,12288
BTD,12289
CSGALNACT2,12290
TACR3,12291
GSX1,12292
PCDH7,12293
ROBO1,12294
ONECUT1,12295
AVEN,12296
P2RY1,12297
CTNND2,12298
TRIM56,12299
MUC17,12300
AHSP,12301
WNT10B,12302
CALML6,12303
REPS2,12304
MUC3A,12305
SYAP1,12306
ITGAM,12307
PYDC1,12308
TPST1,12309
TM4SF4,12310
TOR1AIP2,12311
S100G,12312
TM4SF1,12313
OTUD3,12314
OTUD7A,12315
GUSB,12316
BRD3,12317
KLF13,12318
FRMPD4,12319
ZFPM2,12320
ZNF764,12321
ZNF747,12322
ZNF768,12323
TAS1R3,12324
TMEM42,12325
MAP3K2,12326
PUSL1,12327
SF3B5,12328
ZNF35,12329
TIGD4,12330
IFFO2,12331
NLGN2,12332
MYO7B,12333
CHD3,12334
TMEM154,12335
MYRIP,12336
ALCAM,12337
YWHAG,12338
UBE2E3,12339
CNTROB,12340
TRAPPC1,12341
ZPLD1,12342
KCNAB3,12343
SERPINA9,12344
FAM153A,12345
GPR37L1,12346
SIMC1,12347
TMEM192,12348
NSG2,12349
SPDYE5,12350
SERPINA6,12351
ZNF778,12352
NIPA1,12353
FOXD4,12354
GPR25,12355
UBE2E1,12356
HNRNPA3,12357
SIK2,12358
RNF150,12359
CCDC144A,12360
VGLL2,12361
HOXD4,12362
CHRNB1,12363
HOXD12,12364
GYPA,12365
USP38,12366
SLC16A5,12367
NANP,12368
ANKK1,12369
ADRA1B,12370
ADPRM,12371
FABP6,12372
PWWP2A,12373
USP50,12374
USP47,12375
PDCD6IP,12376
MRGPRX1,12377
ZNF212,12378
MRAP,12379
FAM161A,12380
ZNF282,12381
GLB1,12382
GON7,12383
FAXDC2,12384
CRTAP,12385
HSPB2,12386
CNGB3,12387
SLN,12388
ELP5,12389
CMTM8,12390
GABARAP,12391
LGALS9B,12392
STX8,12393
CDK1,12394
UBB,12395
NFRKB,12396
FABP4,12397
FRMPD2,12398
PRDM10,12399
B3GNT2,12400
FOS,12401
TMED10,12402
SETMAR,12403
SMAD1,12404
CST5,12405
CST2,12406
EMX2,12407
CST1,12408
SP7,12409
TCAF2,12410
SEMA3E,12411
LRRN2,12412
SLC30A1,12413
DCLK2,12414
ZNF804A,12415
GPRC5C,12416
TMEM182,12417
VSTM2A,12418
KRT8,12419
KRT78,12420
ADORA2B,12421
SDR9C7,12422
MGMT,12423
TMT1B,12424
KRT86,12425
HARS1,12426
NFXL1,12427
KRT75,12428
DENND5B,12429
CD14,12430
DNAJC18,12431
KRT6C,12432
RIOX1,12433
SPATA24,12434
RALGAPB,12435
PYM1,12436
MZB1,12437
KRT4,12438
SLC23A1,12439
KRT74,12440
NPAS2,12441
KRT72,12442
KISS1,12443
LONRF2,12444
NUDT9,12445
HSD17B13,12446
PA2G4,12447
COX7B2,12448
ELOVL6,12449
KRT83,12450
PFKFB3,12451
TMC7,12452
ARL6IP1,12453
SERPINB9,12454
SMAGP,12455
IRX1,12456
CDH2,12457
IRX2,12458
EMB,12459
SIX2,12460
DLGAP1,12461
STAT2,12462
NUDCD2,12463
IRF2BP1,12464
OR9K2,12465
HSPA4,12466
FOXA3,12467
SLC26A5,12468
COMMD5,12469
SGCD,12470
GTSF1,12471
ZNF16,12472
ARMC10,12473
RNF34,12474
ACYP2,12475
TRABD,12476
ATF7,12477
RASA4B,12478
SOCS6,12479
CAVIN4,12480
OR10A3,12481
ZNF296,12482
HOXB9,12483
TTLL6,12484
POLH,12485
SYT9,12486
KCNS3,12487
RBMXL2,12488
KIF5B,12489
GPR37,12490
AKAP13,12491
TPD52L3,12492
CDCA4,12493
OR10A4,12494
SDR16C5,12495
DYDC1,12496
OR10A2,12497
CHCHD7,12498
HTRA3,12499
FOXN2,12500
LMOD2,12501
BFSP2,12502
USP32,12503
CEL,12504
PPM1D,12505
GPR27,12506
MRFAP1L2,12507
PSG6,12508
KBTBD2,12509
RIOX2,12510
TRIAP1,12511
LSM3,12512
KIAA0232,12513
MTSS1,12514
TMEM43,12515
RNF139,12516
RPS9,12517
PLA2G1B,12518
CYTL1,12519
TSEN34,12520
TRH,12521
GSTA4,12522
MSANTD4,12523
NDUFA3,12524
OSCAR,12525
PAQR8,12526
NUDT6,12527
TANC2,12528
OR7G2,12529
TEX13B,12530
PKHD1,12531
OR1M1,12532
NCBP2L,12533
DNAJC24,12534
MBD3L1,12535
ZNF160,12536
PGK2,12537
ZNF415,12538
CAVIN3,12539
CEACAM3,12540
DCDC1,12541
HAS2,12542
PDGFD,12543
PLAC1,12544
DDI1,12545
S1PR1,12546
HS6ST2,12547
OR4D5,12548
PYGO1,12549
LRRC8E,12550
PKIA,12551
XKR6,12552
TSNARE1,12553
FPR2,12554
FPR1,12555
PATE1,12556
OR13H1,12557
FEZ2,12558
SOX7,12559
C8orf74,12560
C11orf24,12561
ALK,12562
KYAT1,12563
MTM1,12564
OBP2B,12565
TRMT61B,12566
INSR,12567
MFN1,12568
GIMAP8,12569
HSFX1,12570
NRTN,12571
KCNMB3,12572
FUT3,12573
KCNG3,12574
ATP6V0E2,12575
PRKCE,12576
OR2K2,12577
JAGN1,12578
RLN3,12579
TADA3,12580
SOCS5,12581
C1GALT1C1,12582
BBLN,12583
MORN4,12584
ZNF672,12585
ZNF692,12586
NAIF1,12587
RBKS,12588
OR2M4,12589
GRIK1,12590
MUC7,12591
OPRPN,12592
SMR3B,12593
TMEM126A,12594
TMEM126B,12595
TRIM8,12596
NETO2,12597
CSN3,12598
CLDN20,12599
CDC42BPG,12600
SCAND1,12601
JUNB,12602
FAM241B,12603
TMEM37,12604
UGT2B7,12605
LRG1,12606
SHCBP1,12607
SOSTDC1,12608
NPTX1,12609
FAM98B,12610
ZNF439,12611
ZNF440,12612
GAA,12613
CANT1,12614
KCNK3,12615
ZDHHC16,12616
CHST11,12617
EXOSC1,12618
PGAM1,12619
CHD7,12620
ESCO2,12621
KRT19,12622
KRT15,12623
LURAP1,12624
KRT38,12625
CLCN5,12626
TPPP,12627
KCND3,12628
APLN,12629
KRT13,12630
XAGE3,12631
KRT9,12632
PDE7B,12633
MRPL36,12634
ZNF581,12635
NAT1,12636
KRT20,12637
GLOD5,12638
KSR2,12639
ZNF524,12640
MCC,12641
KRT27,12642
ZBTB26,12643
CDK5R2,12644
DSEL,12645
POLR1C,12646
ASXL1,12647
OR1L6,12648
DLK2,12649
ZNF562,12650
ZNF318,12651
ZNF561,12652
WIPF2,12653
HOPX,12654
SPACA5B,12655
OR1L3,12656
NLRP5,12657
LRRC8C,12658
SPACA5,12659
RSL1D1,12660
LRRC8D,12661
MROH2B,12662
OR1L8,12663
PPID,12664
COL24A1,12665
ETFDH,12666
OR1N1,12667
RXFP1,12668
LPAR3,12669
PTGER4,12670
TBCA,12671
NEUROD2,12672
MAP6,12673
OTP,12674
ECEL1,12675
BCL2L1,12676
FGG,12677
FGA,12678
OR2AT4,12679
FGB,12680
PLRG1,12681
ZNF584,12682
DSCAM,12683
DNAI2,12684
NMUR1,12685
CLSTN1,12686
CXXC5,12687
ZNF274,12688
PIK3CD,12689
PTCRA,12690
SLC25A33,12691
ENC1,12692
SPSB1,12693
P2RY6,12694
BPTF,12695
S100Z,12696
ZIK1,12697
GPR82,12698
GPR34,12699
PLEKHG5,12700
ATF7IP,12701
LKAAEAR1,12702
RGS19,12703
TCEA2,12704
DEFB4A,12705
ANO5,12706
HDAC3,12707
SPATA46,12708
GPHN,12709
VAT1L,12710
TMEM51,12711
CAMTA1,12712
LGALS4,12713
LRRC34,12714
PAH,12715
AFG2B,12716
GATM,12717
SYCE1,12718
NXNL1,12719
RASGRP4,12720
NHLH1,12721
SLFNL1,12722
BCL2,12723
RHNO1,12724
CTPS1,12725
UTF1,12726
KNDC1,12727
WDR87,12728
METTL18,12729
CFAP46,12730
COL8A2,12731
PWWP2B,12732
ZNF540,12733
ANGPTL7,12734
FBXL14,12735
EXOSC10,12736
ZNF570,12737
NINJ2,12738
MLLT3,12739
FAM90A1,12740
RRM2,12741
TRAPPC12,12742
IFNB1,12743
RPS21,12744
C3AR1,12745
MRM3,12746
PTEN,12747
RPS7,12748
PRND,12749
RNASEH1,12750
PRNP,12751
KLF17,12752
ADRA1D,12753
FRMD5,12754
AQP4,12755
CYP4F11,12756
TLN2,12757
LGALS9C,12758
TVP23B,12759
FBXW10,12760
ZNF217,12761
OR10H2,12762
SRGAP2C,12763
SCG2,12764
ATPAF2,12765
CYP4F22,12766
FOXB1,12767
PPIH,12768
DRC3,12769
ZNF57,12770
SHLD1,12771
JMJD1C,12772
LDHAL6B,12773
SYNPO,12774
ZNF556,12775
MAL,12776
ZNF554,12777
RAB33B,12778
THOP1,12779
REG3A,12780
GAP43,12781
REG1B,12782
EPHX4,12783
LAMB2,12784
USP19,12785
QARS1,12786
ORMDL3,12787
SERF1A,12788
KLF11,12789
LRRC15,12790
SMN1,12791
EIF2AK3,12792
SPMIP9,12793
MOB3A,12794
KRCC1,12795
NME6,12796
CYCS,12797
CD8B,12798
SLFN12,12799
CALB2,12800
SLC9C1,12801
OR1A1,12802
LCE1D,12803
FRMD3,12804
SNTB1,12805
MTBP,12806
TEFM,12807
MRPL13,12808
MALT1,12809
PRL,12810
ISG20,12811
MBOAT1,12812
ID4,12813
OR4X2,12814
GPR22,12815
CXCR6,12816
CEBPB,12817
AZU1,12818
TPSAB1,12819
ATOH1,12820
PAIP1,12821
CLEC7A,12822
C5orf34,12823
C1QTNF4,12824
NEGR1,12825
ZNF131,12826
MACROD2,12827
DPAGT1,12828
BSG,12829
HINFP,12830
OR10V1,12831
CERS6,12832
SPTLC3,12833
COPRS,12834
TP53RK,12835
B3GALT1,12836
OR5A1,12837
CLEC12A,12838
BPGM,12839
POP7,12840
ALG14,12841
SUCLG2,12842
STARD5,12843
CSDC2,12844
RCAN2,12845
IL16,12846
ABCG4,12847
GNB2,12848
CFAP53,12849
OR5B12,12850
OR5B2,12851
MCRIP2,12852
NHERF4,12853
C2CD2L,12854
OR9I1,12855
ARNT2,12856
GNG12,12857
PRSS27,12858
MYOZ2,12859
SYNPO2,12860
DNAJB7,12861
CLP1,12862
INSL5,12863
EFCAB3,12864
TTC36,12865
RSPH9,12866
COPS9,12867
GTPBP2,12868
FGGY,12869
IL17D,12870
OR5AR1,12871
FUT9,12872
TCEAL1,12873
ZNF24,12874
MANEA,12875
RAB40A,12876
MAB21L4,12877
AGXT,12878
OR8J1,12879
AFF1,12880
ACOT12,12881
FIBP,12882
CARNS1,12883
OR10H5,12884
BANP,12885
PPP1CA,12886
HCFC1,12887
CTSW,12888
NIPAL4,12889
MUCL1,12890
SNTG2,12891
FNDC9,12892
PDE3A,12893
RASGRP1,12894
KLHL6,12895
CHCHD1,12896
MRPL52,12897
SMPDL3A,12898
RND1,12899
RAD9A,12900
EFEMP2,12901
OR10AD1,12902
AGAP5,12903
WASHC2C,12904
TMEM134,12905
ZMAT3,12906
ZFAND4,12907
THEMIS,12908
MOS,12909
ZNF738,12910
SLFN11,12911
GARIN2,12912
CCL19,12913
CORO1B,12914
FUT10,12915
LRRC20,12916
MUS81,12917
PURG,12918
TMEM217,12919
OR4D9,12920
ZNF596,12921
COL6A5,12922
CFL1,12923
TMCC1,12924
NAA16,12925
OR5B3,12926
EFCAB12,12927
PSME3IP1,12928
RAB43,12929
FADS6,12930
ZNG1A,12931
HOXC5,12932
RAB37,12933
DCP2,12934
SNX32,12935
RPL38,12936
CYP7B1,12937
OVOL1,12938
RARG,12939
CES4A,12940
CES3,12941
SSH3,12942
CES2,12943
PDP2,12944
SP3,12945
KRT2,12946
DMXL1,12947
METAP1D,12948
ZNF621,12949
EGFL7,12950
NADSYN1,12951
DHCR7,12952
LVRN,12953
NBEA,12954
RNASEH2C,12955
MYEOV,12956
ANKRD13D,12957
MRGPRF,12958
MYD88,12959
MRGPRD,12960
OXSR1,12961
SLC22A13,12962
PHF8,12963
LCLAT1,12964
ADH6,12965
XKR3,12966
FRG2C,12967
KAT5,12968
SH3RF3,12969
GXYLT2,12970
HPSE2,12971
DCAKD,12972
ARPP21,12973
TADA2B,12974
CFAP184,12975
GRK2,12976
RELA,12977
EVC2,12978
ZNF680,12979
HECTD4,12980
FAM222B,12981
BNC2,12982
RXFP4,12983
HPSE,12984
COQ2,12985
CCDC63,12986
HSPA6,12987
TRMT112,12988
LRRN3,12989
KDM2A,12990
ACSM6,12991
ADCK5,12992
MRPL57,12993
NOC3L,12994
ESRRA,12995
RHOD,12996
ADAMTS20,12997
COMMD1,12998
RAPH1,12999
MTX1,13000
ADCY5,13001
PARP14,13002
CYSLTR1,13003
PARP15,13004
CKS1B,13005
ABCD2,13006
ABLIM3,13007
MAB21L3,13008
TUBB8B,13009
MFSD4B,13010
VANGL1,13011
GLRX,13012
IQCB1,13013
SYT12,13014
GOLGB1,13015
C11orf86,13016
LIPM,13017
GPR151,13018
DMRT2,13019
ZNF483,13020
PLAC8L1,13021
SLC2A14,13022
GPR137,13023
SNCG,13024
MMRN2,13025
MZT2A,13026
TNKS,13027
ZNF449,13028
ZBTB21,13029
PPP1R3B,13030
GPR148,13031
STOX2,13032
MAP3K11,13033
TRIB1,13034
CST9,13035
KCNK7,13036
SFT2D3,13037
C1QB,13038
NDNF,13039
IQCF1,13040
OLR1,13041
GLIPR1L1,13042
DAG1,13043
INSM1,13044
DAB1,13045
ARV1,13046
NAA20,13047
IHO1,13048
RNASE8,13049
SAA1,13050
MICOS10,13051
EHBP1L1,13052
THAP2,13053
TMEM196,13054
RNF26,13055
PPP1R14B,13056
ZNRD2,13057
AGR3,13058
SMARCC1,13059
ZNF417,13060
PTPRM,13061
FKBP2,13062
VEGFB,13063
PEAK1,13064
TNFRSF10D,13065
MST1,13066
TNFRSF10C,13067
GMPPB,13068
MOB1B,13069
ZNF622,13070
CSPG4,13071
SNX33,13072
CIMIP2C,13073
NABP1,13074
ADGRF3,13075
NLRP13,13076
CHD2,13077
XCR1,13078
CCDC106,13079
CCR9,13080
CEP83,13081
SULT1B1,13082
NUDT4,13083
PC,13084
UGT2A1,13085
SCAI,13086
GPRC6A,13087
NMNAT1,13088
LRFN4,13089
TRAPPC3L,13090
APOBEC4,13091
SLC19A1,13092
HSPB7,13093
RCE1,13094
UQCRH,13095
TAS1R1,13096
HES3,13097
EIF1AX,13098
SPDYE2B,13099
BCLAF3,13100
PSMD1,13101
ADGRG2,13102
SPATA3,13103
MUC13,13104
SUSD5,13105
HEG1,13106
WFIKKN2,13107
TOP6BL,13108
TOMM20,13109
SPMIP3,13110
AGFG1,13111
STAT5B,13112
CD7,13113
CNP,13114
JUP,13115
HAP1,13116
TDRD12,13117
EIF1,13118
ENDOV,13119
RNF213,13120
TIGD3,13121
KCNH6,13122
MARCHF10,13123
PLK3,13124
NET1,13125
DPY19L1,13126
PHOSPHO1,13127
ZNF791,13128
PHC3,13129
GPR160,13130
CBX2,13131
SPTBN2,13132
GOLIM4,13133
KRT28,13134
RBM4B,13135
ATP5MK,13136
HOXB2,13137
C1QTNF1,13138
MARCHF3,13139
SWSAP1,13140
SLCO4C1,13141
RBM4,13142
CIMAP3,13143
XXYLT1,13144
UBXN2A,13145
RAX2,13146
LRRC63,13147
TCAP,13148
CCS,13149
NRROS,13150
CEP19,13151
KLHL15,13152
FBXO45,13153
CBY2,13154
TENT5D,13155
GNG5,13156
SLC25A30,13157
SPATA31G1,13158
CD34,13159
CTSF,13160
MSRB3,13161
LEMD3,13162
UQCC4,13163
TLR10,13164
TLR1,13165
TLR6,13166
FAM174A,13167
RGMB,13168
FAM53A,13169
NWD2,13170
CYB561D1,13171
GSTA3,13172
ZDHHC24,13173
TRMT10C,13174
SELP,13175
CTU2,13176
MGA,13177
KICS2,13178
ARL13A,13179
SNX31,13180
PIGG,13181
PRPF8,13182
ADCY6,13183
REP15,13184
PITPNA,13185
DDX23,13186
ZNF80,13187
ZNHIT2,13188
EVX2,13189
ZBTB4,13190
TNK1,13191
ZHX3,13192
PHLDA3,13193
SLC16A11,13194
SLC16A13,13195
GLIS1,13196
CHRNA9,13197
PODN,13198
SLC6A19,13199
EXO1,13200
RALGAPA1,13201
LIG4,13202
TRHR,13203
GTF2IRD2B,13204
ABRA,13205
ATP2A2,13206
ZWILCH,13207
RPL4,13208
SNAPC5,13209
STARD6,13210
GOLGA6L2,13211
VWC2L,13212
C12orf76,13213
ZCCHC12,13214
CNTNAP2,13215
GALNTL6,13216
LINGO2,13217
BBS1,13218
DENND4A,13219
IGDCC3,13220
GCSAM,13221
ANKRD36C,13222
SLC26A9,13223
MFSD4A,13224
PELI3,13225
TTC9B,13226
MYO1H,13227
TMEM81,13228
MRPL11,13229
KLK15,13230
IL20RB,13231
GOLT1A,13232
AKIRIN1,13233
NPAS4,13234
MSL2,13235
ZNF497,13236
TRAM1L1,13237
CMKLR1,13238
ANGEL2,13239
UGT8,13240
KY,13241
IQCK,13242
SLCO2A1,13243
ZNF266,13244
SLC29A2,13245
BRSK2,13246
B4GAT1,13247
TMEM167A,13248
LEP,13249
SH3PXD2B,13250
RESF1,13251
LARP7,13252
FGFBP3,13253
NR1D2,13254
PABPC5,13255
BRMS1,13256
RPL15,13257
FAM241A,13258
HRAS,13259
WDR49,13260
SRP72,13261
PCP2,13262
RIN1,13263
ODAPH,13264
THAP6,13265
CEP135,13266
FZD4,13267
CD248,13268
BTC,13269
PDZK1,13270
ADGRE1,13271
DENND6A,13272
PDE12,13273
GLMN,13274
DNAH12,13275
YIF1A,13276
CNIH2,13277
AMY1B,13278
NLRP6,13279
NDUFA11,13280
RSRC1,13281
CATSPERD,13282
RAB1B,13283
OR9G1,13284
PTDSS2,13285
MICOS13,13286
C3orf33,13287
SEZ6L2,13288
ASPHD1,13289
KCTD13,13290
P2RY14,13291
AMZ1,13292
GPR171,13293
GPR149,13294
CD164L2,13295
FUT1,13296
DHX36,13297
OR5J2,13298
ZIC4,13299
OR10AG1,13300
FBXW8,13301
CA5A,13302
ZG16,13303
KLC2,13304
SLC22A1,13305
TEX36,13306
CTBP2,13307
CHST2,13308
ZDHHC14,13309
ATR,13310
UBE2C,13311
DSG4,13312
GK5,13313
VCPIP1,13314
RTP1,13315
DES,13316
PDIK1L,13317
SPSB4,13318
RAG2,13319
TRAF6,13320
ZNF654,13321
TVP23C,13322
MRPS22,13323
PACS1,13324
WFDC5,13325
MARCKSL1,13326
SH3BP5L,13327
YPEL2,13328
CADM2,13329
ABO,13330
PSMD2,13331
PPM1E,13332
FAM131A,13333
CSRP2,13334
INHBC,13335
PARL,13336
DDIT3,13337
PCCA,13338
HIGD2B,13339
DCTN2,13340
NPPA,13341
ZNF408,13342
CTDSP2,13343
CKAP5,13344
ARHGAP1,13345
MED16,13346
ATG13,13347
GAL3ST3,13348
CIROZ,13349
CHST1,13350
GOLGA8A,13351
VWA3A,13352
TP53I11,13353
CENPS,13354
DOLK,13355
PHYHD1,13356
CATSPER1,13357
CCNE2,13358
PHYKPL,13359
ANKS4B,13360
CST6,13361
GRAMD2A,13362
ZNF519,13363
LSM1,13364
PROP1,13365
ISX,13366
BANF1,13367
APOF,13368
CHRNA7,13369
TMEM9B,13370
NRIP3,13371
PTPN2,13372
SCUBE2,13373
EIF1AD,13374
SMAD2,13375
EIF3F,13376
ZNF25,13377
ARL10,13378
CLTB,13379
PCSK1,13380
LPL,13381
RFESD,13382
CCDC14,13383
TBC1D10C,13384
SART1,13385
PPP2R2D,13386
MCTP1,13387
POLD4,13388
OR52W1,13389
LRRC25,13390
DPP10,13391
CLCF1,13392
TSGA10IP,13393
GPR152,13394
UBQLNL,13395
UBQLN3,13396
PNLIP,13397
LIPT2,13398
KCNE3,13399
CABP4,13400
ALG10B,13401
DRAP1,13402
LONRF3,13403
UCP3,13404
UCP2,13405
C11orf68,13406
PAAF1,13407
MRPL48,13408
RAB6A,13409
P2RY2,13410
FOSL1,13411
ERCC4,13412
SUGCT,13413
CCDC85B,13414
TMEM70,13415
RPS6KB2,13416
RMI2,13417
TOM1L2,13418
TEX26,13419
ZNF77,13420
GPR156,13421
CCDC197,13422
MTLN,13423
KDF1,13424
B3GNTL1,13425
RBMXL3,13426
MLXIP,13427
NR2F1,13428
AURKAIP1,13429
TTLL11,13430
EIF4E1B,13431
TOMM5,13432
SLC35E3,13433
PRIMA1,13434
ZNF169,13435
RUVBL1,13436
SFN,13437
MSRA,13438
CBLL2,13439
CCDC168,13440
CTDNEP1,13441
ETV4,13442
SWI5,13443
GAPT,13444
BAIAP2,13445
CALCB,13446
CREG2,13447
TMEM270,13448
HOXD8,13449
ZDHHC21,13450
TSPEAR,13451
PLEKHF2,13452
A2M,13453
ARL4D,13454
DOK7,13455
LRRN1,13456
UBE2O,13457
ORAI3,13458
KLHL38,13459
UNC119B,13460
DENND2C,13461
PLEKHD1,13462
ASCL3,13463
TUBB6,13464
LYSMD3,13465
AMIGO3,13466
B3GALT6,13467
ZNF613,13468
C11orf16,13469
TMPRSS7,13470
NUPR1,13471
JAKMIP2,13472
MBLAC2,13473
TPRN,13474
KCNE5,13475
ZNF683,13476
SLC35A4,13477
CRYBG2,13478
IP6K1,13479
SSNA1,13480
CSTF3,13481
YES1,13482
CHMP6,13483
UFSP1,13484
MC5R,13485
TMEM39A,13486
TCP11L1,13487
GPX2,13488
CCDC57,13489
HSF5,13490
FOXG1,13491
SPHK1,13492
BNIP3,13493
ENTHD1,13494
MYPOP,13495
CIDEA,13496
OR11H4,13497
OR4D11,13498
LRRTM4,13499
ATAD5,13500
SMIM19,13501
OR11H6,13502
ZNF404,13503
RTTN,13504
OR51B6,13505
ACBD7,13506
OR4L1,13507
ANAPC2,13508
HMGB4,13509
ZBTB8OS,13510
OR4F21,13511
SLC35G1,13512
ZNF135,13513
OR4N2,13514
OR4M1,13515
FOXR1,13516
COX8A,13517
TAC4,13518
ZSCAN2,13519
PRR18,13520
B3GNT4,13521
CDC26,13522
HSD11B2,13523
CRLF3,13524
RNPEP,13525
EID2,13526
DMRTA1,13527
EID2B,13528
GJC3,13529
RIMS2,13530
KCMF1,13531
DNAJC30,13532
SPRYD4,13533
VPS37D,13534
CLEC14A,13535
SYNE3,13536
CLK2,13537
LPCAT4,13538
SLCO3A1,13539
ZNF575,13540
WDR25,13541
SGF29,13542
PLAAT3,13543
DIRAS1,13544
OR10AC1,13545
PHLDB3,13546
PRR15,13547
GNG7,13548
USF3,13549
CNTD1,13550
DCAF4L2,13551
CNBD1,13552
KBTBD11,13553
B3GNT5,13554
MAP3K19,13555
LMNB2,13556
RMDN1,13557
MEX3C,13558
HORMAD2,13559
RNF152,13560
MYO1D,13561
FOXL1,13562
LRRC37A,13563
FOXC2,13564
OR4F17,13565
BDNF,13566
CCDC121,13567
ACSF3,13568
BOK,13569
ZNF843,13570
RBIS,13571
PFN4,13572
MAGEB6,13573
CDK5R1,13574
TCERG1L,13575
NCKAP5,13576
MAGEB18,13577
RUFY1,13578
OR52E2,13579
BASP1,13580
DEFB103A,13581
LRRC37A3,13582
VSIG10,13583
IRX5,13584
METRNL,13585
FAM91A1,13586
WSB2,13587
GRIN1,13588
SOX11,13589
TYMS,13590
PXMP2,13591
TCEANC,13592
PNMA1,13593
TCIM,13594
MAMSTR,13595
ANKLE2,13596
C8G,13597
FUT2,13598
EFCAB5,13599
GCNT4,13600
MUC20,13601
THAP4,13602
NFATC2IP,13603
LY6H,13604
FIBIN,13605
FAM89B,13606
SHMT1,13607
DPP7,13608
SEC24C,13609
FMR1NB,13610
SMCR8,13611
MTHFR,13612
C19orf18,13613
DEAF1,13614
MTX3,13615
TMEM80,13616
SIX5,13617
IFNW1,13618
FBXO46,13619
ZDHHC13,13620
SLC38A9,13621
ACER2,13622
WDR73,13623
POLE,13624
PHETA2,13625
SCN4B,13626
DSCAML1,13627
RHOG,13628
EPS8L2,13629
ZDHHC22,13630
ANO6,13631
ZBTB34,13632
FAM9B,13633
NUDT4B,13634
FAM210A,13635
OR2T35,13636
TALDO1,13637
ULK1,13638
RIMKLA,13639
CLVS1,13640
RPS6KA3,13641
B3GNT8,13642
PUS1,13643
CHD9,13644
OR2T12,13645
SPACA4,13646
OR2T33,13647
GATD1,13648
TRIM72,13649
MAN1B1,13650
DEFB103B,13651
DEFB4B,13652
KCNA3,13653
FZD8,13654
GJD4,13655
FBXO39,13656
CLDN22,13657
KCNA2,13658
TOP3A,13659
CASKIN2,13660
ZBTB38,13661
BEND2,13662
CCDC71,13663
C10orf71,13664
LRRN4CL,13665
TIMM22,13666
HIC1,13667
PPFIA3,13668
MAGEF1,13669
UMODL1,13670
SAMD9L,13671
UBE2U,13672
PAWR,13673
TGIF1,13674
MIEF2,13675
NAP1L5,13676
NIM1K,13677
CD19,13678
ERICH5,13679
OR2T8,13680
NR2C2,13681
GPR4,13682
ACOT4,13683
CAVIN1,13684
ARIH2,13685
RBM44,13686
ZBTB33,13687
ZBED2,13688
VCX2,13689
IRX3,13690
ST8SIA3,13691
RPRM,13692
OR2B11,13693
SLC25A22,13694
RABEP2,13695
NHLH2,13696
ATOX1,13697
FAM187B,13698
TBL1XR1,13699
SAMD12,13700
CD163,13701
C18orf32,13702
PIDD1,13703
ZNF491,13704
RPLP2,13705
HASPIN,13706
JUN,13707
CSTF2T,13708
PGBD5,13709
C12orf54,13710
GBA1,13711
ACAD9,13712
IL17RA,13713
PNPLA2,13714
MBOAT4,13715
TEX44,13716
AGTRAP,13717
CD163L1,13718
SRRM3,13719
THAP5,13720
CRACR2B,13721
SUMO4,13722
MAGEB10,13723
DNAJC28,13724
NAALADL2,13725
CD151,13726
POLR2L,13727
FAM20C,13728
NECTIN3,13729
SLC35G5,13730
ANXA2R,13731
TMEM94,13732
FLII,13733
SOX12,13734
HNRNPA0,13735
YIPF7,13736
MYOZ1,13737
TMEM78,13738
KCNJ10,13739
CHID1,13740
ZNF620,13741
ZNF518A,13742
TMEM187,13743
SVBP,13744
ZNF619,13745
CCDC184,13746
AP3S1,13747
GRB2,13748
ZBTB41,13749
UBE2N,13750
SPATA31C2,13751
ARL6IP6,13752
ZNF354C,13753
CAPZA3,13754
MAMDC4,13755
CIMAP1A,13756
BET1L,13757
RPS27,13758
RIC8A,13759
IMP3,13760
ASB8,13761
LCN15,13762
CIMAP1B,13763
DPY19L2,13764
SPATA31E1,13765
CIMIP6,13766
GPR150,13767
TSPYL6,13768
LRRC75B,13769
DMAP1,13770
ADAMTSL1,13771
CALHM5,13772
IMPDH2,13773
ALS2CL,13774
MLF1,13775
NDUFAF3,13776
C2orf69,13777
GRAMD1C,13778
STAP2,13779
HTR3C,13780
TSSK6,13781
BOLA1,13782
PDE4DIP,13783
DDX10,13784
GOLGA8Q,13785
PPP1R42,13786
NDUFV2,13787
DALRD3,13788
ZNF114,13789
ZNF518B,13790
AMER3,13791
SPINK6,13792
ZNF366,13793
LCORL,13794
PARD6G,13795
ZNF454,13796
SH2B1,13797
ZC3H12D,13798
VN1R1,13799
POGLUT3,13800
PLEC,13801
SH2D4B,13802
RNF212,13803
PRSS36,13804
ZNF543,13805
TMEM151B,13806
GALNT11,13807
SLITRK1,13808
WDR6,13809
TNP2,13810
SPAG11A,13811
GEN1,13812
TMPRSS9,13813
AQP11,13814
TMEM11,13815
ZNF354B,13816
KCNG2,13817
SHISA3,13818
OR2D3,13819
CALML3,13820
CALML5,13821
ZFAND2A,13822
PLEKHM3,13823
ZNF223,13824
HTR1A,13825
CCDC185,13826
FAM220A,13827
DNAJC22,13828
NEUROG2,13829
CEP295NL,13830
BEND3,13831
NT5DC1,13832
GLDC,13833
COX14,13834
MCMDC2,13835
TUBAL3,13836
P4HTM,13837
UCN3,13838
DTX3,13839
KLHL11,13840
AMBN,13841
CTXN1,13842
SLC25A20,13843
CA8,13844
CD28,13845
EPM2AIP1,13846
ERBB4,13847
MAF,13848
CTNNBIP1,13849
DEFB125,13850
PSAPL1,13851
OTOS,13852
GTPBP6,13853
ERN1,13854
GPR35,13855
C10orf53,13856
CSRNP3,13857
ZNF713,13858
PARP10,13859
DYNAP,13860
SUZ12,13861
NSUN3,13862
KCTD12,13863
DHFR2,13864
RPP25,13865
GRINA,13866
THBD,13867
GP5,13868
COX5A,13869
STX19,13870
ERFE,13871
FAM219B,13872
ZHX2,13873
CPN2,13874
CPNE7,13875
C5orf46,13876
CD300LB,13877
GDPD4,13878
RIIAD1,13879
MPI,13880
H1-8,13881
TRIM73,13882
OPLAH,13883
TMEM52,13884
TMEM139,13885
RNF186,13886
EFCAB13,13887
MSC,13888
APOLD1,13889
RFLNA,13890
EXOSC4,13891
DPY19L3,13892
TAF7,13893
ZNF852,13894
FOXE1,13895
PFAS,13896
HYI,13897
CYBC1,13898
TPRX1,13899
LGALS7B,13900
ZNF552,13901
SMIM10L2A,13902
GAK,13903
ZBTB7A,13904
TUFM,13905
ERICH3,13906
RMI1,13907
CTC1,13908
FBXO34,13909
SELENOW,13910
EIF3K,13911
MRFAP1L1,13912
SNX18,13913
EXD1,13914
AURKB,13915
TAS1R2,13916
C14orf39,13917
MRFAP1,13918
C3orf38,13919
KLHDC7A,13920
TMEM107,13921
RRS1,13922
EXOC3L1,13923
TRIML2,13924
RCC2,13925
OR13D1,13926
IGSF22,13927
C9orf50,13928
ZFP42,13929
CCDC89,13930
FAM133A,13931
DPM3,13932
C12orf42,13933
CYC1,13934
PER1,13935
HTR1F,13936
TMTC2,13937
HES7,13938
FARSA,13939
SPTY2D1,13940
C10orf67,13941
SAMD4B,13942
CYP11B2,13943
GIMAP7,13944
ALOXE3,13945
EDC3,13946
TCAIM,13947
FUCA1,13948
PXT1,13949
GGN,13950
HNRNPCL1,13951
TMEM125,13952
ZNF664,13953
SIGLECL1,13954
CALR,13955
MAGED1,13956
GVQW3,13957
LDLRAD3,13958
CDH4,13959
SMCO3,13960
RAD23A,13961
PCARE,13962
GADD45GIP1,13963
DAND5,13964
TMEM151A,13965
PTPN11,13966
NSUN7,13967
RTL3,13968
FAM156B,13969
WSCD1,13970
RAB39A,13971
CLK3,13972
HLA-DQB1,13973
GATA2,13974
ARID3B,13975
TMEM31,13976
PACS2,13977
ELMOD2,13978
EGR3,13979
CATSPERE,13980
GPC5,13981
VWA1,13982
DNAJB8,13983
GEMIN4,13984
HNRNPCL4,13985
FJX1,13986
KLHL28,13987
MKRN3,13988
ZBTB18,13989
DORIP1,13990
ALOX12B,13991
SLC17A8,13992
SHARPIN,13993
LBX2,13994
DNHD1,13995
SLITRK4,13996
HTR1D,13997
GCC1,13998
LSMEM2,13999
RNF151,14000
CIITA,14001
ZFPM1,14002
ALOX15B,14003
PLD6,14004
GPHB5,14005
GRM8,14006
CDC42EP4,14007
OR6C4,14008
ZBTB42,14009
LACC1,14010
MAF1,14011
TPPP2,14012
FCER1A,14013
RPRML,14014
ARL14,14015
OR6C2,14016
WDR97,14017
PCED1B,14018
APOBEC3B,14019
SYCN,14020
PIPOX,14021
FOXS1,14022
ATOH7,14023
CDH5,14024
LRRC3B,14025
FAM216B,14026
MRGPRX4,14027
MYADM,14028
MRGPRX3,14029
MROH1,14030
SERTAD2,14031
AKAP5,14032
NKPD1,14033
GIPC3,14034
RNF227,14035
CITED4,14036
ABCA13,14037
NLRP11,14038
TIGD5,14039
PDXDC1,14040
CFAP276,14041
ZNF154,14042
R3HDM2,14043
B3GNT3,14044
ITLN1,14045
NRXN1,14046
SEPHS2,14047
GPBAR1,14048
ZNF784,14049
ZNF648,14050
C14orf119,14051
CCR8,14052
GOLGA8J,14053
BBS10,14054
FIZ1,14055
PUF60,14056
SSC5D,14057
DCTPP1,14058
ZNF771,14059
TSHZ1,14060
PSTK,14061
SOCS4,14062
PTGR3,14063
OR1E1,14064
ZNF48,14065
GARIN5B,14066
C3orf80,14067
NKX2-6,14068
TMEM150B,14069
ANKRD18A,14070
WFDC11,14071
TMEM86B,14072
SEPTIN1,14073
TRNAU1AP,14074
EXOC3,14075
TDRD6,14076
REDIC1,14077
CSNK1A1L,14078
LYNX1,14079
TH,14080
MED14,14081
FAHD1,14082
TDRP,14083
RCC1,14084
WFDC9,14085
MYL11,14086
F2,14087
GARIN6,14088
PRKRA,14089
ZNRF2,14090
RRH,14091
SLC9A4,14092
ZNF816,14093
FGD6,14094
ADGRD2,14095
PLD5,14096
OAZ2,14097
WFDC10A,14098
PNPLA1,14099
ALX1,14100
CCDC43,14101
KCTD4,14102
MEIOC,14103
FZD2,14104
TIGD2,14105
ITPRID1,14106
HCLS1,14107
MTURN,14108
ZNF609,14109
PAK2,14110
CCDC66,14111
MCFD2,14112
HARBI1,14113
C11orf71,14114
CYP8B1,14115
SERTM1,14116
GAS1,14117
ARHGAP45,14118
ZNF571,14119
GLIPR1L2,14120
DEFB119,14121
MIGA1,14122
KCNE1,14123
NRIP1,14124
ZSCAN4,14125
BHLHA15,14126
RNF182,14127
TSPYL5,14128
FUT7,14129
H2AC6,14130
EIF2S3B,14131
SKIDA1,14132
H2BC4,14133
MB21D2,14134
GSX2,14135
SSTR2,14136
ZNF594,14137
PCGF5,14138
SLC47A2,14139
PRF1,14140
OR2A4,14141
MAB21L1,14142
YOD1,14143
TMEM64,14144
C3orf22,14145
CHRM4,14146
SHISA2,14147
S1PR5,14148
CLRN3,14149
GPR157,14150
CHST13,14151
AGTR2,14152
SLC36A4,14153
ZDHHC20,14154
ANKRD30B,14155
OR51E1,14156
ZFP3,14157
ARSJ,14158
HOXC9,14159
MAP3K15,14160
PPA1,14161
HOXC10,14162
PSMG4,14163
BHLHE22,14164
MAP6D1,14165
ZNF443,14166
CXCR2,14167
GREM2,14168
C11orf42,14169
SSR4,14170
CAPS2,14171
ZNF792,14172
CUEDC1,14173
SCRIB,14174
KCTD2,14175
D2HGDH,14176
OXTR,14177
CMTR2,14178
OR56B4,14179
FAM83H,14180
GPR62,14181
OR56A1,14182
ZNF572,14183
PITPNB,14184
TCEAL8,14185
LRRC57,14186
OR52N2,14187
MRPL14,14188
GPR137C,14189
C1orf105,14190
OR52N1,14191
BBS12,14192
ZFP82,14193
OR52N5,14194
LSMEM1,14195
OR56B2,14196
NQO1,14197
OR56B1,14198
AEN,14199
FKRP,14200
TRAPPC5,14201
RPH3AL,14202
SLC25A42,14203
FCRL6,14204
METTL23,14205
SLC26A11,14206
HIGD1A,14207
CHRM2,14208
OR52N4,14209
MAPK15,14210
EHMT1,14211
ADIPOQ,14212
F2R,14213
OR52P1,14214
ZNF707,14215
MUC16,14216
NPM1,14217
PJA1,14218
DHTKD1,14219
PENK,14220
C4orf50,14221
H2AC25,14222
ZNF746,14223
POLR2A,14224
TMEM132C,14225
SLC25A41,14226
TLCD5,14227
FRAT2,14228
TMEM102,14229
TMEM132E,14230
ZNF322,14231
NME9,14232
SPEM1,14233
HEPHL1,14234
LRRC75A,14235
CCL13,14236
CFAP65,14237
DDX60L,14238
SYNE4,14239
OGFOD3,14240
WASHC1,14241
UTS2R,14242
AATK,14243
DDN,14244
SAGE1,14245
ZNF467,14246
SOX2,14247
ZNF678,14248
TMEM45A,14249
RAP2B,14250
ZBTB2,14251
RNF135,14252
OR6T1,14253
ACBD4,14254
OR8D4,14255
SGSH,14256
MAB21L2,14257
FANCB,14258
EDDM3B,14259
SETD2,14260
TMIE,14261
MEX3D,14262
OR52D1,14263
MRPS23,14264
OR52H1,14265
FDCSP,14266
GPR135,14267
SLX1B,14268
ANKRD62,14269
P2RY13,14270
TNFSF15,14271
ZFP41,14272
PHLDA2,14273
ATG9B,14274
GPR88,14275
ZNF875,14276
PLAG1,14277
YIPF6,14278
ZBTB20,14279
DIPK2A,14280
MACIR,14281
AMIGO1,14282
GPR3,14283
TMEM252,14284
CIMAP1D,14285
SIAH2,14286
COPG1,14287
ADGRB1,14288
SLC9A9,14289
LSM10,14290
RELL1,14291
RFX7,14292
SLC35C1,14293
TIGIT,14294
RNF41,14295
SLC2A4,14296
IBA57,14297
CLDN7,14298
ZNF329,14299
ZNF101,14300
OR4C6,14301
C5orf24,14302
ADO,14303
COA4,14304
PRKAG1,14305
GINS3,14306
OR4A16,14307
NEUROG1,14308
CCDC149,14309
MRPS11,14310
SNRPE,14311
RTKN2,14312
PNMA8A,14313
CHST15,14314
ADIG,14315
USH1G,14316
MGAT4C,14317
IDH2,14318
PTCHD3,14319
OR6B2,14320
TMEM259,14321
GET1,14322
TNRC18,14323
FAM181B,14324
TMEM30B,14325
DEXI,14326
ZNF716,14327
NOP10,14328
FAM89A,14329
KCNIP1,14330
TDRKH,14331
ZNF708,14332
IST1,14333
ERCC6L2,14334
MRPL41,14335
ENPP7,14336
CREB3L2,14337
P2RY8,14338
UNC5C,14339
MRGPRG,14340
TSEN54,14341
RGMA,14342
ASB18,14343
UBA7,14344
MRPS16,14345
SHISAL2A,14346
RAD51B,14347
CRYGB,14348
LDOC1,14349
ARL6IP4,14350
EXT1,14351
SHMT2,14352
MOB2,14353
HHIPL1,14354
ATP6AP2,14355
ZAR1,14356
CYB5D1,14357
FAM153B,14358
BACE2,14359
UBE2E2,14360
SYNM,14361
KCNA4,14362
GABRG3,14363
NLRP10,14364
FIGN,14365
IZUMO1,14366
TMIGD1,14367
B4GALNT4,14368
AP1S2,14369
C8orf33,14370
DCAF4L1,14371
SPACA6,14372
MBD3L3,14373
ZSCAN22,14374
KCNJ14,14375
FBXL6,14376
C1S,14377
GLTPD2,14378
KIAA2012,14379
LIPF,14380
OR5P3,14381
ZNF804B,14382
KBTBD3,14383
YBEY,14384
CLN8,14385
PLCXD1,14386
NXPH4,14387
CACNB4,14388
IFNL1,14389
TRAPPC6B,14390
PGBD4,14391
NPLOC4,14392
OTOL1,14393
KCNK4,14394
TEX19,14395
TSHZ2,14396
CAPN12,14397
EXOC7,14398
OR2B8,14399
KPNA2,14400
XKRX,14401
BGN,14402
CEP97,14403
LHFPL1,14404
FES,14405
GLRX5,14406
VCF2,14407
TBPL2,14408
CAV3,14409
MXRA7,14410
LIMK2,14411
MFSD5,14412
RNASE10,14413
ADI1,14414
RWDD4,14415
SPNS3,14416
CLEC4G,14417
SATB1,14418
NXPH3,14419
CSF1R,14420
EPHB3,14421
VCX,14422
EPGN,14423
SNORC,14424
HS3ST4,14425
TRAK1,14426
TSPAN10,14427
OR2V2,14428
PLCB1,14429
SKA2,14430
RXFP3,14431
NDN,14432
NTM,14433
TTC3,14434
KCNB2,14435
PPP1R27,14436
BRICD5,14437
GALR2,14438
IGIP,14439
TSKU,14440
CMC4,14441
ANXA2,14442
RGS6,14443
HOXB4,14444
SLC35D3,14445
PAQR7,14446
PAPPA,14447
MAFA,14448
NGRN,14449
GRID1,14450
RPS17,14451
HCAR2,14452
OR2T29,14453
CCDC87,14454
C1orf116,14455
MAGEB17,14456
CRIP2,14457
DDX28,14458
KRTAP13-2,14459
ACBD3,14460
HAPSTR1,14461
PLCXD3,14462
VMO1,14463
ALG12,14464
LCK,14465
GALNT9,14466
COL18A1,14467
RBM10,14468
ADGRG3,14469
GLUD2,14470
TMEM95,14471
TCHHL1,14472
RPL35A,14473
RGS7,14474
SLC25A18,14475
ZNF721,14476
TCEAL7,14477
C11orf54,14478
CEP63,14479
WFDC10B,14480
SRPRA,14481
OTOP3,14482
EWSR1,14483
CIMAP1C,14484
HMGN4,14485
SPATA13,14486
GJC1,14487
SOX1,14488
CNOT10,14489
MTA1,14490
ZNF662,14491
CADM1,14492
ZNF320,14493
C12orf60,14494
PYCR1,14495
NAA38,14496
SPNS2,14497
MCEMP1,14498
AP2A2,14499
SLC8A1,14500
SLC25A21,14501
OTOP2,14502
CYLC1,14503
PCP4,14504
ABAT,14505
SLC25A10,14506
CAMK1D,14507
RGPD6,14508
LYSMD4,14509
WBP2NL,14510
IGSF5,14511
NKX2-5,14512
AFMID,14513
GAS6,14514
FREM3,14515
NEB,14516
BEGAIN,14517
GPC6,14518
ARHGEF37,14519
FAM43B,14520
CSMD1,14521
CALHM3,14522
PTGDR2,14523
CEP57L1,14524
RIPPLY3,14525
GPR19,14526
GJD3,14527
RABIF,14528
TMEM119,14529
FANCF,14530
CALN1,14531
SMDT1,14532
GABRR3,14533
C2CD4C,14534
CHST6,14535
POTEC,14536
RUVBL2,14537
GDPGP1,14538
CTNNA3,14539
RIMBP3C,14540
PRR36,14541
OR51B4,14542
PTTG1IP,14543
DDX41,14544
ABHD16B,14545
OR52E8,14546
CCDC60,14547
PLGLB1,14548
DAZAP2,14549
CCBE1,14550
SELENOF,14551
OR5P2,14552
FAM9A,14553
MAGEA2B,14554
TMEM121B,14555
ZNF623,14556
OR52L1,14557
EPHA10,14558
SPDYE4,14559
CCDC125,14560
REC114,14561
BOLA2,14562
BCOR,14563
JRKL,14564
CABCOCO1,14565
GBP6,14566
BRD10,14567
OVCH2,14568
SYNDIG1L,14569
FHL3,14570
PMCH,14571
TMEM89,14572
TEKTIP1,14573
CCDC159,14574
RIPK4,14575
LRIT3,14576
NPIPA1,14577
SF3A3,14578
TFDP3,14579
TRIM61,14580
GRIN2A,14581
URAD,14582
GTF2H2C,14583
ASB7,14584
SH2D7,14585
TREX2,14586
GPR132,14587
MX2,14588
EP400,14589
MEX3B,14590
TENT5C,14591
COA5,14592
UTP11,14593
PSMG1,14594
PRR14L,14595
KLRC4,14596
ACSM5,14597
IZUMO1R,14598
SERHL2,14599
PCBP3,14600
PGPEP1L,14601
SETD3,14602
TNFAIP8L3,14603
ZNRF3,14604
FBXL7,14605
TANGO2,14606
H3C13,14607
SFXN4,14608
GKN2,14609
FAM167B,14610
MRPL54,14611
ZNF438,14612
HMCES,14613
CCR3,14614
DGCR6,14615
GOLGA8G,14616
PRR32,14617
TP53TG3,14618
RP1L1,14619
HOATZ,14620
ZNF530,14621
NDUFB1,14622
MARCHF11,14623
KLHL25,14624
TAFA1,14625
TRMT12,14626
PSG9,14627
CMKLR2,14628
BMP8A,14629
ALYREF,14630
RFLNB,14631
EFHC2,14632
NOG,14633
MRGPRX2,14634
UPP1,14635
OR4N4,14636
IFNL2,14637
OPCML,14638
TRIM52,14639
LHFPL6,14640
CMTM4,14641
TMEM50A,14642
FIGLA,14643
ASCL2,14644
TBK1,14645
CBX6,14646
MACC1,14647
ACSM2A,14648
TBL3,14649
BPY2,14650
ACP7,14651
KREMEN1,14652
TRAIP,14653
CHEK2,14654
FOXL2,14655
AIFM3,14656
KCTD16,14657
B3GALT5,14658
ZNF703,14659
SLC35F3,14660
KCTD8,14661
TUBA8,14662
NPIPA5,14663
BPY2B,14664
EMILIN3,14665
OLFML1,14666
FAM162B,14667
RBM12B,14668
CCR4,14669
LIN9,14670
BTBD9,14671
NUDT14,14672
ANKRD45,14673
CFAP91,14674
PNMA3,14675
GPR39,14676
FAM3B,14677
ZNF730,14678
KIRREL1,14679
IQGAP3,14680
CNGA2,14681
TOB2,14682
SCN5A,14683
ARSI,14684
UTY,14685
SRARP,14686
NPIPA6,14687
TTC32,14688
LRRC55,14689
DNAH2,14690
SH2D1A,14691
SDR42E2,14692
PRKX,14693
KMT5A,14694
KCNH8,14695
SMTN,14696
NPW,14697
PP2D1,14698
COA3,14699
NPB,14700
ST6GALNAC3,14701
PTP4A2,14702
ACTG1,14703
TMPRSS2,14704
DENND5A,14705
KRTAP20-2,14706
CTAG1B,14707
DIABLO,14708
VPS33B,14709
TBX1,14710
ADAP2,14711
UQCR10,14712
FAM120C,14713
TRIML1,14714
EIF3C,14715
CLDN5,14716
NIPSNAP1,14717
CNTN2,14718
SPRR4,14719
LRRC51,14720
KCNQ3,14721
ADRA2C,14722
NR2C2AP,14723
C1QTNF12,14724
CRELD2,14725
SCFD2,14726
UBE2F,14727
KCNJ12,14728
GPR173,14729
PPP1R2,14730
TSPYL2,14731
GOLGA6L4,14732
PGP,14733
SNRNP35,14734
DGAT2L6,14735
IRAK1,14736
CMSS1,14737
OLIG1,14738
PCDH9,14739
ACOT1,14740
OAF,14741
ALDH1A3,14742
H2AC20,14743
KCNK12,14744
H2AC21,14745
POU6F1,14746
DEFB108B,14747
TM2D3,14748
TSSC4,14749
TACSTD2,14750
SIX6,14751
PRKD1,14752
CCSER1,14753
ZDHHC23,14754
MROH7,14755
OR51J1,14756
S100A7A,14757
SRPK3,14758
GDF3,14759
SLIT3,14760
EFNA5,14761
MRGPRE,14762
KRTAP19-1,14763
H1-5,14764
SPATA32,14765
PKP3,14766
MAP7D2,14767
CSF1,14768
COLEC10,14769
ACTRT3,14770
PLA2G6,14771
MAML2,14772
PABPC1L2B,14773
A3GALT2,14774
SS18L1,14775
KCND2,14776
TOP1MT,14777
COPB2,14778
LRRC19,14779
THAP7,14780
KNTC1,14781
CCR10,14782
NCMAP,14783
BPIFC,14784
WDR27,14785
TXNRD2,14786
C1QTNF8,14787
FOXO4,14788
POU3F2,14789
PTP4A3,14790
FOXD4L1,14791
TMEM255B,14792
PROS1,14793
GAST,14794
NUTM1,14795
HDDC3,14796
BEX5,14797
ZFP1,14798
CEND1,14799
C6orf58,14800
DHRS7C,14801
DUSP8,14802
SOCS3,14803
SPEM2,14804
SLITRK6,14805
PIWIL3,14806
LPAR5,14807
XPOT,14808
STING1,14809
PDE4B,14810
TAFA3,14811
C14orf180,14812
SNN,14813
KCNH7,14814
NELL2,14815
SPDYE12,14816
KRBA2,14817
MED12,14818
ZNF93,14819
SEPTIN9,14820
PRSS55,14821
ODF4,14822
FOXD4L4,14823
CDCA2,14824
RALYL,14825
AMER1,14826
ZBTB40,14827
H2BC21,14828
CLDN6,14829
OR51M1,14830
SEPTIN5,14831
EIF4ENIF1,14832
LRRC26,14833
SERINC4,14834
RNLS,14835
KRTAP6-1,14836
APOBR,14837
FAM110C,14838
DDX53,14839
ATL3,14840
NDUFA12,14841
SMIM10,14842
DYNLT2,14843
UBE2G2,14844
SATL1,14845
OSBP2,14846
TRARG1,14847
ZBTB7C,14848
APOO,14849
PRR16,14850
TMED9,14851
DRD1,14852
TMEM186,14853
SDR42E1,14854
RBM33,14855
ARMCX2,14856
BTBD6,14857
H1-10,14858
RBM43,14859
SUMO3,14860
IMMP2L,14861
TCEAL2,14862
CLCNKB,14863
DMRTC1B,14864
JAG2,14865
FMNL1,14866
NUTM2A,14867
PTRHD1,14868
LCN12,14869
OR6A2,14870
WT1,14871
ZFP90,14872
AQP12A,14873
FAM227A,14874
OR6C70,14875
MUC6,14876
NOC4L,14877
USP18,14878
NDUFA6,14879
CHRM5,14880
SORCS2,14881
TMEM121,14882
TMEM106A,14883
SIVA1,14884
BRI3BP,14885
IFNE,14886
SLC22A10,14887
DGAT1,14888
RFX6,14889
ROBO2,14890
AP3M1,14891
F8,14892
NT5C1B,14893
CA13,14894
UBOX5,14895
MAFF,14896
BRF1,14897
LRRC14B,14898
SEMA4B,14899
MROH2A,14900
SPDYE16,14901
CIB1,14902
ANKS1B,14903
NELFA,14904
SLC24A3,14905
SGCZ,14906
EFCAB10,14907
C5orf47,14908
KRT76,14909
FLRT2,14910
INTS5,14911
RPS27L,14912
MANEAL,14913
ADSS1,14914
ANO9,14915
FAF1,14916
MYADML2,14917
FAM43A,14918
NSMCE3,14919
HSF1,14920
C6orf120,14921
PURA,14922
H2BC13,14923
INPP5J,14924
NPY2R,14925
MIXL1,14926
MFSD6L,14927
LRRC37B,14928
DDX51,14929
NOMO2,14930
AQP12B,14931
SIGIRR,14932
NRBP2,14933
PRSS57,14934
IFITM2,14935
TNFAIP2,14936
ZNF445,14937
PGBD2,14938
TCEAL9,14939
MC2R,14940
RAB11B,14941
PRMT3,14942
GP1BA,14943
PRPF39,14944
MAGEA11,14945
PPIL6,14946
ZNF74,14947
KIAA0825,14948
UBALD2,14949
CIMIP4,14950
CDNF,14951
NOTUM,14952
KLHL33,14953
RBM11,14954
GALNT17,14955
ZBTB37,14956
NUPR2,14957
IL3RA,14958
CCDC137,14959
SFTPA2,14960
RGPD2,14961
ARL15,14962
C12orf56,14963
SCN10A,14964
CDK10,14965
SOCS1,14966
TCN2,14967
GAS2L1,14968
ATP6V0A2,14969
PRKN,14970
TEDC1,14971
HS6ST3,14972
HGS,14973
TNFAIP8L1,14974
OR2V1,14975
RAD51D,14976
OR7A17,14977
MAPK11,14978
SP140L,14979
MRPL30,14980
TARS3,14981
SMYD3,14982
TMT1A,14983
IFNLR1,14984
SH3BGR,14985
FAM174B,14986
ZSWIM9,14987
KPNA7,14988
TMEM179B,14989
GPRIN3,14990
KRT6B,14991
PARPBP,14992
STAC3,14993
ROR1,14994
MUC1,14995
FAAP100,14996
IRF7,14997
L3MBTL1,14998
BRCC3,14999
SV2B,15000
FAM131C,15001
LMNTD2,15002
SPATA45,15003
PDE6G,15004
PRKG1,15005
NR2F2,15006
DLK1,15007
TLCD2,15008
LSAMP,15009
AHNAK2,15010
OLFML2A,15011
SP1,15012
MRPL40,15013
DBX2,15014
INKA1,15015
PDIA2,15016
PCGF3,15017
LMLN,15018
P4HB,15019
PSMD13,15020
PBX1,15021
NDUFA4L2,15022
SHC4,15023
KRT79,15024
ZFP36L1,15025
UBE2L3,15026
NTF3,15027
BRWD1,15028
SMIM23,15029
PMEL,15030
SYN3,15031
POU3F1,15032
SNAI3,15033
ZBTB3,15034
LYG2,15035
MORN5,15036
PRAME,15037
MYBL1,15038
MOSMO,15039
DRG1,15040
ANKFY1,15041
YTHDF3,15042
ZNF696,15043
ADARB2,15044
NRG3,15045
SRL,15046
C11orf87,15047
IFIT1,15048
CXorf38,15049
CLDN24,15050
KCNQ5,15051
ADAMTSL5,15052
KCNIP4,15053
SPATA31A6,15054
MORF4L1,15055
NLRP9,15056
WDR53,15057
DMWD,15058
SLC52A2,15059
PIGP,15060
IKZF1,15061
PCYT2,15062
NAT8L,15063
BCAP31,15064
ARL17A,15065
GNB1L,15066
DNAH14,15067
CCDC190,15068
EVI2B,15069
TMEM210,15070
NPIPB4,15071
ZNF829,15072
TMPRSS11B,15073
THNSL1,15074
TRIM69,15075
ATP6V0C,15076
IFITM1,15077
PRSS38,15078
BPY2C,15079
LAMP1,15080
FFAR3,15081
TAS2R60,15082
POMK,15083
C16orf54,15084
KLHDC8B,15085
KLHL34,15086
SETD4,15087
PTCH1,15088
RTN4RL1,15089
CALHM1,15090
KRTAP5-5,15091
NKAIN3,15092
RNPC3,15093
ZNF267,15094
IRS2,15095
SPACDR,15096
FAM186A,15097
SHOX,15098
BICD2,15099
LCE3E,15100
CCIN,15101
TMLHE,15102
GRK1,15103
SLITRK2,15104
PLK5,15105
RASA3,15106
LRCH3,15107
LEMD1,15108
ATP4B,15109
NDUFA13,15110
ZNF566,15111
ZNF529,15112
ZNF284,15113
HTR3E,15114
DLEU7,15115
KRT73,15116
TAL2,15117
AIDA,15118
CDIN1,15119
CD300LF,15120
ZPBP2,15121
KRT5,15122
NBPF6,15123
GSAP,15124
OR4F5,15125
AGBL4,15126
ARGFX,15127
CYP2R1,15128
LRRC70,15129
ANKRD46,15130
PIP5K1C,15131
OR5D14,15132
CYP4F2,15133
TEX38,15134
ZBTB6,15135
C2orf76,15136
TAS2R42,15137
POLR3C,15138
PRR30,15139
UBL4B,15140
WWOX,15141
CYP4Z1,15142
CENATAC,15143
BCL9L,15144
POLR1D,15145
KIF18B,15146
ZNRF1,15147
FFAR4,15148
BPIFB3,15149
BPIFB4,15150
SAPCD2,15151
EDARADD,15152
SLC51B,15153
CYP4F12,15154
MTARC1,15155
LCE5A,15156
SOWAHB,15157
BLOC1S4,15158
LCE1E,15159
ZNF749,15160
KLHL32,15161
MRTFB,15162
BTLA,15163
ZNF17,15164
KDM4D,15165
GPAT2,15166
TOR3A,15167
GABRA5,15168
PPP1CC,15169
ZNF555,15170
NAP1L3,15171
PRELID2,15172
BACE1,15173
RGS9BP,15174
TMEM212,15175
SLC36A3,15176
SLC36A2,15177
THBS2,15178
RXRA,15179
ANKRD37,15180
NUDT17,15181
MINAR2,15182
ZNF75D,15183
CYP4X1,15184
KRT26,15185
KRT10,15186
GOLGA8R,15187
CD300E,15188
CCDC30,15189
NKRF,15190
GLDN,15191
FCAR,15192
KPNA4,15193
TRDN,15194
KRT3,15195
ZNF501,15196
ZNF197,15197
SPATA12,15198
TMPRSS12,15199
FAM228A,15200
NAP1L2,15201
RPS23,15202
GNG2,15203
BTN3A2,15204
AKAP14,15205
PCLO,15206
KLK12,15207
RGS7BP,15208
INSIG1,15209
MYT1L,15210
ZNF396,15211
TMEM222,15212
CLCNKA,15213
ARHGAP30,15214
SEPTIN10,15215
FAM86B1,15216
CYP4F8,15217
CYP4F3,15218
SMYD4,15219
FOXD2,15220
GPATCH8,15221
CEACAM19,15222
NF2,15223
SMIM29,15224
SPATC1,15225
UBE2H,15226
HPDL,15227
KATNA1,15228
FSD2,15229
ARAP1,15230
KIF24,15231
PDE2A,15232
SPDYE17,15233
CARMIL3,15234
PRG2,15235
PRR5,15236
ZFP91,15237
C17orf58,15238
BCDIN3D,15239
CYP27C1,15240
LYRM7,15241
CFAP73,15242
CCDC73,15243
BCR,15244
OR10H1,15245
MPPED1,15246
FSCN2,15247
SPIN4,15248
ZNF732,15249
SPIN2B,15250
SPATA31D3,15251
FOXE3,15252
HYAL3,15253
KCNK18,15254
VSIG10L,15255
CXCR3,15256
ZNF397,15257
ZSCAN30,15258
TPCN1,15259
LILRB4,15260
TNFRSF4,15261
KRT16,15262
HEXIM1,15263
SELENOV,15264
LCE1A,15265
KRT14,15266
TRABD2A,15267
KRTAP17-1,15268
PDZD7,15269
POFUT2,15270
QRFPR,15271
MAPT,15272
ERCC6L,15273
OR13F1,15274
TMEM17,15275
TNFRSF18,15276
FGF3,15277
C1QL4,15278
RTN4RL2,15279
ZDHHC17,15280
SERPINA11,15281
P2RY4,15282
ZNF395,15283
ZACN,15284
PPARA,15285
TMEM232,15286
CFAP144,15287
EFCAB6,15288
KRTAP19-5,15289
KANK3,15290
EMID1,15291
ACTL7A,15292
RHD,15293
ESPN,15294
PNLIPRP1,15295
PTRH1,15296
KRTAP21-2,15297
GPR141,15298
TMPRSS6,15299
CYP4A11,15300
TMEM216,15301
RPS19BP1,15302
TMPRSS11A,15303
TMEM262,15304
C3orf70,15305
TEAD1,15306
PLCD1,15307
CCK,15308
ENTPD5,15309
MITF,15310
HEATR4,15311
NAP1L1,15312
LILRA5,15313
CMC1,15314
SLIT1,15315
LYPD6,15316
AKR1C1,15317
FOXD3,15318
SPATA21,15319
RNF220,15320
ANGPTL5,15321
SHTN1,15322
H1-7,15323
ZNF546,15324
TSPYL4,15325
DAZ3,15326
MT1X,15327
GCNT1,15328
SESTD1,15329
FNBP1,15330
DYNC2H1,15331
KRT12,15332
MAGED4B,15333
BCAM,15334
RSBN1L,15335
NPSR1,15336
WDR86,15337
EPOR,15338
FAM9C,15339
CIDEC,15340
DCC,15341
TAF9B,15342
MAGI2,15343
LUZP2,15344
LHFPL3,15345
CHP1,15346
FPR3,15347
H1-6,15348
C11orf96,15349
KCNJ11,15350
CDHR4,15351
COL4A1,15352
PLEKHG7,15353
GJA4,15354
PTMA,15355
H2AP,15356
HSPA14,15357
ATP13A5,15358
SIRT7,15359
PRR27,15360
IFT140,15361
POTEG,15362
AGMO,15363
SBK2,15364
CYP26C1,15365
TLR5,15366
USP7,15367
NANOS3,15368
FOXD4L3,15369
NHLRC1,15370
DPPA3,15371
COX8C,15372
PLEKHN1,15373
ZNF385C,15374
MAGEH1,15375
TET3,15376
ZNF286A,15377
ISG15,15378
EXD3,15379
LIAT1,15380
ZKSCAN4,15381
RGPD1,15382
DHRS4L2,15383
SAMD11,15384
PERM1,15385
VMAC,15386
C5orf52,15387
HAPLN4,15388
ERC2,15389
B3GLCT,15390
SPRY4,15391
ERAS,15392
TRPV2,15393
AMTN,15394
EZHIP,15395
C2orf88,15396
TMEM203,15397
SLC18A3,15398
KBTBD12,15399
THSD4,15400
DNAJB13,15401
GABRD,15402
AMY1C,15403
TCEA1,15404
NHEJ1,15405
FANCA,15406
SECISBP2,15407
OR52B6,15408
C9orf153,15409
ADH1A,15410
SEMA4D,15411
LIN28B,15412
DIPK1C,15413
DNAH17,15414
MCRS1,15415
TMEM72,15416
FANCM,15417
SPATA31F3,15418
ZNF70,15419
CARD9,15420
PEAR1,15421
ZFP69B,15422
TMEM202,15423
SOWAHD,15424
ZFP69,15425
HELT,15426
TMEM220,15427
C2orf78,15428
H1-2,15429
PLSCR3,15430
EIF4EBP1,15431
P2RX2,15432
ASCL4,15433
OR6C75,15434
CCDC157,15435
TTC24,15436
PABIR1,15437
PALM3,15438
FYB2,15439
SHISA7,15440
LRRC74B,15441
DMBT1,15442
CLEC17A,15443
OR51I2,15444
LCN10,15445
LDLRAD2,15446
C2orf66,15447
OVCH1,15448
ZFTRAF1,15449
COL14A1,15450
DNER,15451
CPSF4L,15452
KLHL17,15453
PLA2G2C,15454
ZSCAN23,15455
RINL,15456
C17orf99,15457
OR7D2,15458
TPRG1,15459
MORN2,15460
RTP5,15461
S100A3,15462
UBQLN2,15463
RILPL1,15464
C19orf67,15465
ZNF490,15466
CLCN1,15467
NRN1L,15468
NWD1,15469
ARL4C,15470
RNF133,15471
TMEM221,15472
TREML4,15473
RAB42,15474
WNT7B,15475
ZFTA,15476
PLA2G4E,15477
GPR89B,15478
MESP2,15479
FAM25A,15480
EYS,15481
C6orf132,15482
DAZ1,15483
OR2AG2,15484
MAPK12,15485
TMEM215,15486
NUTM2G,15487
COL4A5,15488
AGRN,15489
NHS,15490
OTOG,15491
CIMIP2A,15492
TMPPE,15493
ZNF626,15494
HEPACAM2,15495
SMTNL2,15496
ZC3H6,15497
LAMTOR4,15498
PRKAR1B,15499
NUTM2B,15500
NCR3LG1,15501
DCUN1D3,15502
POTEE,15503
ZNF793,15504
TUBB4B,15505
AGAP4,15506
COMMD6,15507
PLA2G2A,15508
IL17REL,15509
HYKK,15510
OR7A5,15511
C15orf62,15512
RUFY4,15513
ZNF383,15514
HES4,15515
IGFL1,15516
ZNF669,15517
PEAK3,15518
LRRIQ4,15519
CENPP,15520
PLSCR1,15521
C3orf62,15522
ENO4,15523
ZNF559,15524
SBK1,15525
SLC38A3,15526
OR6N2,15527
GTF2F2,15528
CIBAR1,15529
FOCAD,15530
PRR19,15531
ZP3,15532
GPR15LG,15533
H3-5,15534
IFNA2,15535
JAKMIP3,15536
PPP3R2,15537
PDCD1,15538
CLEC2A,15539
GPR21,15540
DYNLT4,15541
SELL,15542
MAGEB5,15543
CHM,15544
NANOS2,15545
BLOC1S5,15546
CERKL,15547
SLC24A5,15548
IER5L,15549
H2AX,15550
INSC,15551
SERPINA5,15552
ACTMAP,15553
LCTL,15554
NCCRP1,15555
KRTDAP,15556
COL25A1,15557
FAM83G,15558
CFAP77,15559
SRSF10,15560
HBA2,15561
DUSP28,15562
CCDC9B,15563
NBR1,15564
OR2G6,15565
RALGAPA2,15566
NDOR1,15567
FBLL1,15568
NKAIN2,15569
KRTAP1-1,15570
PAQR9,15571
CLEC20A,15572
CFAP54,15573
CLN3,15574
FAM72B,15575
ASAH2,15576
SUMO2,15577
NANOS1,15578
HMX3,15579
IGFL3,15580
GOLGA8M,15581
ZNF177,15582
RTL6,15583
DPYD,15584
S100A16,15585
PTAR1,15586
CC2D2B,15587
RNASE9,15588
SAXO2,15589
RHCE,15590
C2orf80,15591
IDO2,15592
PARVB,15593
SLC4A5,15594
UROS,15595
ZDHHC9,15596
QRFP,15597
DUSP29,15598
SMIM15,15599
OSTN,15600
VWC2,15601
FAM221A,15602
TMEM120B,15603
FSIP2,15604
RBM34,15605
NOXA1,15606
TMEM198,15607
BCL2L15,15608
FZD9,15609
SPRED3,15610
OPTC,15611
PLET1,15612
ADRB3,15613
SKOR1,15614
CATSPER4,15615
PRELP,15616
PLA2G2E,15617
ZNF548,15618
MTF1,15619
TMCO2,15620
SHISA6,15621
TMEM201,15622
NHLRC3,15623
HMX2,15624
SNTN,15625
ZDHHC11,15626
CALHM6,15627
CNR2,15628
SLX4,15629
ENTPD8,15630
RPL14,15631
BEND4,15632
FAM78B,15633
ZNF563,15634
TMC3,15635
FBF1,15636
KLRG2,15637
ASTL,15638
MSL1,15639
LRRK2,15640
BSX,15641
GJB3,15642
INSYN2A,15643
TRMT2B,15644
HACD4,15645
CFAP126,15646
NYX,15647
FAM120AOS,15648
UTS2B,15649
C9orf152,15650
NOC2L,15651
MSANTD1,15652
AADACL3,15653
NELFB,15654
SLC15A5,15655
LIPI,15656
LRRC66,15657
ZNF292,15658
HUS1B,15659
KCTD21,15660
SBSN,15661
ADAT2,15662
KIR2DL4,15663
MAGEB16,15664
VHLL,15665
DUSP21,15666
ZNF567,15667
NDUFA4,15668
ANKDD1B,15669
ALKBH2,15670
RNFT1,15671
RNF222,15672
CGB5,15673
RELN,15674
FAM111B,15675
APOD,15676
H1-0,15677
GAGE2A,15678
LITAF,15679
VSTM1,15680
TMEM120A,15681
ARID2,15682
FAM25G,15683
SF3B3,15684
PRSS48,15685
IL1RAPL2,15686
BLOC1S3,15687
SP6,15688
ANKRD34B,15689
PLAC9,15690
FAM47B,15691
NKAPL,15692
FSCB,15693
CLDN4,15694
ZNF573,15695
GRAPL,15696
FAM47E,15697
JPT1,15698
ZNF527,15699
ZAR1L,15700
KRTAP10-12,15701
S100A13,15702
ZNF33A,15703
OR14I1,15704
KRT77,15705
PCDH18,15706
DCAF8L2,15707
ZNF600,15708
BTBD8,15709
MAOA,15710
C15orf61,15711
NUGGC,15712
TSPYL1,15713
SPANXN3,15714
TRIM64B,15715
PNRC2,15716
DRICH1,15717
GJB5,15718
FHIT,15719
ALKAL2,15720
ZKSCAN3,15721
FOXR2,15722
RRP7A,15723
LIN54,15724
FAM53B,15725
FAM180A,15726
BNIP5,15727
S100A14,15728
KAZN,15729
SLC35E2B,15730
TOGARAM2,15731
SPATA31D4,15732
NEMP2,15733
KIAA0408,15734
GSPT2,15735
TBC1D28,15736
C8orf76,15737
CXCL17,15738
HMGB1,15739
MMP23B,15740
SH2D5,15741
ZFP92,15742
NCR1,15743
RASSF10,15744
GJB4,15745
BLOC1S2,15746
SYCP2,15747
ZNF724,15748
IL1RAP,15749
PTPRT,15750
MYBPC1,15751
PAX5,15752
OR5K4,15753
OR6M1,15754
SPOCK3,15755
ZNF676,15756
ZNF699,15757
TDRD7,15758
CFAP119,15759
OR8A1,15760
MATCAP1,15761
HLA-DRB1,15762
MYT1,15763
SERPINA3,15764
AKR1C3,15765
SPATS2L,15766
ZNF250,15767
WDSUB1,15768
ZNF79,15769
S100A4,15770
PLEKHG4,15771
FAT4,15772
KIF19,15773
OR6K2,15774
ZNF681,15775
ACADSB,15776
STK40,15777
TMEM63A,15778
CTSE,15779
SEMA4A,15780
HRCT1,15781
MPHOSPH8,15782
GREB1,15783
SIRPB2,15784
ZNF766,15785
RYR1,15786
SRGAP3,15787
KRTAP5-3,15788
FAM217B,15789
SULT1C3,15790
TUBB,15791
LCOR,15792
SUPT5H,15793
XPNPEP3,15794
OR2C3,15795
ZNF107,15796
OR10S1,15797
SFTA2,15798
PPIA,15799
ZNF471,15800
ZNF836,15801
ZNF493,15802
GTF2IRD2,15803
GRM7,15804
SUPT3H,15805
BECN2,15806
NIF3L1,15807
ATP2A1,15808
IARS1,15809
POM121,15810
ZBTB44,15811
GIMAP5,15812
STK31,15813
CGB7,15814
NLGN3,15815
OR8D1,15816
ADH7,15817
ZKSCAN7,15818
ZNF729,15819
CD55,15820
CPNE4,15821
ZNF565,15822
NTNG2,15823
ELAVL3,15824
WDR5,15825
LONP1,15826
TRRAP,15827
NUDT11,15828
SRGAP2B,15829
FUT4,15830
ASB13,15831
SLC35F1,15832
ZNF34,15833
ZNF781,15834
ZNF140,15835
INCA1,15836
ZNF774,15837
PTPN1,15838
EVL,15839
SPANXD,15840
THEM5,15841
NOXO1,15842
EPHB4,15843
PRTN3,15844
ZNF765,15845
ZNF124,15846
XRCC6,15847
S100A5,15848
C20orf204,15849
PPP1R26,15850
NBPF4,15851
TSC22D2,15852
CRYBA4,15853
ASMT,15854
NPIPB15,15855
ZNF569,15856
ARMCX4,15857
YRDC,15858
ZNF777,15859
PIK3R4,15860
ZNF775,15861
ZNF605,15862
TRAPPC2,15863
RFX8,15864
MYL6B,15865
ZNF799,15866
SIAH1,15867
GK2,15868
C20orf96,15869
ESRRG,15870
IPO4,15871
NCOR2,15872
SULT1A1,15873
ARL9,15874
PRPF40A,15875
GDAP2,15876
TCEAL3,15877
ANAPC7,15878
TPK1,15879
SLC6A9,15880
AFAP1,15881
NACA,15882
MYO18A,15883
SPTSSB,15884
BORCS6,15885
MAN2A2,15886
MME,15887
FAM72A,15888
CCDC196,15889
CACNA1H,15890
SULF2,15891
HBG2,15892
LAMA2,15893
PLXNB2,15894
AJAP1,15895
XRCC2,15896
MYO6,15897
MRTFA,15898
MBD3L2B,15899
HDAC2,15900
ZNF782,15901
SLC22A25,15902
POTEF,15903
ZNF846,15904
MMP1,15905
ADH1B,15906
UGT2B15,15907
TCF4,15908
WNK3,15909
SDHAF3,15910
HRH1,15911
RABL6,15912
ZNF136,15913
ZKSCAN5,15914
ZNF502,15915
TRAPPC4,15916
IFT70B,15917
SLC30A10,15918
TECPR2,15919
TLR7,15920
FAM180B,15921
ZFP62,15922
ERI2,15923
TOMM7,15924
HSH2D,15925
TRPV1,15926
ZNF33B,15927
ZNF512B,15928
AMZ2,15929
ZNF431,15930
ALKAL1,15931
NF1,15932
VKORC1L1,15933
ZNF418,15934
DAPK1,15935
LCE1B,15936
HLA-DQA1,15937
COL27A1,15938
GM2A,15939
H2AC13,15940
CLPSL2,15941
S100A2,15942
ZNF700,15943
POU3F4,15944
CD47,15945
OR52K1,15946
TLE1,15947
MAML3,15948
H2AC11,15949
STRN3,15950
ZNF239,15951
SPRR2B,15952
CHRNG,15953
ZSCAN16,15954
MVB12B,15955
ILRUN,15956
POTEI,15957
ADA,15958
ARID5A,15959
PATE2,15960
PPTC7,15961
KRT39,15962
TOMM20L,15963
RGPD4,15964
NHLRC2,15965
H2AC7,15966
ZFP28,15967
CRACDL,15968
ZNG1C,15969
SCN8A,15970
LAMB3,15971
H2BC26,15972
SPMIP10,15973
KPNA5,15974
ANKRD36B,15975
ARHGEF12,15976
HCAR1,15977
PDLIM7,15978
FLNA,15979
TMEM26,15980
SRGAP1,15981
FAM3C,15982
NOP9,15983
OR2T4,15984
ZNF705A,15985
SLC39A10,15986
CASP4,15987
AP2A1,15988
ZNF585A,15989
FUT11,15990
SMIM10L2B,15991
ANXA4,15992
LAGE3,15993
WDR5B,15994
FAM163B,15995
NPIPB9,15996
WDR45,15997
METTL9,15998
ZNF138,15999
ZNF429,16000
ZNF470,16001
SERTAD1,16002
ZNF100,16003
EOLA2,16004
ZNF398,16005
ZSCAN25,16006
ANXA6,16007
ZNF441,16008
GMFB,16009
SIGLEC15,16010
ZNF420,16011
ZNF763,16012
ZMYM1,16013
DTHD1,16014
H4C3,16015
ZSCAN26,16016
MAFG,16017
ARRDC1,16018
KIAA1671,16019
KRT35,16020
IGF2R,16021
LCE1C,16022
GAL3ST4,16023
DYNC1H1,16024
SLC6A17,16025
IFNL3,16026
PCBP2,16027
ZGPAT,16028
SLC25A29,16029
PGAP1,16030
SRC,16031
ZNF679,16032
ZNF682,16033
ZNF772,16034
ZNF257,16035
PCNX3,16036
ADAM32,16037
ACSL5,16038
LRRC8B,16039
ABCB8,16040
H3C12,16041
SND1,16042
ZNF785,16043
SULT1A2,16044
NEK5,16045
PSMD12,16046
MAGEA6,16047
ADGRA1,16048
PIWIL2,16049
NOL4L,16050
CYSRT1,16051
SLC22A4,16052
ZSCAN5B,16053
ENTPD4,16054
C1D,16055
TBC1D9B,16056
OR1J2,16057
H4C11,16058
SLC2A7,16059
FAM110D,16060
SERPINA1,16061
TPSB2,16062
KANK2,16063
C6orf141,16064
GTF2E2,16065
IL27,16066
GUCA2A,16067
RAD54B,16068
ZNF165,16069
SYNGAP1,16070
FITM2,16071
BLM,16072
KRBOX5,16073
DDI2,16074
SVIL,16075
TRIM33,16076
LRP10,16077
PELI1,16078
ZNF655,16079
MRPL21,16080
LYPD2,16081
UAP1L1,16082
ZNF98,16083
FBXL22,16084
ZNF786,16085
ZNF517,16086
ZNF675,16087
SLC22A5,16088
DACT3,16089
ADARB1,16090
ZNF860,16091
HTT,16092
C5AR1,16093
DIO3,16094
CYP2B6,16095
H3C4,16096
DCHS2,16097
VEPH1,16098
FABP12,16099
SHPK,16100
IPP,16101
OPALIN,16102
MAP3K5,16103
OGDHL,16104
CYP2F1,16105
GSTK1,16106
HNRNPAB,16107
OR2L5,16108
STMN3,16109
PDGFA,16110
GYPE,16111
COL13A1,16112
SPN,16113
ZNF695,16114
ZNF628,16115
GALP,16116
SLC2A10,16117
ZNF665,16118
RPF2,16119
SLC28A3,16120
FAM177B,16121
MIB2,16122
MYO5A,16123
GZMM,16124
ATG7,16125
SIPA1L1,16126
IFT70A,16127
ELANE,16128
RAB40C,16129
PIGN,16130
COL4A6,16131
ZNF624,16132
HOXA4,16133
TOPORS,16134
BCO2,16135
KCNMB2,16136
ENTPD6,16137
DMBX1,16138
ENPP1,16139
CCDC154,16140
FAR1,16141
CPLANE1,16142
ZNF841,16143
MFAP5,16144
MYH6,16145
VN1R5,16146
ZNF615,16147
EOLA1,16148
CDC42SE1,16149
MPEG1,16150
SERPINB2,16151
DPP4,16152
SERPINB13,16153
PDCD1LG2,16154
ZNF433,16155
CCER1,16156
DNAH10,16157
OR51C1,16158
SPTAN1,16159
NMB,16160
PARVA,16161
KLHL14,16162
FAM114A1,16163
RPE,16164
ZNF460,16165
CR1L,16166
PHF2,16167
RPS26,16168
PSAP,16169
S100A10,16170
CFAP43,16171
LHFPL5,16172
RPL37A,16173
HOXC6,16174
TXNRD3,16175
CFD,16176
STPG3,16177
MAP1LC3C,16178
MCMBP,16179
EME2,16180
KLHDC1,16181
ZNF81,16182
TAF13,16183
ZNF780A,16184
ATAD3A,16185
OR52M1,16186
FAM118B,16187
ZNF461,16188
CCDC180,16189
SLC9A8,16190
OCLN,16191
CFAP299,16192
H4C16,16193
CYP2A13,16194
ZNF181,16195
OR8G1,16196
INKA2,16197
ZNF44,16198
GPAA1,16199
ADAMTSL2,16200
SGTB,16201
ZNF790,16202
PRB3,16203
CYRIA,16204
MYO1C,16205
NKIRAS1,16206
UGT2B17,16207
MEIG1,16208
KIF13B,16209
NRAP,16210
ADH5,16211
SLC22A6,16212
H2BC12,16213
TEAD4,16214
SPG7,16215
HRNR,16216
IFNA1,16217
HES5,16218
ZNF677,16219
ERO1A,16220
ZNF823,16221
ZNF311,16222
ZNF347,16223
OR5H2,16224
PLCG2,16225
FCHSD1,16226
ZNF71,16227
AADACL2,16228
S100A6,16229
RPL12,16230
DNM3,16231
ZNF121,16232
MPZL1,16233
VPS13A,16234
MBP,16235
AKAP17A,16236
ELOVL2,16237
GOLGA6L9,16238
LEKR1,16239
C1orf122,16240
CLEC9A,16241
KEL,16242
NOL8,16243
IRAK4,16244
ODAD3,16245
DLGAP2,16246
MRPL42,16247
ENTPD7,16248
SPANXA1,16249
ZNF335,16250
ZNF560,16251
TUBA3C,16252
RPS4X,16253
ZNF273,16254
ZNF84,16255
MAK16,16256
ZNF667,16257
AVPR1B,16258
SIRPA,16259
GRK6,16260
PRIM1,16261
MARCHF5,16262
POTEH,16263
NPIPB13,16264
AKR1B10,16265
SULT1C4,16266
CYP2A7,16267
ZBTB14,16268
KRTAP9-9,16269
CD2AP,16270
NUP62CL,16271
SFI1,16272
KRTAP4-6,16273
TMPRSS11F,16274
ZNF649,16275
ADH4,16276
ZNF248,16277
CHSY3,16278
TOR4A,16279
LPAR1,16280
MB,16281
OR2L3,16282
HIBCH,16283
ZNF544,16284
TMEM229B,16285
SOWAHC,16286
ZNF770,16287
NPIPB6,16288
HMGN5,16289
MIER1,16290
MAN1A2,16291
SVIP,16292
ZNF251,16293
DDRGK1,16294
FAM47C,16295
TFDP1,16296
CLEC4C,16297
ZNF607,16298
BPIFA1,16299
ZNF334,16300
HSD17B11,16301
SZT2,16302
SULT1C2,16303
ZXDA,16304
RPS6KL1,16305
CACNA1E,16306
QRICH1,16307
CSF2RA,16308
FKBP1C,16309
DDX42,16310
RPL23A,16311
SLC29A3,16312
STYX,16313
UBL5,16314
HELZ,16315
TMEM116,16316
KRTAP4-5,16317
UCKL1,16318
OR5B21,16319
CARD11,16320
ZNF485,16321
PEG3,16322
SDAD1,16323
ZKSCAN8,16324
PHETA1,16325
TMEM239,16326
HYLS1,16327
MYL4,16328
ZNF442,16329
ZNF813,16330
HOXC4,16331
DCAF12L2,16332
PIM3,16333
GET3,16334
ASPH,16335
SPRED2,16336
WWP2,16337
GFPT1,16338
UVRAG,16339
ZNF26,16340
TMEM207,16341
ITSN2,16342
NTRK1,16343
OGA,16344
MT1F,16345
TCAF1,16346
ZNF69,16347
TXNRD1,16348
NRARP,16349
ZNF583,16350
KRTAP4-1,16351
CCT8L2,16352
OR14L1,16353
ZNF568,16354
ZXDB,16355
ZNF480,16356
ZNF587,16357
TPM2,16358
RTP2,16359
SH3BGRL2,16360
ZNF808,16361
ANKRD35,16362
B3GNT6,16363
YTHDF2,16364
TMA16,16365
HLA-DRB5,16366
ATL1,16367
CNGA1,16368
MAFK,16369
ARMH1,16370
ZNF43,16371
GPN1,16372
PLN,16373
C2CD4A,16374
ZNF28,16375
ITGBL1,16376
ZNF511,16377
C20orf203,16378
ZNF627,16379
KCNRG,16380
WDHD1,16381
ZNF789,16382
CTNND1,16383
DDX39B,16384
SLC34A3,16385
RD3,16386
SPANXC,16387
SH2D1B,16388
ARC,16389
NUDT16,16390
TLK1,16391
LRBA,16392
ZNF536,16393
MMP17,16394
BAZ1A,16395
AKR1C4,16396
COPS8,16397
CCDC69,16398
MDM4,16399
RYR2,16400
ZNF534,16401
KLHL9,16402
FAM3D,16403
NCOA6,16404
STK39,16405
TAT,16406
C6orf89,16407
CALM1,16408
LPA,16409
TAFA2,16410
SKIC3,16411
TUSC1,16412
MAGEA1,16413
PAPSS2,16414
SLC9A6,16415
FAN1,16416
ABCA4,16417
EIF1AY,16418
MT-ND6,16419
IPO9,16420
GPX6,16421
CEP290,16422
MT-CO2,16423
GLMP,16424
TOGARAM1,16425
DLL1,16426
ANKRD13B,16427
ECI2,16428
UNC13B,16429
SAXO5,16430
MT-CYB,16431
LDB1,16432
PPP1R14C,16433
CTR9,16434
SMOC1,16435
F5,16436
MSRB1,16437
LRRTM3,16438
ZNF652,16439
SMURF1,16440
SLC5A3,16441
GPATCH3,16442
CDC42BPB,16443
PLXNB3,16444
OXCT2,16445
RPL10A,16446
COLGALT2,16447
EPS8L3,16448
EGFL6,16449
MT-ND2,16450
SYCP1,16451
APCDD1L,16452
RCSD1,16453
RASSF9,16454
FAM169A,16455
ZNF830,16456
GRIN3A,16457
MT-ND5,16458
MUC2,16459
CNOT7,16460
TMEM184B,16461
MTOR,16462
SCAMP5,16463
ZNF521,16464
ALPK2,16465
BRINP2,16466
MAGEB3,16467
LRIG2,16468
MT-CO1,16469
PNP,16470
PAX9,16471
LRRC10,16472
GK,16473
FOXJ3,16474
ZNF358,16475
SFT2D1,16476
CD247,16477
GRM3,16478
CHAMP1,16479
INPP5F,16480
ARHGAP11A,16481
SUCNR1,16482
HMGN2,16483
SELENOM,16484
UBE2J1,16485
GJC2,16486
OPA1,16487
DENND4B,16488
RYR3,16489
ZNF277,16490
MT-ND3,16491
KTI12,16492
STYXL2,16493
SELENOT,16494
ARHGEF15,16495
TOX,16496
CES1,16497
CD3E,16498
RUSC2,16499
FICD,16500
OSTC,16501
R3HDM4,16502
TSEN15,16503
LTN1,16504
RUNDC1,16505
CCDC152,16506
STKLD1,16507
GRK5,16508
TYW1,16509
DCAF12,16510
SFMBT2,16511
ASB12,16512
PNMA5,16513
ITPRIPL1,16514
MT-ND4,16515
SMC5,16516
MT-ND1,16517
DCAF12L1,16518
PRMT6,16519
SHISA4,16520
CIPC,16521
CAPZA2,16522
MT-ATP6,16523
TOP1,16524
PRC1,16525
GPRASP3,16526
MAP3K3,16527
L1CAM,16528
SREBF2,16529
C1orf174,16530
POU3F3,16531
RASGEF1A,16532
SPOUT1,16533
RPL39,16534
DZIP3,16535
KIAA0753,16536
DCLRE1A,16537
ATG9A,16538
NOS1AP,16539
CSAG1,16540
APRT,16541
GPRASP1,16542
TBKBP1,16543
MAGEE1,16544
CCDC167,16545
MT-CO3,16546
ZFP2,16547
SOWAHA,16548
L3MBTL3,16549
DMD,16550
MFAP3L,16551
NAGA,16552
SMG5,16553
KIFBP,16554
TGM2,16555
ARMCX6,16556
PJA2,16557
RORB,16558
SGMS1,16559
OR10Z1,16560
ZNF525,16561
INF2,16562
IQANK1,16563
TAS2R2,16564
GP1BB,16565
OR2L2,16566
EFCAB2,16567
COX20,16568
CHML,16569
STUM,16570
CAPN8,16571
TATDN3,16572
CR1,16573
RAET1G,16574
C1orf53,16575
SAMD5,16576
TEDDM1,16577
ECT2L,16578
GPR52,16579
NTMT2,16580
FCGR3A,16581
TMEM244,16582
CENPW,16583
SPRN,16584
FAM229B,16585
FANK1,16586
LORICRIN,16587
PRR9,16588
SPRR2E,16589
KPRP,16590
EEF1AKMT2,16591
FAM24A,16592
DDO,16593
PLPP4,16594
H3C14,16595
H2BC18,16596
PNLIPRP3,16597
H3C15,16598
HSD3B1,16599
HSD3B2,16600
RBM20,16601
SMIM9,16602
C6orf163,16603
RIPPLY2,16604
GDI1,16605
PCMTD2,16606
SOX18,16607
LIME1,16608
OOEP,16609
KHDC3L,16610
DPPA5,16611
C1orf146,16612
SPANXN1,16613
SPANXA2,16614
C10orf62,16615
SAMD13,16616
RTL8A,16617
CCDC160,16618
C1orf141,16619
EFCAB7,16620
GLYATL3,16621
LDLRAD1,16622
RHOXF2B,16623
ZYG11A,16624
LCN8,16625
C1orf185,16626
GLT6D1,16627
IFIT1B,16628
CT83,16629
LIPN,16630
LIPK,16631
LIPJ,16632
TRPC5OS,16633
LRRC73,16634
FOXO6,16635
TCEAL5,16636
SYS1,16637
TCEAL6,16638
INPP5B,16639
RPA4,16640
NEU4,16641
MAFB,16642
TRAF3IP1,16643
CHIC1,16644
GIGYF2,16645
C2orf72,16646
RUFY2,16647
NHSL2,16648
GGTA1,16649
PHACTR4,16650
CLPSL1,16651
ASAH2B,16652
AGAP6,16653
TIMM23B,16654
ZDHHC18,16655
TMEM273,16656
CXorf65,16657
AGAP9,16658
NPY4R,16659
GPRIN2,16660
SYT15,16661
MACO1,16662
PTPN20,16663
ZDBF2,16664
TXNDC8,16665
AWAT1,16666
DAXX,16667
BMPR2,16668
TCEA3,16669
PFDN6,16670
RING1,16671
HSD17B8,16672
RXRB,16673
OXLD1,16674
COL11A2,16675
HLA-DOA,16676
BRD2,16677
HLA-DMA,16678
COL5A2,16679
PSMB8,16680
TAP2,16681
SPIN3,16682
NBDY,16683
TMEM235,16684
HLA-DRA,16685
BTNL2,16686
COL15A1,16687
TSBP1,16688
NOTCH4,16689
PBX2,16690
AGER,16691
RNF5,16692
AGPAT1,16693
PJVK,16694
PRRT1,16695
FKBPL,16696
MRPL38,16697
SMIM5,16698
ERICH2,16699
SP5,16700
WHR1,16701
CD300LD,16702
BTBD17,16703
DXO,16704
SKIC2,16705
NELFE,16706
NXPE2,16707
SPANXN5,16708
ZBTB12,16709
SDHD,16710
EHMT2,16711
XAGE1A,16712
LAYN,16713
XAGE1B,16714
SLC44A4,16715
NEU1,16716
HSPA1B,16717
HSPA1A,16718
HSPA1L,16719
LSM2,16720
VARS1,16721
VWA7,16722
CARD16,16723
CASP12,16724
MBD5,16725
MSH5,16726
CSHL1,16727
MPIG6B,16728
LY6G6C,16729
LY6G6F,16730
ABHD16A,16731
LY6G5C,16732
CSNK2B,16733
GPANK1,16734
C6orf47,16735
NALF1,16736
APOM,16737
TRIM49C,16738
TRIM64,16739
BAG6,16740
PRRC2A,16741
AIF1,16742
NCR3,16743
PRAMEF19,16744
LST1,16745
NFKBIL1,16746
PRAMEF7,16747
MCCD1,16748
ZNF814,16749
MICB,16750
AADACL4,16751
ZNF551,16752
MICA,16753
ZNF805,16754
HLA-C,16755
POU5F1,16756
ZSCAN5C,16757
CCHCR1,16758
PSORS1C2,16759
CDSN,16760
PSORS1C1,16761
C6orf15,16762
MUC21,16763
DHX16,16764
C6orf136,16765
MRPS18B,16766
PPP1R10,16767
KRTAP5-10,16768
ABCF1,16769
PRR3,16770
LILRB3,16771
DDR1,16772
LRCOL1,16773
GNL1,16774
HLA-E,16775
DPRX,16776
TRIM39,16777
ZNF468,16778
TRIM15,16779
ZNF616,16780
TRIM10,16781
TRIM40,16782
TRIM31,16783
RNF39,16784
PPP1R11,16785
DISP3,16786
RACK1,16787
HLA-G,16788
TBC1D8,16789
HLA-F,16790
ZFP57,16791
ASPDH,16792
MOG,16793
OR2H2,16794
CBY3,16795
C9orf57,16796
IL31,16797
AKT1S1,16798
GABBR1,16799
OR2H1,16800
OR11A1,16801
OR14J1,16802
OR2J2,16803
OR2J3,16804
OR2J1,16805
SPDYC,16806
CFAP95,16807
TRIM27,16808
MALRD1,16809
RANBP17,16810
INSYN2B,16811
FOXD4L5,16812
ODAD4,16813
MRPL53,16814
MROH6,16815
ATXN2,16816
DCTN1,16817
SPATA31A1,16818
PNMA8B,16819
TCTN1,16820
FAM216A,16821
ZBTB48,16822
IGFL2,16823
IGFL4,16824
NAT8B,16825
KRTAP9-3,16826
KRTAP4-8,16827
GPR20,16828
KRTAP1-4,16829
KRT40,16830
MZT1,16831
SPINK9,16832
LRRC3C,16833
PRR20B,16834
PRR20A,16835
ZNF155,16836
UQCC3,16837
FBXO48,16838
GRXCR2,16839
FAM221B,16840
CD177,16841
PSG5,16842
ZNF783,16843
ZNF425,16844
LRRC10B,16845
FBXO47,16846
UQCC6,16847
TRIM13,16848
ERICH4,16849
PRSS1,16850
SPIRE2,16851
AARD,16852
PABPN1L,16853
PKHD1L1,16854
SLFN12L,16855
SLC35B4,16856
LGALS7,16857
SYCE1L,16858
TMEM231,16859
GARIN1A,16860
CCNI2,16861
TMEM240,16862
FRG2,16863
SPATA31F1,16864
CDKL4,16865
TMEM278,16866
CFAP96,16867
TRIQK,16868
SDHAF1,16869
ARID3C,16870
PSENEN,16871
C11orf91,16872
FABP9,16873
ZBTB10,16874
C4orf46,16875
SCGB2B2,16876
LGR4,16877
PSMB10,16878
VIT,16879
SPDYE2,16880
E2F4,16881
PDE7A,16882
TMEM170B,16883
MUC12,16884
MGAT4D,16885
SNX2,16886
SAP25,16887
NT5M,16888
SARNP,16889
ADGRG1,16890
IPO7,16891
PRR13,16892
TECPR1,16893
MT1H,16894
SLCO6A1,16895
MT1A,16896
INSYN1,16897
MT1M,16898
CFI,16899
OR52E6,16900
SAMD9,16901
KRT6A,16902
CNEP1R1,16903
KRT81,16904
EXOC3L4,16905
IZUMO3,16906
KRTAP10-2,16907
TP53TG3D,16908
TP53TG3C,16909
CCDC85C,16910
SPDYE18,16911
C2CD4B,16912
RGL3,16913
NAP1L4,16914
TMSB4X,16915
TMEM256,16916
CPT1B,16917
SMN2,16918
SERF1B,16919
HMGN1,16920
MUC19,16921
DENND6B,16922
EIF3CL,16923
LCMT1,16924
MFSD2B,16925
VCX3B,16926
CDPF1,16927
HTN3,16928
LIN52,16929
ARSH,16930
ACOT6,16931
SMIM11,16932
TECRL,16933
DPF3,16934
MANSC4,16935
CYP2D7,16936
SMIM45,16937
ETFRF1,16938
C17orf107,16939
MBD3L4,16940
ITSN1,16941
ITPRIPL2,16942
DENND1C,16943
SLCO1B7,16944
CRLF2,16945
CRYZL1,16946
RIMOC1,16947
GAGE1,16948
ARRDC5,16949
CYS1,16950
PLPP6,16951
KLRC2,16952
KLRC3,16953
C16orf96,16954
GMNC,16955
TTC23L,16956
CLEC6A,16957
C22orf42,16958
NANOGNB,16959
LRRC72,16960
C1QTNF9B,16961
KRTAP5-6,16962
KRTAP5-2,16963
KRTAP5-1,16964
DEFB134,16965
BHLHA9,16966
ZNF316,16967
DAZ4,16968
ONECUT3,16969
CEMP1,16970
OLIG2,16971
EPCIP,16972
RNPS1,16973
DAZ2,16974
NYNRIN,16975
DNAJC19,16976
DEFB109C,16977
IFITM5,16978
SMIM21,16979
DEFB109B,16980
C18orf63,16981
DEFA1,16982
DOK6,16983
JPT2,16984
LHFPL7,16985
SERPINB11,16986
SERPINB4,16987
SERPINB5,16988
ZDHHC11B,16989
KRTAP20-4,16990
CFAP99,16991
GOLGA8O,16992
TMEM191C,16993
RNASE13,16994
HBA1,16995
HBM,16996
ELOA2,16997
ATP10A,16998
ANKUB1,16999
TSSK2,17000
PRR23A,17001
FOXL2NB,17002
COL6A6,17003
RAB12,17004
TMEM200C,17005
HLA-A,17006
HACD2,17007
CFAP44,17008
CD200R1L,17009
LNP1,17010
VGLL3,17011
TRIM71,17012
ZCWPW2,17013
ANKRD28,17014
COLQ,17015
METTL6,17016
XKR4,17017
GPX3,17018
DIO2,17019
SELENOH,17020
DIO1,17021
AKR7L,17022
STK38L,17023
SACM1L,17024
TSN,17025
SLC48A1,17026
TSSK1B,17027
PRR22,17028
TAS2R19,17029
TAS2R50,17030
TAS2R14,17031
TAS2R13,17032
KRTAP16-1,17033
KRTAP29-1,17034
CTAGE1,17035
KRTAP4-11,17036
KRTAP4-9,17037
KRTAP2-3,17038
KRTAP2-1,17039
RTL8B,17040
OR2A42,17041
RNF208,17042
KRTAP3-3,17043
KRTAP3-2,17044
KRTAP3-1,17045
MT-ND4L,17046
MAP10,17047
POU5F1B,17048
ZNF580,17049
ZNF611,17050
KLK9,17051
SYT3,17052
NUP62,17053
CGB8,17054
DENND1B,17055
SFT2D2,17056
CEP43,17057
SCAF8,17058
CFAP45,17059
ACKR1,17060
ZNF254,17061
DYNLT2B,17062
CRYGS,17063
CRIP1,17064
KLHL23,17065
LINGO4,17066
FAM24B,17067
TRIM59,17068
MLLT11,17069
ASIC3,17070
GIMAP1,17071
CCDC183,17072
ARHGEF35,17073
OR2F1,17074
CSH2,17075
DNLZ,17076
TCL1B,17077
SUPT4H1,17078
TSGA13,17079
NRAS,17080
LTC4S,17081
ANKRD39,17082
QTRT1,17083
CHUK,17084
MXD3,17085
GSTM2,17086
COG8,17087
ARHGAP19,17088
HAUS7,17089
LCAT,17090
MAGEA12,17091
PTPRCAP,17092
PVRIG,17093
KRTAP4-12,17094
KRTAP2-4,17095
GPC2,17096
KRT222,17097
SIPA1,17098
ERV3-1,17099
SYNJ2BP,17100
ARL2,17101
TTLL13,17102
GBP7,17103
RBMXL1,17104
SRA1,17105
STIMATE,17106
DNAJC9,17107
C8orf82,17108
CPLX3,17109
VDAC1,17110
ZBTB9,17111
TMX2,17112
HEXA,17113
NDUFS3,17114
LEPROT,17115
LBH,17116
ADAT3,17117
PPP1CB,17118
SULT1A4,17119
GPSM3,17120
LAT,17121
NCKIPSD,17122
ATF6B,17123
TREX1,17124
S1PR3,17125
SLC35F6,17126
FAM209B,17127
CLIC1,17128
DDAH2,17129
RPS29,17130
UGT2B11,17131
ATP6V1G2,17132
ZNF134,17133
GTF2H4,17134
DDX47,17135
ZNF888,17136
ZNF845,17137
KLRK1,17138
CEACAM18,17139
EMP2,17140
KCTD11,17141
UBD,17142
PPM1N,17143
CEACAM16,17144
SLC23A3,17145
LTB4R,17146
LTB4R2,17147
DNASE1,17148
MDP1,17149
LEUTX,17150
CSNK1E,17151
CCL27,17152
IRF9,17153
GALT,17154
HBE1,17155
HBG1,17156
CLDN9,17157
ITGA1,17158
NUDT19,17159
ZNF726,17160
ZNF99,17161
TAX1BP3,17162
AP1G2,17163
ZNF90,17164
NAXD,17165
TM6SF2,17166
MEF2B,17167
GANC,17168
TTLL3,17169
REPIN1,17170
MRPL23,17171
ZNF891,17172
IFNA7,17173
SMIM7,17174
FBXO16,17175
TSPAN4,17176
CPNE1,17177
ARL16,17178
SMCO1,17179
WEE2,17180
MAGEB1,17181
LYRM4,17182
MYCBP,17183
TMEM213,17184
PRCD,17185
ALG3,17186
SH3D21,17187
SMIM30,17188
C19orf38,17189
IQCJ,17190
C17orf67,17191
MINDY4B,17192
FIS1,17193
ANG,17194
SCART1,17195
POU2AF3,17196
SPDYE3,17197
MBLAC1,17198
FOXI3,17199
MTCL3,17200
NEURL1B,17201
EFCAB9,17202
HAUS3,17203
VSTM5,17204
LCNL1,17205
BBIP1,17206
GNAT3,17207
AS3MT,17208
FAM187A,17209
PLIN5,17210
SEC14L6,17211
SPINK13,17212
NOTO,17213
PPME1,17214
KRTAP2-2,17215
STARD10,17216
ZC3H11C,17217
NUTM2D,17218
CPEB1,17219
EML6,17220
ZNF727,17221
B3GALT9,17222
ZSWIM8,17223
IQCF5,17224
IQCF6,17225
C10orf105,17226
ARHGEF33,17227
C12orf71,17228
IFRD2,17229
CAPN14,17230
ZBED1,17231
TOMM6,17232
HNRNPUL2,17233
CSKMT,17234
MS4A4E,17235
FER1L6,17236
MTCP1,17237
RAD51AP2,17238
EVPLL,17239
DCDC2C,17240
SMTNL1,17241
PNMA6E,17242
SPATA31D1,17243
NPIPA8,17244
ZSWIM7,17245
ARHGEF28,17246
TBC1D26,17247
LRRC69,17248
CRPPA,17249
NPIPA7,17250
GSG1L2,17251
ACSM4,17252
RTL10,17253
COL28A1,17254
PHB2,17255
TCP11X2,17256
NEURL4,17257
GRID2IP,17258
CXorf49B,17259
UBXN2B,17260
CXorf49,17261
ZNG1F,17262
C16orf90,17263
PRSS41,17264
NLRP2B,17265
MUC5AC,17266
MSMP,17267
GOLGA6B,17268
CIMIP2B,17269
PEX26,17270
CFAP90,17271
UBE2QL1,17272
FASTKD5,17273
GOLGA8B,17274
KCNU1,17275
GAGE12G,17276
GAGE10,17277
RNF212B,17278
DDX3X,17279
VPS16,17280
ZNF705D,17281
FAM90A24,17282
ZNF705G,17283
FAM90A5,17284
MYL5,17285
SCRT2,17286
ZNF407,17287
NPEPL1,17288
KRTAP10-4,17289
SIAH3,17290
EFCAB8,17291
DEFB115,17292
C20orf202,17293
HMX1,17294
GCGR,17295
RSC1A1,17296
CELA2B,17297
TMEM242,17298
TMEM167B,17299
FAM72D,17300
TNFRSF25,17301
ZC3H11B,17302
TSTD1,17303
RPTN,17304
CYB5RL,17305
LACTBL1,17306
C1orf167,17307
TTC34,17308
ATAD3C,17309
IFI30,17310
IGSF23,17311
FAM240C,17312
CCDC7,17313
FNIP1,17314
SP9,17315
SYCE3,17316
CKLF,17317
PAM16,17318
CDC14C,17319
TENM3,17320
CEBPZOS,17321
TDRD15,17322
PAPOLB,17323
ZNF579,17324
CELA3B,17325
RNASEK,17326
CATSPERZ,17327
TAFA5,17328
NBPF1,17329
UMAD1,17330
PPP1R3G,17331
FAM228B,17332
LINGO3,17333
ZGLP1,17334
VAMP2,17335
TRIM51G,17336
OR6B1,17337
EBF2,17338
PEX39,17339
PPP3R1,17340
PSG3,17341
FANCG,17342
OR2A5,17343
AP4M1,17344
SPATA31H1,17345
KRTAP1-5,17346
TAS2R41,17347
OR2A12,17348
PLXNA4,17349
MAGEA3,17350
CEBPD,17351
PSG7,17352
KRTAP1-3,17353
OR3A2,17354
FAM200C,17355
HMSD,17356
NPTXR,17357
FAM200A,17358
OR2F2,17359
PPP2R2A,17360
C19orf73,17361
ZNF880,17362
TRIM16,17363
HEPN1,17364
OR2A25,17365
TAS2R40,17366
OR2A14,17367
TIGD1,17368
FXYD7,17369
XKR9,17370
SLC12A8,17371
APOL6,17372
FADS3,17373
OR2A1,17374
OR4E2,17375
CCNL2,17376
UBA52,17377
MYBPHL,17378
PPT2,17379
OR2A2,17380
ZNF630,17381
BTBD19,17382
FAM185A,17383
RAB6C,17384
C21orf140,17385
PSMB11,17386
POTEM,17387
POTEJ,17388
DCDC2B,17389
TRIM49D1,17390
USP17L2,17391
EXOSC6,17392
VPS52,17393
CDRT15,17394
ZNF844,17395
CKMT1A,17396
TINCR,17397
CENPVL1,17398
EBLN1,17399
HBD,17400
SUPT20HL2,17401
RFPL4A,17402
C1GALT1C1L,17403
SUPT20HL1,17404
CERS1,17405
HLA-DPB1,17406
FAM90A13,17407
C1QTNF5,17408
CPTP,17409
CT47A10,17410
CENPVL3,17411
MSL3B,17412
PRR29,17413
C4B,17414
ADM5,17415
CXorf51A,17416
ATXN1L,17417
SMIM13,17418
HNRNPA1L3,17419
GPX5,17420
GAGE12J,17421
NPIPA3,17422
NDUFAF8,17423
GAGE12H,17424
PRRT4,17425
PPP4R3C,17426
TMEM233,17427
PNMA6F,17428
PVALEF,17429
PLEKHM1,17430
USP17L3,17431
CRIPTO3,17432
MKRN2OS,17433
TMA7B,17434
C2CD4D,17435
ZNF469,17436
MCRIP1,17437
SLC26A6,17438
OR6V1,17439
DEFB131B,17440
FAM229A,17441
ERCC6,17442
FRG2B,17443
NOL7,17444
NTF4,17445
ELFN1,17446
PIGBOS1,17447
CT47A6,17448
FTCDNL1,17449
TEX22,17450
OR52I2,17451
CROCC2,17452
DCAF8L1,17453
USP17L7,17454
TMEM185B,17455
CT47A9,17456
KIF4B,17457
CT47A12,17458
C7orf78,17459
HSBP1L1,17460
TAS2R46,17461
SRRM5,17462
PGAM4,17463
C13orf42,17464
MROH5,17465
ERVMER34-1,17466
CT47A11,17467
LTA,17468
C14orf132,17469
WDR46,17470
ANHX,17471
ZNF717,17472
USP17L5,17473
PRR20D,17474
SPANXB1,17475
KLLN,17476
PARG,17477
AKR1B15,17478
GAGE12D,17479
SCAMP4,17480
LTB,17481
GOLGA6L25,17482
TEX46,17483
MRLN,17484
POLR2J2,17485
IFNA14,17486
OR2M3,17487
MT-ATP8,17488
ORM2,17489
FAM174C,17490
OST4,17491
C2orf92,17492
CT47A7,17493
VN1R4,17494
NUTM2E,17495
FNDC10,17496
ZNF883,17497
PROB1,17498
ARL17B,17499
DHFR,17500
SAPCD1,17501
CT45A5,17502
USP17L30,17503
TSPY3,17504
RPL41,17505
PGA4,17506
RFPL4AL1,17507
ORM1,17508
PATL2,17509
NKX1-2,17510
TSPY8,17511
PRAMEF25,17512
USP17L26,17513
PRAC2,17514
PRR20C,17515
H2AL3,17516
ZNF492,17517
ZNF688,17518
PET100,17519
PGA3,17520
GK3,17521
FAM90A26,17522
PRPS1L1,17523
IQCF3,17524
POTEB2,17525
FAM90A15,17526
TEX53,17527
ANKRD66,17528
ACBD6,17529
OR4F3,17530
SPATA31C1,17531
CT47A8,17532
SPDYE21,17533
USP17L25,17534
ANKRD18B,17535
USP17L1,17536
CCDC192,17537
CT47A4,17538
TEX48,17539
PRB4,17540
SETSIP,17541
HAPSTR2,17542
ANKRD63,17543
YY2,17544
STMND1,17545
HSBP1,17546
USP17L28,17547
PLSCR5,17548
CFAP97D1,17549
SBK3,17550
HLA-DPA1,17551
USP17L10,17552
RPS18,17553
USP17L29,17554
TSPAN19,17555
AKAIN1,17556
CYP21A2,17557
OR5K2,17558
PRH1,17559
PSG1,17560
TAPBP,17561
PPP1R2B,17562
MAGEB6B,17563
SCAND3,17564
TMEM253,17565
TMA7,17566
MCTS1,17567
DYTN,17568
ASCL5,17569
TMEM114,17570
USP17L24,17571
OR52I1,17572
OR5K1,17573
SMIM26,17574
USP17L13,17575
AJM1,17576
KANTR,17577
HLA-DQB2,17578
GOLGA8N,17579
TNF,17580
PET117,17581
LYRM9,17582
NPIPA9,17583
PHGR1,17584
RAB6D,17585
FAM90A11,17586
FAM90A3,17587
USP17L11,17588
RNF224,17589
NPIPB7,17590
GPX1,17591
FAM90A20,17592
BTBD18,17593
TMEM238,17594
TWIST2,17595
PIRT,17596
ZNF892,17597
TRIM49D2,17598
TSPY4,17599
IFNA13,17600
H2BC15,17601
POTEB,17602
RPS28,17603
CTXN2,17604
UQCRHL,17605
PAGE2,17606
TRIM26,17607
TMEM229A,17608
PRR20E,17609
ZNF879,17610
H2BC12L,17611
CCDC188,17612
RBMY1A1,17613
KBTBD13,17614
ZNF736,17615
PINLYP,17616
CLDN34,17617
C5orf58,17618
FAM133B,17619
MCIDAS,17620
JRK,17621
MED14OS,17622
NPIPB2,17623
HLA-B,17624
FREY1,17625
IQCM,17626
APOC2,17627
SHISA8,17628
C19orf81,17629
ANKRD65,17630
BRD3OS,17631
ZSCAN31,17632
FAM237A,17633
C12orf75,17634
SMIM1,17635
HGH1,17636
PPP1R3E,17637
KDM4E,17638
RAMACL,17639
RPEL1,17640
SPAAR,17641
SMIM27,17642
NFAM1,17643
RNF148,17644
ANKRD34C,17645
MFRP,17646
KIAA0040,17647
USP17L27,17648
B3GALT4,17649
PNMA6A,17650
PATE3,17651
OR5H14,17652
ZBTB22,17653
USP17L4,17654
CT47A3,17655
CLEC2L,17656
ZBED5,17657
SLFN14,17658
PPIAL4G,17659
GAGE12F,17660
CCDC200,17661
TAS2R39,17662
TSPY10,17663
UBE2L5,17664
CT47B1,17665
ZNF853,17666
ARHGEF38,17667
CTAGE9,17668
ZNF593OS,17669
OR10G9,17670
C4orf51,17671
B3GNT9,17672
CDKN2AIPNL,17673
CKMT1B,17674
RNF223,17675
PATE4,17676
OR4A47,17677
PRSS56,17678
ZNF737,17679
RGL2,17680
MEIOSIN,17681
C10orf143,17682
SHISA9,17683
OR7E24,17684
HLA-DQA2,17685
KIFC1,17686
C2orf74,17687
GAGE12C,17688
IRGM,17689
PRAMEF33,17690
AMY1A,17691
FAM200B,17692
GOLGA6L24,17693
CT47A5,17694
OR2I1,17695
TSPY9,17696
LRRC37A2,17697
MPC1L,17698
ETDA,17699
TMEM250,17700
OR2W3,17701
PAGE2B,17702
TXNDC5,17703
CASTOR1,17704
RNF103,17705
RBM14,17706
ALKBH6,17707
ASB14,17708
KLHL41,17709
OR1J4,17710
STPG4,17711
PRR20G,17712
MEIKIN,17713
NME1,17714
TNFSF12,17715
CDRT4,17716
APOBEC3G,17717
TLR9,17718
WBP1,17719
MRPS17,17720
DEFA3,17721
GET4,17722
KRTAP9-2,17723
C1orf226,17724
ADSL,17725
LILRA4,17726
LILRA2,17727
TEX35,17728
AMY2B,17729
STRIT1,17730
LY6G5B,17731
PSMB9,17732
SMKR1,17733
COX19,17734
DEFA1B,17735
ACAD11,17736
PPIL3,17737
LCE1F,17738
KIR3DL2,17739
FOXO3B,17740
TNFRSF13B,17741
KRTAP9-1,17742
L1TD1,17743
AQP1,17744
C1QTNF9,17745
ISY1,17746
PNMA2,17747
LRRD1,17748
KRBOX1,17749
ARHGEF25,17750
PEDS1,17751
RDH14,17752
KRTAP4-7,17753
PLCXD2,17754
MIF,17755
NSUN6,17756
HLA-DOB,17757
YAE1,17758
OR14A2,17759
ZNF722,17760
CRIPTO,17761
C3orf85,17762
KRTAP5-8,17763
KRTAP4-16,17764
CRCP,17765
FBXW10B,17766
RPL36A,17767
PDXP,17768
RPP21,17769
CD302,17770
EGFL8,17771
ATP5MF,17772
SSX2,17773
ARHGAP8,17774
ARPC4,17775
CORT,17776
KRTAP5-4,17777
INMT,17778
ARPC1A,17779
TMEFF1,17780
SPRR2A,17781
ATP5PO,17782
PLEKHO2,17783
C8orf58,17784
PISD,17785
HOGA1,17786
PWP2,17787
PI4KA,17788
HYPK,17789
AMACR,17790
MTFP1,17791
MDFIC2,17792
ARHGDIG,17793
TCP10L,17794
PSG2,17795
ARFGAP3,17796
BGLAP,17797
C22orf39,17798
PEG10,17799
CT47A2,17800
EIF6,17801
GTF2A1L,17802
MRPL20,17803
ARPIN,17804
SERPINB10,17805
HLA-DMB,17806
DECR2,17807
GNG10,17808
CNTF,17809
CCDC169,17810
RTL5,17811
AP5Z1,17812
ZNF709,17813
STRC,17814
RBMY1B,17815
ERVW-1,17816
EIF4EBP3,17817
PSG11,17818
PSG4,17819
MRPL33,17820
MICAL3,17821
STON1,17822
PRAF2,17823
VSIG8,17824
STMP1,17825
KCTD7,17826
EFNA4,17827
TICAM2,17828
NICOL1,17829
NAA80,17830
AMY2A,17831
KRTAP10-11,17832
TNFRSF6B,17833
WFDC6,17834
UPK3B,17835
SMIM34,17836
IL10RB,17837
CFB,17838
ZNF487,17839
DNAAF10,17840
NME2,17841
PLA2G4B,17842
LEFTY1,17843
CFAP57,17844
NPIPB5,17845
TTC4,17846
OR5V1,17847
TMEM35B,17848
JMJD7,17849
APOBEC3D,17850
OR2A7,17851
TUBA4B,17852
MRPS6,17853
ZNF512,17854
GSTA1,17855
RTL9,17856
ACY1,17857
NFS1,17858
MT1HL1,17859
KRTAP19-3,17860
DDOST,17861
VMA12,17862
GSTA2,17863
SPRR2F,17864
P2RY11,17865
TMEM141,17866
TMEM225B,17867
GMCL2,17868
IFITM10,17869
DBNDD2,17870
LY6G6D,17871
ETV5,17872
KRTAP5-7,17873
CFHR1,17874
RBM12,17875
ERVFRD-1,17876
LILRA6,17877
SCARF2,17878
APOBEC3C,17879
KRTAP4-2,17880
RAD21L1,17881
CCDC13,17882
ASPRV1,17883
OR2AE1,17884
FCGR2C,17885
UBE2V1,17886
PTCHD4,17887
C4A,17888
HBB,17889
CRYBB2,17890
N4BP2L2,17891
ZNF585B,17892
CEBPA,17893
H2AJ,17894
UBAP1L,17895
PGAM5,17896
ZCCHC3,17897
MISFA,17898
TWF2,17899
MARS2,17900
USP51,17901
BCKDHA,17902
INSL3,17903
MARCOL,17904
ADH1C,17905
APELA,17906
CDK11B,17907
TARM1,17908
POU5F2,17909
PCP4L1,17910
ABHD14A,17911
DRC12,17912
C4orf54,17913
ACTN3,17914
SMIM31,17915
FMN1,17916
USP17L22,17917
USP17L17,17918
HAUS5,17919
ATP5MGL,17920
TMEM150C,17921
NAIP,17922
ZNF324B,17923
SPATS1,17924
CLRN2,17925
SPMAP2L,17926
ZNF564,17927
FER1L5,17928
ECSCR,17929
USP17L21,17930
HS3ST5,17931
LGALS16,17932
PDCD6,17933
GOLGA8K,17934
GBA3,17935
TERB1,17936
TMEM158,17937
YJEFN3,17938
DNAH10OS,17939
PTTG2,17940
GIMD1,17941
TRMT9B,17942
ZNF718,17943
SMIM20,17944
GYPB,17945
TUNAR,17946
TRIM75,17947
KIAA1210,17948
CHCHD10,17949
CDK3,17950
GPR162,17951
ATP6V1E2,17952
GLI4,17953
REELD1,17954
SELENOP,17955
USP17L20,17956
PRODH2,17957
ZNF475,17958
EXOC1L,17959
USP17L18,17960
USP17L23,17961
ZNF674,17962
ZNF345,17963
RFPL4B,17964
ALG1L2,17965
SHANK3,17966
ZNF550,17967
DCANP1,17968
FOXD1,17969
OR12D1,17970
PRB1,17971
PTX4,17972
RGS21,17973
C8orf88,17974
SHLD3,17975
CCDC71L,17976
HOXA10,17977
TMEM200B,17978
SERPINE3,17979
C1orf210,17980
TUG1,17981
TRNP1,17982
SMIM18,17983
NACA2,17984
SLC10A5,17985
EIF5AL1,17986
PRSS51,17987
ALG11,17988
ATXN7L3B,17989
PRKDC,17990
UTP14C,17991
ETV3L,17992
CLDN23,17993
ZNF260,17994
LYN,17995
PINX1,17996
CD8B2,17997
NPIPB11,17998
FAM90A12,17999
LRRC24,18000
SIGLEC14,18001
PBOV1,18002
XNDC1N,18003
AP5B1,18004
CHMP4A,18005
SIGLEC12,18006
PABPC4L,18007
OMP,18008
MAGEL2,18009
CSNK2A3,18010
ARMS2,18011
INS,18012
RTL1,18013
OR8J2,18014
FPGT,18015
IGLL5,18016
MEX3A,18017
OR10G4,18018
EEF1G,18019
NPIPA2,18020
MPV17L2,18021
DEFB109D,18022
BORCS8,18023
DPP3,18024
KRTAP5-9,18025
BRK1,18026
UBTFL1,18027
PIGY,18028
CHMP1B,18029
EID3,18030
GLYATL1B,18031
HTD2,18032
CCDC166,18033
NANOGP8,18034
OR5M11,18035
PRR23D1,18036
SMIM35,18037
OR8G5,18038
EID1,18039
OR52B2,18040
NOX5,18041
CCDC179,18042
TAS2R43,18043
PRR23D2,18044
HCAR3,18045
EBLN2,18046
CARD18,18047
NPIPB8,18048
POLR2M,18049
FDXACB1,18050
OR10G2,18051
RAB44,18052
TRIL,18053
OR6J1,18054
TIFAB,18055
TAS2R20,18056
KDM4F,18057
CYP2A6,18058
CTSO,18059
COA8,18060
TRAPPC2B,18061
DNAAF4,18062
ZNF432,18063
SMLR1,18064
TAS2R30,18065
ZNF10,18066
ZNF486,18067
SMIM3,18068
HMBS,18069
ZNF225,18070
ASIC5,18071
TAS2R31,18072
DND1,18073
SALL3,18074
POLG2,18075
SMIM10L1,18076
OR13A1,18077
CLEC12B,18078
LIMS4,18079
ZNF350,18080
PGA5,18081
STH,18082
ZNF253,18083
KLRF2,18084
C17orf100,18085
CAPNS2,18086
SLC5A8,18087
LIMS3,18088
KHDC1L,18089
GPR142,18090
HP,18091
C11orf97,18092
DENND11,18093
LSM14A,18094
NHLRC4,18095
OR11H12,18096
TAS2R38,18097
GATC,18098
ZBED6,18099
MGAM,18100
FNTB,18101
ZNF878,18102
ZNF625,18103
GALNT4,18104
INAFM1,18105
CNPY2,18106
MGAM2,18107
CUX1,18108
TEN1,18109
SPMIP11,18110
OR9A4,18111
MAP1LC3B2,18112
CLEC5A,18113
CHURC1,18114
BACC1,18115
RTEL1,18116
ZNF578,18117
PDF,18118
OR11H2,18119
SPESP1,18120
SERPINA2,18121
TRIM34,18122
C20orf141,18123
OR11H7,18124
RNASE4,18125
MC1R,18126
DUXA,18127
CEP95,18128
TUBB3,18129
TMEM179,18130
TSPY1,18131
TPRX2,18132
ERLN,18133
ITGB3,18134
SLC35G6,18135
INAFM2,18136
GH1,18137
CTXND1,18138
THTPA,18139
MRPL46,18140
BLID,18141
SLC22A31,18142
LYPD8,18143
AQP7B,18144
RBM15B,18145
TGFBR3L,18146
HOXB7,18147
SPDYE6,18148
CCDC187,18149
FRRS1L,18150
ARMH2,18151
TBC1D3G,18152
MRC1,18153
HSPB9,18154
SCX,18155
C16orf95,18156
KCNJ18,18157
DUX4,18158
ANKRD20A1,18159
SERTM2,18160
XKR7,18161
CCPG1,18162
SULT1A3,18163
TMEM178B,18164
EPPK1,18165
CLEC19A,18166
ZNF865,18167
BOP1,18168
GOLGA8T,18169
MUC22,18170
FIGNL2,18171
SMIM47,18172
PECAM1,18173
TUBB8,18174
TP53TG3B,18175
TMEM249,18176
TPBGL,18177
GAN,18178
GOLGA6L7,18179
PIERCE2,18180
LY6L,18181
SCRT1,18182
HPR,18183
GOLGA8S,18184
TCF24,18185
GOLGA8H,18186
MIA,18187
SMIM36,18188
GFY,18189
OR1P1,18190
GREP1,18191
C17orf114,18192
MYMX,18193
CORO7,18194
MMP12,18195
SPDYE9,18196
CCER2,18197
SMIM28,18198
SPON1,18199
OVCA2,18200
MRPL12,18201
C19orf84,18202
CCNQ,18203
GTF2I,18204
ZNF234,18205
MYZAP,18206
DPEP2NB,18207
PPIAL4A,18208
TMEM238L,18209
SRSF8,18210
FAM72C,18211
IKBKE,18212
MSMB,18213
GDF2,18214
LASP1NB,18215
NBPF11,18216
RHEX,18217
AKR1C8,18218
ANXA8L1,18219
NOTCH2NLA,18220
DYNLL2,18221
MYH4,18222
OTUD7B,18223
NPY4R2,18224
GJA5,18225
ANXA8,18226
RBP3,18227
RBM8A,18228
TIMM23,18229
RNF115,18230
RPL17,18231
ZNF488,18232
SEC22B,18233
FSBP,18234
TXNIP,18235
SRGAP2,18236
BAHCC1,18237
RASSF5,18238
STRADA,18239
PNLIPRP2,18240
KLF14,18241
NBPF15,18242
NCOA4,18243
MRPS21,18244
GDF10,18245
MYO15B,18246
IGBP1C,18247
FXYD1,18248
AARSD1,18249
ZNF850,18250
PTGES3L,18251
LCN6,18252
C17orf113,18253
UPK3BL1,18254
APOC4,18255
ZNF285,18256
S1PR2,18257
CGB1,18258
FDX2,18259
ZNF224,18260
EDDM13,18261
SMIM22,18262
LIN37,18263
NDUFA7,18264
CCDC177,18265
MAGEA9B,18266
SSX4,18267
ERFL,18268
NBPF12,18269
GABRQ,18270
SLC6A14,18271
SMIM17,18272
OPN1MW,18273
ARL14EPL,18274
TCP11X1,18275
FAM156A,18276
SSX2B,18277
NFILZ,18278
MAGEA2,18279
CTAG1A,18280
SAXO3,18281
ZNF723,18282
HSFX2,18283
CSAG2,18284
CSAG3,18285
CT45A1,18286
ERVV-2,18287
SPANXN2,18288
CALR3,18289
ZNF728,18290
CT45A3,18291
TRABD2B,18292
FBXO17,18293
TMSB15C,18294
MAGIX,18295
IKBKG,18296
ZNF587B,18297
SPIB,18298
NXF2,18299
OPN1MW3,18300
NXF2B,18301
H3Y1,18302
DMRTC1,18303
ERVV-1,18304
TMEM185A,18305
CT45A10,18306
ZIM2,18307
NBPF9,18308
CCDC194,18309
SLC25A53,18310
SSX4B,18311
RNF225,18312
EGLN2,18313
MEI4,18314
NCBP2AS2,18315
NBPF8,18316
H4C15,18317
PPIAL4H,18318
HEATR9,18319
PRAMEF5,18320
NBPF14,18321
TAF15,18322
GAS2L2,18323
C17orf50,18324
H4C14,18325
RASL10B,18326
CT45A9,18327
CTAGE15,18328
SRXN1,18329
CTAGE6,18330
NBPF19,18331
NBPF10,18332
MMP28,18333
CT45A2,18334
CCL5,18335
PPIAL4E,18336
LIX1L,18337
MILR1,18338
SMIM32,18339
ANKRD34A,18340
GTF2H5,18341
NUDT3,18342
KMT2B,18343
POM121C,18344
IFNL4,18345
CD24,18346
CFAP206,18347
MUSTN1,18348
ZNF595,18349
DOC2B,18350
DCP1A,18351
SPMIP1,18352
C2orf15,18353
GRIN2B,18354
LYPD4,18355
NBPF26,18356
SNURF,18357
H3-7,18358
TMEM271,18359
ZBTB8B,18360
TBC1D3K,18361
FOXD4L6,18362
SPDYE8,18363
AGBL1,18364
H4C12,18365
CWC25,18366
EPOP,18367
ZNHIT3,18368
CT45A7,18369
H2BC14,18370
LHX1,18371
CYFIP1,18372
GOLGA6L26,18373
CEACAM20,18374
H2BC8,18375
USP27X,18376
TAF9,18377
NOL12,18378
GOLGA6L1,18379
H3C8,18380
CASTOR2,18381
NATD1,18382
H2AB1,18383
ANTXRL,18384
SOCS7,18385
TBC1D3H,18386
GGTLC3,18387
GAGE13,18388
ADRA2B,18389
H2BC6,18390
ZNF658,18391
TMEM269,18392
TPTE,18393
TBC1D3D,18394
C8orf89,18395
TBC1D3L,18396
RCC1L,18397
SEBOX,18398
SPDYE10,18399
DGKK,18400
RIMBP3B,18401
TBC1D3,18402
H4C6,18403
H2BC17,18404
CCL23,18405
H3C6,18406
TBC1D3B,18407
TBC1D3I,18408
H2AC12,18409
ZNF280B,18410
MLLT6,18411
TP53TG3E,18412
PPP4R3B,18413
SYNRG,18414
NUDT18,18415
ZNF2,18416
GAGE2E,18417
H4C13,18418
CCL16,18419
LENG9,18420
H2AC15,18421
CCL4,18422
PRAG1,18423
H3C11,18424
CCL18,18425
FCGBP,18426
HNF1B,18427
SPMAP1,18428
FAM236A,18429
GRIFIN,18430
XKR5,18431
H4C7,18432
AATF,18433
H2BC9,18434
H3C1,18435
CCL15,18436
LYZL6,18437
HNRNPCL2,18438
RIMBP3,18439
ARHGAP23,18440
TUBGCP5,18441
PRSS2,18442
TBC1D3F,18443
SPATA31A3,18444
SPDYE11,18445
DUSP14,18446
SPATA31A7,18447
UHRF1,18448
ORAI1,18449
CCL4L2,18450
CCL3L3,18451
OR13C2,18452
H4C9,18453
PIK3R6,18454
TADA2A,18455
PIP4K2B,18456
H2AC14,18457
UBE2NL,18458
CCL14,18459
H2BC3,18460
FAM25C,18461
SPATA31A5,18462
RAB7B,18463
DACH1,18464
PADI6,18465
H2AC16,18466
GSTT4,18467
H4C5,18468
HNRNPCL3,18469
H2AC8,18470
TYW1B,18471
F8A3,18472
H4C4,18473
PIGW,18474
CCDC92B,18475
H2BC7,18476
PCGF2,18477
GOLGA6L6,18478
SRCIN1,18479
GPR179,18480
MARCKS,18481
ZNF670,18482
PKD1L3,18483
GPIHBP1,18484
PNMA8C,18485
CT47C1,18486
OR13C5,18487
NEFL,18488
CCL3,18489
CHD9NB,18490
H2AB3,18491
SYT15B,18492
H3C7,18493
PSMB3,18494
H2AB2,18495
GOLGA6L22,18496
SRD5A2,18497
OR52E5,18498
CISD3,18499
RDM1,18500
DDX52,18501
CT45A8,18502
ZNF8,18503
SSTR3,18504
PRICKLE4,18505
MYO19,18506
TBC1D3C,18507
GGNBP2,18508
ZNF229,18509
H2AC4,18510
C17orf78,18511
POTEB3,18512
DHRS11,18513
ACACA,18514
TMEM191B,18515
NR2E3,18516
H2BC10,18517
TBC1D3E,18518
C11orf98,18519
MRM1,18520
H4C1,18521
GOLGA6L10,18522
H2AC17,18523
IQCA1L,18524
H4C2,18525
H3C10,18526
MRPL45,18527
TP53TG3F,18528
OR2S2,18529
OR10A6,18530
OR51B2,18531
TSTD3,18532
OR2T11,18533
OR4N4C,18534
OR2AG1,18535
PPIAL4F,18536
OR1B1,18537
PCDH20,18538
OR1S1,18539
OR12D2,18540
OR8K3,18541
CCDC163,18542
PAGR1,18543
RPS4Y2,18544
TMEM272,18545
BLACAT1,18546
TMEM265,18547
TEX13D,18548
ADORA3,18549
DUXB,18550
TEX13C,18551
C1orf232,18552
TMEM275,18553
KLF18,18554
LBHD2,18555
CENPVL2,18556
C13orf46,18557
CCDC201,18558
FAM237B,18559
TEX54,18560
SMIM33,18561
TEX52,18562
CTXND2,18563
FAM240B,18564
CFAP97D2,18565
CNTNAP3C,18566
CCDC195,18567
CSNK2A2IP,18568
SPEM3,18569
HSFX4,18570
LITAFD,18571
PRRT1B,18572
C19orf85,18573
EXOC3L2,18574
CIROP,18575
MYOCOS,18576
HSFX3,18577
VSIG10L2,18578
PRSS50,18579
TAF11L11,18580
CPHXL,18581
PRR33,18582
TAF11L8,18583
GNG14,18584
TAF11L9,18585
SLURP2,18586
MSANTD7,18587
TAF11L6,18588
C1orf202,18589
SCO2,18590
TAF11L5,18591
TAF11L4,18592
C2orf81,18593
TAF11L10,18594
PERCC1,18595
TAF11L3,18596
TAF11L7,18597
SMIM39,18598
CPHXL2,18599
THSD8,18600
SSU72L3,18601
OR8B3,18602
SCYGR10,18603
SCYGR4,18604
SMIM44,18605
OR4F16,18606
OR8B2,18607
CD300H,18608
SMIM38,18609
OR8S1,18610
TMDD1,18611
OR4F29,18612
EEF1AKMT4,18613
TBCE,18614
SMIM41,18615
CIST1,18616
TOMT,18617
CCDC39,18618
OOSP1,18619
UPK3BL2,18620
OOSP4A,18621
ARHGAP11B,18622
OOSP3,18623
H2BK1,18624
FAM90A9,18625
FAM90A16,18626
FAM90A17,18627
FAM90A14,18628
MSANTD5,18629
LCE7A,18630
FAM90A10,18631
FAM90A7,18632
SPDYE15,18633
NOTCH2NLB,18634
FAM246C,18635
SPDYE13,18636
ASDURF,18637
SPEGNB,18638
FAM246A,18639
TMEM217B,18640
NOTCH2NLR,18641
SPADH,18642
SPDYE14,18643
DERPC,18644
NOTCH2NLC,18645
H3C2,18646
SMIM40,18647
H3C3,18648
CIMIP3,18649
SMIM42,18650
NPBWR1,18651
ACTL10,18652
RNF228,18653
PANO1,18654
PRRC2B,18655
F8A2,18656
F8A1,18657
CCDST,18658
PTF1A,18659
OR4A8,18660
LINC02714,18661
OR5BS1P,18662
TRDV1,18663
LINC00642,18664
IGHD,18665
LINC02138,18666
LRRC37A16P,18667
DEFB124,18668
KRTAP13-4,18669
IGKV1OR22-1,18670
NBPF21P,18671
LINC00877,18672
OR5H8,18673
LINC02042,18674
UNC93B7,18675
LINC02063,18676
LINC02900,18677
PCDHB1,18678
PCDHB11,18679
PCDHGB7,18680
HCG27,18681
XIST,18682
XACT,18683
MCF2L2P1,18684
ACCSL,18685
ACSM2B,18686
ACTL9,18687
ACTRT2,18688
AGXT2,18689
AMELY,18690
ASB17,18691
BANF2,18692
BMP15,18693
BOD1L2,18694
BPIFA3,18695
BPIFB6,18696
BSPH1,18697
C10orf120,18698
C16orf78,18699
C1QA,18700
C7orf33,18701
CARTPT,18702
CCDC172,18703
CCL1,18704
CCL11,18705
CDRT15L2,18706
CDX4,18707
CETN1,18708
CIMIP7,18709
CLDN25,18710
COX6A2,18711
CRYGA,18712
CSN2,18713
CST8,18714
CTXN3,18715
CXorf66,18716
CYLC2,18717
DAOA,18718
DCD,18719
DEFB110,18720
DEFB112,18721
DEFB113,18722
DEFB114,18723
DEFB116,18724
DEFB118,18725
DEFB121,18726
DEFB123,18727
DEFB127,18728
DEFB128,18729
DEFB129,18730
DEFB131A,18731
DEFB132,18732
DEFB135,18733
DEFB136,18734
DMRTB1,18735
EDDM3A,18736
ELSPBP1,18737
FAM170B,18738
FAM47A,18739
FCN2,18740
FERD3L,18741
FEZF2,18742
FHL5,18743
FOXB2,18744
FOXI2,18745
FSHR,18746
FTMT,18747
GAB4,18748
GARIN3,18749
GFRAL,18750
GJA8,18751
GNG8,18752
GOT1L1,18753
GPR139,18754
GPR6,18755
GRXCR1,18756
GSTA5,18757
GUCA1ANB-GUCA1A,18758
GYS2,18759
H2AC1,18760
H2BC1,18761
H2BW2,18762
HDGFL1,18763
HIGD1C,18764
HOMEZ,18765
HTN1,18766
HTR1E,18767
HTR3D,18768
IFNA10,18769
IFNA16,18770
IFNA17,18771
IFNA4,18772
IL25,18773
IL9,18774
IQCF2,18775
KIR2DL1,18776
KIR2DL3,18777
KIR3DL3,18778
KPLCE,18779
KRT25,18780
KRTAP10-1,18781
KRTAP10-10,18782
KRTAP10-3,18783
KRTAP10-5,18784
KRTAP10-8,18785
KRTAP10-9,18786
KRTAP11-1,18787
KRTAP12-1,18788
KRTAP12-2,18789
KRTAP12-3,18790
KRTAP12-4,18791
KRTAP13-1,18792
KRTAP13-3,18793
KRTAP15-1,18794
KRTAP19-2,18795
KRTAP19-4,18796
KRTAP19-6,18797
KRTAP19-7,18798
KRTAP19-8,18799
KRTAP20-1,18800
KRTAP20-3,18801
KRTAP21-1,18802
KRTAP21-3,18803
KRTAP22-1,18804
KRTAP22-2,18805
KRTAP23-1,18806
KRTAP24-1,18807
KRTAP25-1,18808
KRTAP26-1,18809
KRTAP27-1,18810
KRTAP4-3,18811
KRTAP4-4,18812
KRTAP5-11,18813
KRTAP6-2,18814
KRTAP8-1,18815
KRTAP9-6,18816
KRTAP9-8,18817
LACRT,18818
LCE2A,18819
LCE2C,18820
LCE2D,18821
LCE3A,18822
LCE3B,18823
LCE3C,18824
LCE4A,18825
LCE6A,18826
LCN9,18827
LECT2,18828
LELP1,18829
LGALS13,18830
LIM2,18831
LRIT1,18832
LRIT2,18833
LRRC30,18834
LRRC74A,18835
MAGEE2,18836
MAS1L,18837
MLN,18838
MROH9,18839
MS4A10,18840
MS4A13,18841
MS4A5,18842
MS4A6E,18843
MYMK,18844
NEUROD6,18845
NLRP8,18846
NMS,18847
NPAP1,18848
NPS,18849
OC90,18850
OLIG3,18851
OOSP2,18852
OR10A7,18853
OR10C1,18854
OR10G7,18855
OR10G8,18856
OR10H3,18857
OR10H4,18858
OR10J1,18859
OR10J5,18860
OR10K1,18861
OR10K2,18862
OR10P1,18863
OR10Q1,18864
OR10R2,18865
OR10T2,18866
OR10W1,18867
OR11L1,18868
OR13C3,18869
OR13C4,18870
OR13C8,18871
OR13G1,18872
OR14A16,18873
OR14C36,18874
OR1A2,18875
OR1C1,18876
OR1D2,18877
OR1D5,18878
OR1E2,18879
OR1G1,18880
OR1L1,18881
OR1N2,18882
OR2AP1,18883
OR2B3,18884
OR2G2,18885
OR2G3,18886
OR2L13,18887
OR2M2,18888
OR2M5,18889
OR2M7,18890
OR2T10,18891
OR2T2,18892
OR2T27,18893
OR2T5,18894
OR2T6,18895
OR2W1,18896
OR2Y1,18897
OR2Z1,18898
OR3A1,18899
OR4A5,18900
OR4B1,18901
OR4C11,18902
OR4C12,18903
OR4C13,18904
OR4C15,18905
OR4C3,18906
OR4C46,18907
OR4D10,18908
OR4D2,18909
OR4D6,18910
OR4F15,18911
OR4F6,18912
OR4K1,18913
OR4K13,18914
OR4K14,18915
OR4K15,18916
OR4K17,18917
OR4K2,18918
OR4K5,18919
OR4N5,18920
OR4P4,18921
OR4S1,18922
OR4S2,18923
OR4X1,18924
OR51A2,18925
OR51A4,18926
OR51A7,18927
OR51D1,18928
OR51F2,18929
OR51G2,18930
OR51L1,18931
OR51S1,18932
OR51T1,18933
OR51V1,18934
OR52A1,18935
OR52A5,18936
OR52E4,18937
OR52J3,18938
OR52K2,18939
OR56A3,18940
OR5A2,18941
OR5AC2,18942
OR5AK2,18943
OR5AN1,18944
OR5AP2,18945
OR5AS1,18946
OR5B17,18947
OR5D16,18948
OR5D18,18949
OR5F1,18950
OR5H15,18951
OR5H6,18952
OR5I1,18953
OR5K3,18954
OR5L2,18955
OR5M1,18956
OR5M10,18957
OR5M3,18958
OR5M8,18959
OR5M9,18960
OR5T1,18961
OR5T2,18962
OR5T3,18963
OR5W2,18964
OR6B3,18965
OR6C1,18966
OR6C3,18967
OR6C6,18968
OR6C65,18969
OR6C68,18970
OR6C74,18971
OR6C76,18972
OR6K3,18973
OR6N1,18974
OR6P1,18975
OR6Q1,18976
OR6S1,18977
OR6X1,18978
OR6Y1,18979
OR7A10,18980
OR7C2,18981
OR7D4,18982
OR7G1,18983
OR7G3,18984
OR8B12,18985
OR8B4,18986
OR8B8,18987
OR8H1,18988
OR8H2,18989
OR8H3,18990
OR8I2,18991
OR8J3,18992
OR8K1,18993
OR8K5,18994
OR8U1,18995
OR9A2,18996
OR9G4,18997
OR9Q1,18998
OR9Q2,18999
OTUD6A,19000
PCDHA1,19001
PCDHA10,19002
PCDHA11,19003
PCDHA12,19004
PCDHA13,19005
PCDHA2,19006
PCDHA3,19007
PCDHA4,19008
PCDHA5,19009
PCDHA6,19010
PCDHA7,19011
PCDHA8,19012
PCDHA9,19013
PCDHAC1,19014
PCDHAC2,19015
PCDHB10,19016
PCDHB12,19017
PCDHB13,19018
PCDHB14,19019
PCDHB15,19020
PCDHB16,19021
PCDHB2,19022
PCDHB3,19023
PCDHB4,19024
PCDHB5,19025
PCDHB6,19026
PCDHB7,19027
PCDHB8,19028
PCDHGA1,19029
PCDHGA10,19030
PCDHGA11,19031
PCDHGA12,19032
PCDHGA2,19033
PCDHGA3,19034
PCDHGA4,19035
PCDHGA5,19036
PCDHGA6,19037
PCDHGA7,19038
PCDHGA8,19039
PCDHGA9,19040
PCDHGB1,19041
PCDHGB2,19042
PCDHGB3,19043
PCDHGB4,19044
PCDHGB6,19045
PCDHGC3,19046
PCDHGC4,19047
PCDHGC5,19048
PDHA2,19049
PDILT,19050
PFN3,19051
POM121L12,19052
PRAMEF11,19053
PRAMEF14,19054
PRAMEF18,19055
PRAMEF20,19056
PRAMEF4,19057
PRG3,19058
PRM1,19059
PRR23B,19060
PRR23C,19061
PRSS58,19062
RD3L,19063
RESP18,19064
RNASE11,19065
RNASE12,19066
RTL4,19067
SAMD7,19068
SCGB1D1,19069
SCGB1D4,19070
SCGB3A2,19071
SCP2D1,19072
SKOR2,19073
SLC22A12,19074
SLC7A13,19075
SMCP,19076
SMR3A,19077
SOD2,19078
SPACA1,19079
SPACA7,19080
SPANXN4,19081
SPINK14,19082
SPINK8,19083
SPINT3,19084
SPINT4,19085
SPMIP7,19086
SPO11,19087
SPPL2C,19088
SRY,19089
SSX7,19090
SUN5,19091
TAAR5,19092
TAS2R16,19093
TBC1D21,19094
TBL1Y,19095
TBX22,19096
TEKTL1,19097
TERB2,19098
TEX47,19099
TFAP2D,19100
TMEM174,19101
TMEM225,19102
TMEM247,19103
TMEM276,19104
TNP1,19105
TOPAZ1,19106
TRIM49B,19107
TRIM60,19108
TRIM77,19109
UGT1A1,19110
UGT1A10,19111
UGT1A3,19112
UGT1A4,19113
UGT1A5,19114
UGT1A7,19115
UGT1A8,19116
UGT1A9,19117
UMOD,19118
VN1R2,19119
VSTM2B,19120
XAGE5,19121
ZCCHC13,19122
ZNF479,19123
ZNF705B,19124
