Gene,Modality,Importance
HEPHL1,Expression,0.0004105168718383
PTP4A3,CRISPR,0.0003832309641032
THRA,CRISPR,0.0002638205515093
BTBD2,CRISPR,0.0002062691103575
S100A5,CRISPR,0.000185968105441
PXMP2,CRISPR,0.0001832603137693
ZNF770,CRISPR,0.0001802880134663
ANAPC16,Expression,0.0001797967041124
USP31,Expression,0.0001636180036562
FBXW10,CRISPR,0.0001625064324363
FSCN1,Expression,0.0001590791693344
PHOSPHO2,Expression,0.0001573836319965
SPOP,CRISPR,0.0001560070150014
TMEM256,CRISPR,0.0001439356557219
REXO2,CRISPR,0.0001434603535315
FOXD4L1,Expression,0.0001423878911322
ZNF93,CRISPR,0.0001414468004627
SP6,CRISPR,0.0001381440654973
NDUFA5,Expression,0.000129839681566
KIF2C,CRISPR,0.0001283615189906
CDC42SE1,Expression,0.0001278901779028
NAXE,CRISPR,0.0001256496843928
TARBP2,CRISPR,0.0001242442835025
CAPZA2,Expression,0.0001228086207133
WNT4,Expression,0.000122302932235
SMIM30,Expression,0.0001214331156285
ANHX,CRISPR,0.0001202920260427
MYL7,CRISPR,0.0001195247986689
CSAD,CRISPR,0.0001158355437384
MFF,CRISPR,0.0001157892353448
ACACB,CRISPR,0.0001156034745876
SLC25A18,CRISPR,0.0001155757877149
ARHGAP24,Expression,0.0001137672984642
SMAD7,CRISPR,0.0001126272889415
TRIM25,Expression,0.0001125542788327
PCGF5,Expression,0.0001106029933764
ZBTB40,CRISPR,0.0001104475772809
RASEF,Expression,0.00010887307798
ANKRD23,Expression,0.0001087162577591
DBN1,Expression,0.0001068268920153
EPC1,CRISPR,0.0001066877464143
PAK2,CRISPR,0.0001049794357574
SSX5,CRISPR,0.0001047466366418
C8orf33,CRISPR,0.000104527404575
IGFBP2,Expression,0.0001043952038355
TRIM61,CRISPR,0.0001036928312331
ME2,Expression,0.0001035805635853
TAF1,CRISPR,0.000102674562723
EHD4,Expression,0.0001025013845569
CDH5,CRISPR,0.0001003476074834
MECR,Expression,0.0001001035421259
KIF22,CRISPR,9.967023211228276e-05
CCDC102A,Expression,9.961301598975316e-05
C1orf87,CRISPR,9.909442806118009e-05
RHOBTB1,Expression,9.821175641557372e-05
DCAF15,Expression,9.720433270784668e-05
MGAT2,CRISPR,9.707294526836e-05
RASA4B,Expression,9.644145209309208e-05
PCOLCE2,Expression,9.622792392687072e-05
POT1,CRISPR,9.61669678679666e-05
CCT6B,Expression,9.530352542208302e-05
SCAF4,CRISPR,9.51302217535238e-05
SLC2A11,Expression,9.504076934976686e-05
MIEN1,CRISPR,9.497068798454604e-05
SND1,Expression,9.40652634164264e-05
PPIL3,CRISPR,9.315542668820443e-05
RNF144B,Expression,9.313191104910236e-05
B3GNT3,CRISPR,9.295390074798816e-05
NAGPA,CRISPR,9.242325314807687e-05
TNNC2,Expression,9.205453998797454e-05
PRPF3,Expression,9.149433277145316e-05
POTEI,CRISPR,9.147023212588652e-05
MARCKS,Expression,9.100519192021114e-05
MCTS2,Expression,9.034363397259842e-05
RAB24,Expression,8.996135002981351e-05
KCTD11,Expression,8.957789909228807e-05
ENG,Expression,8.91829565198945e-05
HERC3,Expression,8.913302832976497e-05
TM9SF2,Expression,8.897680961760283e-05
ZFP36L2,Mutation,8.805764431336128e-05
SNX19,Expression,8.763744024080334e-05
REM1,CRISPR,8.74792046219841e-05
DPH2,CRISPR,8.701186346366714e-05
IER5,Expression,8.630155651508742e-05
ZNF300,Mutation,8.602857037913055e-05
ZNF277,Expression,8.549880941304274e-05
UBE2T,CRISPR,8.521221127774376e-05
E2F4,CRISPR,8.499928250317725e-05
SIRT7,CRISPR,8.471250047960158e-05
MYO1B,Expression,8.450702083296588e-05
PPP3CC,Expression,8.437966481732338e-05
DCAF15,CRISPR,8.431198632691343e-05
PAPOLG,Mutation,8.41116718888192e-05
BLM,CRISPR,8.385201551343661e-05
SLC5A6,Expression,8.380067237432702e-05
TRAPPC2L,CRISPR,8.378781101789764e-05
UBN1,CRISPR,8.375271458014144e-05
INPP5E,Expression,8.308857188976633e-05
ANKRD23,CRISPR,8.288538056534706e-05
AGRN,Expression,8.2642513223017e-05
GTF2H5,CRISPR,8.258580177031494e-05
C16orf92,CRISPR,8.253717113154889e-05
SDHD,CRISPR,8.209784331271527e-05
ZNF330,CRISPR,8.182936928548883e-05
ZNHIT3,CRISPR,8.16038744021782e-05
CCNL1,CRISPR,8.109906515666037e-05
G6PD,Expression,8.098035296485527e-05
PLA2G12A,CRISPR,8.097222362391193e-05
YTHDF2,CRISPR,7.939469324520074e-05
ZNHIT1,CRISPR,7.923539416103439e-05
TMEM185B,CRISPR,7.866451959249017e-05
UVRAG,CRISPR,7.86059204991103e-05
GNB3,Expression,7.847248823739278e-05
MTRF1,Expression,7.788860888446532e-05
LHX1,CRISPR,7.76815134533835e-05
CASTOR2,Expression,7.761761897570871e-05
TEX22,Expression,7.755357870963702e-05
MEX3C,Expression,7.743441631023358e-05
TSPAN14,Expression,7.664648954784109e-05
CD4,CRISPR,7.664009867220316e-05
NOTCH2,CRISPR,7.644435401969575e-05
NOPCHAP1,Expression,7.635506865358597e-05
ZC3H3,CRISPR,7.62507389767613e-05
LYPD3,Expression,7.601104123212683e-05
EXTL3,CRISPR,7.530351806580466e-05
ERLN,CRISPR,7.520098362512856e-05
PLEKHG4,Expression,7.51831424928365e-05
H3C2,CRISPR,7.50765887292637e-05
PDIA4,Expression,7.484623914156935e-05
LYRM7,CRISPR,7.441839056794961e-05
BOC,CRISPR,7.416828168249596e-05
PLEKHA4,Expression,7.4016391414322e-05
E2F7,Expression,7.400711518223074e-05
NMRAL1,CRISPR,7.369930061503745e-05
KXD1,CRISPR,7.360403704917118e-05
EEF1AKMT4,Expression,7.35857901847555e-05
GRK5,Expression,7.344103232519094e-05
MEMO1,CRISPR,7.311716238546576e-05
SENP7,Expression,7.286056711248877e-05
BNIP3,CRISPR,7.282725124390456e-05
PALLD,Expression,7.276315076961459e-05
RHPN2,CRISPR,7.27260873200746e-05
GAB2,CRISPR,7.242574933837141e-05
SNN,Expression,7.210841207720596e-05
GSTK1,Expression,7.209365053530396e-05
NUP210,Mutation,7.191357610827255e-05
NMI,Expression,7.185283627001885e-05
SLC35A5,Expression,7.182001156933022e-05
LMNA,CRISPR,7.180728667779886e-05
ZNF317,CRISPR,7.166723761730867e-05
SLC22A15,CRISPR,7.086782363317045e-05
CHCHD5,CRISPR,7.084727873702698e-05
PNPLA4,Expression,7.068245655239143e-05
RARS1,CRISPR,6.996878111075882e-05
LMO2,Expression,6.944768688667619e-05
EPS15,CRISPR,6.896223796863833e-05
SLK,Mutation,6.892017203937855e-05
ITGB1BP2,Expression,6.88885304142674e-05
RNPS1,Expression,6.85743406958658e-05
DNAAF19,CRISPR,6.857011161919708e-05
FHOD3,Expression,6.850921401459129e-05
SLC4A1AP,CRISPR,6.845842206357009e-05
ZNF525,Expression,6.802566242574902e-05
ME3,Expression,6.801634583040914e-05
LAGE3,Expression,6.735251199371849e-05
LRIG3,Expression,6.724352495780343e-05
ARRB1,Expression,6.718938847651197e-05
GNA12,Expression,6.700295013707875e-05
ADAMTS6,CRISPR,6.676512815887776e-05
HMG20A,Expression,6.674142229667544e-05
SLC22A17,CRISPR,6.667333230399162e-05
H3C10,CRISPR,6.657934708050747e-05
DPAGT1,Expression,6.64999154031067e-05
IGF2BP2,CRISPR,6.647397638030969e-05
PIGZ,Expression,6.639704440526181e-05
TATDN1,Expression,6.632860176581664e-05
METTL25,CRISPR,6.609411239106574e-05
ZNF692,CRISPR,6.581742178344424e-05
GTF2F1,Expression,6.577536232688983e-05
NSG1,Expression,6.570045456817306e-05
DNAJC17,Expression,6.563449718748629e-05
PTBP3,Expression,6.559558480596698e-05
CCDC32,Expression,6.549043776649807e-05
FBXL16,CRISPR,6.547782270845344e-05
BTG1,Expression,6.520460862306458e-05
GATD3,CRISPR,6.510925772729822e-05
TMEM177,Expression,6.500793710594167e-05
PIGY,CRISPR,6.444519735679377e-05
POLR2M,CRISPR,6.439445586928859e-05
GGTLC1,CRISPR,6.434633563085534e-05
MRPS27,Expression,6.426024959662502e-05
KRT10,CRISPR,6.420095219518526e-05
ANKHD1,CRISPR,6.414059796541894e-05
RIC8A,CRISPR,6.407955229922459e-05
OAS2,Expression,6.373847073932878e-05
MECR,CRISPR,6.361954867048708e-05
NR2F1,Expression,6.350808984166085e-05
F2R,CRISPR,6.349002829877801e-05
LDAF1,Expression,6.346862174931842e-05
TBC1D17,Expression,6.336898552961723e-05
U2AF1,Expression,6.322281759060606e-05
PPP6R2,Expression,6.32033296389257e-05
ZNF398,Expression,6.312768838590837e-05
C2orf69,CRISPR,6.311419900218395e-05
HDAC3,Expression,6.307668540138691e-05
DNAJC13,Expression,6.275146259654327e-05
ADM5,Expression,6.26386043437145e-05
HSP90AB1,CRISPR,6.254835069804128e-05
H3-4,CRISPR,6.252007158849234e-05
ZWILCH,CRISPR,6.249626687161794e-05
NBAS,CRISPR,6.23304115455842e-05
SYNPO,Expression,6.228372754092829e-05
LIMD2,Expression,6.219794423882645e-05
ZNF335,CRISPR,6.21396990456025e-05
LUC7L3,Expression,6.211927414548434e-05
TASOR2,CRISPR,6.208130488095398e-05
HTRA1,Expression,6.203176406595137e-05
VPS39,CRISPR,6.202947312377826e-05
GDPD5,Expression,6.191901393777396e-05
UFL1,CRISPR,6.183254893035974e-05
GPR156,Expression,6.180036820791896e-05
DISC1,Expression,6.141039280995837e-05
ANKRD9,Expression,6.14026995346569e-05
CEP290,CRISPR,6.124234749804106e-05
ZFYVE21,Expression,6.115287645137458e-05
MT1F,Expression,6.084087442201089e-05
MT-ATP8,Expression,6.074448655921988e-05
TMEM221,Expression,6.059148161013123e-05
SLC44A1,Expression,6.032441793260946e-05
VAPA,CRISPR,6.022569031818676e-05
PSPC1,CRISPR,6.020664041779539e-05
ITFG1,Expression,6.006425245486132e-05
RNF2,CRISPR,5.981782188047527e-05
KLHL23,Expression,5.951607954839312e-05
DHDDS,Expression,5.940978666185622e-05
TIMM8A,CRISPR,5.9399937195664185e-05
TMEM230,CRISPR,5.9295321843476905e-05
SNAP23,Expression,5.922675524772169e-05
ENPP1,Expression,5.915859984480121e-05
ZGPAT,Expression,5.9068128070696976e-05
THAP4,Expression,5.894165970830722e-05
SMR3B,CRISPR,5.891971274347044e-05
SEMA6B,Expression,5.8848713924613474e-05
HELZ,Expression,5.8816700988345774e-05
NFIX,Expression,5.881565951281249e-05
PRDM15,Expression,5.863247772492711e-05
PUM3,Expression,5.863235633141808e-05
ZNF594,Expression,5.863124329617263e-05
UBL4B,CRISPR,5.846244652983292e-05
KLF12,Expression,5.839986257954013e-05
TTLL11,CRISPR,5.8380793669095824e-05
CLK2,CRISPR,5.837132702051734e-05
RCOR1,Expression,5.830511104672747e-05
AK2,CRISPR,5.8291361209185726e-05
CUL3,Expression,5.813762829353776e-05
TEAD2,Expression,5.805187383614952e-05
NKIRAS1,Expression,5.787962755076641e-05
PRSS53,Expression,5.786249023900073e-05
ANKRD65,CRISPR,5.773893632574159e-05
DGKD,Expression,5.767773166854748e-05
KRT17,Expression,5.763337786776263e-05
TRIM22,Expression,5.751356162554797e-05
H2AC20,Expression,5.748852853236295e-05
PRPF39,Expression,5.7483488757979664e-05
UBE2O,CRISPR,5.747320897725938e-05
MOCS3,Expression,5.731560541042888e-05
C1GALT1,Expression,5.7312720289884814e-05
TMX2,CRISPR,5.715750983262957e-05
ATP5PD,CRISPR,5.710265688272341e-05
FAM53C,Expression,5.708132495012603e-05
DNM1L,CRISPR,5.706652790364121e-05
NUDT17,CRISPR,5.697769296106979e-05
PLXND1,Expression,5.678481418712315e-05
STX6,Expression,5.666033686029309e-05
ARV1,Expression,5.6477358163141664e-05
CARHSP1,Expression,5.637377523041712e-05
GDI1,Expression,5.6292991396034754e-05
CCND1,Expression,5.618210103063922e-05
RAB5C,CRISPR,5.609429493343057e-05
ZNF285,CRISPR,5.603735924482999e-05
CDV3,Expression,5.603453879728323e-05
MACROH2A1,CRISPR,5.5966973723832826e-05
APLF,Expression,5.588235694748711e-05
TGDS,Expression,5.5816370770945896e-05
CDC42EP5,Expression,5.572776613913659e-05
TIAM1,Expression,5.56596619533578e-05
CCNE1,CRISPR,5.558095560214979e-05
PARP1,Expression,5.533140709303098e-05
CYFIP1,CRISPR,5.528698371769165e-05
HNRNPCL1,Expression,5.528047900055805e-05
KRT83,CRISPR,5.508315627242973e-05
SLC26A11,Expression,5.504452682822853e-05
CDKN2C,Expression,5.49006689922117e-05
IMPDH2,CRISPR,5.480336546807575e-05
NNAT,Expression,5.465911155409002e-05
PAXBP1,Expression,5.454874695643695e-05
PEG10,Expression,5.4529100077832976e-05
GNB1L,Expression,5.439737632978283e-05
NOL11,CRISPR,5.425480744733034e-05
EYS,CRISPR,5.422475786208693e-05
ZNF384,Expression,5.403464212609657e-05
ZNF143,CRISPR,5.3950644022674176e-05
SERTAD2,Expression,5.392620837137124e-05
MATCAP1,Expression,5.389052770873302e-05
DUOX2,Expression,5.3861583011597554e-05
SRRD,CRISPR,5.383526845599301e-05
PER2,Expression,5.377742589554944e-05
CKAP2,CRISPR,5.373586329567563e-05
RAB6A,Expression,5.370348740844312e-05
AP3M1,CRISPR,5.368997950676506e-05
SFI1,Expression,5.366088541582308e-05
FAHD2A,CRISPR,5.350785898197169e-05
SLC26A9,Expression,5.350275938501449e-05
RNF2,Expression,5.350006741289802e-05
PRKCSH,CRISPR,5.349825261472397e-05
BATF2,Expression,5.349573508729344e-05
AGGF1,Expression,5.349275128253002e-05
NDUFS2,Expression,5.347178824026576e-05
RAB3GAP1,Expression,5.344390858233459e-05
ASCL5,CRISPR,5.343196829212969e-05
BATF,Expression,5.308859160310655e-05
TXNRD1,CRISPR,5.297790293682274e-05
RPL22L1,CRISPR,5.293911737767282e-05
AVPI1,Expression,5.293318015257457e-05
JRKL,Expression,5.289988917382597e-05
DNAI4,CRISPR,5.28132247111833e-05
ING3,CRISPR,5.280112753837192e-05
STEEP1,CRISPR,5.278078849494881e-05
MTIF3,Expression,5.27693403744042e-05
STRAP,Expression,5.274027597236203e-05
IRGQ,Expression,5.27240467462398e-05
TRMT1,CRISPR,5.26612087057665e-05
KDM8,CRISPR,5.2546899905069626e-05
LRRC45,CRISPR,5.2538918896639895e-05
H2BC14,CRISPR,5.250044483099392e-05
MTBP,Expression,5.248474142955807e-05
PPM1G,Expression,5.243193148663624e-05
BAZ1A,CRISPR,5.2416589759076814e-05
EXT2,CRISPR,5.214325714852867e-05
XXYLT1,Expression,5.214236744452341e-05
PEDS1,Expression,5.207009977521606e-05
PET117,CRISPR,5.204945629799939e-05
CMTR2,CRISPR,5.198614306431312e-05
LYSET,Expression,5.198355127367968e-05
EFTUD2,Expression,5.196031836658174e-05
POP5,Expression,5.188611742245801e-05
CYLD,CRISPR,5.18091270607292e-05
MRPL9,Expression,5.179062693619127e-05
ACTL10,Expression,5.178505561433333e-05
PANX1,Expression,5.170833691867569e-05
MYD88,Expression,5.16864506682084e-05
GTF2E2,Expression,5.168067454718777e-05
USP47,Expression,5.167504923329863e-05
POC1B,Expression,5.165152618212226e-05
COA5,Expression,5.161246822799288e-05
UBXN1,Expression,5.151953270759708e-05
AKAP12,Expression,5.1448472547748496e-05
SPTLC3,Expression,5.139067050386729e-05
ERGIC3,Expression,5.1372297507417785e-05
NR1D2,Expression,5.132890358497538e-05
CSF3,CRISPR,5.128952340706412e-05
SMCO2,Expression,5.121255190743119e-05
ANGEL1,Expression,5.120044611373178e-05
WDR5,Expression,5.117447151069539e-05
PDE6G,CRISPR,5.10521067312769e-05
H2AJ,CRISPR,5.102314972538315e-05
RANBP3,Expression,5.098820762161824e-05
MEAF6,CRISPR,5.097838258420538e-05
CENPL,CRISPR,5.097345662067268e-05
ZNF106,CRISPR,5.092959654551081e-05
CYB5R2,CRISPR,5.092381415689089e-05
EIF4E3,Expression,5.091586023660287e-05
NR4A1,CRISPR,5.089127712310787e-05
PARG,Expression,5.087355689880845e-05
FADD,Expression,5.081740157126266e-05
FGD4,CRISPR,5.081426378023182e-05
MYSM1,Expression,5.080488688517679e-05
VPS8,CRISPR,5.076678187619757e-05
POFUT1,CRISPR,5.066888045512816e-05
CDC37L1,Expression,5.062588195974009e-05
LY6G5C,Expression,5.045705160152044e-05
DEPP1,Expression,5.045067963064581e-05
XAGE3,CRISPR,5.0435766672617286e-05
CAPRIN2,Expression,5.026860787332562e-05
LCE1B,CRISPR,5.024931021896399e-05
OAZ1,Expression,5.014635312298763e-05
H1-2,CRISPR,5.0029915466200776e-05
SYNJ2,Expression,4.9981729931793016e-05
RFK,CRISPR,4.992843866114221e-05
PSME2,CRISPR,4.979899545386916e-05
RHPN1,CRISPR,4.971579333899315e-05
CHD6,Expression,4.971497659543943e-05
C1S,Expression,4.9692116998421854e-05
PEX5,Expression,4.964669761740808e-05
EHMT1,CRISPR,4.96364548860114e-05
B3GNT9,Expression,4.958239228675115e-05
RBM25,Expression,4.9515417586662646e-05
WDR62,CRISPR,4.950903528669448e-05
CFL1,CRISPR,4.950555385471734e-05
TTK,CRISPR,4.950125952425554e-05
KHK,Expression,4.943461370661036e-05
XAGE5,CRISPR,4.935575819542587e-05
UBR1,Expression,4.926583693056576e-05
RPL35A,Expression,4.919930789206958e-05
PAQR4,CRISPR,4.916816075394715e-05
MAP3K21,Expression,4.908112181173344e-05
PPFIBP1,Expression,4.904135095940874e-05
KRBOX5,CRISPR,4.8933892937374446e-05
USP25,CRISPR,4.890982567436082e-05
NDST1,Expression,4.887577616879847e-05
DIAPH3,CRISPR,4.8866729275804895e-05
SDHAF3,Expression,4.880269029185194e-05
IKBIP,Mutation,4.880121615924509e-05
RAB5IF,Expression,4.871936994777384e-05
DPRX,CRISPR,4.864308172322477e-05
CCDC186,Expression,4.863816553690477e-05
PRKD2,Expression,4.863676392684316e-05
PYROXD2,Expression,4.859845251063099e-05
CBLL1,Expression,4.857731131781737e-05
SCO1,CRISPR,4.8045711583123024e-05
NUP35,CRISPR,4.794517753662054e-05
PPP1R2B,Expression,4.790747468703054e-05
CCZ1B,Expression,4.789283993166344e-05
PLXNA2,Expression,4.78865543151491e-05
FIZ1,Expression,4.782186657763506e-05
BLZF1,Expression,4.7812055086723874e-05
NDUFS7,Expression,4.773874871453489e-05
HOXB9,CRISPR,4.764434781334382e-05
RTL5,Expression,4.759580334631477e-05
SHOX2,Expression,4.758974034725282e-05
TSPAN6,Expression,4.758238427724504e-05
CDA,Expression,4.755701346186427e-05
KIF5A,Expression,4.740920809523808e-05
STX10,CRISPR,4.738251966467845e-05
ARHGAP11A,CRISPR,4.737784130065633e-05
NUMA1,CRISPR,4.737463097930699e-05
TMEM248,Expression,4.731921220623969e-05
ICAM2,Expression,4.73134534358178e-05
ZNF33B,Expression,4.730417753596471e-05
FAAP20,CRISPR,4.728488575209472e-05
P3H4,CRISPR,4.728444699795588e-05
PAX6,Expression,4.726980539680492e-05
TPGS1,Expression,4.726898846506419e-05
CITED2,CRISPR,4.725189079951533e-05
PCM1,Expression,4.724961928249689e-05
ANXA9,CRISPR,4.722497209091388e-05
C5orf15,CRISPR,4.718852336841051e-05
OTUD3,Expression,4.71435334877729e-05
NPAS1,Expression,4.7066987907060274e-05
AOC3,Expression,4.703270904288448e-05
INSIG2,Expression,4.692917071226683e-05
TENT4B,CRISPR,4.688887710964631e-05
UBQLN4,Expression,4.6882397864171767e-05
CCDC30,CRISPR,4.687889060261045e-05
ZNF225,CRISPR,4.684656795603937e-05
ADH5,Expression,4.683317318357021e-05
VPS13D,CRISPR,4.665941623535502e-05
GRHL3,Expression,4.662404766932542e-05
RBM28,Expression,4.6620526860259167e-05
PNPLA6,Expression,4.6517947024156125e-05
EFHD2,Expression,4.620182374660141e-05
ALG11,Expression,4.615789326020743e-05
DRC12,CRISPR,4.610261468948752e-05
XKR8,Expression,4.6097977389967886e-05
ABHD11,CRISPR,4.603238435349435e-05
ZMYND8,CRISPR,4.601765490070981e-05
BARD1,CRISPR,4.598381080515645e-05
SLC35D1,CRISPR,4.595711579013507e-05
MTF1,CRISPR,4.594057210268442e-05
MRPS34,Expression,4.5934746567448966e-05
AIFM2,Expression,4.591384287359187e-05
TTC39C,Expression,4.588166459959421e-05
ZNF484,Expression,4.5862928705173286e-05
CCDC138,Expression,4.584635980571796e-05
PIGV,CRISPR,4.569851792234026e-05
DNAJB14,Expression,4.566574081644825e-05
MLLT1,Expression,4.558878445135375e-05
POGZ,CRISPR,4.558455808508015e-05
PYGO2,CRISPR,4.554098768183279e-05
ATAD3C,Expression,4.548327681502581e-05
ZNF763,Expression,4.548086808656077e-05
XAGE1A,Expression,4.546531399952011e-05
COMMD4,CRISPR,4.542034021174853e-05
NPAS2,Expression,4.5354791499822e-05
TRIQK,Expression,4.53294855111196e-05
FRMD3,Expression,4.5228269726353165e-05
DOP1A,Expression,4.520578488363783e-05
CEP83,Expression,4.515782133037796e-05
TYRO3,CRISPR,4.513207684041609e-05
LRRC39,CRISPR,4.510498696869351e-05
SAP130,CRISPR,4.505225457992535e-05
RHOB,Expression,4.503682410165377e-05
ADGRF3,Expression,4.503198702865534e-05
MIF4GD,CRISPR,4.494912704365369e-05
SMG8,CRISPR,4.490734265698151e-05
CEP43,Expression,4.4895064593082296e-05
METTL15,Expression,4.478780863064736e-05
TTLL1,Mutation,4.478499908800585e-05
NUDT14,Expression,4.47737980561828e-05
PRRT1,Expression,4.477248187048657e-05
IL9R,Expression,4.472357104357319e-05
LIN9,CRISPR,4.471200492843824e-05
MSANTD2,Expression,4.4684088183448006e-05
PLEKHG2,Expression,4.467151816319416e-05
ZNF460,Expression,4.4641358593410345e-05
DCTN6,Expression,4.460457518156027e-05
FCER1G,Expression,4.4598604363876966e-05
SC5D,Expression,4.454371898115248e-05
TSPAN12,Expression,4.449433239019268e-05
GAA,Expression,4.4421196204196994e-05
C2orf15,Expression,4.439967314128926e-05
AUP1,CRISPR,4.4392274794791175e-05
BCL7A,CRISPR,4.436595276642972e-05
MRPL22,Expression,4.43639599569193e-05
SLC2A4RG,Expression,4.435901401600699e-05
SULF2,Expression,4.435272442619675e-05
MCU,Expression,4.432947353635698e-05
PPOX,CRISPR,4.432701529447746e-05
FDXR,CRISPR,4.432662647098112e-05
CARD10,Expression,4.419492546317736e-05
UBE3C,Expression,4.407147052981421e-05
H4C4,CRISPR,4.404408180802474e-05
YWHAQ,Expression,4.4036106440887445e-05
LEAP2,Expression,4.39689999007607e-05
COPS4,CRISPR,4.396527433072615e-05
PSTK,CRISPR,4.386095735133927e-05
ESRRA,Expression,4.383264082447729e-05
DET1,CRISPR,4.3801833400602086e-05
VASP,CRISPR,4.373318298964007e-05
NFATC2IP,CRISPR,4.365132116867736e-05
PHLPP1,Expression,4.364785927734222e-05
TBL1XR1,Expression,4.362248030103721e-05
MEF2B,Expression,4.361058062277321e-05
PARD6G,Expression,4.360687069851162e-05
STOM,Expression,4.359561253872138e-05
SLC25A51,CRISPR,4.357014262166118e-05
NAA25,Expression,4.353308475258199e-05
CEP131,CRISPR,4.352898920579913e-05
CCNH,Expression,4.343512754428877e-05
TMEM182,Expression,4.336051615986241e-05
TFG,Expression,4.332354028307255e-05
ARRDC1,CRISPR,4.331923252329829e-05
CD7,Expression,4.3311610941606935e-05
SRC,CRISPR,4.32536122637221e-05
SARAF,Expression,4.320463020305173e-05
PTK2B,Expression,4.3187675937306485e-05
FAHD2B,Expression,4.304239284569684e-05
GH2,CRISPR,4.299999116002937e-05
CSRP1,Expression,4.298960808091077e-05
NEDD9,Expression,4.2953550308234806e-05
FKBP1C,Expression,4.2945599589083695e-05
STIP1,CRISPR,4.291748576197731e-05
B3GAT3,CRISPR,4.2623678901573287e-05
DET1,Expression,4.250856765237751e-05
WDTC1,CRISPR,4.250668944493849e-05
MCFD2,Expression,4.247792141155197e-05
EPHA10,CRISPR,4.238361762853984e-05
SLC35G3,CRISPR,4.235713356076915e-05
KRT83,Expression,4.235628317867703e-05
CLPX,CRISPR,4.229860486193315e-05
ACO2,Expression,4.2292341357119696e-05
COPRS,CRISPR,4.225969712509357e-05
OLFML3,CRISPR,4.225517504731358e-05
TRMT2A,Expression,4.214767442439235e-05
TPGS1,CRISPR,4.210777801738456e-05
NCOA4,Expression,4.210371083319964e-05
CPLANE2,CRISPR,4.207196782253e-05
FAM193B,Expression,4.206078874755999e-05
MEF2A,Expression,4.205225994861117e-05
PPM1G,CRISPR,4.204781424765285e-05
HS2ST1,CRISPR,4.202235238911111e-05
ALDH4A1,Expression,4.191040363776339e-05
NOLC1,CRISPR,4.1869765135728046e-05
HSPA14,CRISPR,4.184159183640167e-05
ANKRD12,CRISPR,4.178081972840903e-05
ATF5,CRISPR,4.1716047658947256e-05
TIMMDC1,Expression,4.16881976036751e-05
MTMR4,Expression,4.167746159254511e-05
RNF122,Expression,4.1666799875412233e-05
CRYBG2,Expression,4.160292090496568e-05
TLCD5,Expression,4.157243399046575e-05
ADSS2,Expression,4.154298617294814e-05
GALNT12,Expression,4.147336552223239e-05
EXOSC2,Mutation,4.145134717145992e-05
RFC1,CRISPR,4.144254225352704e-05
EPOP,CRISPR,4.143435477172931e-05
RHOBTB3,Expression,4.136885639094484e-05
TTF1,CRISPR,4.133084863079712e-05
TNFSF13,Expression,4.12665866551186e-05
SDHC,CRISPR,4.123992046998207e-05
GABBR1,Expression,4.122178232124054e-05
VCPKMT,CRISPR,4.111535642790393e-05
NKX3-1,Expression,4.1102088537378486e-05
NEUROD2,CRISPR,4.110079359515183e-05
BBX,Expression,4.1073537924952416e-05
EZR,CRISPR,4.105960470070575e-05
BRSK2,Expression,4.102887445914303e-05
WDR25,CRISPR,4.100960200287042e-05
APOL3,Expression,4.097010140188375e-05
PPP1R12A,Expression,4.087291503502965e-05
ADAT2,Expression,4.085750600945237e-05
MTSS1,CRISPR,4.0813338961130415e-05
ATAD1,Expression,4.075736609660648e-05
FBXL12,CRISPR,4.075625255100066e-05
CHAMP1,CRISPR,4.073240551585176e-05
JUND,Expression,4.071560156303282e-05
TRIM23,Expression,4.055249084584828e-05
CLBA1,Expression,4.04860255376848e-05
NOM1,CRISPR,4.048270814043086e-05
CDX2,CRISPR,4.043490702618094e-05
E2F7,Mutation,4.039773401855202e-05
ZNF124,Expression,4.035728458733403e-05
ZP3,CRISPR,4.032650640045059e-05
POLA1,CRISPR,4.0318757722460544e-05
SPTSSB,Expression,4.028995942919876e-05
UBLCP1,Expression,4.02733639673564e-05
EFNA4,Expression,4.021966223268787e-05
MAST2,Expression,4.021707414394619e-05
AGPS,Expression,4.014199487310467e-05
ERI3,Expression,4.0141413594080656e-05
CEMIP,Expression,4.006330504711866e-05
PRXL2A,Expression,4.003719800524969e-05
WDR83,Expression,4.000437140324891e-05
RNF40,CRISPR,3.99918250599329e-05
LRRC8C,Expression,3.996435360270451e-05
KIRREL1,Expression,3.992231373262304e-05
MOB4,Expression,3.98390751750215e-05
IL18,CRISPR,3.9821541034526246e-05
LRRTM4,CRISPR,3.981068541186826e-05
PSMB7,Expression,3.97992591541255e-05
LMO7,Expression,3.978349352600827e-05
DIS3,CRISPR,3.9780734659403e-05
GTF2H3,Expression,3.976765020559414e-05
ISCA1,CRISPR,3.9747903367052974e-05
MUL1,Expression,3.969627516819678e-05
MOCS2,CRISPR,3.967527102320874e-05
NPAT,Expression,3.962451479513232e-05
PWWP2A,Expression,3.958871030258683e-05
PPARGC1B,CRISPR,3.955637142598472e-05
PPOX,Expression,3.954137100104604e-05
MEF2D,Expression,3.953131025156233e-05
ARVCF,Expression,3.944968508339048e-05
AGAP4,Expression,3.938628632659006e-05
RNF214,Expression,3.924876189622812e-05
CCAR1,CRISPR,3.917350145729889e-05
FDX1,CRISPR,3.91586985420587e-05
ARAP1,Expression,3.915370251148785e-05
IREB2,Expression,3.91329600052868e-05
RBM3,Expression,3.911611819249844e-05
UBE3A,CRISPR,3.90524944490966e-05
TMED2,CRISPR,3.904056566131249e-05
LPIN1,Expression,3.902045502326712e-05
TSSK6,CRISPR,3.90115606004194e-05
SLFNL1,CRISPR,3.894487684311545e-05
EXOC4,CRISPR,3.892489288779053e-05
CWC25,CRISPR,3.885716408867658e-05
PCNX1,Expression,3.878269684760061e-05
KLHDC4,CRISPR,3.874007034056173e-05
DDX11,CRISPR,3.867039462712572e-05
ACTR5,CRISPR,3.864071067115737e-05
NQO1,Expression,3.86009380748498e-05
LAMB2,Mutation,3.857494643652898e-05
WDR13,Expression,3.846006977427047e-05
TMEM80,Expression,3.8455535922231015e-05
CUL3,CRISPR,3.845291494774633e-05
AK3,Expression,3.844657625640947e-05
RBM15,CRISPR,3.841766733271483e-05
CNBP,CRISPR,3.8354370864632345e-05
P2RX7,CRISPR,3.833298682933376e-05
PRRC2A,CRISPR,3.828491440447303e-05
LYAR,Expression,3.824696950109284e-05
CFAP20,CRISPR,3.821950766921648e-05
PHACTR2,Expression,3.820880674821769e-05
ZNF701,Expression,3.8174428587034e-05
PABIR3,Expression,3.808291151816128e-05
FAM78B,Expression,3.807688191712102e-05
KDELR2,Expression,3.806332657997784e-05
TMEM243,Expression,3.7985757979082586e-05
NOMO1,Expression,3.795650791314763e-05
TMED9,CRISPR,3.784183066393479e-05
CCDC142,CRISPR,3.7769439188040885e-05
MORC3,Expression,3.7759082501615927e-05
SIGLEC11,CRISPR,3.773784239258161e-05
COQ3,CRISPR,3.769347849152742e-05
PNO1,Expression,3.76414661136765e-05
ULBP2,Expression,3.761731447353868e-05
PSME3,CRISPR,3.761053177767172e-05
COLGALT1,Expression,3.760996737187494e-05
NME3,Expression,3.75751090457496e-05
APBA3,Expression,3.757254048243954e-05
FAM186A,Expression,3.756989513995415e-05
FBLIM1,CRISPR,3.756523215993409e-05
CEPT1,CRISPR,3.756398606343699e-05
PGLS,CRISPR,3.754908435531997e-05
TIRAP,Expression,3.754862558833112e-05
SNRNP200,Expression,3.750629567759023e-05
IFT70B,Expression,3.74977444957684e-05
RAB5A,CRISPR,3.744570674475377e-05
USPL1,Expression,3.741730230912453e-05
GAS7,Expression,3.741484658487516e-05
AKIRIN1,CRISPR,3.7411225756765466e-05
ZNF638,CRISPR,3.738964709118618e-05
CCL7,CRISPR,3.734702438390047e-05
DTD1,CRISPR,3.734569888529752e-05
EPC1,Expression,3.734419462302836e-05
RBBP7,Expression,3.729554414176264e-05
OSBPL5,Expression,3.728883584426765e-05
FBXO47,CRISPR,3.727979805096633e-05
PDZK1IP1,CRISPR,3.7257999575447166e-05
PPP6C,CRISPR,3.723720280088068e-05
IER2,Expression,3.721525338954842e-05
GPBP1,Expression,3.720582826912692e-05
PTBP2,Expression,3.718728943791498e-05
UCP2,Expression,3.717508785125127e-05
TIMM44,Expression,3.715991810860993e-05
TRAF3IP2,Expression,3.709744955603335e-05
DNAJC16,CRISPR,3.706690953863949e-05
SLC19A1,Expression,3.702809337157591e-05
CREB1,Expression,3.70166803180003e-05
IL11,Expression,3.696867297557664e-05
ANKRD36,Expression,3.696704102819049e-05
BDNF,Expression,3.6909528708700506e-05
IRS2,CRISPR,3.688712768709915e-05
SMOX,Expression,3.686872454260906e-05
NTF4,CRISPR,3.678503883140107e-05
CKAP4,Expression,3.676347677490966e-05
PSMA2,Expression,3.675670329241179e-05
TCHP,Expression,3.6733539372913455e-05
TMEM229B,CRISPR,3.664561492102809e-05
AK5,CRISPR,3.660757695516268e-05
PHF23,CRISPR,3.659964853779775e-05
ORAI1,Expression,3.659388690361923e-05
TNFRSF14,Expression,3.650282736385732e-05
PITPNM3,Expression,3.646349613840685e-05
FHL2,Expression,3.6319624563083735e-05
TTC12,Expression,3.630333460325969e-05
TTC7B,Expression,3.624549714234698e-05
RAP1A,CRISPR,3.623588698225306e-05
COX7B,CRISPR,3.622118929224635e-05
MARCKSL1,CRISPR,3.6154675434146405e-05
SUOX,CRISPR,3.613579032984828e-05
APOBEC2,CRISPR,3.613572215276592e-05
GPBP1,CRISPR,3.611234460072382e-05
SOX7,Expression,3.6018573305722685e-05
AAMDC,Expression,3.6004677344950375e-05
CELF1,Expression,3.6003724241069434e-05
NKAPD1,CRISPR,3.600107525438437e-05
TMEM183A,Expression,3.5982972854956176e-05
RPS18,Expression,3.594570338239501e-05
SMPDL3B,Expression,3.588581908068635e-05
C2orf49,CRISPR,3.587975193209811e-05
SIK2,Expression,3.586926140477465e-05
TAB1,Expression,3.585433202086645e-05
NPEPL1,Expression,3.5850842127405126e-05
PLEKHB2,Expression,3.577952703156996e-05
SDF2L1,CRISPR,3.577719125166578e-05
TNPO3,Expression,3.577249118360994e-05
DHX9,Expression,3.577145227384915e-05
RTL8C,Expression,3.573484592181266e-05
METAP1,CRISPR,3.569657801922526e-05
PLEKHB1,Expression,3.567167558492276e-05
SLC35D2,Expression,3.563356239475234e-05
ZMAT5,Expression,3.559228839732761e-05
ZNG1E,Expression,3.5543791479527786e-05
GALNT1,Expression,3.551258062825847e-05
SLMAP,CRISPR,3.54847525238504e-05
TMEM35B,Expression,3.5451591748110016e-05
DYNC1LI2,CRISPR,3.544298259756965e-05
UTP14A,CRISPR,3.535906259151412e-05
MOB2,Expression,3.529986264219522e-05
TXNDC9,Expression,3.5281349583999006e-05
GART,Expression,3.525922001826618e-05
TUBB6,Expression,3.5234430234556865e-05
CDK17,Expression,3.5233308243257145e-05
TAF5L,CRISPR,3.5226513458253764e-05
USP42,Expression,3.522116420960104e-05
CDK6,CRISPR,3.5175872901944324e-05
EDEM2,Expression,3.51639797038119e-05
CHRNB1,Expression,3.5143071634955955e-05
SEMA3F,CRISPR,3.513953749127869e-05
TRNAU1AP,Expression,3.5119636970485594e-05
PXN,CRISPR,3.511831272626334e-05
ZSWIM3,Expression,3.5111602575266834e-05
LRIT3,Expression,3.510441328985649e-05
PLPP3,Expression,3.508030090192973e-05
SBK1,CRISPR,3.506663636364194e-05
LIAS,CRISPR,3.502729973865529e-05
NPFF,Expression,3.501510052250576e-05
RAP1B,Expression,3.4971517901243946e-05
ARC,Expression,3.495702411841995e-05
CNTNAP1,CRISPR,3.495676499138425e-05
ATG5,Expression,3.495011774895e-05
SGPL1,Expression,3.49490570914974e-05
FIP1L1,Expression,3.494264611566558e-05
ARL5C,CRISPR,3.494081592466561e-05
VPS4A,CRISPR,3.492311699299056e-05
CAMK2N2,Expression,3.489740614758448e-05
NDUFC1,Expression,3.4878084657336826e-05
SLC6A17,CRISPR,3.479833466089188e-05
G3BP2,Expression,3.474562675236014e-05
FUT2,CRISPR,3.468448015746856e-05
DHX35,CRISPR,3.466632032016434e-05
HSPA1B,Expression,3.46593716034952e-05
SAMD9L,Expression,3.464187373350631e-05
COMMD1,Expression,3.460632171589404e-05
PUS7,Expression,3.4536864040708735e-05
F8,Expression,3.4521237079230424e-05
PRSS12,Expression,3.450891598631074e-05
MBTPS2,CRISPR,3.443988302584526e-05
FMO1,CRISPR,3.440746023660364e-05
ILF3,Expression,3.440073067536527e-05
DNM1L,Expression,3.437108469307295e-05
KDF1,CRISPR,3.43004145682957e-05
RABL2B,Expression,3.4273352527318625e-05
TMED5,CRISPR,3.426034509798295e-05
TRNP1,CRISPR,3.425700176214872e-05
DNAJB12,CRISPR,3.422599075109105e-05
ENO2,Expression,3.4217011701505624e-05
STEAP1,Expression,3.4180630372668874e-05
DHX36,Expression,3.415570042397753e-05
NMNAT1,CRISPR,3.4152406793034175e-05
CENPB,CRISPR,3.414402877144389e-05
CPED1,Expression,3.4127992514384244e-05
FANCG,Expression,3.4092992948659525e-05
RHOC,CRISPR,3.407027586130952e-05
UST,Expression,3.400734386280288e-05
ENDOG,CRISPR,3.40050454366977e-05
TPM2,CRISPR,3.39429359728672e-05
ZNF491,CRISPR,3.394224857821832e-05
PPP2R5B,Expression,3.3926670670794054e-05
OSBPL11,Expression,3.390590511221859e-05
TBL3,Expression,3.387674375368269e-05
EFCAB2,Expression,3.387624851882288e-05
IMMT,CRISPR,3.385682520476029e-05
TEX9,CRISPR,3.383859564856552e-05
PHACTR4,Expression,3.3838076906326146e-05
ANP32E,CRISPR,3.381816788421888e-05
CFL2,Expression,3.381136362515726e-05
LYRM2,CRISPR,3.378204829137623e-05
PIGY,Expression,3.376259762024623e-05
UQCC2,CRISPR,3.372954093169335e-05
WDR26,CRISPR,3.372579105108689e-05
KLHDC9,Expression,3.370813015034929e-05
PTPN14,Expression,3.36328626222477e-05
CERS5,Expression,3.36177200175551e-05
RABIF,Expression,3.359721006634097e-05
ARHGEF7,CRISPR,3.356231836465602e-05
STK36,Expression,3.3549242611803104e-05
CRPPA,Expression,3.3542966706917104e-05
GEMIN6,Expression,3.350187678840936e-05
ATF7,CRISPR,3.349075379775125e-05
RGPD5,Expression,3.348608169582879e-05
SEC16A,Expression,3.3473006082677605e-05
POLR2J,Expression,3.344923977148669e-05
RPN2,CRISPR,3.3418557065972226e-05
FTSJ3,Expression,3.341000430910647e-05
TPH2,CRISPR,3.340132082145207e-05
AXL,Expression,3.3388895394901405e-05
MIIP,Expression,3.3374767713215864e-05
LRCH1,Expression,3.3328980540337724e-05
HMGXB3,Expression,3.3298359980825875e-05
RALBP1,CRISPR,3.327812004578108e-05
TSNAXIP1,Expression,3.327532040277027e-05
STEAP3,Expression,3.327476337712473e-05
CIMIP2A,CRISPR,3.324776188333141e-05
FHL3,Expression,3.323789641435077e-05
FH,CRISPR,3.323489421418153e-05
CDR2L,Expression,3.321564086411441e-05
ARID1B,CRISPR,3.320083912745227e-05
VTI1B,CRISPR,3.316756459344037e-05
ZNF655,CRISPR,3.3154428388304615e-05
TTBK2,Expression,3.315300481913025e-05
KDM1A,CRISPR,3.313206561553111e-05
L1CAM,Expression,3.312624487532998e-05
MRPL12,CRISPR,3.3093827967602184e-05
CMAS,Expression,3.307585120321502e-05
GNPAT,Expression,3.305447681232156e-05
SLX9,Expression,3.301046550304918e-05
TOR2A,CRISPR,3.300855859515394e-05
NFKB2,CRISPR,3.3005934628566475e-05
DDN,CRISPR,3.299466193812068e-05
PHF19,Expression,3.296239074616796e-05
SIAE,Expression,3.2906409712655966e-05
DBR1,Expression,3.2905259788086026e-05
KIAA1671,Expression,3.288130989860552e-05
SLC26A8,CRISPR,3.2880377426735146e-05
GCN1,CRISPR,3.287884954795352e-05
SPECC1L,CRISPR,3.285067982968038e-05
CTSE,Expression,3.28050632616329e-05
MRPL55,Expression,3.2766402809472603e-05
FRRS1,Expression,3.275114620209724e-05
TUG1,Expression,3.2670739447353565e-05
EFR3A,Expression,3.264082889853799e-05
CHUK,CRISPR,3.264057412264476e-05
SMARCA4,CRISPR,3.2608250387449595e-05
TUBG2,CRISPR,3.2602911211608064e-05
PSTPIP2,Expression,3.253000404296804e-05
LMBRD1,Expression,3.252540252289757e-05
UFM1,CRISPR,3.249711304023537e-05
CCDC74B,CRISPR,3.2491777738821456e-05
GJC3,CRISPR,3.24903806462232e-05
SETD6,Expression,3.245041053324355e-05
HERPUD2,CRISPR,3.242867281787537e-05
PIGH,CRISPR,3.2411156883882694e-05
LYPD1,Expression,3.240555977516045e-05
MSANTD4,Expression,3.2391714085947886e-05
PTCD1,CRISPR,3.237759968822436e-05
FAM110C,Expression,3.234366922231529e-05
TCEAL9,CRISPR,3.231223790596898e-05
CITED4,Expression,3.231058541542415e-05
PIK3CA,Expression,3.229882626365593e-05
PIGA,Expression,3.229069076831161e-05
SLC38A9,Expression,3.22578263645117e-05
CYB5B,CRISPR,3.223153143781775e-05
CPT1C,Expression,3.2229930319672935e-05
RNASEH1,CRISPR,3.222661500750368e-05
LGR4,Expression,3.222288310637661e-05
ZFC3H1,CRISPR,3.22083747396467e-05
STK35,Expression,3.2187249910135746e-05
DMC1,Expression,3.216996974341176e-05
AMER1,Expression,3.21395857203419e-05
NCOA5,CRISPR,3.212235907864462e-05
NSUN6,Expression,3.21164804807251e-05
DGCR6,CRISPR,3.211417651892209e-05
ABHD4,Expression,3.210900464685775e-05
TRMT10A,Expression,3.204487439222686e-05
MRPL54,Expression,3.2029717610189703e-05
BEAN1,Expression,3.201450842291481e-05
PAPPA,CRISPR,3.199978178771068e-05
AARS2,Expression,3.1992182222045634e-05
DDX51,Expression,3.197528957941724e-05
SGF29,CRISPR,3.197252711369165e-05
FAM229A,CRISPR,3.194743302599876e-05
COG4,CRISPR,3.193407093665619e-05
PRDM4,Expression,3.193204341421281e-05
DSC2,Expression,3.191231132989295e-05
SP2,Expression,3.190545624803772e-05
UTP3,CRISPR,3.178534979001607e-05
CORO1A,CRISPR,3.1780976339562546e-05
MIER3,Expression,3.177762321963774e-05
H2AC25,Expression,3.1758520851811655e-05
MAP7,CRISPR,3.174009154920355e-05
ATG2B,Expression,3.1731403059892474e-05
SNX7,CRISPR,3.170853760392029e-05
LENG1,CRISPR,3.169054427791655e-05
LRRC8E,Expression,3.165964468149664e-05
RGS5,Expression,3.161815374177007e-05
IQCE,Expression,3.1608999534870405e-05
LTF,CRISPR,3.1602587042199845e-05
GK5,Expression,3.15496200066897e-05
ZNF385A,Expression,3.144627327958021e-05
PSMB10,Expression,3.144576861556126e-05
PCGF1,Expression,3.1433968718061085e-05
PLA2G6,Expression,3.141781776742119e-05
SLC44A3,CRISPR,3.141407989420133e-05
DPF2,CRISPR,3.139613865005978e-05
FOS,Expression,3.139337335821439e-05
ALDH1A1,Expression,3.138481388233105e-05
ABHD3,CRISPR,3.138024637670124e-05
MMP13,Expression,3.136095628579548e-05
RAB11FIP4,Expression,3.131830813461187e-05
COPS3,CRISPR,3.130899893134159e-05
CLTB,CRISPR,3.1281126655620515e-05
DCAF4,CRISPR,3.1259487365993056e-05
DNAAF19,Expression,3.122409693812047e-05
MARCHF3,Expression,3.122190452613393e-05
CRTC2,Expression,3.1218636703765955e-05
UNK,Expression,3.12061396788647e-05
DNTTIP2,Expression,3.119663207713493e-05
CAMK1,Expression,3.1181238068732146e-05
ADIPOR2,Expression,3.116529319201527e-05
BMP1,Expression,3.1134384394157784e-05
UCHL5,CRISPR,3.111967731993476e-05
NUDT22,Expression,3.108016476920373e-05
TANGO2,Expression,3.1040667262899056e-05
GFOD1,Expression,3.102088934819274e-05
THEM4,Expression,3.101891980302654e-05
LARS2,CRISPR,3.098167010175609e-05
RPIA,CRISPR,3.095216856737223e-05
NCS1,Expression,3.086494046980351e-05
RPS6KB1,CRISPR,3.0857970654939136e-05
DDX47,Expression,3.0839432237449745e-05
IL12A,Expression,3.083153086987502e-05
PUM2,Expression,3.08033394915787e-05
IZUMO4,Expression,3.080060276013709e-05
CCDC137,CRISPR,3.078913978523935e-05
LYPD2,CRISPR,3.0766552138696034e-05
CORO6,Expression,3.074842586797219e-05
HDAC4,Expression,3.071935485978677e-05
KANSL3,Expression,3.0659327830379446e-05
TMEM25,Expression,3.063201589082184e-05
MID1IP1,Expression,3.060904803630984e-05
VPS9D1,Expression,3.0599923082597945e-05
DHRS1,CRISPR,3.0595975613563394e-05
TXNL4B,CRISPR,3.0590236591216294e-05
LMO4,Expression,3.058361831782937e-05
TMEM33,Expression,3.056914436332984e-05
ZNF629,Expression,3.054746553199061e-05
TMEM185A,Expression,3.052537075926327e-05
FBXL15,Expression,3.050033139720256e-05
FAM98A,Expression,3.0499046635363652e-05
ALG8,CRISPR,3.0480189919173347e-05
CLIC5,Expression,3.0475285198336276e-05
ANKRD13A,Expression,3.0433764308226943e-05
CAMLG,Expression,3.042049014666447e-05
FCHSD2,Expression,3.041348272611815e-05
CPS1,Expression,3.040536641171888e-05
REPIN1,Expression,3.039123586498552e-05
ADI1,Expression,3.036924376352015e-05
CYB561D1,CRISPR,3.0343658807235064e-05
GPR176,Expression,3.030879798600596e-05
ZNF516,Expression,3.027206243873028e-05
ANXA6,Expression,3.026414377307301e-05
DOT1L,Expression,3.023397117206018e-05
MT-ND2,Expression,3.0214359503343245e-05
BUD23,Expression,3.019319472641889e-05
RASSF8,Expression,3.017022610980337e-05
EMC6,Expression,3.016941810492994e-05
SULT1A1,CRISPR,3.0168536049566955e-05
NBPF9,Expression,3.0131331287540346e-05
DIPK2A,Expression,3.0094776435152663e-05
DLD,Expression,3.009028786667918e-05
PRPF38A,Expression,3.0049397921831797e-05
CILP2,Expression,3.0021471743057428e-05
NSMF,Expression,3.001765976956353e-05
RBM42,CRISPR,3.000704186936156e-05
ARRB2,Expression,2.9973469478952143e-05
CHPF,Expression,2.9965463184717203e-05
BCAS1,Expression,2.996371877337078e-05
TMEM167B,Expression,2.9947720222791514e-05
NUDCD1,CRISPR,2.992984939642217e-05
SH2D2A,Expression,2.9920773187407415e-05
MITD1,CRISPR,2.991732378490125e-05
TNFRSF1B,Expression,2.9888180293021448e-05
SLC25A39,CRISPR,2.9885778240349537e-05
HAUS8,CRISPR,2.98838004920018e-05
CLU,Expression,2.9847838239693048e-05
TMEM68,Expression,2.9776883442006765e-05
PUM2,CRISPR,2.976400409778559e-05
MRPL28,Expression,2.9761911921002777e-05
ASIC1,Expression,2.9760396538704785e-05
ELAVL1,Expression,2.9760308310767897e-05
TRIM29,Expression,2.9739642058173224e-05
CBX5,Expression,2.9645946302909627e-05
UNC5B,Mutation,2.9586454563468576e-05
MRPL51,Expression,2.955798212083878e-05
ASPH,Expression,2.9549923192757583e-05
RGL2,Expression,2.95060386448522e-05
TM9SF4,CRISPR,2.9470663263070152e-05
H4C3,CRISPR,2.94626771032342e-05
ACSL3,CRISPR,2.9442691149133575e-05
ITGB5,Expression,2.9414278356695874e-05
ZNF781,Mutation,2.9413259056855165e-05
TMTC2,Expression,2.9410384309894283e-05
NAIP,Expression,2.937749663807244e-05
G3BP1,CRISPR,2.937091451848689e-05
ANO8,CRISPR,2.9349073637714426e-05
CSK,Expression,2.9348433094287864e-05
TMEM256,Expression,2.9339426119709727e-05
VIM,Expression,2.932733532631691e-05
PHF20,Expression,2.9320883828991155e-05
VMA22,Expression,2.928572974805309e-05
VTI1A,Expression,2.9282085613950488e-05
ZNF532,CRISPR,2.9275017943551454e-05
RNF6,Expression,2.926233132387162e-05
EMC1,Expression,2.925337073115542e-05
RAB11A,Expression,2.924579979460089e-05
FURIN,Expression,2.923648741928485e-05
ADPRM,Expression,2.9233284820255088e-05
LIG1,Expression,2.920990629089115e-05
FZD4,Expression,2.9206681078604804e-05
PLEKHN1,CRISPR,2.9159765121338787e-05
DENND1A,Expression,2.9131941633061027e-05
PDGFB,Expression,2.9127857041658536e-05
VOPP1,Expression,2.911029643822656e-05
CDC42BPG,CRISPR,2.908585246132095e-05
PIP4K2C,Expression,2.907298325705992e-05
VMAC,Expression,2.9055374273902474e-05
ZNF519,Expression,2.9052967608949835e-05
HS6ST1,CRISPR,2.9018602495851616e-05
NPEPPS,CRISPR,2.9002233287872508e-05
KLF7,CRISPR,2.899450976984852e-05
ALDH6A1,CRISPR,2.8984970099906888e-05
LENG8,Expression,2.8977728954170914e-05
PAFAH1B1,Expression,2.8967831288942294e-05
VWA3B,Mutation,2.8960216838277108e-05
TMC6,Expression,2.895192284445055e-05
ZNF362,Expression,2.8949715738930665e-05
SPIC,CRISPR,2.890621297804686e-05
PISD,CRISPR,2.8888271229436163e-05
ICE1,Expression,2.887134777476855e-05
DDIAS,Expression,2.884229285015184e-05
ZNF488,Expression,2.882899581201249e-05
RPL10,Expression,2.8792773431029435e-05
AQP6,CRISPR,2.878645669544137e-05
ARMCX4,Expression,2.876409477313635e-05
RPS27,Expression,2.8731290800225283e-05
SMCHD1,CRISPR,2.873082164986144e-05
PHB1,Expression,2.8726736310816845e-05
ABHD17C,Expression,2.871528249842662e-05
SMC5,Expression,2.865168945543011e-05
SDHD,Expression,2.8643334832012523e-05
LRRC3C,CRISPR,2.863294004136716e-05
PRELID3B,Expression,2.862030765470161e-05
CLDN11,Expression,2.859781149096026e-05
TCOF1,Expression,2.859634795918377e-05
NVL,Expression,2.8578044938641617e-05
COX4I1,Expression,2.8560955703587108e-05
MYO3B,CRISPR,2.856049151877879e-05
LARP1,CRISPR,2.8558138253870344e-05
FPGS,Expression,2.8553817508274515e-05
FGFR1OP2,CRISPR,2.8523181761923175e-05
DRC3,Expression,2.8507846271129e-05
HSCB,Expression,2.8497796733935017e-05
UNC13D,Expression,2.8483383819904683e-05
ITGBL1,Expression,2.847155680017188e-05
PPP1R12B,Expression,2.8461670181821524e-05
AREL1,CRISPR,2.846124887522723e-05
CACNB1,CRISPR,2.845623108111573e-05
HNRNPH1,Expression,2.84301959903092e-05
GPX2,Expression,2.841346702404708e-05
PIM1,CRISPR,2.8378847215050375e-05
GPX4,Expression,2.8371916181834097e-05
MIIP,CRISPR,2.837068804994587e-05
DNM3,Expression,2.8368012462497492e-05
ZNF695,CRISPR,2.8364572479975752e-05
BUD13,CRISPR,2.8363831766901204e-05
NDUFB6,CRISPR,2.835227741356263e-05
UBE2C,CRISPR,2.8342198433184744e-05
HSPA6,CRISPR,2.834085262888864e-05
FBXO21,CRISPR,2.8322997666639163e-05
AAGAB,Expression,2.8305372289045475e-05
STH,CRISPR,2.8279056082464747e-05
ZNF335,Expression,2.8255997773147656e-05
MRFAP1L2,Expression,2.8242535600642025e-05
SPINDOC,Expression,2.8218814329270255e-05
FAM83H,CRISPR,2.821409290723793e-05
SMARCD1,CRISPR,2.8195210123363604e-05
HES1,Expression,2.817495905611549e-05
P2RY2,Expression,2.8174396571941215e-05
CNIH1,CRISPR,2.810120759301408e-05
ACBD6,Expression,2.808967899257584e-05
PRKCE,Expression,2.808352441847842e-05
MEGF8,Expression,2.8045499196668475e-05
LBX2,Expression,2.8027744319821792e-05
MPEG1,CRISPR,2.7999363984682964e-05
DSEL,Expression,2.798873934045316e-05
SAMD4B,CRISPR,2.793277723358224e-05
PPHLN1,CRISPR,2.789362331766929e-05
C15orf61,Expression,2.7892056863937888e-05
RTN3,CRISPR,2.7877313963465063e-05
UBA1,Expression,2.784939484240975e-05
ZNF468,Expression,2.784761979798943e-05
PNO1,CRISPR,2.783001150805008e-05
ACSL1,CRISPR,2.7811960531596985e-05
MTHFD1,CRISPR,2.7799334484910397e-05
CCDC122,Expression,2.779874665370764e-05
SHLD2,CRISPR,2.7773405272163783e-05
RBBP6,Expression,2.7773251035710933e-05
MLXIP,Expression,2.770132053930899e-05
DHX29,Expression,2.766464985937034e-05
CTNNA1,Expression,2.7641042969049e-05
CCDC40,Expression,2.762203739475445e-05
GPAT4,Expression,2.7578033226498155e-05
EMC1,CRISPR,2.7570077391090805e-05
NLRC5,Expression,2.756921231190021e-05
ZNF28,Expression,2.756385521532582e-05
NFYA,CRISPR,2.7558460138930443e-05
SORD,Expression,2.7549057874644493e-05
ZGLP1,Expression,2.7526167083346298e-05
RNF114,CRISPR,2.749751667414648e-05
RALGAPB,Expression,2.749668156759949e-05
YEATS2,Expression,2.7495686165260763e-05
AURKAIP1,CRISPR,2.745002174063163e-05
MICU1,Expression,2.741328610047761e-05
CCDC78,Expression,2.7403568721182176e-05
SDHAF1,CRISPR,2.738461575809959e-05
NRBF2,Expression,2.7362589955716806e-05
SEC23IP,CRISPR,2.735335189171956e-05
DRC12,Expression,2.735176660083617e-05
DDX6,CRISPR,2.734997011890005e-05
NKX2-5,CRISPR,2.7341893432983447e-05
ZNF253,CRISPR,2.73326570291148e-05
HSD17B1,CRISPR,2.7328652871397596e-05
BCAN,CRISPR,2.732717372233427e-05
SPATA6L,Expression,2.732631903710171e-05
MTA2,Expression,2.732254286338397e-05
TEAD3,CRISPR,2.7317951286257377e-05
ZNHIT2,Expression,2.7290716313600345e-05
CPSF7,Expression,2.727510870344721e-05
E2F3,CRISPR,2.7263982703990613e-05
COMMD6,CRISPR,2.7262203368044235e-05
ILK,CRISPR,2.723452699948458e-05
KDM5C,CRISPR,2.7233204252436208e-05
WDR33,Expression,2.7228293865315065e-05
HSPBP1,Expression,2.7205118542823816e-05
CREB3,Expression,2.715176737806737e-05
PITPNM1,Expression,2.7121955995056792e-05
CD40,Expression,2.7118590783852296e-05
GBX2,Mutation,2.7111245832020358e-05
CEL,CRISPR,2.7100521946734315e-05
VEZF1,CRISPR,2.7058877815604965e-05
GLS2,Expression,2.705530811426154e-05
FGF14,CRISPR,2.7038213003266505e-05
FLYWCH2,Expression,2.7032226796030782e-05
MECP2,Expression,2.702284977549662e-05
SLC7A5,CRISPR,2.701520864321056e-05
MRPS11,Expression,2.700611115662976e-05
PPP1R14C,Expression,2.700190985140533e-05
ATP2B4,Expression,2.695000938121537e-05
ZNF593,Expression,2.693979590223009e-05
HEXIM1,CRISPR,2.6926652668711685e-05
UIMC1,Expression,2.691439518453333e-05
CEBPZ,Expression,2.690324399685897e-05
LRRC37A3,Expression,2.6888942272712186e-05
TRPT1,Expression,2.6873605199884387e-05
ZNF174,CRISPR,2.6871689698806825e-05
UPK3BL1,Expression,2.6867819020250016e-05
RCC1L,CRISPR,2.686728726744044e-05
KIDINS220,Expression,2.686682193791056e-05
TSSK4,CRISPR,2.68625294374566e-05
ESCO2,Expression,2.6812920231919783e-05
H2AC11,CRISPR,2.6803912940972495e-05
RNF14,CRISPR,2.679942215587048e-05
SENP3,Expression,2.676979290946879e-05
FGD5,CRISPR,2.6762150151832603e-05
NHSL2,Mutation,2.672407974098973e-05
CCNT2,Expression,2.6717129349175805e-05
VOPP1,CRISPR,2.6714340189891748e-05
MED15,Expression,2.670575477768577e-05
AGTRAP,Expression,2.6697781416695306e-05
CHLSN,Expression,2.6677012267127183e-05
PTK2,CRISPR,2.667521989524816e-05
DPP3,Expression,2.6647244020489895e-05
PIP4P2,Expression,2.664231877191513e-05
KIAA0040,Expression,2.662752507967677e-05
ANAPC2,Expression,2.661142383979033e-05
TUSC3,Expression,2.657586543190451e-05
SLC25A24,Expression,2.657198570987786e-05
TMEM39B,CRISPR,2.655559538461927e-05
RGP1,CRISPR,2.655019970366751e-05
NSA2,Expression,2.654965158748235e-05
GPRC5D,Expression,2.6535264553819528e-05
UGT8,Expression,2.6533406923637952e-05
MOB4,CRISPR,2.65137192120083e-05
NCF2,Expression,2.650221156116497e-05
TIGD6,Expression,2.6452948872147508e-05
DGCR8,CRISPR,2.6448949851911638e-05
FNDC11,Expression,2.6421904784839888e-05
F2R,Expression,2.642023543174364e-05
EP300,Mutation,2.641650122461041e-05
ARL16,Expression,2.639388423693125e-05
MTERF4,Expression,2.6367654867803766e-05
ANKRD39,Expression,2.6339008619823137e-05
STRIP1,CRISPR,2.633815475089824e-05
GPIHBP1,CRISPR,2.6271459024570588e-05
PEAK1,Expression,2.626841771257069e-05
SLC35A2,CRISPR,2.62606114706564e-05
CPNE2,CRISPR,2.6260367364920344e-05
CA2,Expression,2.620904669697709e-05
MITF,Expression,2.620785205251009e-05
SLC51A,Expression,2.619864525251164e-05
BICD1,CRISPR,2.619191968547841e-05
CEP68,Expression,2.618342354339931e-05
TIPARP,Expression,2.6157249761488063e-05
JAK2,Expression,2.6136542273995952e-05
CSNK2A1,CRISPR,2.610126583210979e-05
ATP2C1,CRISPR,2.6052031338931373e-05
ZNF609,Expression,2.602753606269532e-05
NMRK2,CRISPR,2.602217582490746e-05
CHST3,Expression,2.59864956181277e-05
HGD,Mutation,2.5931338942245936e-05
MSH3,Expression,2.5865440618961805e-05
PROS1,Expression,2.585439462697948e-05
IFI44L,Expression,2.584604259207084e-05
KRTCAP3,Expression,2.5838582029573672e-05
STMP1,Expression,2.5810244762072083e-05
TPD52L2,Expression,2.5796172144847427e-05
CDH6,Expression,2.5783351160345885e-05
KIF27,CRISPR,2.576953767683528e-05
UBE2O,Expression,2.575314677330385e-05
MTRFR,Expression,2.57519930487166e-05
ZNHIT1,Expression,2.5709457617157625e-05
GATA2,Expression,2.569836733591148e-05
UGP2,Expression,2.5697850098367647e-05
PDE4DIP,Expression,2.569320651806133e-05
SRR,Expression,2.564700360399229e-05
WDR83,CRISPR,2.563587007957395e-05
GPD2,Expression,2.5611796382134903e-05
SRD5A3,CRISPR,2.5609303309521496e-05
MSL3B,Expression,2.5605294176725127e-05
RIMS3,Expression,2.5551062252346944e-05
LGALS3BP,CRISPR,2.554570117159704e-05
DPY19L2,CRISPR,2.554450805754673e-05
C10orf88,CRISPR,2.554447826595352e-05
NICOL1,Expression,2.553232757787432e-05
DSCC1,CRISPR,2.5488917491436487e-05
OGDH,Expression,2.547375642545371e-05
TRAF3IP3,CRISPR,2.546478712311197e-05
CD109,CRISPR,2.5453500630153532e-05
TAPBP,CRISPR,2.5449437517914056e-05
RAB1A,CRISPR,2.544473182366436e-05
UGT2B11,CRISPR,2.5442381398313795e-05
ARPC2,CRISPR,2.542993189099509e-05
TCP11L2,Expression,2.5425881662399505e-05
RAD51B,Expression,2.541823661331391e-05
CNIH3,Expression,2.5406967641684184e-05
FKBP1B,Expression,2.535946769706168e-05
GID8,CRISPR,2.534292022171842e-05
LRATD2,Expression,2.531940700433784e-05
GAR1,CRISPR,2.5318140338100818e-05
COL7A1,Expression,2.529158002747055e-05
TNFRSF13B,CRISPR,2.528698854306062e-05
REEP2,CRISPR,2.528664519458998e-05
CHMP1A,CRISPR,2.527689489629322e-05
RPL32,Expression,2.5261005106133253e-05
GNG12,Expression,2.524853012559338e-05
PTMA,CRISPR,2.524844352890281e-05
SMIM27,Expression,2.524805893501339e-05
TADA2B,CRISPR,2.5247459991122748e-05
CCDC62,CRISPR,2.523644149698288e-05
ACADSB,Expression,2.521896376062348e-05
TBCD,Expression,2.521453008427042e-05
GLB1L2,Expression,2.5202732733672006e-05
DENND6B,Expression,2.5198153873916194e-05
XPO1,Expression,2.517807525407545e-05
NELFE,CRISPR,2.5172977058406786e-05
SIGLEC16,Expression,2.5157405268924268e-05
SS18L2,Expression,2.514338354437936e-05
POLR1G,CRISPR,2.51294964198504e-05
CREG2,Expression,2.512175985908915e-05
ARL8B,CRISPR,2.5110611342899615e-05
ZKSCAN4,Expression,2.510723787795894e-05
RAB3B,Expression,2.5091308004354207e-05
SDAD1,Expression,2.5082197619773544e-05
HAS2,Expression,2.507442687504361e-05
PRMT9,CRISPR,2.5065248825961017e-05
CDKN1B,Expression,2.5063832838148388e-05
RAB24,CRISPR,2.5063666425139608e-05
LCE5A,CRISPR,2.506074828109785e-05
COA6,Expression,2.503349632671212e-05
SFXN1,CRISPR,2.503010243662932e-05
OLA1,CRISPR,2.5024487912234235e-05
FAM131C,Expression,2.5006389388953733e-05
VCPKMT,Expression,2.500069975907082e-05
SERBP1,CRISPR,2.4967753573690777e-05
ZNF565,Expression,2.494184740165629e-05
SAMD9L,CRISPR,2.493817066221928e-05
ANKS6,CRISPR,2.4935887794664035e-05
ELFN2,Expression,2.4928766468568585e-05
EDA,Expression,2.4922756471557934e-05
CYBC1,CRISPR,2.4921703598175644e-05
CARS1,Expression,2.4920228891001495e-05
ARID1A,Mutation,2.4918007341254545e-05
PCGF1,CRISPR,2.4902419569305893e-05
SIRT6,Expression,2.486984213710268e-05
RANBP2,CRISPR,2.4857536217835036e-05
ATP1B3,CRISPR,2.484796084713525e-05
MED25,Expression,2.483782241915119e-05
SPAG4,CRISPR,2.48111579097596e-05
OGFR,CRISPR,2.479588291926608e-05
ELF2,Expression,2.4782591257172204e-05
CASP7,Expression,2.4735193000792905e-05
SYDE1,Expression,2.4730786945933143e-05
ERP44,Expression,2.472466521486844e-05
MCOLN1,Expression,2.4711504632531425e-05
CASP10,Expression,2.46906383837426e-05
CD151,Expression,2.464116269668144e-05
BSPRY,Expression,2.4628851349029253e-05
ZNF687,Expression,2.462711118609973e-05
DNMT3A,Expression,2.455218076999492e-05
VPS50,CRISPR,2.4551088330667487e-05
PIP5K1A,Expression,2.455036479072992e-05
SYT12,Expression,2.453553225575745e-05
METTL9,Expression,2.4499316647025437e-05
ACTR5,Expression,2.447246127119999e-05
ATAD3B,Expression,2.44664108758918e-05
TRABD,Expression,2.445858792035348e-05
MRGPRX3,CRISPR,2.445189003410202e-05
ZDHHC24,Expression,2.444802250848727e-05
CCDC192,Expression,2.444415345968241e-05
TMEM151B,Expression,2.443676881351304e-05
MYL4,CRISPR,2.442800018416561e-05
TXNDC11,Expression,2.4418510891593847e-05
UBE2Q1,Expression,2.441562742597014e-05
IER3IP1,CRISPR,2.4414689189355278e-05
KLK1,Expression,2.4366141496599417e-05
NUDT9,Expression,2.4340560147344623e-05
ZC3H12C,Expression,2.4332524917555007e-05
IL1A,Expression,2.4293140026837415e-05
PARN,CRISPR,2.426224579604279e-05
FAM117A,CRISPR,2.4260160533214727e-05
C1orf35,Expression,2.42521195128736e-05
GNG3,CRISPR,2.4244469007481557e-05
ESAM,Expression,2.42199433494807e-05
AXIN1,Expression,2.421203075560152e-05
KYAT3,Expression,2.4199722967327243e-05
C2CD2,Expression,2.4195375018471492e-05
SH3PXD2A,Expression,2.418024632776568e-05
EIF3E,Expression,2.417926068970772e-05
NUP210,Expression,2.416781366050093e-05
OR5H8,Mutation,2.416498462698655e-05
NR1H3,Expression,2.4152454662198764e-05
HORMAD2,CRISPR,2.4149484151618436e-05
KCMF1,Expression,2.414796555670097e-05
SMIM7,CRISPR,2.413906796345516e-05
H2AC6,CRISPR,2.4137586992817545e-05
CLIC1,Expression,2.410341309320513e-05
ZNF689,CRISPR,2.410170011586329e-05
GPRIN3,CRISPR,2.4088014217075105e-05
SPDYE2B,Expression,2.4079699537073888e-05
CARD16,Expression,2.4075846396551644e-05
PGGT1B,Expression,2.4073067677622768e-05
ANAPC1,Expression,2.4063685108992663e-05
ZDHHC8,CRISPR,2.405719051075632e-05
MAGT1,Expression,2.404790358871709e-05
GSTZ1,Expression,2.4039713518784877e-05
SPTBN4,Expression,2.4037022463517127e-05
KCNH5,Mutation,2.401244870125083e-05
DLK2,Expression,2.398622831949241e-05
PLEKHH1,Expression,2.3973367996153985e-05
CARD10,CRISPR,2.3968999411313345e-05
FRMD4A,Expression,2.393970397345884e-05
CIMAP3,CRISPR,2.3935825665118585e-05
NECTIN2,Expression,2.391502369422536e-05
TBX3,Expression,2.387560811441071e-05
VPS45,Expression,2.386831200710498e-05
PTPRE,Mutation,2.386617890033449e-05
ACVR2A,CRISPR,2.3848189643264525e-05
KRTAP10-9,CRISPR,2.3816332597331255e-05
AIDA,Expression,2.380607880615726e-05
DDX50,Expression,2.378799816136136e-05
MBTPS1,Mutation,2.378078910296607e-05
SYPL1,Expression,2.376810841409397e-05
ARHGEF28,Expression,2.374614775799315e-05
CLK4,Expression,2.374131035730664e-05
FITM2,Expression,2.373294479030676e-05
CIZ1,Expression,2.372944501212776e-05
GALK1,Expression,2.3711701030080557e-05
EPHA10,Expression,2.370807614233461e-05
TNKS,Expression,2.3702634765813067e-05
FLOT1,Expression,2.368794702259785e-05
HPCA,Expression,2.368731705117253e-05
NT5C2,Expression,2.367841135289188e-05
RHOF,CRISPR,2.3664033345415024e-05
PCNT,CRISPR,2.3655906480764244e-05
CEP95,Expression,2.3654709676704658e-05
SETD5,CRISPR,2.3625275052278705e-05
CGN,CRISPR,2.3614758049963453e-05
DHRS4,CRISPR,2.3593633140403847e-05
DYNLT2,Expression,2.359256240264609e-05
RTN4,Expression,2.355524742908365e-05
HADHA,Expression,2.354240685947453e-05
SUSD1,Expression,2.3540604276362277e-05
BTN3A3,Expression,2.3535120941264095e-05
USF2,CRISPR,2.352798619517497e-05
RAD51C,Expression,2.352730679370605e-05
USP34,CRISPR,2.352267189488376e-05
MSRB1,CRISPR,2.352073897377031e-05
FBXW11,CRISPR,2.351659445318513e-05
TNC,Expression,2.3505305965359984e-05
PDE10A,Expression,2.3499170930633773e-05
TAF3,CRISPR,2.3496348055443357e-05
TM6SF2,CRISPR,2.3484631853186527e-05
TSN,Expression,2.347247496046976e-05
DPH5,CRISPR,2.3445613709937328e-05
HMGA1,CRISPR,2.34400756220108e-05
CERS2,CRISPR,2.3425466584816692e-05
STT3B,CRISPR,2.34141450488574e-05
B3GNT2,Expression,2.3413749019370705e-05
DECR2,Expression,2.340263846445936e-05
MYO7A,CRISPR,2.3402444577685183e-05
TFAP4,CRISPR,2.337914515175042e-05
ACTR3C,Expression,2.334128515489735e-05
PMF1,Expression,2.334003436119326e-05
HILPDA,Expression,2.3330775991982364e-05
NPBWR2,CRISPR,2.331992615872755e-05
RNF145,Expression,2.3315930923512887e-05
UNC79,CRISPR,2.331057116434564e-05
MT1E,CRISPR,2.3263216756950554e-05
IFIH1,Expression,2.3260924897898467e-05
ENDOU,CRISPR,2.3252782821126552e-05
EIF4B,CRISPR,2.3200214136983e-05
ALMS1,Expression,2.3184583429004483e-05
DNAL4,Expression,2.312475915649423e-05
SRSF3,Expression,2.3111442179374028e-05
RTP4,Expression,2.3106689151097803e-05
DIMT1,CRISPR,2.3097782048045984e-05
ZNF263,Expression,2.309533108999766e-05
NIPSNAP3A,Expression,2.3085431107949588e-05
AMPD2,Expression,2.30776771987474e-05
SSBP3,CRISPR,2.3066083976189005e-05
MFHAS1,Expression,2.3044593402137844e-05
EDIL3,CRISPR,2.303683189263959e-05
ADD3,Expression,2.302878577778392e-05
SASH1,Expression,2.301340216801052e-05
LGALSL,Expression,2.2992987876313547e-05
TADA1,CRISPR,2.2990515752618305e-05
FBXW7,Expression,2.296985554521257e-05
ZDHHC14,Expression,2.2958185269923744e-05
GTPBP1,Expression,2.295302625631309e-05
MAPRE1,Expression,2.2950755615884613e-05
GNAT2,CRISPR,2.2920389501200272e-05
RNF26,CRISPR,2.291895066683326e-05
TUT1,Expression,2.2908937255733356e-05
ATP8B4,Expression,2.2898146075310458e-05
GJA3,CRISPR,2.287200553207655e-05
FRAS1,Expression,2.2857827881461733e-05
TLCD3B,CRISPR,2.2844737925207915e-05
NDUFS1,CRISPR,2.283530688860689e-05
FANCL,CRISPR,2.283281369669089e-05
ICA1,Expression,2.281313772695913e-05
FBXO48,Expression,2.2753231919512092e-05
H2AC16,CRISPR,2.2729075007799924e-05
LDLR,CRISPR,2.271734408082302e-05
SRSF9,Expression,2.270642315074688e-05
TUBA4A,CRISPR,2.269914026697669e-05
KRTAP17-1,CRISPR,2.268653880443166e-05
SERPINB5,Expression,2.2677494549823395e-05
PRKAB1,Expression,2.2664251801285435e-05
PARP9,Expression,2.2653302595287597e-05
RILPL2,Expression,2.2652526042577417e-05
LPAR1,Expression,2.2638347264177967e-05
TACR1,CRISPR,2.262920591223593e-05
TLCD1,CRISPR,2.2627957549274916e-05
INTS11,Expression,2.262210311842432e-05
SEPTIN9,Expression,2.2576725355776408e-05
ARID4B,Expression,2.256884338429288e-05
PLA2G12B,CRISPR,2.2550851830355845e-05
SUPT7L,CRISPR,2.2548574551718104e-05
SNUPN,Expression,2.252926430496641e-05
KRTAP10-11,CRISPR,2.2521868239586648e-05
BAG6,Expression,2.2519947952924e-05
PTPN6,Expression,2.249874751109373e-05
MAPK8,Expression,2.249637400946733e-05
MXD4,Expression,2.2492476820096062e-05
GLE1,CRISPR,2.2440659115921315e-05
ATP23,CRISPR,2.242962347873949e-05
SCYL3,Expression,2.2428085733870117e-05
RASGRF1,Expression,2.242560458769261e-05
ZNF469,CRISPR,2.236434438030708e-05
UBE2D3,Expression,2.233966008612772e-05
ARFGEF2,Expression,2.2337256404057884e-05
RGS3,Expression,2.2327099631703537e-05
ABCA7,Expression,2.231006042448423e-05
ZNF639,Expression,2.2306231455977885e-05
MZF1,CRISPR,2.2291948483114248e-05
CCDC174,CRISPR,2.2272095963706043e-05
ITPRIP,Expression,2.2267485868636464e-05
TMPRSS2,Expression,2.2258298586797657e-05
GALC,Expression,2.2254919852201984e-05
MSS51,Expression,2.2226680471619177e-05
MAFK,Expression,2.2220150583828617e-05
TRA2A,Expression,2.218944305500324e-05
RPUSD2,Expression,2.216363639862002e-05
ST7L,Expression,2.216324827703535e-05
NRBF2,CRISPR,2.215575235220967e-05
SLC25A36,Expression,2.2147665305558156e-05
NPIPB2,Expression,2.213766813960381e-05
UCK1,CRISPR,2.2134957869194856e-05
STAM2,Expression,2.2132954816256765e-05
GALNT11,Expression,2.212621433574187e-05
PELI3,CRISPR,2.2118767454063404e-05
LRIF1,Expression,2.2107096324912548e-05
C1QBP,CRISPR,2.2081415049888587e-05
PELI1,Expression,2.2075366352516836e-05
C17orf75,CRISPR,2.2071514751175423e-05
MAT2B,Expression,2.206797619900433e-05
EIF2D,Expression,2.20604396257467e-05
IDI1,Expression,2.205461050426042e-05
TMPRSS3,Expression,2.2049308817228708e-05
SCAMP2,Expression,2.204574191537743e-05
CNFN,Expression,2.2040970815504344e-05
CHD8,CRISPR,2.2036789667359155e-05
ATG13,CRISPR,2.201978846068555e-05
GTPBP10,CRISPR,2.2017912502852535e-05
SESN1,Expression,2.200487823881272e-05
PDCD6IP,CRISPR,2.2002190324063533e-05
KCTD2,Expression,2.1990416635458838e-05
TBPL1,Expression,2.1980964379876723e-05
MAP3K2,CRISPR,2.198071322944299e-05
TMC5,Expression,2.197519192224541e-05
TUBGCP2,Expression,2.19592123868606e-05
TMEM44,Expression,2.195717211319672e-05
C1orf216,Expression,2.1955310032824187e-05
KCNIP2,Expression,2.193446842394437e-05
NAA16,Expression,2.1910518772444817e-05
SP140,Expression,2.1908435259504187e-05
ACOT4,Expression,2.1897531604460905e-05
CAMKMT,Expression,2.189637357002945e-05
FIG4,CRISPR,2.188541246160705e-05
IL9R,CRISPR,2.1855612866881315e-05
ARHGEF19,Expression,2.18493611665898e-05
MAP1LC3B,Expression,2.183847099147029e-05
LRCH3,CRISPR,2.1837498305790952e-05
ADORA2A,CRISPR,2.183637606333701e-05
HCN2,Expression,2.183018668006653e-05
ENTR1,Expression,2.182761902213983e-05
SLCO3A1,Expression,2.1827397154413444e-05
ARHGAP45,Expression,2.1818707345807907e-05
SFSWAP,Expression,2.181353056558933e-05
CARM1,Expression,2.178644466641484e-05
ZSCAN9,Expression,2.177977945156193e-05
MAMDC4,Expression,2.1760874099321304e-05
EXOC7,CRISPR,2.174636564221958e-05
VPS37A,Expression,2.173812637158554e-05
ACO1,Expression,2.1711047217398468e-05
PARL,CRISPR,2.17107968322556e-05
TIAL1,Expression,2.170448596520799e-05
MKRN1,CRISPR,2.1695909689637056e-05
AP3M1,Expression,2.168426586118941e-05
TPR,Expression,2.167984863439207e-05
RBSN,CRISPR,2.16727124896359e-05
HYDIN,CRISPR,2.167008300944526e-05
NR1I3,Mutation,2.166857050542603e-05
BTBD1,Expression,2.166050385924e-05
RIN2,Expression,2.165403298504543e-05
LIG3,CRISPR,2.1638950860537855e-05
WWC1,Expression,2.16296809996306e-05
MRPL44,CRISPR,2.161916790110281e-05
RNFT2,Expression,2.1612150135631807e-05
CNOT4,CRISPR,2.160036817482921e-05
ATAD2,Expression,2.159582241501256e-05
DDX31,Expression,2.156949811279469e-05
ZBTB26,Expression,2.156622080593108e-05
IPO13,Expression,2.156447766782096e-05
LRRC37A2,Expression,2.1507465929496617e-05
BMAL1,CRISPR,2.1496922514662563e-05
THPO,Mutation,2.149262277771413e-05
ACVR2B,Expression,2.148291504065012e-05
THAP10,Expression,2.146667429389212e-05
EPB41L4B,Mutation,2.146589165068917e-05
LDLRAP1,Expression,2.1443337573448176e-05
RPL35,Expression,2.142572763427797e-05
ACSL4,Expression,2.141969853131325e-05
OLR1,Expression,2.141717918197853e-05
ILRUN,Expression,2.140853112211045e-05
BCKDK,Expression,2.1366952877613977e-05
BICD1,Expression,2.1355550806878357e-05
KCNMA1,Expression,2.13527216689449e-05
PIGG,Expression,2.1351045498576585e-05
EIF2B4,Expression,2.134651718802916e-05
CACTIN,Expression,2.1322637201955192e-05
DYNC1I2,Expression,2.1310382395168333e-05
RNF113A,Expression,2.1310354213039855e-05
UBE2G2,CRISPR,2.130028568067574e-05
IHO1,CRISPR,2.1293918128970387e-05
CA13,Expression,2.129196948625765e-05
CALM1,Expression,2.129125814355351e-05
GNG10,Expression,2.128451194051084e-05
ICA1L,Expression,2.1276418848985844e-05
LSM4,Expression,2.12641481828334e-05
NFE2L2,Expression,2.1258153290682657e-05
ALS2,Expression,2.125139333179084e-05
ALG10B,CRISPR,2.124957097112756e-05
SREBF1,CRISPR,2.124806190419033e-05
BMPR2,Expression,2.122703488078605e-05
TPCN2,Expression,2.122410656816922e-05
EDARADD,Expression,2.120354078105072e-05
KRR1,Expression,2.119265860779673e-05
TAF1A,Expression,2.1177918273974008e-05
WBP1L,CRISPR,2.1170311470815545e-05
ZNF284,CRISPR,2.1167845983664963e-05
FAM216A,CRISPR,2.1148547601878967e-05
PRMT9,Expression,2.113791660672619e-05
PAN2,CRISPR,2.113233109464351e-05
DGCR6,Expression,2.112048350009645e-05
SPRYD4,CRISPR,2.110492715355456e-05
XKR8,CRISPR,2.110450584726378e-05
ABHD10,Expression,2.109970782631727e-05
ATXN7L2,Expression,2.106248808682336e-05
TAF5,Expression,2.1060305307028023e-05
SPINT2,Expression,2.103969777101e-05
ZNF785,CRISPR,2.103951843243664e-05
SETD2,CRISPR,2.103569373772556e-05
HOXA11,Expression,2.103334578564543e-05
PACSIN3,CRISPR,2.103119291055236e-05
SNX4,Expression,2.103071467883657e-05
RBM27,Expression,2.1026903765798203e-05
THAP12,Expression,2.1019908131842596e-05
UBA7,Expression,2.1000343434708625e-05
RASL10A,CRISPR,2.099076638198294e-05
ZNF75A,Expression,2.09831677007664e-05
GPR108,Expression,2.097577153921027e-05
SRSF2,Expression,2.0965444530851453e-05
SLC3A2,CRISPR,2.0960769709404245e-05
SUDS3,Expression,2.095347666528932e-05
ARL2BP,CRISPR,2.0947053179704653e-05
ZNF142,Expression,2.0941419651209942e-05
SFMBT1,CRISPR,2.093792093329009e-05
VBP1,CRISPR,2.088687243662681e-05
TESK2,Expression,2.0876569337007096e-05
TRANK1,Expression,2.0847729595401908e-05
CRIPTO,CRISPR,2.084244505704676e-05
REV3L,Expression,2.083613700609782e-05
SIL1,Expression,2.082679367455248e-05
CLTCL1,Expression,2.082080193188596e-05
BCAP31,Expression,2.081289850627613e-05
NDUFAF6,Expression,2.080304976636104e-05
H2BC11,Expression,2.080032240647772e-05
SPAG8,Mutation,2.0778385498397256e-05
NXN,Expression,2.0774634270775663e-05
SP7,CRISPR,2.076842745063356e-05
PIGU,CRISPR,2.0763072077279943e-05
PTTG1,CRISPR,2.0751601609468184e-05
CTDNEP1,CRISPR,2.0745277649390497e-05
PMP22,Expression,2.0743431360830916e-05
ZNF225,Mutation,2.073246366589956e-05
PDXDC1,Expression,2.0705153756600675e-05
FAAH,Expression,2.069497140333014e-05
SPRN,Expression,2.0694154160423456e-05
PCYT2,CRISPR,2.068756627725721e-05
SLC12A6,Expression,2.067468325759521e-05
CYP2U1,Expression,2.064610104313156e-05
ZMYM5,Expression,2.064484628839833e-05
SCAMP3,Expression,2.06422169015202e-05
ASB6,CRISPR,2.0639826832333893e-05
TFAP2C,CRISPR,2.063980766857543e-05
APOBEC3D,Expression,2.0637718492130472e-05
BECN1,CRISPR,2.0636324486241394e-05
HNRNPR,CRISPR,2.062371114287991e-05
OPA1,CRISPR,2.0609541006985137e-05
GPR137C,CRISPR,2.060223319173901e-05
APOL2,Expression,2.060141369202413e-05
RILPL2,CRISPR,2.0599476803022497e-05
ZNF304,Expression,2.0591749707799483e-05
EIF4EBP2,CRISPR,2.057911700465516e-05
MARCHF5,Expression,2.0564519865266112e-05
PTCD3,CRISPR,2.0562965029042812e-05
TMEM183A,CRISPR,2.0560274720734716e-05
OPA1,Expression,2.055950082597337e-05
RWDD2A,Expression,2.0534628231851523e-05
EMC6,CRISPR,2.051976024605113e-05
GTF3C1,CRISPR,2.0502901750733235e-05
FBP1,Expression,2.0501616547353504e-05
GLB1L,Expression,2.046809879742088e-05
KLHL22,Expression,2.0455194832454294e-05
TRAF5,Expression,2.0399697226375456e-05
RER1,CRISPR,2.039741971354883e-05
TMEM63A,Expression,2.0390406923832574e-05
HERPUD2,Expression,2.0388849710124536e-05
NCKAP1,Expression,2.037755962329864e-05
SRP68,Expression,2.0356638713017588e-05
RLN3,CRISPR,2.0343856341394075e-05
ZSWIM1,Expression,2.0325935573718706e-05
ARRDC4,Expression,2.0325149476563982e-05
MOGS,CRISPR,2.0324121560607423e-05
WASF2,CRISPR,2.0323946270959507e-05
PPRC1,Expression,2.0317810965766195e-05
PDLIM5,Expression,2.0312334496775383e-05
MOSPD1,Expression,2.031216127541686e-05
PEX12,CRISPR,2.0309213992549255e-05
BICDL1,Expression,2.0285091574535183e-05
BAP1,Expression,2.027797907685267e-05
CALD1,Expression,2.027507863090604e-05
ARL2BP,Expression,2.0269618553871164e-05
ZMIZ1,CRISPR,2.0245374065624e-05
IFRD2,CRISPR,2.0238817411681167e-05
NUDC,Expression,2.0235511030384955e-05
AGR2,Expression,2.0220730289326807e-05
COLQ,Expression,2.0202922616567e-05
DENND11,Expression,2.0199199576790963e-05
WDSUB1,Expression,2.0186559466044604e-05
TTC9,Expression,2.016357525243049e-05
DCTN5,Expression,2.0161899359151356e-05
IL31RA,CRISPR,2.015027587026912e-05
ANXA7,CRISPR,2.01466349097191e-05
LRRC37A,Expression,2.0144863166842885e-05
LEFTY1,CRISPR,2.0142262535675357e-05
TFPI,Expression,2.0140545036006088e-05
C16orf86,CRISPR,2.0136772293082256e-05
ATP6V1B2,Expression,2.012812770537969e-05
STX12,Expression,2.0102943007483077e-05
OR7C1,Expression,2.0100468900360967e-05
ZNF728,CRISPR,2.0095491351689756e-05
TMA16,CRISPR,2.0072775017017343e-05
SYVN1,CRISPR,2.0072063426877093e-05
VCL,CRISPR,2.004349176316703e-05
WDR7,Expression,2.00428067573014e-05
NTPCR,Expression,2.0039774631907063e-05
SEPTIN1,Expression,2.002287979792503e-05
MOAP1,Expression,2.0016430277468616e-05
NSRP1,Expression,2.001302365337257e-05
KATNAL2,Expression,2.0004702938281656e-05
C1orf116,Expression,1.999796147663285e-05
SNED1,Expression,1.998808241564972e-05
PSMD14,Expression,1.9975191967807205e-05
NIT2,Expression,1.996862677411151e-05
SLC52A3,Expression,1.9954358594160468e-05
SNRNP48,CRISPR,1.99464520960969e-05
B4GALT5,Expression,1.9932852469585175e-05
KCTD2,CRISPR,1.991942688632973e-05
PCNP,Expression,1.991765058603369e-05
PIK3R2,Expression,1.991484620524585e-05
CHRNA10,Expression,1.9897847613301703e-05
FAM161B,CRISPR,1.989272040576766e-05
MLST8,Expression,1.9882553228763944e-05
PTPRR,Expression,1.9880389735144784e-05
TCF20,Expression,1.9866219628891604e-05
PNPO,Expression,1.9864748386105923e-05
SARNP,Expression,1.9863099463716458e-05
HOXA6,Expression,1.986096506311491e-05
CXXC1,CRISPR,1.9851384712255383e-05
ZNF430,Mutation,1.9846560000951284e-05
BPNT2,Expression,1.983481333391241e-05
MLF2,Mutation,1.9832945014604773e-05
PMAIP1,Expression,1.9825371931443364e-05
SLC2A12,CRISPR,1.981473130657253e-05
CELSR2,Expression,1.980672712556342e-05
SUSD6,Expression,1.979389849453182e-05
COX15,Expression,1.978060339919115e-05
MRPS30,Expression,1.977324916769961e-05
PIN4,CRISPR,1.975981991724829e-05
HLA-A,CRISPR,1.974688186847669e-05
TUBA1A,Expression,1.974419155800134e-05
FAM91A1,CRISPR,1.974065924262905e-05
RIC8A,Expression,1.972353943424795e-05
ARID3B,CRISPR,1.9719576788349852e-05
USP32,CRISPR,1.9706006218039895e-05
GPAT3,Expression,1.970155407391661e-05
TMTC3,Expression,1.968356011777092e-05
LCN15,CRISPR,1.965014860854652e-05
CZIB,CRISPR,1.964786625326233e-05
CHMP6,Expression,1.9638741388202573e-05
TMEM138,Expression,1.9625447491683597e-05
COA7,Expression,1.9620550038233746e-05
OTX1,CRISPR,1.961494228063525e-05
YME1L1,CRISPR,1.960607932831596e-05
CYP2C18,CRISPR,1.9601772569172757e-05
ANKRD54,CRISPR,1.956355749022689e-05
ADAM10,Expression,1.955527995136789e-05
RPL26L1,CRISPR,1.9544582518210285e-05
DRAM2,CRISPR,1.9540737588619487e-05
DNAJA1,CRISPR,1.953157630150722e-05
AGAP1,Mutation,1.952164108688521e-05
DUSP4,CRISPR,1.952153774154101e-05
SLC2A10,Expression,1.951268082858737e-05
S1PR3,Expression,1.951215204333215e-05
NKAPD1,Expression,1.9509641480995725e-05
PDP1,Expression,1.9502300181532504e-05
ESF1,CRISPR,1.94895397435264e-05
LCN2,Expression,1.9476332115303816e-05
PALD1,Expression,1.94736347380852e-05
CREB3L4,Expression,1.9466522528714047e-05
NOX1,CRISPR,1.944906600224082e-05
CEP295,CRISPR,1.944838052963623e-05
DDRGK1,CRISPR,1.9425279246300367e-05
SS18,Expression,1.9412904730893244e-05
LRRC27,Expression,1.940399744194311e-05
TEX22,Mutation,1.9398320479740503e-05
NPDC1,Expression,1.9397921585362207e-05
KRCC1,Expression,1.939351330517294e-05
ZNF239,CRISPR,1.9393305119555004e-05
CDC42SE2,Expression,1.938603619564812e-05
MAPK1,CRISPR,1.937259694107536e-05
MATN1,CRISPR,1.936250087151386e-05
PRMT2,Mutation,1.9355590230770763e-05
MYCN,CRISPR,1.9331234291686284e-05
NR1H2,Expression,1.932608757890048e-05
RAB5B,Expression,1.9323640235579506e-05
PATZ1,Expression,1.9315677855165937e-05
ZFYVE9,Expression,1.930329961268255e-05
ANKRD13C,Expression,1.927173040734789e-05
NOL8,CRISPR,1.925791679929554e-05
CLDND1,Expression,1.9251265627076564e-05
MAPKAPK3,Expression,1.9246948173746574e-05
ZNF462,Expression,1.924164589926296e-05
BLZF1,CRISPR,1.923449114412168e-05
RIC1,Expression,1.920825178261101e-05
TMEM45B,Expression,1.918956774751524e-05
GANAB,CRISPR,1.917195754335431e-05
BHLHA15,Expression,1.9160876459212687e-05
CEACAM6,CRISPR,1.9160341746027144e-05
ABCB10,Expression,1.9154595846879957e-05
TPRG1L,Expression,1.9138135528317016e-05
RBM33,CRISPR,1.910671590059673e-05
MRPS18B,CRISPR,1.9095220413457823e-05
PIP5K1A,CRISPR,1.908232131548571e-05
DPY19L4,CRISPR,1.9076243901633904e-05
LRP12,Expression,1.907486820200824e-05
FRAT2,Expression,1.902974851870012e-05
MSN,Expression,1.902358018962724e-05
SQLE,Expression,1.9013796161432465e-05
EIF4A2,CRISPR,1.9009560240876945e-05
TMEM74B,Expression,1.900788351866117e-05
SFR1,CRISPR,1.9005333472619668e-05
TREX1,Expression,1.90027548125674e-05
SLC25A41,CRISPR,1.898697172662294e-05
C2orf76,Expression,1.8964430818448336e-05
EXOC8,CRISPR,1.896260854966852e-05
C17orf100,Expression,1.8942143133454663e-05
AFMID,CRISPR,1.8941207649957783e-05
MEGF9,Expression,1.893052293396812e-05
CCT7,CRISPR,1.8904451310710395e-05
CDCA7L,Expression,1.8881592519349046e-05
SLC37A1,Expression,1.8859225130128983e-05
SKA1,CRISPR,1.885839178923661e-05
ZNF517,Expression,1.8855919134200555e-05
MTA2,CRISPR,1.884052095525921e-05
MTERF2,Expression,1.884013458793836e-05
CD53,Expression,1.8837866350700736e-05
SLX9,CRISPR,1.8834876662792604e-05
ANKAR,Expression,1.883280879537687e-05
LCE2A,CRISPR,1.8830468889199072e-05
PRIMPOL,Expression,1.883043050326025e-05
STPG1,Expression,1.8827244045038008e-05
GON4L,CRISPR,1.882309226979917e-05
SLC25A1,CRISPR,1.8818536683154757e-05
L3MBTL2,Expression,1.880989236388869e-05
EMC2,CRISPR,1.8796620013221626e-05
ZNF10,CRISPR,1.8795074888027774e-05
TNFRSF21,Expression,1.8780389899400187e-05
OTULIN,Expression,1.8777335679403334e-05
FLRT1,Expression,1.8756315140043704e-05
COMMD5,CRISPR,1.8752710148937044e-05
SSR2,CRISPR,1.8741147949144403e-05
MBIP,CRISPR,1.8739134149939683e-05
HSPG2,Expression,1.8738560174254302e-05
FOXRED2,CRISPR,1.869419510922592e-05
LOXL4,Expression,1.8682839486208757e-05
FKBP8,Expression,1.867377556767638e-05
FBXW9,Expression,1.8673701437910816e-05
CSTF2,CRISPR,1.8659496901000783e-05
TPD52L1,Expression,1.865889920641689e-05
ATP6V1F,Expression,1.865840294163512e-05
PCM1,CRISPR,1.8655535245316835e-05
ARMC3,Expression,1.8654611549236904e-05
FTL,Expression,1.8640370215856077e-05
MRPL51,CRISPR,1.863896880508446e-05
TMEM9,Expression,1.8636940626404985e-05
SHFL,CRISPR,1.8630398964717664e-05
ATP9A,Expression,1.8630259234230588e-05
RPUSD4,CRISPR,1.8615848876719684e-05
ORC2,Expression,1.860763470187871e-05
RASA1,Expression,1.860660489843518e-05
CHM,CRISPR,1.858641755698512e-05
PIH1D2,Expression,1.8584635952696358e-05
LARGE2,Expression,1.8584327834715897e-05
ZNF543,Expression,1.855659626166649e-05
MEGF6,Expression,1.8542460340316247e-05
INPP5A,Expression,1.8537514512137145e-05
AP5B1,CRISPR,1.8537300886736613e-05
AFTPH,Expression,1.853519815336241e-05
IRS1,CRISPR,1.8534920398549906e-05
SLC26A6,Expression,1.8519990040365343e-05
RBPJL,CRISPR,1.8511042339424572e-05
RBM17,Expression,1.8504745183320694e-05
CNTD1,Expression,1.850437810414611e-05
KDELR1,Expression,1.8492951322172004e-05
RFT1,CRISPR,1.848868635429694e-05
PPP2R5C,CRISPR,1.8484432913551694e-05
ARMC10,CRISPR,1.8481139106682527e-05
PTPN4,Expression,1.8477039088697946e-05
ZNF768,Expression,1.847249863506262e-05
HDAC11,Expression,1.847145176327167e-05
XYLB,Expression,1.845242509596204e-05
CIC,CRISPR,1.8449472654737505e-05
C6orf132,Mutation,1.844498189647936e-05
CRCP,Expression,1.8439300573046132e-05
MGAT4A,CRISPR,1.8433554294530307e-05
MTFP1,CRISPR,1.8426747478219e-05
SH2B3,Expression,1.8413727831795475e-05
LRRC47,Expression,1.8408264640341614e-05
IDNK,Expression,1.8403907981477277e-05
CTHRC1,Expression,1.8399774718680342e-05
ZXDA,Expression,1.8398346012260123e-05
ENO1,CRISPR,1.839621680037419e-05
CDRT4,Expression,1.839324004667662e-05
CSRP2,Expression,1.8355849165339844e-05
LAMTOR1,CRISPR,1.835257541407451e-05
CLIC1,CRISPR,1.8345705112193878e-05
RNASE13,CRISPR,1.832996316796191e-05
TMOD2,Expression,1.83263767740208e-05
INTS12,CRISPR,1.8322052892351182e-05
LRRC69,Expression,1.832147056769961e-05
UQCRH,Expression,1.8318727424019244e-05
FTO,Expression,1.831255728281229e-05
MFN2,Expression,1.8306895290734663e-05
UBE2W,Expression,1.8295678442119572e-05
SLC27A5,Expression,1.829550927027751e-05
VEZT,CRISPR,1.825737405426279e-05
GJC1,CRISPR,1.8256548002848567e-05
CEND1,CRISPR,1.824508038091661e-05
MRPL15,CRISPR,1.824347314980812e-05
TMEM82,CRISPR,1.824279528887044e-05
MMP2,Expression,1.8228880283953734e-05
SMAD1,Expression,1.8211435277431655e-05
WHR1,Expression,1.8203306574651484e-05
SHROOM1,Expression,1.820235031890835e-05
ZNF106,Expression,1.8201488087425864e-05
MAPK15,CRISPR,1.8194875327370247e-05
LAD1,Expression,1.819468345987956e-05
CERCAM,CRISPR,1.819150938672365e-05
KLF3,CRISPR,1.817455363835548e-05
ARL6IP6,CRISPR,1.8172292834644125e-05
ADNP,Expression,1.817214180507297e-05
NONO,CRISPR,1.8169543456269927e-05
ALDH18A1,Expression,1.8141399981088067e-05
TXNRD3,Expression,1.814010138314085e-05
KCNK5,Expression,1.8133780953749125e-05
FAM136A,Expression,1.813257223978326e-05
LRCH4,Expression,1.8128367644409816e-05
OSBP,CRISPR,1.812345317983459e-05
PPA2,CRISPR,1.811983856430921e-05
MOG,CRISPR,1.811337743437181e-05
NUP37,CRISPR,1.811046040922803e-05
MRPS2,Expression,1.810376386119441e-05
ID2,Expression,1.809548008512341e-05
PRKCA,CRISPR,1.8095315084537043e-05
PHRF1,Expression,1.8091855104648216e-05
AAAS,CRISPR,1.808684548315939e-05
RARG,Expression,1.802549953184489e-05
CAPS,CRISPR,1.800953981836369e-05
MBTPS2,Expression,1.7988904994200853e-05
CRBN,Expression,1.7984467912797947e-05
KIF18B,Expression,1.7980987006692113e-05
TMEM127,CRISPR,1.7978759979949716e-05
WAC,CRISPR,1.7973024893025923e-05
DRG1,Expression,1.796897631598946e-05
DCUN1D1,CRISPR,1.7963214140987542e-05
WDFY3,Expression,1.7955335540962982e-05
ELOA,CRISPR,1.7955051040439836e-05
TBC1D16,Expression,1.7953118373442734e-05
TGFB1I1,Expression,1.7950901622817638e-05
ACKR4,CRISPR,1.794691084497577e-05
NAPSA,Expression,1.79454828222111e-05
RIC1,CRISPR,1.7940468580395498e-05
BRD8,CRISPR,1.793732379993686e-05
CEP57,CRISPR,1.7921134822932427e-05
ZNF267,Expression,1.7897732523040887e-05
RAB8A,CRISPR,1.7894010011249806e-05
MDP1,CRISPR,1.789319677955673e-05
PBXIP1,Expression,1.7879726957398642e-05
CWC22,Expression,1.7865797068704187e-05
TIPARP,CRISPR,1.786474757173742e-05
GPI,Expression,1.7863210710148147e-05
CYP26A1,CRISPR,1.7860228328358463e-05
BRI3,CRISPR,1.7860047852760246e-05
TET3,Expression,1.785811102318756e-05
CBX1,CRISPR,1.785682659875354e-05
KCTD10,Expression,1.7827418976459996e-05
DNLZ,CRISPR,1.781115389127338e-05
AOX1,Expression,1.7810878232478366e-05
GCC1,Expression,1.7761708721587732e-05
ITGB7,Expression,1.7742064916927286e-05
DCAF4,Expression,1.773561907979098e-05
NAGLU,CRISPR,1.772720003022888e-05
MMP19,Expression,1.7715740967679905e-05
DNAJC3,Expression,1.771479271608969e-05
ZNF185,Expression,1.7695897364142194e-05
USF2,Expression,1.765177743608744e-05
CEP164,Expression,1.7651697247659753e-05
SLU7,Expression,1.764490105733978e-05
MINDY4,Expression,1.7636909367588127e-05
RHOG,Expression,1.7634832841189162e-05
NDUFA3,CRISPR,1.7631147571417567e-05
MAP7D1,Expression,1.7616950685244505e-05
SLC12A8,Expression,1.761603528271765e-05
ZNF687,CRISPR,1.7615016969422066e-05
ID3,Expression,1.761396519703331e-05
CCDC38,CRISPR,1.7609699111959117e-05
RPL36,Expression,1.760334722806491e-05
CHRNA3,Expression,1.7593955405160936e-05
OSBPL9,CRISPR,1.7579466323211097e-05
NDUFAF3,Expression,1.7575995298859647e-05
OVCA2,CRISPR,1.7575050117498646e-05
STK31,Expression,1.755776619784222e-05
CEP152,CRISPR,1.7545236723144998e-05
RBM47,Expression,1.75372344078007e-05
TECR,Expression,1.7530022024922474e-05
CHAF1B,Expression,1.752517244071432e-05
AP1M1,CRISPR,1.7495206319128026e-05
WDR37,Expression,1.7487746913650992e-05
PKP1,Expression,1.746533411212644e-05
GAMT,Expression,1.7445609242158177e-05
ESRRA,CRISPR,1.7442914533836532e-05
RAB32,Expression,1.7440828490451237e-05
PCGF2,CRISPR,1.743502587612603e-05
INO80E,Expression,1.741928157361784e-05
MED7,CRISPR,1.7417865040523133e-05
MRPL13,CRISPR,1.741716501692406e-05
OCEL1,Expression,1.7417027091634094e-05
MSH2,CRISPR,1.7416301104448325e-05
NBPF12,Expression,1.7400614975051395e-05
VAMP7,Expression,1.7398814328360093e-05
SLC4A1,CRISPR,1.7398023618135678e-05
SOWAHC,CRISPR,1.7395242841579828e-05
SLC7A8,Expression,1.7393350784436157e-05
UBE2J2,CRISPR,1.739302747682306e-05
HMGA1,Expression,1.7359698405172803e-05
SIGMAR1,CRISPR,1.7357209783670226e-05
NUDT16L1,CRISPR,1.7355642838684982e-05
XPOT,CRISPR,1.7325115622611658e-05
SENP8,CRISPR,1.732368535321107e-05
RSPH3,Expression,1.7322906555683317e-05
ALKBH2,Expression,1.7320541291132763e-05
SOCS3,Expression,1.731330113628382e-05
MT-CYB,Expression,1.731300092212916e-05
SNAPIN,Expression,1.7311490070716014e-05
NFATC1,Mutation,1.731125645528664e-05
NGDN,CRISPR,1.7307806764467306e-05
SMIM12,Expression,1.7295963878550888e-05
CES2,Expression,1.729519882811708e-05
EPCAM,Expression,1.727925711055146e-05
BAG3,Expression,1.726792921276272e-05
COQ4,CRISPR,1.725582274508483e-05
DCPS,Expression,1.7242981183160543e-05
MRTO4,CRISPR,1.7235664072805524e-05
LMNA,Expression,1.7226606827997205e-05
DRAM1,Expression,1.72226824670447e-05
PBLD,Expression,1.7216719173347945e-05
SIN3B,Expression,1.7215925620306182e-05
CEBPB,CRISPR,1.7213784635002648e-05
CIMAP2,Mutation,1.7208456718708478e-05
H1-4,CRISPR,1.7197938639042317e-05
MNAT1,CRISPR,1.719438779415443e-05
MFGE8,Expression,1.7191396750858125e-05
RPS25,Expression,1.7168062852788592e-05
CSKMT,Expression,1.7162254967680577e-05
NDUFA12,Expression,1.71597676963648e-05
DMAC2,Expression,1.7158561210739604e-05
IPPK,CRISPR,1.7138552928933103e-05
MFSD14A,Expression,1.713032104735692e-05
RPS3A,Expression,1.713008404414257e-05
EARS2,CRISPR,1.7121617449667622e-05
BRCA2,CRISPR,1.7115095043009102e-05
MAGOHB,Expression,1.710436279006005e-05
SLC25A32,Expression,1.7103293424080276e-05
YIF1A,Expression,1.7091553164708435e-05
GBP5,CRISPR,1.708930336562245e-05
PURB,Expression,1.708762869372985e-05
KDM2A,CRISPR,1.707564125278717e-05
SLC25A37,Expression,1.707317745286754e-05
TMEM134,Expression,1.7064935464031688e-05
NPW,Expression,1.7051488121602064e-05
ZG16B,Expression,1.7047753827833354e-05
SEC16A,CRISPR,1.7043829191771638e-05
EIF3K,Expression,1.7042834111298163e-05
WFDC10B,CRISPR,1.699711710203404e-05
RHPN2,Expression,1.6989361767938295e-05
MDH2,Expression,1.6983181108905552e-05
HSPA4L,Expression,1.6972886645346342e-05
KIF21A,Expression,1.6949319666630223e-05
GPN1,Expression,1.6923937547550348e-05
PPP6R3,CRISPR,1.6920350291327775e-05
RBM38,Expression,1.691579942640844e-05
RIN1,Expression,1.6911654032220425e-05
NUMB,Expression,1.690890029635704e-05
GDPD1,CRISPR,1.6907441084518214e-05
KALRN,Expression,1.6903234626132014e-05
ADCY4,CRISPR,1.6900686201333756e-05
CLPX,Expression,1.6895821753277316e-05
MTREX,Expression,1.688635305346399e-05
SLC25A25,CRISPR,1.6871702813943404e-05
TBC1D7,Expression,1.686555283142942e-05
PNRC1,Expression,1.6853801520992528e-05
DHCR24,Expression,1.6853086718345472e-05
MXD3,CRISPR,1.6844725264330485e-05
SCG2,Expression,1.683794046042782e-05
CUL2,CRISPR,1.6826075305997994e-05
TSHB,CRISPR,1.6825718873623703e-05
OSCP1,Expression,1.6818054143017978e-05
F2,CRISPR,1.6812416054223596e-05
ABCC1,Expression,1.680564431981139e-05
RPS4X,Expression,1.6800278995352593e-05
GLRX2,Expression,1.6787151983674615e-05
NUTM2B,Expression,1.6779272390096068e-05
ZNF12,Expression,1.677115001540428e-05
RBM4,Expression,1.6762148818705832e-05
CENPC,Expression,1.6753181628891035e-05
NDUFV1,CRISPR,1.674417749387427e-05
PRKCZ,Expression,1.674153378247336e-05
ISCU,Expression,1.6726088515617588e-05
SMIM3,CRISPR,1.671755738525452e-05
ENSA,CRISPR,1.6711735230328018e-05
CD22,Expression,1.669176772116271e-05
MCCC2,Expression,1.669042271441177e-05
LIX1L,CRISPR,1.6687672615312176e-05
RRAGA,CRISPR,1.6669438023265407e-05
DCP1A,Expression,1.665869558849988e-05
C1D,CRISPR,1.665344085423795e-05
RRP36,Expression,1.664754119201961e-05
P3H1,CRISPR,1.6642531719895613e-05
SSC4D,Expression,1.664009127566716e-05
SOS1,Expression,1.6632626167514187e-05
CYC1,CRISPR,1.6623792125881818e-05
ZNF233,Expression,1.6622867948485207e-05
C1orf174,Expression,1.6622553484632595e-05
ACOX1,Expression,1.6611024966016095e-05
PRORP,Expression,1.660783070935791e-05
PPM1H,Expression,1.659978834754248e-05
LTB4R,CRISPR,1.659474454472477e-05
BAIAP2L1,Expression,1.6590953211389583e-05
THAP3,CRISPR,1.658795777697683e-05
GCA,Expression,1.6583494575563396e-05
UQCC4,Expression,1.6582617576661175e-05
C6orf47,Expression,1.658004416650709e-05
ZNF217,Expression,1.657698251096851e-05
PLXNB2,Expression,1.6575307900160144e-05
HMCN1,Mutation,1.6573964081848657e-05
KATNA1,Expression,1.6564643122925824e-05
CEP97,Expression,1.656017033371212e-05
BRF1,Expression,1.6559271244652426e-05
SAMD4A,CRISPR,1.655896188544333e-05
HCFC1,Expression,1.654672198490032e-05
CHCHD2,Expression,1.6532589853983803e-05
TMOD3,Expression,1.6526710609400062e-05
RMP64,Expression,1.6525892778767643e-05
ZNHIT6,CRISPR,1.649871169716963e-05
MNT,Expression,1.6474694848908644e-05
SP140L,Expression,1.645442572096884e-05
ANAPC13,Expression,1.645305291226921e-05
COG1,Expression,1.6447218497988976e-05
CHCHD5,Expression,1.6444912389027618e-05
ELK1,Expression,1.6423364384478115e-05
FBXO36,CRISPR,1.6407678308111787e-05
HNRNPA0,CRISPR,1.6401481002319122e-05
BRIP1,CRISPR,1.6393949022200618e-05
HDAC8,CRISPR,1.63914278591113e-05
FADS3,Expression,1.637461659062483e-05
RSKR,Expression,1.6374367611712385e-05
SMC3,Expression,1.636015126965682e-05
MCIDAS,Expression,1.6359887328719016e-05
ACAD11,Expression,1.6355913826177037e-05
NUBPL,Expression,1.6351721781865792e-05
PRSS16,Expression,1.6351083305306324e-05
CYP11A1,Expression,1.6346682694581777e-05
EPHA2,Expression,1.6345432803759367e-05
SYDE2,Expression,1.6328855564550484e-05
F8A3,Expression,1.6319986032658312e-05
PSMB11,CRISPR,1.630236344386174e-05
TBCE,CRISPR,1.6282754235195205e-05
ARL5A,Mutation,1.6279484586357282e-05
RBPMS2,Expression,1.6265219314698225e-05
STAT5A,CRISPR,1.6258674879369998e-05
ZNF714,CRISPR,1.6258121686247605e-05
SLC9A8,Expression,1.625453034610566e-05
CSRNP3,Expression,1.6238735145779866e-05
NDUFA1,CRISPR,1.6236509910990305e-05
PDXP,Expression,1.623634177649661e-05
ZNF282,Expression,1.6233376233242733e-05
PGPEP1,CRISPR,1.6220955618900083e-05
GJC1,Expression,1.6219467996149505e-05
C2orf78,CRISPR,1.6206260503686646e-05
CFAP57,Expression,1.6196538404473374e-05
SSH1,CRISPR,1.6185567803038835e-05
SNAP29,CRISPR,1.618541235228182e-05
POGLUT2,Expression,1.6182009545067267e-05
BAG6,CRISPR,1.617509304237034e-05
PAIP1,CRISPR,1.616538820402908e-05
ATRX,CRISPR,1.615419783795377e-05
PABPC4,Expression,1.6151084560318503e-05
FGFR1,Expression,1.614440840723946e-05
CLIP2,Expression,1.6142128914387106e-05
NDUFV2,CRISPR,1.6137654081258348e-05
HES5,CRISPR,1.613250343142234e-05
EPSTI1,Expression,1.6126560981050652e-05
ADPRS,CRISPR,1.611149789723486e-05
RNF41,CRISPR,1.6106011984320042e-05
VEGFB,Expression,1.6098796316177404e-05
FRAT1,Expression,1.6094381499267244e-05
H3-3B,Expression,1.6086390291540926e-05
GMNN,CRISPR,1.6085948608945954e-05
HID1,CRISPR,1.6083392690241816e-05
TOX2,Expression,1.6078581733012382e-05
UTP4,Expression,1.607061210164492e-05
ABRAXAS1,Expression,1.6057538996391135e-05
GBP4,CRISPR,1.6057347878153678e-05
CCDC88B,CRISPR,1.6054459893290024e-05
EEF1AKMT1,Expression,1.6048289113897664e-05
RAE1,Expression,1.603964093877345e-05
MLX,CRISPR,1.6035609966179597e-05
CNOT2,CRISPR,1.6013184564990055e-05
FZD3,Expression,1.6005153776562037e-05
RNF227,Expression,1.5996491798469432e-05
PPP1R7,Expression,1.5995139466267516e-05
SGMS2,Expression,1.599238081577264e-05
FBXO25,Expression,1.5989381936221056e-05
OTUB2,Expression,1.597060563391363e-05
SLC66A2,Expression,1.5956821213689882e-05
PPCS,CRISPR,1.59558289030995e-05
KRTAP13-4,Mutation,1.593403052198994e-05
EIF1AX,Expression,1.591752389780633e-05
BTBD8,Expression,1.5917480888513123e-05
SMARCC2,Expression,1.5909713643118263e-05
HOXA13,CRISPR,1.589791872362176e-05
HORMAD1,CRISPR,1.5893285061501922e-05
RERE,CRISPR,1.5885273409471588e-05
GPSM3,Expression,1.5883403359433674e-05
CPSF4,Expression,1.5878554801592118e-05
ZBED5,Expression,1.5874906787978338e-05
MRPS9,CRISPR,1.5872350660926917e-05
PHF21A,Expression,1.5871613477136893e-05
DYRK1A,CRISPR,1.5870416686225155e-05
STAT1,Expression,1.5860606514072707e-05
EYA3,Expression,1.5848925298252517e-05
ZMYND12,Expression,1.5847516159227165e-05
LETM1,Expression,1.5844895098744175e-05
SCARB2,Expression,1.5843062498248232e-05
KLF2,Expression,1.5836831623617157e-05
IRAG2,CRISPR,1.5832561084021177e-05
DUOXA1,CRISPR,1.5815544030702012e-05
RABGAP1,Expression,1.5805118620689154e-05
TMA16,Expression,1.58037649872695e-05
MAML2,Expression,1.5792110832521045e-05
PPP4R4,Expression,1.578379469188708e-05
MLKL,Expression,1.5776260453191918e-05
MARS2,CRISPR,1.5768484032433694e-05
LUC7L2,CRISPR,1.5766231915079024e-05
SPATA33,Expression,1.5764446392181147e-05
MMACHC,Mutation,1.5762952578961633e-05
GJD3,CRISPR,1.575842031049817e-05
ANO9,Expression,1.575718568066739e-05
BET1,Expression,1.5756010938877885e-05
IGFBP3,Expression,1.5753861572132868e-05
ZNF710,Expression,1.5751014223478076e-05
BTN2A1,Expression,1.5740374003691995e-05
FOXO1,Expression,1.5737718611393148e-05
NPM3,CRISPR,1.573767842004444e-05
F8A1,Expression,1.572889587083551e-05
MRPL30,Expression,1.5728394884972776e-05
ZNF264,Expression,1.5727494838799098e-05
PCSK9,Expression,1.572516590563016e-05
WASHC5,Expression,1.572330307182383e-05
PLCE1,Expression,1.5719991822797692e-05
RPF1,Expression,1.5713408057914956e-05
CCNE2,Expression,1.5704259621624618e-05
LYPD6B,Expression,1.5686183411613654e-05
MORC2,CRISPR,1.5682980008820097e-05
AK1,CRISPR,1.5682359999011995e-05
SELENBP1,CRISPR,1.567900370135296e-05
TACSTD2,Expression,1.5649831678630263e-05
SLC22A25,CRISPR,1.5643840719819512e-05
BCAR1,CRISPR,1.5640889044314434e-05
GRK6,CRISPR,1.5638800768048795e-05
EEF1A1,Expression,1.562598895609136e-05
SPINK14,CRISPR,1.5600556181668175e-05
ALG2,Expression,1.5600253825140688e-05
SPATA2L,Expression,1.559760004714536e-05
SIKE1,Expression,1.558691829325458e-05
JAG1,Expression,1.558591677208364e-05
TRIM68,Expression,1.5577107031692804e-05
ARFGAP2,Expression,1.5574233117224807e-05
B4GAT1,CRISPR,1.5568112106659795e-05
PMM2,CRISPR,1.5565887660636202e-05
SLC25A38,Expression,1.5559278570410755e-05
RHEB,Expression,1.555429329268115e-05
ARHGAP33,Expression,1.5548313195920114e-05
SCMH1,CRISPR,1.5540578437808337e-05
LCMT1,CRISPR,1.5535380417236516e-05
SLC38A7,CRISPR,1.5520381659962312e-05
MTPAP,Expression,1.5517822841067927e-05
CRYL1,Expression,1.55110310904403e-05
PAPOLG,Expression,1.5509390378386426e-05
CDK8,Expression,1.549818709095683e-05
FMOD,Expression,1.5497997502565916e-05
FAM83A,Expression,1.549344774827061e-05
INCA1,Expression,1.547265455282623e-05
ROBO1,Expression,1.5466952848912044e-05
APH1A,CRISPR,1.5411453611906557e-05
C12orf75,Expression,1.540724822797331e-05
CACNG6,Expression,1.5405812357503696e-05
KRBOX5,Expression,1.540494537435978e-05
UVRAG,Expression,1.539684370212279e-05
ZSWIM9,Expression,1.5392829629463386e-05
ZNF431,Expression,1.5391900659742444e-05
CASZ1,CRISPR,1.5391483179982426e-05
DICER1,CRISPR,1.5382308569652068e-05
CHRNG,CRISPR,1.5379568996169334e-05
ERRFI1,Mutation,1.5370903557550263e-05
IRF1,Expression,1.5369983848903203e-05
METTL26,Expression,1.536139199124328e-05
RAB3A,CRISPR,1.5337070662170253e-05
DUSP18,Expression,1.533656393056047e-05
IFT140,CRISPR,1.5334905271724085e-05
SUMO3,Expression,1.5334174393685425e-05
HIKESHI,CRISPR,1.5331121545035937e-05
ZBTB3,Expression,1.532412758284211e-05
TAOK3,Expression,1.5322771629604593e-05
CDNF,Expression,1.5314739897405266e-05
ZNF394,Expression,1.531243435633734e-05
TBCC,Expression,1.5286261221752907e-05
BAZ1B,CRISPR,1.5278968791633228e-05
DPH6,CRISPR,1.527115213958711e-05
GLMN,CRISPR,1.5264918873506345e-05
STC1,Expression,1.5240961590171275e-05
USP18,CRISPR,1.523183073516615e-05
MAPRE1,CRISPR,1.5221572367530085e-05
NF2,Expression,1.521484097572738e-05
SGK3,Expression,1.521202244678621e-05
DNAH8,Mutation,1.5206789059084256e-05
DHTKD1,Expression,1.518640026193643e-05
RBM39,Expression,1.5185450423617854e-05
ZNF780A,Expression,1.518494573780315e-05
ZNF684,Expression,1.5178978146798934e-05
IL11,CRISPR,1.5177432193321928e-05
NAV1,CRISPR,1.5174221788270294e-05
OCIAD1,CRISPR,1.5168795508040905e-05
SLC16A12,CRISPR,1.5157430738869829e-05
RIGI,CRISPR,1.5143756319838244e-05
ABT1,CRISPR,1.5137090907628208e-05
WDPCP,Expression,1.513192944935848e-05
SF3B5,Expression,1.511657882002701e-05
TGIF2,Expression,1.5106006335225565e-05
BDH2,CRISPR,1.5104224461113824e-05
KIFBP,CRISPR,1.5102849791344522e-05
C12orf57,Expression,1.5091269171226656e-05
GSPT1,Expression,1.5089219574428598e-05
FBXO10,Expression,1.5080435604317978e-05
PHF3,Expression,1.5075935520577467e-05
ENSA,Expression,1.5071827510354807e-05
PROCR,Expression,1.5063414298519966e-05
CHD3,Expression,1.5056226906051407e-05
CKS1B,Expression,1.5052686444819326e-05
NUTM2D,Expression,1.5048081447395685e-05
RNF7,Expression,1.504721439270166e-05
IDH2,Expression,1.5042031798281824e-05
MEIOC,CRISPR,1.5033075606842408e-05
ASB13,Expression,1.503042188997028e-05
KDSR,Expression,1.5029847286377428e-05
SLC25A24,CRISPR,1.5026943941619029e-05
RELT,Expression,1.5012578909836307e-05
SPOCD1,Expression,1.5010179335136502e-05
VPS11,Expression,1.5008615176280895e-05
SLC39A11,Expression,1.5007212884343377e-05
DLG2,Expression,1.4998366827373088e-05
TLDC2,Mutation,1.498266503931518e-05
CR1L,CRISPR,1.4982414386179093e-05
CYP4F11,Expression,1.497230660145438e-05
SHCBP1,CRISPR,1.4968219390492525e-05
SPIN1,CRISPR,1.4954470790850978e-05
IPO5,Expression,1.494994413823238e-05
TEFM,CRISPR,1.4944724915213057e-05
C2orf74,Expression,1.4936107464858292e-05
PPIG,Expression,1.49328475008082e-05
MBD6,Expression,1.492957719362886e-05
SMAP1,Expression,1.492943488712164e-05
MAPK14,CRISPR,1.4928812158482447e-05
NFE2,CRISPR,1.4925408011516546e-05
BACC1,Expression,1.4923703068692064e-05
ZDHHC17,Expression,1.4912362153331616e-05
DPCD,Expression,1.490526188311322e-05
ATP13A1,CRISPR,1.490099666591785e-05
POFUT2,Expression,1.4894264340130509e-05
FADS6,CRISPR,1.4889904499652591e-05
INHA,Expression,1.4886493447413651e-05
SGCA,CRISPR,1.4886298060758786e-05
MYO1E,Expression,1.48752532808762e-05
AMDHD1,Expression,1.4872503258074358e-05
TPM4,CRISPR,1.48575155383709e-05
GPANK1,Expression,1.4851703854210229e-05
PPL,CRISPR,1.4830124637764392e-05
VPS36,CRISPR,1.4827408918299031e-05
MAP3K11,Expression,1.482275848148247e-05
COL6A1,Expression,1.481929736600417e-05
SCRN2,CRISPR,1.48058843016929e-05
SCG5,CRISPR,1.4805705731327896e-05
CLDN19,CRISPR,1.4796385819545776e-05
ARG2,Expression,1.4796275899943703e-05
SINHCAF,Expression,1.4794078904658114e-05
SAP130,Expression,1.479355327791863e-05
PGAM5,Expression,1.479340522912632e-05
VASN,Expression,1.4784751660820931e-05
TSPAN15,Expression,1.477215361720901e-05
B3GNTL1,Expression,1.4770992441760031e-05
COPS9,CRISPR,1.47690438008451e-05
SUMO3,Mutation,1.4764703005857884e-05
SLC52A2,CRISPR,1.475830799922928e-05
PHLDB2,Expression,1.47537181991137e-05
HMBS,CRISPR,1.4752042192292312e-05
WTAP,CRISPR,1.4745442370675647e-05
TMEM158,Expression,1.4742512961379626e-05
APOO,Expression,1.4735521707391516e-05
SARDH,CRISPR,1.4727654340557993e-05
JPH4,CRISPR,1.4724292869577392e-05
HELLS,Expression,1.4680492659601111e-05
EML3,Expression,1.4679442099061967e-05
FLCN,Expression,1.4675155927052351e-05
OXA1L,CRISPR,1.4648424443920107e-05
GALNT9,CRISPR,1.4641684862012022e-05
NIPA2,Expression,1.463901505234366e-05
MRM1,CRISPR,1.463136842212069e-05
SPINT1,CRISPR,1.4628014325924344e-05
DPM3,CRISPR,1.4618730191909527e-05
ZBTB6,Expression,1.4617585107296648e-05
MYO10,Expression,1.45880052283521e-05
SERPINI1,Expression,1.4583628064961834e-05
NUFIP2,Expression,1.4572685336690796e-05
UBE2L5,Expression,1.456950895365778e-05
TFDP2,Expression,1.4544736368283315e-05
MT1B,CRISPR,1.454398921246262e-05
ZFAND5,CRISPR,1.451941290419706e-05
AIG1,Expression,1.4510332415036667e-05
POLR2J3,Expression,1.449043250764743e-05
RIMKLB,CRISPR,1.4488136004242955e-05
SMARCD3,Expression,1.4475928889713087e-05
IL6R,Expression,1.4459685490337275e-05
EIF5B,CRISPR,1.445046146921678e-05
TUBE1,Expression,1.4446687483972216e-05
SLC12A4,Expression,1.443032496224538e-05
ZNF558,Expression,1.4429964751426892e-05
ATP11A,Expression,1.4426163907622005e-05
POU6F1,Expression,1.4425366324141075e-05
CYB5R4,CRISPR,1.4420068326699808e-05
DUSP10,Expression,1.4417035681695196e-05
MTRES1,Expression,1.440143471837242e-05
TWF1,CRISPR,1.439553804699131e-05
BCAP29,Expression,1.4381386532769749e-05
ICE2,CRISPR,1.4380415868025984e-05
MICB,Expression,1.4363258479243912e-05
ZNF503,Expression,1.43587540990634e-05
SLC25A11,Expression,1.434726309503875e-05
CMPK1,Expression,1.4342392290131053e-05
SSB,CRISPR,1.4337334396465969e-05
TMT1A,Expression,1.4326625942105168e-05
VPS72,CRISPR,1.4322395278635318e-05
H2AC7,CRISPR,1.4321354264349554e-05
ZNF436,CRISPR,1.4317984871676612e-05
CABIN1,Expression,1.4314977903302643e-05
TACC3,CRISPR,1.4305075851496965e-05
CHRNA5,Expression,1.430068490142861e-05
TOR1A,Expression,1.4299380464188717e-05
CATSPER3,CRISPR,1.4293239149924903e-05
TUFM,CRISPR,1.4271510618905886e-05
MLLT3,Expression,1.4269867849824156e-05
CREM,Expression,1.4269047807039076e-05
TFAM,CRISPR,1.4253480116537383e-05
DENND4B,CRISPR,1.425189275949828e-05
BIRC2,Expression,1.4248788526064712e-05
RFX2,Expression,1.4246149063438991e-05
CAP1,CRISPR,1.4240635177063287e-05
RPS6KA3,Expression,1.4230477716834184e-05
HEATR1,Expression,1.421374814764289e-05
HES7,CRISPR,1.4208340781054034e-05
DR1,Expression,1.4208048482141618e-05
CHPT1,Expression,1.4207069263420628e-05
N4BP2L2,Expression,1.4204762147939514e-05
FBXO44,Expression,1.4195506168556298e-05
WDR77,Expression,1.4192444051386326e-05
FAM210B,Expression,1.4184329201578276e-05
MAPK12,Expression,1.417920081729314e-05
TAF12,CRISPR,1.417144494580888e-05
ELOVL3,CRISPR,1.4164731490519527e-05
MMUT,Expression,1.4146598398589924e-05
RPL24,Expression,1.414648550266203e-05
FZR1,Mutation,1.4137320065458422e-05
NDOR1,Expression,1.4130902564361948e-05
LAMC1,Expression,1.4128824675809543e-05
SYNPO2L,CRISPR,1.4122341824689505e-05
JCHAIN,Expression,1.4118786799585924e-05
VPS18,Mutation,1.41172912386537e-05
HAX1,CRISPR,1.4116680187241568e-05
MFSD11,CRISPR,1.4115783114670656e-05
NGF,CRISPR,1.41155545585538e-05
PKD2,Expression,1.4086648535909783e-05
PRDX2,CRISPR,1.4085858081649834e-05
PCSK9,CRISPR,1.4085202156706553e-05
MEA1,Expression,1.4066044306629694e-05
SMIM26,Expression,1.4060417877763457e-05
ADCY2,Mutation,1.4047193636752198e-05
SMIM3,Expression,1.4044703125362915e-05
ATF1,CRISPR,1.4044215110695224e-05
HECA,Expression,1.4031896441815364e-05
FBXO9,Expression,1.40279831339892e-05
C15orf48,Expression,1.4016631661303173e-05
VMA22,CRISPR,1.4008107093753128e-05
CCR5,CRISPR,1.4007842762330152e-05
KMT5C,Expression,1.4003741661644528e-05
ZNF611,Expression,1.3975106271984411e-05
POP7,CRISPR,1.3966082561410724e-05
STAMBP,CRISPR,1.3965084045662471e-05
FAM219A,CRISPR,1.3960632350935585e-05
ALPK1,Expression,1.3919466797792718e-05
TMEM62,Expression,1.3915911097145956e-05
RFXAP,Expression,1.3915733945464234e-05
FOXO4,CRISPR,1.391490340618449e-05
CBX8,Expression,1.3896848885880275e-05
SNRPF,Expression,1.3894619784577026e-05
SLC35C2,Expression,1.3888742898744523e-05
TRIM69,Expression,1.3887340612030344e-05
CHST4,CRISPR,1.388400663372686e-05
BET1,CRISPR,1.3874907139617814e-05
GOT2,Expression,1.3874135988252083e-05
RBIS,Expression,1.3859840686735237e-05
EDF1,CRISPR,1.3856058467615268e-05
EVI5L,Expression,1.3851169054832096e-05
ANAPC13,CRISPR,1.384607197412466e-05
GRK4,Expression,1.3844354752018524e-05
TIGD1,Expression,1.384208205238328e-05
MPRIP,CRISPR,1.3837532479271232e-05
SLC48A1,Expression,1.3827831955564158e-05
CD2BP2,CRISPR,1.3820736940240856e-05
XPO4,CRISPR,1.381788803947733e-05
SPRTN,Expression,1.3800684920757954e-05
PDCL,Expression,1.3793935961939015e-05
ACTR3B,Expression,1.3780299949375786e-05
TSPYL2,Expression,1.3779828485824446e-05
INO80C,Expression,1.3777364757007258e-05
IL36B,CRISPR,1.3770659822330598e-05
DCLRE1B,CRISPR,1.3755337225770664e-05
NUDCD2,CRISPR,1.3746136568730464e-05
BRCA1,Expression,1.373417363548634e-05
SYNE1,Mutation,1.3724085190838765e-05
VAC14,Expression,1.3721706640798311e-05
WDR73,CRISPR,1.3680408150482046e-05
ALG5,CRISPR,1.3666137098979472e-05
ITLN2,Mutation,1.365740008914144e-05
TCFL5,CRISPR,1.3654400863059916e-05
NDUFA10,CRISPR,1.3643775351828351e-05
IGSF3,CRISPR,1.36389119419479e-05
ARID2,CRISPR,1.3634680291522447e-05
ENO1,Expression,1.3625607553452432e-05
TNFAIP1,Expression,1.3614674778725025e-05
SYNE2,Expression,1.3611993876346752e-05
MXD1,Expression,1.3610540693568023e-05
CBFB,CRISPR,1.3604443908611711e-05
RPL4,Expression,1.3603796410580643e-05
BCL2L13,CRISPR,1.3596225163561509e-05
DHX38,Expression,1.359240971191931e-05
USP40,Expression,1.3585341045835937e-05
SNX6,CRISPR,1.3578246494793668e-05
HPGD,Expression,1.3566214353033264e-05
GIP,CRISPR,1.355273467771842e-05
PLPPR2,Expression,1.3546844894928828e-05
EDC4,CRISPR,1.3534285366751696e-05
TSHZ1,Expression,1.3527128007293151e-05
PRR5L,Expression,1.3525780135893769e-05
ZCCHC3,Expression,1.3519059026230236e-05
NRXN1,Mutation,1.3503179304643711e-05
CCDC24,CRISPR,1.3494845047105648e-05
TRAPPC6A,CRISPR,1.3492930478435584e-05
FBXO46,Expression,1.3482318434858654e-05
TRAPPC8,Expression,1.3480229543233974e-05
SLC25A5,CRISPR,1.3475177794220033e-05
PTF1A,Mutation,1.347510877735658e-05
CEP295,Expression,1.3473258694607377e-05
ZEB1,Expression,1.346105607646455e-05
TIPIN,CRISPR,1.3460207481587715e-05
SOX9,Expression,1.3458901002322107e-05
DFFB,CRISPR,1.3458368348737953e-05
RAB40C,Expression,1.3452736592043973e-05
ABHD2,Expression,1.344447493578623e-05
POLR3D,Expression,1.3437270859508693e-05
PIK3R4,CRISPR,1.3436446528427262e-05
IRX2,Mutation,1.3436405550255872e-05
PHKG1,CRISPR,1.3434627056816343e-05
DNPH1,Expression,1.3432128241086435e-05
WDR4,CRISPR,1.3428979926965472e-05
PEX14,CRISPR,1.3428129300027966e-05
KAT7,CRISPR,1.3421627815030888e-05
INTS13,CRISPR,1.3405903481692976e-05
PGM3,CRISPR,1.3403815946022143e-05
PRR15L,CRISPR,1.339691343516202e-05
LSG1,Expression,1.3395223827324249e-05
ZNF154,Expression,1.3394093628514404e-05
TTC39B,Expression,1.3384680160890957e-05
TRMT61B,CRISPR,1.3383578847985148e-05
OVOL2,Expression,1.3380431323841344e-05
RHPN1,Expression,1.3376585854225894e-05
KMT2D,Mutation,1.3370786263931224e-05
DHX33,Expression,1.3368618444635507e-05
EHBP1L1,CRISPR,1.3360306988977373e-05
PCGF6,Expression,1.3325700046661036e-05
IFT57,CRISPR,1.3320414984107847e-05
TAF7L,CRISPR,1.3311489051513877e-05
BSND,CRISPR,1.3304250536015463e-05
TNXB,CRISPR,1.329277352374827e-05
FLII,CRISPR,1.3291587433636857e-05
GNG13,CRISPR,1.3280553489649434e-05
SLC25A15,Expression,1.3274205027081652e-05
NDUFV2,Expression,1.326776542348906e-05
SLBP,CRISPR,1.3256117700865525e-05
QRSL1,CRISPR,1.3255147697235131e-05
NELFB,Expression,1.3250513228898325e-05
FNDC10,Expression,1.3249096924019388e-05
PRRC2A,Expression,1.3239793999957892e-05
SREK1,CRISPR,1.3230440377872108e-05
MED14OS,Expression,1.323022549760057e-05
TOR3A,Expression,1.3226490622948496e-05
CCDC25,CRISPR,1.3209957242245297e-05
TATDN2,Expression,1.3204980026699986e-05
KDM5A,CRISPR,1.3199927952331168e-05
ADAM30,CRISPR,1.3187117134617087e-05
MRPL14,CRISPR,1.3186100310689363e-05
HIF1A,Expression,1.3174598321773236e-05
MAPKAP1,CRISPR,1.3167649515560291e-05
TBC1D7,Mutation,1.3162313665452527e-05
ZNF688,CRISPR,1.316035224624919e-05
FGD6,Expression,1.3158415798754324e-05
SKA1,Expression,1.3147276295643872e-05
CTNNA1,CRISPR,1.3135744968681956e-05
CUL4B,Expression,1.3132466738583664e-05
PFKL,Expression,1.3120025268466455e-05
SLTM,Expression,1.3112005111900062e-05
TGM1,CRISPR,1.3107497747072234e-05
PNMA1,Expression,1.3105566799772136e-05
AP1S1,Expression,1.3098558265555704e-05
IFI44L,CRISPR,1.3098478638411697e-05
PPP4R3B,Expression,1.3094749035986912e-05
WTAP,Expression,1.3092914558264595e-05
NOTCH1,Expression,1.308545313232634e-05
SETDB1,CRISPR,1.3084818068834129e-05
ZNF426,Expression,1.3052989410832796e-05
PLAGL2,Expression,1.3048782161194114e-05
TPMT,Expression,1.3038792176858973e-05
ARL16,Mutation,1.30355197888619e-05
SIAH2,Expression,1.303055762711348e-05
ALDH7A1,Expression,1.3029993544811276e-05
SMG9,CRISPR,1.3029700465232695e-05
MICAL1,Expression,1.3026176224543411e-05
CADPS2,Expression,1.3016756738250676e-05
ATP8B3,Expression,1.3011737865818951e-05
PPP1R13B,Expression,1.3005883241531896e-05
ARCN1,Expression,1.2998750757777774e-05
C9orf72,Expression,1.2995742073190318e-05
BCLAF3,Expression,1.2993140222803984e-05
RRAD,Expression,1.2989905036887378e-05
DEFB118,CRISPR,1.2987687717417435e-05
AP1G1,CRISPR,1.297100056341213e-05
PIGM,CRISPR,1.2970869792484949e-05
ENOX2,Expression,1.2966456186330138e-05
VHL,Expression,1.2961281906140442e-05
RAPH1,CRISPR,1.2952095770349578e-05
NNT,Expression,1.294811469785803e-05
PIGW,CRISPR,1.2947236809409975e-05
ARHGEF35,Expression,1.294698003743837e-05
MRPL28,CRISPR,1.294582215004707e-05
TMEM53,Expression,1.2927308244529412e-05
PKD1,Expression,1.2922532724568312e-05
TRPV4,Expression,1.2921198832177726e-05
DCAF13,Expression,1.2912692160813302e-05
MARK2,CRISPR,1.29108810154102e-05
ADO,Expression,1.2904225173064848e-05
MAP1A,CRISPR,1.289709680894789e-05
TCF19,Expression,1.2895245228149688e-05
MED13L,CRISPR,1.2887130371290012e-05
RALGPS2,Expression,1.288435984002701e-05
CTDSPL2,Expression,1.2877222579703213e-05
TRMT6,CRISPR,1.2864038195441853e-05
NICN1,Expression,1.2853385252914026e-05
B3GNT4,CRISPR,1.2843614764516365e-05
MERTK,Expression,1.2828248896075193e-05
PLPP2,Expression,1.2821155901048276e-05
MAP3K13,Expression,1.2821010466520467e-05
SENP2,Mutation,1.2814947966080575e-05
CDAN1,Expression,1.28145380626388e-05
PCBD1,Expression,1.2799439586401871e-05
ZFP57,CRISPR,1.27909179141141e-05
BRD1,CRISPR,1.2767784263355882e-05
DAO,CRISPR,1.2767165552189596e-05
NDUFAF8,Expression,1.2766534997692204e-05
RBM10,CRISPR,1.275853003705714e-05
ZBTB9,CRISPR,1.275638430160892e-05
ITGB5,CRISPR,1.275481195923414e-05
RBM43,Expression,1.275001470190564e-05
CHTF8,CRISPR,1.2748677495419607e-05
ELP4,CRISPR,1.2744769973556118e-05
MAPK6,CRISPR,1.2743445885495043e-05
NPHP4,Expression,1.2739517755098888e-05
SLC2A8,Expression,1.2737037254960817e-05
DUSP3,CRISPR,1.2736963126084146e-05
CNIH4,Expression,1.272988599640427e-05
INS,CRISPR,1.2724343498109389e-05
TMEM69,Expression,1.272411425573464e-05
TMCO6,Expression,1.272106057661357e-05
ZNRF3,Expression,1.2710138008145151e-05
TMCO3,CRISPR,1.2708867922428416e-05
RYBP,Expression,1.2700857635258218e-05
PRRC2C,CRISPR,1.2690355970627124e-05
TNFAIP2,Expression,1.2689744893818616e-05
NPR3,Expression,1.268644356161281e-05
GTF3C3,CRISPR,1.2684374205686909e-05
ANKRD49,Expression,1.2677096881607557e-05
RAB36,Expression,1.2675803531562051e-05
SLC38A10,CRISPR,1.2675053906513693e-05
LPA,CRISPR,1.2670439683051516e-05
PPP1R12C,Expression,1.2669832881707531e-05
DNAJC4,Expression,1.2667184213887956e-05
SLC35E2B,Expression,1.2666850037906888e-05
POLR1D,CRISPR,1.2651033050485058e-05
GID4,Expression,1.2648522754590309e-05
WNT7A,CRISPR,1.2644868409406598e-05
HNRNPA3,Expression,1.2639905831966589e-05
ZDHHC23,Expression,1.2629600603526123e-05
H2BC5,CRISPR,1.2610724822375058e-05
TMEM144,Expression,1.259688420531865e-05
TANGO6,Expression,1.2589809419200216e-05
ACIN1,CRISPR,1.25837598474944e-05
ZNF837,Expression,1.2560286093756107e-05
TIMM22,CRISPR,1.255914347602348e-05
TMEM201,Expression,1.2545175413921675e-05
FMNL3,Expression,1.2541997631427912e-05
TCOF1,CRISPR,1.254162272159972e-05
ARPP19,CRISPR,1.2540259166932832e-05
RNF185,Expression,1.2536956056164912e-05
NIBAN3,Expression,1.2536509810258088e-05
CRISP1,CRISPR,1.2534112246879611e-05
IL4I1,Expression,1.2528068627623122e-05
VTCN1,CRISPR,1.2524313137590426e-05
DENR,CRISPR,1.2523557488194795e-05
ACY1,Expression,1.2523357608444888e-05
CPAP,CRISPR,1.2521780092681416e-05
TDRKH,Expression,1.2517563592584716e-05
PPP1R8,Expression,1.2515375673260108e-05
ZNF606,CRISPR,1.2512700484072182e-05
SNRPD2,Expression,1.251114755472816e-05
TTLL11,Expression,1.2508350960687744e-05
LAMTOR2,CRISPR,1.2505487553408207e-05
TYMS,Expression,1.250362416631114e-05
MYEOV,Expression,1.2501679041463096e-05
TMEM216,Expression,1.2494153153815243e-05
AK4,Expression,1.2482228385103135e-05
TCIRG1,Expression,1.2481974327208996e-05
MRPS28,CRISPR,1.2479935788252167e-05
PYM1,CRISPR,1.2479322410565565e-05
RGS14,Expression,1.2474109945724536e-05
ANO10,Expression,1.24685994690219e-05
GOLGA7B,Expression,1.2465027154265226e-05
ENKD1,CRISPR,1.2463924788191432e-05
PGD,Expression,1.245887544189343e-05
ATRIP,CRISPR,1.2454292574138773e-05
LRRC41,Expression,1.2449670890521032e-05
MEX3D,Expression,1.24416204335137e-05
PITHD1,Expression,1.2395414297577772e-05
SIMC1,CRISPR,1.238908774834108e-05
IL12RB1,CRISPR,1.2377992353885733e-05
RFK,Expression,1.2373564504849324e-05
LYPLA1,Expression,1.2372696159405765e-05
SBDS,Expression,1.2356780097661014e-05
PSG1,CRISPR,1.2336479710790465e-05
DBNDD1,Expression,1.2331196200840318e-05
ABL1,Expression,1.2330237012403328e-05
ALG9,CRISPR,1.2328501437134466e-05
CYTH4,Expression,1.2317615711575143e-05
DOLK,CRISPR,1.2313414242140668e-05
EPN2,Expression,1.2299715604864287e-05
NPM1,Expression,1.2280201850889286e-05
SPAG9,CRISPR,1.227963136120887e-05
SLC37A4,Expression,1.2276900059149237e-05
RAB1B,CRISPR,1.2260513600486166e-05
HTATSF1,CRISPR,1.2247274178498168e-05
CBX2,Expression,1.2222964923538472e-05
ESCO1,Expression,1.2219598146215565e-05
MORC2,Expression,1.2210489116320844e-05
BORCS8,CRISPR,1.2208510736117944e-05
ZNF852,Expression,1.219204831866493e-05
MRPL43,CRISPR,1.2189845417221412e-05
LARS1,Expression,1.2177476756734149e-05
PDK3,Expression,1.2176735641278984e-05
SNRNP27,Expression,1.2174780516704466e-05
SFXN5,Expression,1.2168949775282318e-05
VEGFA,Expression,1.2165655724642715e-05
KRTAP19-7,CRISPR,1.2161169235388e-05
PMFBP1,Expression,1.2155149370465923e-05
C16orf46,Expression,1.2153710422603786e-05
CCDC180,CRISPR,1.2146110153890644e-05
PCMTD2,Expression,1.21397971682871e-05
CARM1,CRISPR,1.2137203648844229e-05
DNAJC30,CRISPR,1.2131480300578528e-05
PHPT1,Expression,1.2128625695381813e-05
TRIM9,CRISPR,1.2126176077533629e-05
CRB2,Expression,1.2122967782863671e-05
DMAC2L,Expression,1.2119209304257112e-05
POLR1F,Expression,1.2092511066331306e-05
ELP3,Expression,1.209227981375789e-05
AATF,CRISPR,1.2086772292430548e-05
SLC25A33,CRISPR,1.2079965985306048e-05
CZIB,Expression,1.2074896341666724e-05
PLCG1,Expression,1.2074139718528591e-05
NUP153,Expression,1.2071873167895969e-05
PRKCA,Expression,1.2064420381009174e-05
DIABLO,Expression,1.2043206525763164e-05
NKAP,Expression,1.2043097610304737e-05
SOWAHC,Expression,1.2029479052294344e-05
ZNF587B,Expression,1.2023066165507958e-05
STARD3NL,Expression,1.2017945524248603e-05
NOP16,Expression,1.201456330605101e-05
DNAJC11,Expression,1.2013649129245878e-05
RNF115,CRISPR,1.2007554272224388e-05
ABHD17A,Expression,1.2002529887809208e-05
SKA3,CRISPR,1.1997150922894666e-05
PARP14,Expression,1.1995465479052595e-05
CNNM2,Expression,1.1992225457503711e-05
ATPAF2,Expression,1.198678667277235e-05
UBL4A,Expression,1.197372343179966e-05
HARS2,Expression,1.1962172720182235e-05
GPR3,Expression,1.1954802878839456e-05
GPRC5B,Expression,1.1953951228523211e-05
USP10,CRISPR,1.195315672610294e-05
BLTP3B,Expression,1.195297378790562e-05
GPR39,Expression,1.1947907769433246e-05
HSPA13,CRISPR,1.1933107891282874e-05
GATD1,Expression,1.192410238343019e-05
DMBX1,Expression,1.1922811971074514e-05
AMER2,CRISPR,1.1897125573789842e-05
CRTC1,Expression,1.189323691436641e-05
GCDH,Expression,1.1890004191078174e-05
PIGU,Expression,1.1887593071309942e-05
RND1,CRISPR,1.188546524474169e-05
PAEP,CRISPR,1.188363462777581e-05
CALCRL,Expression,1.1883585148960254e-05
NFKBIZ,Expression,1.1876546467523264e-05
MREG,CRISPR,1.1874653204750376e-05
RMND5A,CRISPR,1.18739543475737e-05
TUBE1,CRISPR,1.1872527374124144e-05
DCUN1D2,Expression,1.1864220608517342e-05
CADM4,CRISPR,1.1859411961846116e-05
TRIB1,CRISPR,1.1857402299006972e-05
AMY2A,CRISPR,1.1856855262903413e-05
SPTAN1,CRISPR,1.18550739738122e-05
SLC45A3,Expression,1.1847248846298707e-05
HLA-C,CRISPR,1.1837884024765882e-05
ZNF706,Expression,1.1836898044201304e-05
GTPBP8,CRISPR,1.1834656549118658e-05
USP27X,Expression,1.1830298882142296e-05
HOXB8,CRISPR,1.1817977163983056e-05
ABI1,Expression,1.1808271146395556e-05
ZFP3,Expression,1.1796774382336782e-05
PTRH1,CRISPR,1.1796425772841509e-05
CCDC22,CRISPR,1.179023577272624e-05
MCMBP,CRISPR,1.1783032853471829e-05
KRT32,CRISPR,1.1772699545365155e-05
DDX1,CRISPR,1.1763441399522328e-05
CMTM7,Expression,1.1754017260961437e-05
TRMT5,Expression,1.1746228736003189e-05
TUBB4B,CRISPR,1.1735202090929855e-05
WNT11,Expression,1.1728127323508707e-05
TRRAP,Expression,1.172352719740733e-05
SMAD7,Expression,1.1721958571607703e-05
SPARCL1,Expression,1.1717730766928e-05
VPS72,Expression,1.1712529941211824e-05
MICU2,Expression,1.1710268896044445e-05
MS4A15,CRISPR,1.1708252201724969e-05
CLDN6,CRISPR,1.1707086533937534e-05
GLUD1,Expression,1.169934138758237e-05
PTCD2,Expression,1.1692718848608937e-05
TERF2,Expression,1.1692715407424848e-05
SPSB1,Expression,1.1692060538077102e-05
PIP5K1C,Expression,1.1691658120961276e-05
IDH1,CRISPR,1.1687351077881303e-05
ZNF100,Expression,1.1685559837098731e-05
KIF2C,Expression,1.168529056108376e-05
KRT16,Expression,1.1673823221169525e-05
BTAF1,Mutation,1.167341399551276e-05
NOTCH3,Expression,1.1659341527962023e-05
PARS2,CRISPR,1.1658844672379608e-05
GSTP1,Expression,1.1658616974812456e-05
VPS26A,CRISPR,1.1654873365836302e-05
GCC2,Expression,1.1648467115493767e-05
POLR3D,CRISPR,1.1647880932780313e-05
SAMM50,CRISPR,1.1630317500521124e-05
NOL8,Expression,1.1629709148250404e-05
C9orf85,Expression,1.1625982466197187e-05
FUBP3,Expression,1.162362835717866e-05
CFAP410,Expression,1.1618288064968603e-05
UTRN,Expression,1.1610766529745213e-05
MRC2,Expression,1.1609038454299447e-05
LSM10,CRISPR,1.1608960754774844e-05
TRMT61A,CRISPR,1.1607483181673213e-05
CNST,Expression,1.1597786872514618e-05
SMUG1,CRISPR,1.1588741647012822e-05
EPM2A,Expression,1.1582164007605369e-05
GPR35,Expression,1.1577684801179653e-05
BTBD10,Expression,1.1571467831834365e-05
SESN2,Expression,1.1570514514345752e-05
SYTL3,Expression,1.1562225211522309e-05
NEK7,Expression,1.1552228242640071e-05
PPCDC,Expression,1.154760429590504e-05
ZBTB17,CRISPR,1.1535983462048376e-05
PRR5,Expression,1.1534074725741516e-05
DPM1,CRISPR,1.1524813566157068e-05
KLHL8,Expression,1.152378794292252e-05
IGSF9B,Expression,1.1522449392966462e-05
CGAS,Expression,1.1514517570154736e-05
UQCRC2,Expression,1.150184401662412e-05
GART,CRISPR,1.1500672126871156e-05
TRMO,Expression,1.149433590923822e-05
TTC4,Expression,1.1483945451838196e-05
SELENOF,Expression,1.148350621782505e-05
DBF4B,CRISPR,1.1480805086508683e-05
PRR22,Expression,1.148024666807128e-05
ZSWIM6,Expression,1.1472920279188722e-05
BRCA1,CRISPR,1.1461341879678809e-05
UTP6,CRISPR,1.14552413150656e-05
SLC4A1AP,Expression,1.1447679609518388e-05
POLE3,Expression,1.1443898235594932e-05
DDX17,Expression,1.1442654608932862e-05
CYB5R4,Expression,1.1440016758863403e-05
PSENEN,CRISPR,1.1438682003363258e-05
FAM89A,Expression,1.1434860273564403e-05
EIF2B3,Expression,1.142220314389789e-05
BDKRB2,Expression,1.1410971359082053e-05
RANBP2,Expression,1.1395282695175512e-05
FRMD8,Expression,1.1379285686683182e-05
TMEM69,CRISPR,1.1375195102898898e-05
SHISA5,CRISPR,1.1371727133248266e-05
CENPT,Mutation,1.1358339582454846e-05
URGCP,Expression,1.1355041708755384e-05
TMEM242,CRISPR,1.1334455469347703e-05
NAA35,CRISPR,1.1329567670210886e-05
ATF7IP2,Expression,1.132519506951718e-05
ESYT3,Expression,1.1307868634512684e-05
NWD1,CRISPR,1.1306663568800044e-05
RAB11A,CRISPR,1.1297507679820394e-05
CLHC1,Expression,1.129739362767338e-05
ATF7IP,Expression,1.1289418949988672e-05
HADHB,Expression,1.128880256231142e-05
MRPL1,CRISPR,1.1287361688804992e-05
SH3TC2,Expression,1.1287291806172396e-05
PRXL2B,Expression,1.1276897382346312e-05
NAP1L4,Expression,1.1270832550323814e-05
ATMIN,CRISPR,1.1268766658269292e-05
SAPCD1,Expression,1.12651588126422e-05
PECR,Expression,1.1237875762527865e-05
ZFYVE26,Expression,1.1235019182887997e-05
UBE2V1,Expression,1.1227694907869211e-05
EEF2K,Expression,1.1226021068342072e-05
MX2,Expression,1.1224431845794695e-05
SF3B2,Expression,1.1223201708003664e-05
BSCL2,CRISPR,1.121799550758126e-05
BEND3,CRISPR,1.121534552755058e-05
UBE2Z,CRISPR,1.1207249843927397e-05
HOXA4,Expression,1.1206117174477578e-05
GNB4,CRISPR,1.1197489874454755e-05
TMEM171,Expression,1.1196012764745252e-05
TBC1D9,Expression,1.1190372478607292e-05
DENND2D,CRISPR,1.1188871506922676e-05
PGM1,Mutation,1.1187680227968143e-05
SLC7A6OS,Expression,1.118574273898416e-05
ADRB1,Expression,1.1179643067050318e-05
LRBA,Expression,1.1179057363971957e-05
METTL5,CRISPR,1.116525530358601e-05
PCGF2,Expression,1.116051337805986e-05
ADGRE1,CRISPR,1.1146897146252202e-05
NOCT,CRISPR,1.114338998720946e-05
TCEA2,Expression,1.1141220076249947e-05
ZMIZ2,CRISPR,1.1129774527864672e-05
RHEB,CRISPR,1.1122545246211058e-05
ATP5PF,Expression,1.112185770118584e-05
AASDHPPT,CRISPR,1.112048245710186e-05
UBFD1,CRISPR,1.1113570837135922e-05
LAP3,Expression,1.1110396412077782e-05
MACROH2A2,CRISPR,1.1101106074701027e-05
TP53I3,CRISPR,1.110088060558175e-05
TM2D3,CRISPR,1.1100818206101596e-05
YIPF3,Expression,1.1091258916532074e-05
CD14,Expression,1.108961638607242e-05
SLC5A5,CRISPR,1.1077366682427471e-05
C17orf67,Expression,1.1077253145863329e-05
FUBP1,Expression,1.1070357796141513e-05
SCARB1,Expression,1.1068995787447705e-05
DSTN,CRISPR,1.1064304294499105e-05
S100A16,Expression,1.1063325656950722e-05
WDR89,CRISPR,1.1062557588985756e-05
ZNF283,Expression,1.104598818513501e-05
KATNB1,CRISPR,1.1043183253709044e-05
PEX11B,CRISPR,1.1030343252307108e-05
ARF6,Expression,1.1023433185276482e-05
MAEA,CRISPR,1.1012496263283587e-05
ELP5,Expression,1.1009056888973911e-05
AKT1S1,Expression,1.1005279935476792e-05
RPAP2,CRISPR,1.1004035101699818e-05
ZCCHC9,CRISPR,1.1003706537180546e-05
COL4A6,Mutation,1.100138382835212e-05
CYLD,Expression,1.0998365570299886e-05
H2BC17,CRISPR,1.0996368141904529e-05
CNTNAP3C,Expression,1.0979376152724838e-05
IL37,Expression,1.0979019177371182e-05
SPATA17,Expression,1.0974900367473274e-05
GIGYF1,CRISPR,1.0960918929026244e-05
UBAC2,Expression,1.0956503864603247e-05
CBLN1,CRISPR,1.0951230106583956e-05
CD99L2,Expression,1.09472667766499e-05
ZNF451,Expression,1.0946838098610563e-05
DHRS12,Expression,1.0926678348123418e-05
RAB11FIP3,CRISPR,1.092611969320102e-05
NLRC3,Expression,1.0920624403991508e-05
MDH1,Expression,1.0919090099070094e-05
AAAS,Expression,1.091740089132198e-05
PRR13,CRISPR,1.09170825123174e-05
FBXL4,Expression,1.0912456682815126e-05
CERK,CRISPR,1.0892169649257038e-05
SKIL,CRISPR,1.08830061457015e-05
CCDC12,CRISPR,1.0881536311044577e-05
ZBTB4,Expression,1.087884779791603e-05
SEC11A,CRISPR,1.087485822520859e-05
GBP3,CRISPR,1.0874525515240491e-05
TADA3,CRISPR,1.0868421280254916e-05
MAP4,Expression,1.0866628077880157e-05
H2BC26,CRISPR,1.085202573657517e-05
BCL9,CRISPR,1.0846000082695909e-05
NFKB1,Expression,1.0843783524105496e-05
SMPD1,Expression,1.084120415293015e-05
NPRL3,Expression,1.083748189165585e-05
HOMER2,Expression,1.082809739547933e-05
EVA1C,Expression,1.0826369112436052e-05
HID1,Expression,1.0823371390222584e-05
GPRASP2,Expression,1.0815894967215074e-05
KIF4B,Expression,1.0804743939887892e-05
IL12RB2,CRISPR,1.0794924052189555e-05
DEDD,Expression,1.078517753964467e-05
SIN3B,CRISPR,1.0781075807356968e-05
RRP9,CRISPR,1.0776362998265652e-05
CTAGE1,CRISPR,1.076930225759355e-05
ZNF559,CRISPR,1.0764405611857207e-05
CHN1,Expression,1.0752227834737995e-05
MCM6,CRISPR,1.0751857025138691e-05
VCF2,CRISPR,1.0750349353786108e-05
GOLGA4,Expression,1.074855272815228e-05
THG1L,CRISPR,1.0747615345226372e-05
PNRC2,Expression,1.0732741596808952e-05
UNC119,Expression,1.0731203248499309e-05
KIAA2013,Expression,1.0727953008829129e-05
HNRNPR,Expression,1.0727227467223525e-05
HTRA2,Expression,1.071700069986213e-05
ENTPD7,Expression,1.0708339676285485e-05
CAPN1,CRISPR,1.0701940330046357e-05
BMP8B,Expression,1.0691438009711364e-05
CDCA7,Expression,1.068492736945832e-05
ZNF747,Expression,1.0678311840099324e-05
CERT1,CRISPR,1.064941439652382e-05
ZNF407,Expression,1.0640508517825626e-05
TERF2IP,Expression,1.0637314544640178e-05
PSAT1,CRISPR,1.062970634073932e-05
SAA2,Expression,1.062636633004914e-05
ACTR8,CRISPR,1.0624592567767377e-05
KRTCAP2,CRISPR,1.0617364264858162e-05
ZNF281,Expression,1.0605462461220309e-05
ZNF146,Expression,1.0590576826177806e-05
ANKRD31,CRISPR,1.0584303077978505e-05
ANGEL2,Mutation,1.058320160909432e-05
WBP4,CRISPR,1.057478731067712e-05
POLG2,CRISPR,1.0569094368552508e-05
C4orf33,Expression,1.0567841311743091e-05
COL9A3,CRISPR,1.0563715927655864e-05
TRIM17,CRISPR,1.0555078232114278e-05
IFITM2,CRISPR,1.0534155836700557e-05
ZNF706,CRISPR,1.0530452249582804e-05
ZNF253,Expression,1.0525049530699653e-05
LZIC,Expression,1.051950534037774e-05
PCDHB11,Mutation,1.0518199308417308e-05
ARMC5,CRISPR,1.0516529670396748e-05
KIF3A,Expression,1.0514734887348376e-05
ZNF703,Expression,1.0509326269280826e-05
SHISA4,Expression,1.0498165387685958e-05
DIS3L,CRISPR,1.0497338575415455e-05
SLC25A31,CRISPR,1.0495357718240947e-05
GRHPR,Expression,1.0495015041463713e-05
CREBBP,Expression,1.0475337057467076e-05
DCTN2,CRISPR,1.0471769853635676e-05
FDFT1,Expression,1.045051113744066e-05
MPHOSPH9,Expression,1.0445564489576169e-05
COMMD3,CRISPR,1.0440497041585075e-05
ZNF236,Expression,1.043846715023578e-05
CITED2,Expression,1.0434507341643506e-05
CA5A,CRISPR,1.042556828121023e-05
JUP,CRISPR,1.0416731295043247e-05
WFS1,Expression,1.0414884144167253e-05
HYKK,CRISPR,1.0414108078798727e-05
VPS51,Expression,1.0408965126107138e-05
ZNF75A,CRISPR,1.0407717917247164e-05
GLA,Expression,1.040076121414121e-05
RAD9B,Expression,1.0397542499077962e-05
NAA35,Expression,1.0395732238216146e-05
TACSTD2,CRISPR,1.0392184840004591e-05
ZNF584,Expression,1.0389230630249051e-05
BLOC1S1,Expression,1.0388915286696256e-05
EIF2AK3,Expression,1.038814677908084e-05
H2BC4,Expression,1.038437168612451e-05
ANKRD22,Expression,1.0379486222310529e-05
OSBPL2,CRISPR,1.0377974132271212e-05
TNFSF12,Expression,1.0358608534825984e-05
CHP1,CRISPR,1.0352047902736972e-05
ZNF593OS,Expression,1.0349839316528484e-05
MIB2,Expression,1.0348065512035328e-05
TAS2R43,CRISPR,1.0345308097123526e-05
CABLES1,Expression,1.0344485969842468e-05
MXRA7,CRISPR,1.034119798479356e-05
ZMYM2,CRISPR,1.03258527229925e-05
VEGFC,Expression,1.0324748097066251e-05
AGRN,CRISPR,1.0317859741628096e-05
CYTH1,Expression,1.0305945241691238e-05
CISD3,CRISPR,1.0301043647139615e-05
DNAJA3,Expression,1.0295828808835824e-05
AK6,Expression,1.0295658479101371e-05
C2orf69,Expression,1.0287314656741375e-05
DOCK7,CRISPR,1.0272484423285511e-05
COQ9,Expression,1.0269654070782942e-05
ORC3,CRISPR,1.0267917011468886e-05
PAK4,Expression,1.0260892505868408e-05
PSMB8,Expression,1.026018163816821e-05
HPS1,Expression,1.0258252665091153e-05
COX7C,CRISPR,1.0252024145689232e-05
POMGNT2,Expression,1.024357592596292e-05
ADAM10,CRISPR,1.0229560363165524e-05
PTP4A1,CRISPR,1.021982316195504e-05
ANKMY2,Expression,1.0216756766747703e-05
EEF1AKMT3,CRISPR,1.0215440511783815e-05
ZNF860,Expression,1.0206665943867608e-05
SLC30A7,Expression,1.020404351483134e-05
GMEB1,Expression,1.0202485820862204e-05
POGK,Expression,1.0200381320850056e-05
CFAP300,Expression,1.019652724989727e-05
RNF222,Expression,1.0195721924508227e-05
USF1,CRISPR,1.019567972523186e-05
SLC22A14,Expression,1.01863601607276e-05
BBS10,Expression,1.017935681716689e-05
PCNX2,Expression,1.0172282840929126e-05
TEX29,CRISPR,1.0160767607075809e-05
WDR82,Expression,1.0159378654397558e-05
ZNHIT6,Expression,1.0150263775043756e-05
DHX16,Expression,1.0141470156218883e-05
C6orf62,Expression,1.01380775968882e-05
ECPAS,Expression,1.0135483169416832e-05
ASF1A,CRISPR,1.0128524279464893e-05
BAZ1B,Expression,1.0127086702676896e-05
TPPP3,CRISPR,1.0117473750750706e-05
ABCC5,Expression,1.0116137492492558e-05
SGPP1,CRISPR,1.0113940740817e-05
RAB33A,Expression,1.0112813923090888e-05
CD37,Expression,1.0106406755523474e-05
PNMA2,Expression,1.010351586489428e-05
PIGV,Expression,1.0092409599806754e-05
CD34,Expression,1.0086363983404368e-05
TMEM184A,Expression,1.008545015215779e-05
DHRS11,Expression,1.0083326425313693e-05
CDKL3,Expression,1.008204126793696e-05
GCNA,CRISPR,1.0079348491096702e-05
TOR1AIP2,CRISPR,1.0077936750296464e-05
EXOC2,CRISPR,1.0075264741054226e-05
PCDHGC3,CRISPR,1.0072791509000584e-05
KIZ,Expression,1.00626499647687e-05
ENPP7,CRISPR,1.0056547523140924e-05
RMP24,CRISPR,1.0055525839706404e-05
SPOCK1,Expression,1.005282768897048e-05
IST1,CRISPR,1.004099582385384e-05
BBS7,Expression,1.0037721108354304e-05
EIF1,Expression,1.003391469451001e-05
GDI2,CRISPR,1.0032752844758498e-05
ZNF726,Expression,1.0029373000753645e-05
COPS3,Expression,1.0023479377123086e-05
ARF1,CRISPR,1.0021274106492e-05
DMBT1,Expression,1.001267721579996e-05
ZNF827,Expression,1.0009243705011151e-05
ORC1,Expression,1.0008543905525892e-05
BICRAL,Expression,1.0003998369214754e-05
NAA30,CRISPR,9.995949665793371e-06
EOGT,CRISPR,9.99536055050046e-06
PPP2R5D,Expression,9.990055903880111e-06
CTPS2,Expression,9.981867354172508e-06
RIF1,CRISPR,9.980469839860617e-06
MAP2K5,CRISPR,9.978636705665455e-06
CAMK2G,Expression,9.976787983545936e-06
AQP10,CRISPR,9.967855714788588e-06
SPTLC1,Expression,9.965407962366024e-06
SETX,CRISPR,9.96188445816674e-06
CAPN7,Expression,9.9514549139691e-06
ACSL1,Expression,9.9456706859804e-06
VPS37B,Expression,9.94422135956232e-06
GNG13,Expression,9.94194461055196e-06
DLG5,CRISPR,9.940292417098492e-06
CBLN3,Expression,9.939384262885167e-06
CCDC90B,Expression,9.930483775176016e-06
SRPRA,CRISPR,9.915200761577089e-06
TXNDC17,Expression,9.911934124872825e-06
ATP1B2,CRISPR,9.90395234319906e-06
TOP2B,Expression,9.898852629358151e-06
DENND4A,Expression,9.896872977177246e-06
MTMR4,CRISPR,9.896784831318492e-06
POLR1B,Expression,9.892444267990127e-06
AMD1,Expression,9.891406325375008e-06
TUBA1C,Expression,9.888085173481213e-06
TOMM34,Expression,9.881691816127669e-06
LYSMD4,Expression,9.873903884888154e-06
TENT2,Expression,9.854338481965612e-06
C11orf68,CRISPR,9.851987932921744e-06
CORO6,CRISPR,9.843950964253314e-06
RPS21,Expression,9.8267938358609e-06
SPACA9,Expression,9.81276216321838e-06
SPSB2,Expression,9.8124417954529e-06
RNGTT,Expression,9.809176274195848e-06
API5,CRISPR,9.807129904086602e-06
DGLUCY,Expression,9.8056356840551e-06
ERP44,CRISPR,9.80521056858805e-06
SARNP,CRISPR,9.7758700833979e-06
WFDC3,Expression,9.774004898129182e-06
ACOX2,Expression,9.77295391620384e-06
TMEM126B,CRISPR,9.771965045132882e-06
AQR,Expression,9.769431420545527e-06
DTX2,CRISPR,9.766799728165114e-06
TET1,Expression,9.758081318697658e-06
MKS1,Expression,9.755478381745323e-06
COX6C,CRISPR,9.730707523311445e-06
ALDH3A2,Expression,9.727885539488275e-06
CACNA2D2,CRISPR,9.725122435689716e-06
SLC4A11,Expression,9.720131840936604e-06
ARL4D,CRISPR,9.71854219442267e-06
PGRMC1,CRISPR,9.712164596838923e-06
FAM98B,CRISPR,9.712134854054255e-06
KIAA2013,CRISPR,9.711757918929542e-06
NUP188,Expression,9.711332958089167e-06
MPDU1,Expression,9.693691662288236e-06
TMEM214,Expression,9.693494608149197e-06
PLEKHG5,Expression,9.69051768942746e-06
RHOT1,CRISPR,9.690055053068838e-06
LAMTOR1,Expression,9.684480661423894e-06
ATXN7L3B,Expression,9.680461764466484e-06
CRYGD,CRISPR,9.675942760643317e-06
TRUB2,Expression,9.666742023581016e-06
DOHH,CRISPR,9.664509263266415e-06
DNASE1,Expression,9.658465397479358e-06
VCPIP1,Expression,9.656860397705424e-06
CTXN1,CRISPR,9.65608654157848e-06
LRRC40,Expression,9.647740913293757e-06
USP48,Expression,9.640992354878315e-06
KRT10,Expression,9.631947315886855e-06
MAPK8IP3,Expression,9.625206480043096e-06
PEX26,CRISPR,9.615069314765216e-06
CLK3,Expression,9.606365890290702e-06
LDLR,Expression,9.598859297221723e-06
PCYT1A,Expression,9.59642612259894e-06
KATNBL1,Expression,9.594430439567007e-06
SF3A3,Expression,9.592283976853636e-06
ARMH3,Expression,9.59147249405864e-06
EAPP,CRISPR,9.587520048491268e-06
PDPR,Expression,9.586585597559308e-06
RPL18,Expression,9.583831312974728e-06
KCTD5,Expression,9.578668516977577e-06
SPRED2,Expression,9.563053242085028e-06
MSRB2,Expression,9.558999668487067e-06
KDM2A,Expression,9.556742923645376e-06
LGALS8,Expression,9.54694032071052e-06
TBRG1,Expression,9.538925181269865e-06
PARP2,Expression,9.527366207446522e-06
TIAM2,Expression,9.523076691803277e-06
MFSD6,Expression,9.51029275379279e-06
P4HA2,CRISPR,9.508411331174989e-06
KCNJ13,Expression,9.498989571178514e-06
BCL7A,Expression,9.49479268784662e-06
OTUD5,Expression,9.488143603935709e-06
DAP,CRISPR,9.482563835290252e-06
CDH10,Mutation,9.481686146796164e-06
EIF3L,CRISPR,9.468611228126845e-06
DNAJB1,Expression,9.467892631063005e-06
TNFRSF12A,CRISPR,9.466897110794492e-06
SIGLEC10,Mutation,9.45925061255366e-06
PPP1CC,CRISPR,9.455373700217422e-06
UBE2Z,Expression,9.455018904381926e-06
GBP2,Expression,9.45484082326738e-06
TCAF2,Expression,9.453994360173764e-06
NOSIP,Expression,9.45376070290266e-06
NR2F6,Expression,9.450903438146182e-06
MRPS7,CRISPR,9.447957674742105e-06
MYH11,Expression,9.442093798751054e-06
ZNF772,Expression,9.440521160871953e-06
ZBTB38,Expression,9.434603852386932e-06
ZPR1,Expression,9.42981792180574e-06
EIF2S2,Expression,9.42462372522778e-06
AVP,CRISPR,9.418352157193652e-06
LRPAP1,Expression,9.417991279141536e-06
ATP7A,Expression,9.41421038513273e-06
ARFGAP1,Expression,9.414108486263342e-06
TOGARAM2,Expression,9.396560501626098e-06
CAPG,CRISPR,9.39558717625284e-06
HSBP1,Expression,9.395162245003372e-06
UCKL1,Expression,9.391321225602586e-06
KCTD10,CRISPR,9.376908287414708e-06
CRK,Expression,9.375806749080616e-06
ASAP2,Expression,9.372850170500764e-06
ALDH1B1,Expression,9.369085334803491e-06
UBAP2,Expression,9.366157230302452e-06
ETF1,Expression,9.364582717307989e-06
ATP1B1,Expression,9.362680084684345e-06
SRSF4,CRISPR,9.35659286383325e-06
SGF29,Expression,9.354398933422686e-06
TRNAU1AP,CRISPR,9.35097683304451e-06
ZZZ3,CRISPR,9.349851225737936e-06
ACTRT3,CRISPR,9.326714423658113e-06
ZMYND15,Expression,9.310838162557304e-06
SHBG,CRISPR,9.30924091164894e-06
PPP1R14B,CRISPR,9.300744026505188e-06
FNIP2,Expression,9.296807321798863e-06
MCF2L2,Expression,9.29316277705335e-06
ZNF444,Expression,9.291646074994232e-06
HIBADH,Expression,9.270624622424771e-06
CCDC69,Expression,9.26712623650708e-06
EIF3L,Expression,9.266462555431412e-06
DAPP1,CRISPR,9.255214259071684e-06
THSD8,Expression,9.253541123669484e-06
AVPR1A,CRISPR,9.248239885275305e-06
DPP7,CRISPR,9.24442748013736e-06
KANSL2,CRISPR,9.237624692807657e-06
SOX9,CRISPR,9.229683002868227e-06
FAM200C,Expression,9.229205315034376e-06
COMMD7,CRISPR,9.22913414251606e-06
C2orf81,Expression,9.223035324074928e-06
GTF2IRD2B,Expression,9.218702862228977e-06
PDCL3,CRISPR,9.213246458664308e-06
CEACAM6,Expression,9.210188851994311e-06
RIBC1,Expression,9.209050760245472e-06
RASAL2,Expression,9.208138613372918e-06
ZNF322,Expression,9.203326981361558e-06
DMBT1,Mutation,9.200839551844808e-06
FEM1C,Expression,9.200030099831656e-06
PYGM,Expression,9.188837059167244e-06
CENPF,Expression,9.18218780858471e-06
FGD4,Expression,9.176881349816542e-06
POLR3C,Expression,9.175911215481516e-06
KCTD18,Expression,9.175880975144504e-06
RBM28,CRISPR,9.170900737280094e-06
SCN5A,Expression,9.16349170478783e-06
SLC9A3,Expression,9.152865989846811e-06
NSUN3,CRISPR,9.147809359681632e-06
ZCWPW1,Expression,9.143268612994315e-06
UQCRQ,CRISPR,9.139383945940323e-06
MED13,CRISPR,9.131226790299122e-06
CEP43,CRISPR,9.129830269882382e-06
MMP17,Expression,9.122795145800716e-06
SDF4,Expression,9.122153446847874e-06
ZNF250,Expression,9.120788386059746e-06
MILR1,Expression,9.115047490595168e-06
SMURF2,CRISPR,9.113158183733292e-06
NCDN,CRISPR,9.105827801915724e-06
GLO1,Expression,9.10523288255014e-06
GSTM3,Expression,9.08531654596335e-06
PEX10,CRISPR,9.077161072960913e-06
CCDC106,CRISPR,9.075484141999611e-06
ADGRA3,Expression,9.06906167979991e-06
SSUH2,Expression,9.066158149939909e-06
FZD5,Expression,9.066082358389444e-06
POLA1,Expression,9.063747431014671e-06
SLC49A4,Expression,9.057595450525184e-06
HSPB9,CRISPR,9.056224384443146e-06
KIFC1,Expression,9.049783953842277e-06
NDE1,Expression,9.04820862204064e-06
CDK2AP1,Expression,9.04286271537764e-06
ORC1,CRISPR,9.032701278362572e-06
HNRNPL,Expression,9.032578905037464e-06
NDUFB5,Expression,9.002510658498729e-06
METTL15,CRISPR,8.992301429810731e-06
CCDC88C,Expression,8.989960013017827e-06
MUS81,CRISPR,8.986487060033667e-06
HELZ,CRISPR,8.98252539575494e-06
POLE,Expression,8.980292919878954e-06
UQCC4,CRISPR,8.979045734926529e-06
ZNF318,CRISPR,8.976866820773739e-06
CPT2,CRISPR,8.975915799290775e-06
MCM3,Expression,8.975325824473179e-06
MRPS26,CRISPR,8.974004053678101e-06
VPS29,CRISPR,8.966848285716222e-06
INTS15,CRISPR,8.96060789552411e-06
HCAR1,Expression,8.950048704844723e-06
MTFMT,Expression,8.945354977148357e-06
OGA,Expression,8.940977572270699e-06
ISL2,Expression,8.935229450576674e-06
IPP,Expression,8.933075934790054e-06
SIGMAR1,Expression,8.926052333404948e-06
PCDHGA7,CRISPR,8.924545673640035e-06
MEX3B,CRISPR,8.923194330696406e-06
MAFF,CRISPR,8.921444406377908e-06
DHX15,Expression,8.920849670673778e-06
TMEM131L,Expression,8.92067784103774e-06
KAT14,Expression,8.91922960593248e-06
CLDN3,Expression,8.916503000399135e-06
PPP1R15A,Expression,8.904780302994377e-06
RNF215,Expression,8.904244131397987e-06
FCGR2A,Expression,8.903816469790234e-06
ATP1B4,CRISPR,8.899071498304948e-06
LEKR1,Expression,8.897539478275608e-06
IMPDH2,Expression,8.897427881835174e-06
SERINC1,Expression,8.894456957727555e-06
PLEKHB1,CRISPR,8.892930282786447e-06
APOBEC3D,CRISPR,8.89117516320592e-06
ZNF730,CRISPR,8.884032036179285e-06
TNS2,CRISPR,8.878943977214205e-06
ATIC,Expression,8.875939953241301e-06
ATP6V1E1,Expression,8.86466389564506e-06
SEC24A,CRISPR,8.86463852322553e-06
NRAS,Expression,8.85602840376758e-06
FAM120AOS,Expression,8.85576011709474e-06
EEFSEC,CRISPR,8.851910255517509e-06
LYRM2,Expression,8.841931391869343e-06
KDM4A,Expression,8.840181457617253e-06
TOMM5,Expression,8.840113057438067e-06
GOSR2,Expression,8.839443964404229e-06
UNC5CL,CRISPR,8.834442786093353e-06
ZBTB7A,CRISPR,8.833929198172487e-06
C12orf60,Expression,8.82306626349171e-06
MRPL24,CRISPR,8.817767495353511e-06
LRRC37B,CRISPR,8.81614950296997e-06
TPRKB,CRISPR,8.81338156137331e-06
NDUFB9,CRISPR,8.809309363480186e-06
KEAP1,Expression,8.806840972890223e-06
MRPS18A,CRISPR,8.803081880039194e-06
CFB,CRISPR,8.799685765472433e-06
MGAT1,Expression,8.796393783630346e-06
ZBTB5,Expression,8.793591612110227e-06
SLC25A26,CRISPR,8.790910923951447e-06
SERHL2,CRISPR,8.790113471223198e-06
STARD4,Expression,8.785987962412353e-06
IPO5,CRISPR,8.784259715926851e-06
TM9SF3,Expression,8.783165247132196e-06
GTSE1,Expression,8.782665845632701e-06
EIF4G2,Expression,8.78127634326531e-06
NFKBIL1,Expression,8.748596410205842e-06
ADCK2,Expression,8.747396881740743e-06
SPAG16,Expression,8.746685053813876e-06
SDR42E1,Expression,8.745385576233094e-06
IRF4,Expression,8.74181024422608e-06
CDC14A,Expression,8.73963877693692e-06
SAMM50,Expression,8.737047065005579e-06
FIBP,Expression,8.736968138558863e-06
HIRA,Expression,8.724538932249452e-06
PPIH,Expression,8.716346690754966e-06
PLAC8,CRISPR,8.711836666206357e-06
CDH23,Expression,8.703946750175886e-06
BCS1L,CRISPR,8.701885061006616e-06
SCYL1,Expression,8.699419547988492e-06
RAB2B,Expression,8.696516804721975e-06
FUOM,Expression,8.688439208270717e-06
REXO5,Expression,8.68516594998255e-06
STMN1,Expression,8.684872271870836e-06
GTF3A,Expression,8.683133786196795e-06
CALR,CRISPR,8.681657320241681e-06
DNAJC22,CRISPR,8.681188864275446e-06
RECQL5,CRISPR,8.679312731573533e-06
ZC3H6,Expression,8.67445299857555e-06
MEX3A,Expression,8.668598133350001e-06
PITRM1,Expression,8.663884447015126e-06
USP44,CRISPR,8.662098284367235e-06
CNIH2,Expression,8.650458227225986e-06
ACOX1,CRISPR,8.646143830022838e-06
DXO,Expression,8.643844398558738e-06
NCALD,Expression,8.637485585681632e-06
AGMAT,Expression,8.635691152618045e-06
SFR1,Expression,8.617898842512069e-06
TMEM17,Expression,8.616350273770467e-06
EHD1,Expression,8.615351918452045e-06
NUF2,Expression,8.61388243152052e-06
VPS51,CRISPR,8.61129875310704e-06
DENND2C,CRISPR,8.589390384738194e-06
MAGED2,Expression,8.589327256818106e-06
YEATS4,Expression,8.588890317652555e-06
EEA1,Expression,8.588882379754494e-06
EEF1AKMT2,CRISPR,8.58851588574879e-06
RGS10,Expression,8.581571150671938e-06
GGACT,Expression,8.574418567676265e-06
TRIP4,CRISPR,8.574271746247042e-06
PDCD1LG2,Expression,8.57083652376048e-06
MRPL22,CRISPR,8.569120987570211e-06
SEC61B,CRISPR,8.56370300213801e-06
ATXN10,CRISPR,8.562341271931611e-06
ARGLU1,CRISPR,8.548512908530852e-06
ZBTB48,Expression,8.543376495346819e-06
POLG,Expression,8.53539236186779e-06
FOSL2,Expression,8.52448543638545e-06
CHRAC1,CRISPR,8.517627161324411e-06
DPH7,CRISPR,8.510349669428544e-06
NHLRC2,Expression,8.509543285484918e-06
RANBP9,CRISPR,8.504243629200329e-06
ANLN,Expression,8.50222253066511e-06
ZBTB40,Expression,8.494208311345462e-06
BAP1,CRISPR,8.491706556232915e-06
PROS1,CRISPR,8.488294111461086e-06
DDTL,Expression,8.479614820718647e-06
ZNF391,Expression,8.477922117766344e-06
DHX37,Expression,8.461600531006515e-06
PLA2G12A,Expression,8.456423063177615e-06
OSBPL2,Expression,8.456236568972253e-06
ZEB2,CRISPR,8.451539445165388e-06
SP1,Expression,8.450925956372743e-06
MAST3,CRISPR,8.448803305274097e-06
ARHGEF37,Expression,8.447266071874806e-06
STOML1,Expression,8.437499514626537e-06
KCNA10,CRISPR,8.433227728164726e-06
MZF1,Expression,8.432059044132219e-06
BTNL9,Expression,8.428118358635944e-06
LSM11,CRISPR,8.426311247295661e-06
DPY19L3,Expression,8.424257262030432e-06
RNF6,CRISPR,8.421669943347115e-06
GNB1,CRISPR,8.420191334048108e-06
ZBTB39,Expression,8.415026064454678e-06
C5orf34,Expression,8.41477489753955e-06
SHC1,CRISPR,8.397023694307265e-06
SMIM5,Expression,8.392434882338798e-06
NGFR,CRISPR,8.386394102385704e-06
CDK2AP1,CRISPR,8.37625924271407e-06
RAD23B,CRISPR,8.367618342806333e-06
HLX,Mutation,8.359337057635585e-06
NPIPB8,Expression,8.356172965290513e-06
HSF1,CRISPR,8.353343737092395e-06
HRAS,CRISPR,8.347108776863e-06
OGFOD1,Expression,8.347091050049732e-06
FIP1L1,CRISPR,8.345078930532258e-06
PIGN,Expression,8.344243772853606e-06
TMED4,Expression,8.343775845698297e-06
CIAO2A,Expression,8.341887619790226e-06
DCLRE1C,Expression,8.3414933669957e-06
VPS16,Expression,8.340893247567735e-06
MAP4K5,Expression,8.339643819569552e-06
YIPF6,Expression,8.33745470428334e-06
PQBP1,Expression,8.328646552096906e-06
MADD,Expression,8.328044497670357e-06
CYP26B1,Expression,8.323173563125933e-06
ICAM5,Expression,8.319226647104394e-06
BCL10,Expression,8.314495870227206e-06
ST6GALNAC1,CRISPR,8.307260491667006e-06
DCP2,CRISPR,8.296813359400425e-06
CAPRIN2,CRISPR,8.27982585384747e-06
ATPSCKMT,Expression,8.279372268148746e-06
ASCC3,CRISPR,8.277948538784406e-06
PLPP1,Expression,8.268296915261433e-06
TEDC2,Expression,8.257561032922092e-06
SPC24,Expression,8.256786838023722e-06
SLC29A2,CRISPR,8.252998178841393e-06
EMC4,CRISPR,8.251144356654891e-06
MISP3,Expression,8.247360612704864e-06
NGRN,Expression,8.223918293795855e-06
NRBP1,Expression,8.211782031089117e-06
ARTN,Expression,8.198090590193797e-06
CASK,Expression,8.196592892017192e-06
HAP1,CRISPR,8.188038154065302e-06
KCNK12,CRISPR,8.186216555156539e-06
WDR46,Expression,8.182967914314342e-06
PCIF1,Expression,8.178529397666826e-06
ERG28,Expression,8.175786395467344e-06
JDP2,Expression,8.173441429769304e-06
SELENOH,CRISPR,8.16520053364088e-06
MAPKAPK5,CRISPR,8.140162332949649e-06
IDH1,Expression,8.13810294942628e-06
ZC3H4,CRISPR,8.122393758691837e-06
YIPF5,Expression,8.099862938448735e-06
MARS2,Expression,8.098455601240546e-06
MED17,Expression,8.09562037364978e-06
GINM1,Expression,8.08722332611462e-06
NCOR2,CRISPR,8.08300112953929e-06
NXNL2,Expression,8.082698413458578e-06
SIVA1,CRISPR,8.082302825658175e-06
TGFBR3L,Expression,8.080772089792015e-06
RAD1,CRISPR,8.07830601549115e-06
ZNRD2,CRISPR,8.077152557355221e-06
GAS6,Expression,8.076944393768955e-06
CCDC124,CRISPR,8.076730631904238e-06
TTLL5,Expression,8.076448331966148e-06
LURAP1,Expression,8.07585012537469e-06
ARHGAP27,CRISPR,8.070544480782564e-06
ATP5PB,Expression,8.062392094282716e-06
RNF4,Expression,8.0584859167634e-06
BCDIN3D,CRISPR,8.055184296462485e-06
C11orf24,Expression,8.0519233353062e-06
CBL,Expression,8.05026723795358e-06
ANGEL2,Expression,8.048856603891086e-06
PPARD,Expression,8.047061386731642e-06
NPC1L1,CRISPR,8.04550188857333e-06
TADA3,Expression,8.043983963870148e-06
BOC,Expression,8.04359828726238e-06
CENPB,Expression,8.042812725420937e-06
TFG,CRISPR,8.040214354955409e-06
RIN1,CRISPR,8.040166768042354e-06
PIGS,Expression,8.03715049384479e-06
XYLT2,Expression,8.034709304585749e-06
MFSD1,CRISPR,8.021214601926402e-06
NDUFC2,CRISPR,8.015815432215558e-06
H3-3B,CRISPR,8.005884307642663e-06
TP53INP2,Expression,8.004464243501041e-06
ANKRD1,Expression,8.002931407106017e-06
TMEM191C,Expression,7.997023705285708e-06
LENG8,CRISPR,7.995611453640465e-06
DDX41,Expression,7.992350293581863e-06
FLT3LG,Expression,7.991074633475434e-06
CAMSAP1,CRISPR,7.981240192402159e-06
NADSYN1,CRISPR,7.980606330272272e-06
PHC2,Expression,7.980185066537171e-06
TSSK3,CRISPR,7.97891414217876e-06
TOP6BL,Expression,7.978823202757609e-06
ZNF480,Expression,7.978808446036609e-06
TADA1,Expression,7.976756285580034e-06
PSD4,CRISPR,7.97279760338896e-06
CLCN4,Expression,7.969896173585896e-06
AKT1,Expression,7.961843151104735e-06
CIAPIN1,Expression,7.960953981511764e-06
PANX2,Mutation,7.957911885340606e-06
NDUFA12,CRISPR,7.946713638981327e-06
NDUFAF1,CRISPR,7.942191054712511e-06
SLC22A6,CRISPR,7.940195428578602e-06
AAK1,CRISPR,7.915556632881174e-06
IKBIP,Expression,7.914367894467266e-06
ZNF354A,Expression,7.913982081092752e-06
PKDREJ,Expression,7.89653411116489e-06
SETX,Expression,7.88648189766491e-06
SMG5,Expression,7.886412527818109e-06
COX5B,CRISPR,7.868060664218125e-06
WARS2,CRISPR,7.86782296842708e-06
NDC1,Expression,7.840298271582583e-06
OAS1,Expression,7.835710812449811e-06
ZNF445,Expression,7.831199237478874e-06
RALGDS,Expression,7.828133428390028e-06
UGT2B15,CRISPR,7.822513848857836e-06
DNAJB6,Expression,7.821086901444377e-06
PLA2R1,Expression,7.820903413080236e-06
ETHE1,Expression,7.818027055171021e-06
SERPINA1,Expression,7.812151279864298e-06
RBM15B,Expression,7.811152011146704e-06
GLS2,CRISPR,7.804448338646084e-06
AARD,CRISPR,7.798080899491005e-06
LRRK2,CRISPR,7.794228426587441e-06
MTX2,CRISPR,7.793589373466585e-06
BRIX1,Expression,7.789551952337672e-06
TRIM59,Expression,7.788731398003327e-06
MRPL17,CRISPR,7.775813988309401e-06
SENP1,CRISPR,7.77555384890259e-06
ZCCHC14,Expression,7.761175976183269e-06
NCAPH2,Expression,7.742168240104023e-06
TBC1D25,Expression,7.733753690275294e-06
PRPSAP2,Expression,7.718645939369937e-06
TTC14,CRISPR,7.718126600708994e-06
ESYT2,Expression,7.717584883051958e-06
RPN1,Expression,7.713856932304849e-06
TRIM37,Expression,7.704714024574986e-06
TIFA,Expression,7.701202047334506e-06
TUBD1,Expression,7.68943441981257e-06
FAM53B,Expression,7.682363179348583e-06
TMEM147,CRISPR,7.669037733496002e-06
ABHD6,Expression,7.646369680453744e-06
UNG,Expression,7.628046108731728e-06
USP1,Expression,7.6242395431570015e-06
MKRN1,Expression,7.617526488362524e-06
HOMER3,CRISPR,7.615436340376911e-06
CLDN4,Expression,7.613832769984643e-06
C6orf141,Expression,7.6101511522288355e-06
TRIT1,CRISPR,7.603152932251512e-06
CRLS1,CRISPR,7.597948695176e-06
IQSEC1,Expression,7.597395450381064e-06
ACHE,CRISPR,7.5889703678035855e-06
IL36G,CRISPR,7.585671363998404e-06
CPOX,CRISPR,7.580016918115443e-06
CIITA,Expression,7.573937104040075e-06
KCTD13,Expression,7.566937564697253e-06
TECPR2,Expression,7.5645573587801555e-06
ARID4B,CRISPR,7.557703265332563e-06
FJX1,Expression,7.546149538573292e-06
GIPC1,Expression,7.541535755372242e-06
BAG1,Expression,7.540217116931477e-06
EGR3,Expression,7.538399657928124e-06
TBC1D10B,Expression,7.5356981622597854e-06
GMPR2,Expression,7.509206766517933e-06
SEPHS1,CRISPR,7.507796562522775e-06
STXBP1,CRISPR,7.505722535803279e-06
ESRP2,CRISPR,7.49704146356233e-06
CDC42BPG,Expression,7.48616920849237e-06
KCNK7,CRISPR,7.483682570625159e-06
HOXC10,CRISPR,7.481742295595327e-06
LNX1,Expression,7.4812619143246275e-06
COX20,CRISPR,7.477403275476328e-06
NSDHL,Expression,7.474751753361517e-06
RAB43,CRISPR,7.474218500161094e-06
HLA-B,Expression,7.467194365653384e-06
JMY,CRISPR,7.459778929193491e-06
PROCA1,CRISPR,7.45931770390858e-06
TNS3,CRISPR,7.455039469370036e-06
SLC6A8,Expression,7.454709292676645e-06
ZNF573,Expression,7.449665217252858e-06
FAM24B,Expression,7.4404238945867215e-06
SUZ12,CRISPR,7.420698391989277e-06
TARS2,CRISPR,7.4188715023678355e-06
LPCAT3,CRISPR,7.414591688704851e-06
CHD1,CRISPR,7.413080546358237e-06
MFSD11,Expression,7.412810592516618e-06
VPS37C,CRISPR,7.412367274786202e-06
SCAMP1,Expression,7.410257967257853e-06
PPIE,CRISPR,7.401381911263502e-06
REC8,Expression,7.392584002716198e-06
CCNB3,Expression,7.385941284340433e-06
COG6,CRISPR,7.3788992020335875e-06
RANBP3,CRISPR,7.372390207023407e-06
GATAD2B,Expression,7.365779416085264e-06
GDA,Expression,7.364264358706832e-06
COG2,CRISPR,7.36003114752684e-06
ZNF655,Expression,7.359201550786183e-06
MSRB3,Expression,7.355904335525288e-06
LACC1,Expression,7.347336672077765e-06
PHLDA1,Expression,7.34625175571559e-06
CPSF2,Expression,7.338271527087363e-06
TUSC2,Expression,7.329451285802785e-06
ERCC3,CRISPR,7.321903639671799e-06
EEF1G,Expression,7.319387500573589e-06
CYP4F11,CRISPR,7.315642569105737e-06
TIMM22,Expression,7.305815327831426e-06
NUP58,CRISPR,7.299451036768372e-06
NOD1,Expression,7.284688144926314e-06
CXCL1,Expression,7.282859825830379e-06
ZNF217,CRISPR,7.279053057669012e-06
ISOC2,CRISPR,7.27705793902206e-06
IFT20,Expression,7.27322903861551e-06
SLC35A3,CRISPR,7.254461575866882e-06
NFATC4,Expression,7.247595787433913e-06
UBE2V1,CRISPR,7.239345488851955e-06
PABPC1,Expression,7.237048676708426e-06
WDR43,Expression,7.236272745577351e-06
GOLGA7,CRISPR,7.222886445621948e-06
TBC1D3B,Expression,7.2130540958975505e-06
DPH2,Expression,7.209900210831497e-06
TRIB1,Expression,7.2054916497971634e-06
POLN,Expression,7.205035730576799e-06
SYT5,CRISPR,7.200705868734163e-06
NAGA,Expression,7.200673693047173e-06
CSNK2A1,Expression,7.199979022690423e-06
MRPS18A,Expression,7.183494032890886e-06
SLC39A7,Expression,7.183121563762657e-06
METTL18,Expression,7.182323789867369e-06
CUL2,Expression,7.179434029553046e-06
PAXIP1,Expression,7.178092885076504e-06
CRAT,Expression,7.169108067034567e-06
E2F3,Expression,7.157165232572848e-06
TKFC,CRISPR,7.153521350205529e-06
NDUFB4,CRISPR,7.14599774892927e-06
ARMC6,CRISPR,7.142197545611782e-06
COMMD2,Expression,7.140474220908155e-06
NEURL4,CRISPR,7.139315646664602e-06
AOC3,CRISPR,7.133640613448042e-06
MAF1,CRISPR,7.132300454266212e-06
PC,Expression,7.127570050133424e-06
SUMO2,Expression,7.1265239616863375e-06
USP46,Expression,7.126350649366311e-06
MGA,Expression,7.122427649583925e-06
TTC9C,Expression,7.117651134071814e-06
RAB3A,Expression,7.117368227263737e-06
C8G,CRISPR,7.115570933648753e-06
BMERB1,Expression,7.112019119579913e-06
UQCR10,Expression,7.110490120409842e-06
SEBOX,CRISPR,7.10560273508163e-06
RPL3,Expression,7.088286797335137e-06
ACTR2,Expression,7.086862709856584e-06
COX6A1,CRISPR,7.084882727245643e-06
AATK,Expression,7.083730387400894e-06
ARL8B,Expression,7.082370383904827e-06
EIF4ENIF1,Expression,7.075341074380642e-06
GMPPB,Expression,7.065639744026367e-06
RTCB,Expression,7.062831343249937e-06
ZNF506,Expression,7.05935786472192e-06
TRMT5,CRISPR,7.059143001813276e-06
PRADC1,Expression,7.055308320941433e-06
CERK,Expression,7.053235925770019e-06
HPCAL4,CRISPR,7.047786102314676e-06
OXSR1,Expression,7.041480125242119e-06
JOSD1,CRISPR,7.037811466632126e-06
PNMT,CRISPR,7.0366119954400684e-06
MEIS3,CRISPR,7.014731610972085e-06
MTERF3,CRISPR,7.008216702552875e-06
SDHA,Mutation,7.006286068551049e-06
ERCC8,Expression,7.003031663421056e-06
NDUFB3,CRISPR,6.995660137127593e-06
SLC3A1,Expression,6.9943533943979865e-06
FOXP1,CRISPR,6.993084182889865e-06
VPS39,Expression,6.988999197543894e-06
SORBS2,Expression,6.988044419989938e-06
KLHL11,Expression,6.985110451040978e-06
LSM7,Mutation,6.983671719952155e-06
CLCN6,Expression,6.980376063512564e-06
DNAJC25,Expression,6.979728659327421e-06
PRKAA1,Expression,6.970682579126065e-06
VN1R4,CRISPR,6.965818197668466e-06
NAA40,CRISPR,6.956603980989814e-06
CPSF7,CRISPR,6.944599640832286e-06
ATP1A1,Expression,6.942311813882348e-06
TTC19,CRISPR,6.938792910558478e-06
METAP2,Expression,6.938515707348874e-06
TTC7A,CRISPR,6.938012888445196e-06
SHQ1,CRISPR,6.937134332823012e-06
FNBP4,CRISPR,6.9259055207278255e-06
PMM1,Expression,6.9253128458439696e-06
SPATA31G1,CRISPR,6.924641252781967e-06
ACBD4,Expression,6.923576506069216e-06
SOX6,Expression,6.920121382643531e-06
ASPM,CRISPR,6.919279010178956e-06
GPR179,CRISPR,6.914009700134148e-06
MRPS33,Expression,6.9139694109724345e-06
NRARP,CRISPR,6.910482825917428e-06
HOXC6,CRISPR,6.902149270234677e-06
SH3BGRL3,CRISPR,6.901396886747277e-06
CD44,Expression,6.899260962688123e-06
TMX3,Expression,6.895130929042819e-06
ATL3,CRISPR,6.894903280650769e-06
AMD1,CRISPR,6.892318260327807e-06
AACS,Expression,6.889783168392475e-06
GPX4,CRISPR,6.888937463038939e-06
ITGB2,Expression,6.888143483320007e-06
RAD1,Expression,6.882934907694973e-06
TMEM209,Expression,6.882368465154523e-06
ASF1A,Expression,6.878998857082987e-06
C11orf58,CRISPR,6.873425514028476e-06
NOB1,Expression,6.872747941905498e-06
ALYREF,Expression,6.870563536855449e-06
C9orf78,CRISPR,6.8695516004705234e-06
PRP4K,CRISPR,6.8694116730435546e-06
CRIPT,CRISPR,6.864553439042308e-06
CHD7,Expression,6.85204080481629e-06
IFT57,Expression,6.848290098971071e-06
FAM199X,Expression,6.843003973074316e-06
PICALM,Expression,6.836936786583475e-06
PITX1,Expression,6.83424015095894e-06
EIF3J,CRISPR,6.828206514118305e-06
DAZAP1,CRISPR,6.827796861921393e-06
WFDC2,Expression,6.81393854209604e-06
ZNF557,Expression,6.813148958726305e-06
ZNF337,Expression,6.809808360367597e-06
ITSN2,CRISPR,6.808214351447178e-06
UBR2,Expression,6.80743214368641e-06
MFSD5,Expression,6.801157568182549e-06
HSD3B7,CRISPR,6.80063382573547e-06
SLX4,CRISPR,6.797441534903116e-06
CTU1,CRISPR,6.7952002442268585e-06
TK2,Expression,6.78991079207534e-06
RNF146,Expression,6.78941187102742e-06
DNAJC5,Expression,6.781461904595617e-06
MICOS13,CRISPR,6.776738443857228e-06
SIPA1,Expression,6.762563126693845e-06
ZNF251,Expression,6.762226304956332e-06
ARHGAP12,Expression,6.759864578704033e-06
NIF3L1,CRISPR,6.750519263578678e-06
EIF3D,Expression,6.747301923129051e-06
IKZF4,Expression,6.744929612001006e-06
ELF2,CRISPR,6.743118265174195e-06
NAB2,Expression,6.74293210420897e-06
ATP5PB,CRISPR,6.737887288439215e-06
FAM227B,Expression,6.732438795641508e-06
LTBP3,CRISPR,6.7294148799629805e-06
PRKCE,CRISPR,6.728412544144947e-06
OMG,Expression,6.728103565026312e-06
SPIDR,Expression,6.726723154573161e-06
TAF11,Expression,6.726555731592726e-06
HMSD,Expression,6.715422992206553e-06
PC,CRISPR,6.713727589145511e-06
IRF5,Expression,6.709577818257475e-06
TM7SF2,CRISPR,6.709125122567118e-06
TMEM125,Expression,6.707689709101747e-06
GOLGB1,Expression,6.705581352162015e-06
EVI5,Expression,6.703864383345717e-06
EXOC1,CRISPR,6.700197324259864e-06
MRPS14,CRISPR,6.70019562268902e-06
GPX2,CRISPR,6.695573028300901e-06
TFB2M,CRISPR,6.693104767208424e-06
GID8,Expression,6.687317205746848e-06
PTMS,CRISPR,6.684231998463371e-06
GLI4,CRISPR,6.681328198046918e-06
ANAPC5,Expression,6.677832590991669e-06
TMEM267,Expression,6.671452370257435e-06
ARID5A,Expression,6.666597658135212e-06
NFYC,CRISPR,6.663102561768862e-06
GNB2,CRISPR,6.653359060970825e-06
GLCE,Expression,6.652955153941775e-06
PABIR1,CRISPR,6.652878028025103e-06
BAHCC1,Expression,6.644202915972369e-06
AGAP6,CRISPR,6.639711180422676e-06
HOXC11,CRISPR,6.639193520782801e-06
FAM83F,Expression,6.632403885966336e-06
NDUFAF3,CRISPR,6.63120927576789e-06
RFWD3,Expression,6.630456515574595e-06
SHOC2,CRISPR,6.628706393879184e-06
AFF4,CRISPR,6.623380663798293e-06
BAIAP3,CRISPR,6.62232975847806e-06
CYBRD1,Expression,6.621853578905306e-06
DYNC2H1,Expression,6.621656364617058e-06
MYO18A,CRISPR,6.615746082779078e-06
NFIA,CRISPR,6.600407367889225e-06
CABIN1,CRISPR,6.600114859684908e-06
AGBL2,Expression,6.593167952980209e-06
PLK3,Expression,6.581985582878357e-06
EEIG2,CRISPR,6.568347753670874e-06
CNTNAP3,Expression,6.557350657611415e-06
SLAMF9,CRISPR,6.555292353443513e-06
VAMP3,Expression,6.553571591382756e-06
PROC,CRISPR,6.538904842617939e-06
TEKT2,CRISPR,6.5318816258527765e-06
SMAD4,Mutation,6.5317203224908e-06
ZFTA,Expression,6.52975346038812e-06
UNC45A,CRISPR,6.523772850190756e-06
CCSAP,Expression,6.52369629897492e-06
SLC52A2,Expression,6.519391540785967e-06
ICMT,CRISPR,6.515512214886591e-06
AAMP,Expression,6.51139570314419e-06
MGST1,Expression,6.509642553089451e-06
MYLK4,Expression,6.508044501308188e-06
RTRAF,Expression,6.504201268511595e-06
ZNF395,Expression,6.504057590121231e-06
MT2A,Expression,6.501980317919606e-06
AGPAT2,Expression,6.494523058120903e-06
CDC14C,Expression,6.488663651231334e-06
COX5A,CRISPR,6.4740100773241775e-06
ZRANB2,Expression,6.4723571849607376e-06
INPP5B,Expression,6.467657172058082e-06
TFIP11,CRISPR,6.464568056158406e-06
SPINDOC,CRISPR,6.460901397991241e-06
SSR1,Expression,6.449838814953025e-06
IL17RA,Expression,6.448618512363399e-06
GTF3C6,CRISPR,6.445401060337355e-06
SLC25A38,CRISPR,6.442976211741368e-06
EIF4ENIF1,CRISPR,6.44254778239246e-06
H4C1,CRISPR,6.438438941489379e-06
UCK1,Expression,6.431068775402162e-06
MXRA7,Expression,6.430354982640512e-06
SMARCA5,CRISPR,6.429644530415078e-06
ATP5ME,Expression,6.428798266594042e-06
MAP3K7,Expression,6.427946418540815e-06
RSU1,CRISPR,6.426058360601333e-06
SPIN2A,Expression,6.421023492032862e-06
FBXO22,CRISPR,6.410547431969242e-06
SRGAP2,Expression,6.409090509397875e-06
PCYOX1,Expression,6.404435380842551e-06
NLRC4,Expression,6.401659044305675e-06
NBPF3,Expression,6.385554527915379e-06
SLC18B1,Expression,6.360381464666181e-06
METTL1,CRISPR,6.353146133482577e-06
ANKRD42,Expression,6.345607419445879e-06
ZNF140,Expression,6.338919567289012e-06
KLHL11,CRISPR,6.333923803944469e-06
MAPK7,Expression,6.333281244358438e-06
HSD17B10,CRISPR,6.331648942210323e-06
STK17B,Expression,6.3236915382444695e-06
ATP5MC1,CRISPR,6.320277535870038e-06
KRT18,CRISPR,6.3151845754060114e-06
MST1,Expression,6.306478102113028e-06
CCNO,Expression,6.300344157443283e-06
FERMT1,CRISPR,6.296974843145042e-06
YJU2B,CRISPR,6.287162198994839e-06
RRAD,CRISPR,6.285968186135983e-06
TIGD2,Expression,6.281992402338097e-06
ADAMTSL4,Expression,6.279327141241099e-06
ACSBG1,Expression,6.276505903269682e-06
MTHFD2,Expression,6.271090035219329e-06
SMC6,CRISPR,6.265148040800571e-06
KLF1,CRISPR,6.251095196233803e-06
LMLN,Expression,6.248102873795964e-06
ATP5PF,CRISPR,6.246760964438207e-06
TENT5C,Expression,6.245693303768594e-06
CLEC2B,Expression,6.2454960153167e-06
TUBB4A,CRISPR,6.244235710869658e-06
PRC1,Expression,6.243062702308025e-06
MRGBP,CRISPR,6.236827291550644e-06
DHFR2,CRISPR,6.233861233106361e-06
IPO4,CRISPR,6.231754757206496e-06
MRPS30,CRISPR,6.231564064632597e-06
KLHL38,CRISPR,6.230694772289349e-06
ERCC4,CRISPR,6.223278168001079e-06
SLC4A5,CRISPR,6.2232639195199786e-06
MAP3K5,Expression,6.208941641312568e-06
ZNF846,Expression,6.203790546591525e-06
ABCC10,CRISPR,6.201492810681833e-06
ADAT2,CRISPR,6.195594415490301e-06
SAYSD1,Expression,6.195155628170308e-06
CTSZ,Expression,6.191387753426266e-06
GTF2H5,Expression,6.190809390370733e-06
KATNAL1,Expression,6.190212598464559e-06
RBM12,CRISPR,6.189997541423333e-06
CCDC18,Expression,6.1852535977294165e-06
PRKACG,CRISPR,6.185002875160122e-06
ATXN7L2,CRISPR,6.182973747087832e-06
GPLD1,Expression,6.18292787835053e-06
AP4S1,CRISPR,6.179658817239049e-06
STAM2,CRISPR,6.177688807729599e-06
ISCA1,Expression,6.17443739068968e-06
SUGP1,CRISPR,6.164776474079777e-06
CCL1,CRISPR,6.158500845094099e-06
ALG3,Expression,6.1529314077982135e-06
WBP1L,Expression,6.137943623093599e-06
POLR1E,CRISPR,6.135465048139064e-06
ACVR1B,CRISPR,6.125261809377903e-06
SV2A,Mutation,6.113202434854868e-06
BYSL,Expression,6.111913057428178e-06
WHAMM,CRISPR,6.10620267110185e-06
NAPRT,Expression,6.099740289661093e-06
JUND,CRISPR,6.096181960707514e-06
PEF1,Expression,6.0945956914582285e-06
DDAH1,Expression,6.087227643449967e-06
YWHAE,CRISPR,6.083452319572732e-06
TRAIP,CRISPR,6.083261174796602e-06
HOXD13,CRISPR,6.078590194991239e-06
BCAP31,CRISPR,6.065662610339044e-06
HAT1,Expression,6.06500059740249e-06
VPS41,Expression,6.062228677629082e-06
CSGALNACT1,Expression,6.061632512890714e-06
RPS2,Expression,6.052053528070738e-06
SNRK,Expression,6.048481373358252e-06
TXNDC5,Expression,6.04658018168008e-06
EIF4A3,Expression,6.046242639971661e-06
H3C2,Expression,6.038787678298961e-06
COL24A1,Mutation,6.0374360717940325e-06
ZNF205,CRISPR,6.037034375034586e-06
ARSB,Expression,6.03572668878658e-06
RBM6,Expression,6.03188205804893e-06
TAF4,Expression,6.028687812414226e-06
SWSAP1,Expression,6.028425623547898e-06
H3-5,Expression,6.027206319584173e-06
TPK1,Expression,6.021767426909515e-06
LDB3,Mutation,6.0040697860330285e-06
SFMBT1,Expression,5.999064361109552e-06
PPHLN1,Expression,5.9789052120262905e-06
TRAF4,CRISPR,5.977301493820683e-06
MCM6,Expression,5.9706832444010464e-06
RGS6,CRISPR,5.968584610098336e-06
GABPB2,Expression,5.962669509245703e-06
CUTC,Expression,5.953973490874955e-06
UBTD1,Expression,5.940205173753277e-06
CNOT9,CRISPR,5.939102422168804e-06
RNF139,Expression,5.93565710083712e-06
ETAA1,CRISPR,5.935475877253131e-06
CHKA,Expression,5.932474575177062e-06
KIAA0513,CRISPR,5.929797635448238e-06
IL13RA2,CRISPR,5.928558903315256e-06
CHSY1,Expression,5.91368306427782e-06
SSH1,Expression,5.89797541983309e-06
PACSIN3,Expression,5.897560420720443e-06
TRAPPC4,Expression,5.897050217992024e-06
ELL3,CRISPR,5.896772646280087e-06
CENPX,CRISPR,5.8961671616706936e-06
ZC3H10,CRISPR,5.88695201348164e-06
RBFA,Expression,5.8849523046550845e-06
ATF6,Expression,5.883060046671113e-06
ARL4A,CRISPR,5.881762614547125e-06
CMTM4,Expression,5.872676369835556e-06
MYO1H,CRISPR,5.8687007366138765e-06
NDUFA2,CRISPR,5.861590704809013e-06
PUS3,Expression,5.859934168530564e-06
ADAM11,CRISPR,5.859520128053665e-06
VWA7,Expression,5.858321698189768e-06
TCTN3,Expression,5.857581295083443e-06
IARS2,CRISPR,5.831485645785387e-06
SLAMF8,Expression,5.8296518246207625e-06
KCNQ4,Expression,5.818797530619224e-06
VPS26C,Expression,5.817678176645966e-06
POLE4,Expression,5.80978586187537e-06
E4F1,CRISPR,5.787773687287919e-06
TRA2B,Expression,5.776117123849739e-06
ACAD8,Expression,5.769662801576395e-06
DPPA2,CRISPR,5.769226586649681e-06
ASS1,CRISPR,5.767039473849084e-06
ARMC2,Expression,5.766000871448196e-06
CDC42EP4,CRISPR,5.765298032489409e-06
ASH1L,CRISPR,5.764835489860712e-06
KHDRBS3,Expression,5.752997377520507e-06
CHFR,Expression,5.752195795293771e-06
ERAP1,Expression,5.750248909493316e-06
PSMF1,CRISPR,5.712755328418954e-06
BACH1,Expression,5.7111731634351045e-06
ZZEF1,Expression,5.710311554485771e-06
CMA1,CRISPR,5.708197775125245e-06
MYG1,CRISPR,5.702918447367887e-06
DNAH2,Expression,5.699161239210196e-06
CELSR2,CRISPR,5.6792351948072895e-06
TSPAN31,CRISPR,5.676006156036525e-06
ZNF875,Expression,5.675304203999555e-06
C4BPB,CRISPR,5.6626288907395785e-06
DDX6,Expression,5.661900370422378e-06
TMPRSS5,Expression,5.651428457934293e-06
TMEM278,CRISPR,5.649719225909852e-06
GTF2I,CRISPR,5.641040677771893e-06
RTCA,Expression,5.616184563643526e-06
FAM89B,Expression,5.611625616820845e-06
DCTPP1,Expression,5.6043968891903005e-06
DEPDC1,CRISPR,5.599466221689511e-06
CXCL3,Expression,5.599332560739151e-06
LGALS3BP,Expression,5.593956564956507e-06
MKRN2OS,CRISPR,5.591943855039674e-06
CEMP1,CRISPR,5.586969177257457e-06
RAPGEF1,CRISPR,5.580938135127557e-06
RAB38,Expression,5.570354741208291e-06
PELO,Expression,5.566483046792761e-06
POMP,CRISPR,5.564923802790859e-06
SCNN1A,Expression,5.56402991317203e-06
SOX10,CRISPR,5.563505291828642e-06
ADCK5,Expression,5.56294251566082e-06
MAD1L1,CRISPR,5.562324748683253e-06
CAMKK2,CRISPR,5.558394021861295e-06
PTCD1,Expression,5.551006489978375e-06
ZYG11B,Expression,5.550006027554072e-06
GCSH,CRISPR,5.524895142187843e-06
KIAA0232,Expression,5.524465892893487e-06
MAP3K4,Expression,5.522278200096515e-06
RDH11,Expression,5.519246150544712e-06
MRPS22,CRISPR,5.514119408251092e-06
PAAF1,Expression,5.504529414698262e-06
ILK,Expression,5.501018647436223e-06
SELPLG,Expression,5.49957931994677e-06
MAP10,Expression,5.499561646362794e-06
ZBTB1,Expression,5.496243747789145e-06
PDZK1,CRISPR,5.492198981761436e-06
CTSF,CRISPR,5.492145832175429e-06
SURF2,Expression,5.492099535984438e-06
ZNF385C,Expression,5.490273500297717e-06
FAM47E,Expression,5.486347788229378e-06
RARS2,CRISPR,5.485035983037584e-06
RPS8,Expression,5.481069130417755e-06
HNRNPUL2,CRISPR,5.475424073978634e-06
KCTD21,CRISPR,5.474506726412163e-06
PPP1R18,Expression,5.465765136670292e-06
RPS6KC1,Expression,5.458199942827164e-06
RHBDD3,Expression,5.44661198135243e-06
WASF1,Expression,5.444379081779009e-06
HNF1B,CRISPR,5.442674928291098e-06
NEU2,CRISPR,5.442650510778215e-06
BBC3,Expression,5.436526888165582e-06
FAM234B,Expression,5.431893512555203e-06
SYT11,CRISPR,5.419590271802683e-06
PYURF,CRISPR,5.410708258782079e-06
GNPDA2,Expression,5.404782557334271e-06
TMED6,Expression,5.4024992040867874e-06
ZNF134,CRISPR,5.397483615026408e-06
GTF3C4,CRISPR,5.385331291864783e-06
ZNF717,Expression,5.384490221667806e-06
STK11IP,Expression,5.382747783115059e-06
PIGB,Expression,5.381617722626129e-06
CALCB,CRISPR,5.375623620940599e-06
ILRUN,CRISPR,5.373829448361383e-06
RAPGEF1,Expression,5.356051017074048e-06
PDE4DIP,CRISPR,5.346889741473323e-06
TIMM29,CRISPR,5.337968494297493e-06
MRPS12,CRISPR,5.337675629762604e-06
TNFAIP8L2,CRISPR,5.335006406139159e-06
NMNAT3,CRISPR,5.328101515367157e-06
SDHAF1,Expression,5.326140616766103e-06
C11orf98,Expression,5.316688591551162e-06
KIF9,Expression,5.3149883905854924e-06
SEC63,CRISPR,5.312513695144778e-06
CNBD2,CRISPR,5.297329067245986e-06
SARS2,CRISPR,5.296291445690576e-06
BBS1,CRISPR,5.288930665597961e-06
TRMT10C,Expression,5.287711042000445e-06
CHCHD1,CRISPR,5.286047432066802e-06
KDR,CRISPR,5.282891597075451e-06
MSL1,CRISPR,5.282810980869137e-06
SSX1,CRISPR,5.282050355781914e-06
SLC35D2,CRISPR,5.279491626915877e-06
EIF2A,CRISPR,5.269132903884114e-06
VPS52,CRISPR,5.265701899935906e-06
GREP1,Expression,5.2525439701922605e-06
GRB7,Expression,5.244720272784368e-06
DBI,Expression,5.234513861203695e-06
TEX38,CRISPR,5.226640445133421e-06
CUL1,Expression,5.220972614309593e-06
MED24,CRISPR,5.211172768438679e-06
MRGBP,Expression,5.208838433164082e-06
KMT2D,CRISPR,5.195770327457329e-06
HHIP,Expression,5.194354369043795e-06
TM9SF2,CRISPR,5.192948560737037e-06
UIMC1,CRISPR,5.191110976921556e-06
B3GALT6,Expression,5.189673006862368e-06
NAT8,CRISPR,5.181134202609953e-06
XRCC1,CRISPR,5.180750578519974e-06
RILP,CRISPR,5.179296536407124e-06
RRBP1,Expression,5.178836927653612e-06
GATAD1,CRISPR,5.172974568596566e-06
FOXK2,Expression,5.172148761293268e-06
SCO1,Expression,5.166921241379216e-06
ACAP2,Expression,5.1662523308242025e-06
DDX19B,Expression,5.144444238594792e-06
CMPK2,Expression,5.141676002222099e-06
FMN1,Expression,5.134374239685295e-06
DUOX1,CRISPR,5.134045344248152e-06
LAMTOR4,Expression,5.132431617213119e-06
FOXP4,Expression,5.1307684070599e-06
FBXL20,Expression,5.123793559169762e-06
FBXO2,Expression,5.121415082746659e-06
FAT4,Expression,5.113672723110534e-06
VMA21,CRISPR,5.109823834095404e-06
TIMM17A,CRISPR,5.1089967367788965e-06
SP6,Expression,5.097866883953153e-06
YTHDC1,CRISPR,5.093137751044738e-06
RNF4,CRISPR,5.0734245786403175e-06
PSMA6,Expression,5.062863552640603e-06
PRSS50,CRISPR,5.061869964411025e-06
GOLGA6L4,Expression,5.058933578735438e-06
TAX1BP3,CRISPR,5.058824366337468e-06
PARD3B,Expression,5.0569351937799936e-06
VAMP2,Expression,5.049856917490617e-06
SMARCAD1,Expression,5.049795850694538e-06
SETDB2,Expression,5.043071769046125e-06
CNEP1R1,Expression,5.041433719824657e-06
PHC1,CRISPR,5.037005387999548e-06
UBALD1,Expression,5.029349674215883e-06
MEAK7,Expression,5.024501069669386e-06
GLYCTK,Expression,5.020452778592082e-06
SMARCA5,Expression,5.012797402200605e-06
GSS,Expression,5.010219552137499e-06
RABGAP1L,Expression,5.003717850536544e-06
WDR47,Expression,5.002697019959632e-06
STXBP5,Expression,4.9904266685693386e-06
ZNF490,Expression,4.987387453414128e-06
MRPS27,CRISPR,4.974698483566112e-06
ID2,CRISPR,4.973351508117699e-06
MED10,Expression,4.968970009306309e-06
ACACA,Mutation,4.955310182177897e-06
SEC63,Expression,4.944131068162765e-06
NYNRIN,Expression,4.9437778450378285e-06
HOXB7,Expression,4.937155071834282e-06
TCF7,CRISPR,4.932876144877083e-06
ENTPD6,Expression,4.922369807323972e-06
CRIPT,Expression,4.9201981755856654e-06
HIRIP3,Expression,4.911811845098365e-06
DTX3,Expression,4.910646490275366e-06
KRTAP5-11,CRISPR,4.906819686932724e-06
C5AR1,Expression,4.903487654863833e-06
WWC3,Expression,4.899475543741441e-06
MOSPD3,Expression,4.887753449501776e-06
PUS7,CRISPR,4.886087091697347e-06
RDM1,CRISPR,4.88026634033496e-06
TXNL4B,Expression,4.87790770726727e-06
PTK7,CRISPR,4.874216809247923e-06
HSD17B12,CRISPR,4.873775286021675e-06
YIPF2,CRISPR,4.860886596866284e-06
H3C6,Expression,4.860353047626937e-06
MCRS1,Expression,4.858096371652638e-06
MCM3,CRISPR,4.833900339645548e-06
TRIM62,Expression,4.830854932461622e-06
NOL12,Expression,4.818171849116012e-06
DHX30,Expression,4.805936232597385e-06
BORCS7,CRISPR,4.801015745172571e-06
NUP188,CRISPR,4.800448745910195e-06
UTP25,CRISPR,4.793400084073525e-06
SHF,Expression,4.792456572103649e-06
EXOC7,Expression,4.792373625924407e-06
SGMS1,Expression,4.786407347693467e-06
BRD3OS,Expression,4.782129682707081e-06
C8orf88,CRISPR,4.771425260822319e-06
TAS2R5,Expression,4.76810735344831e-06
SZRD1,CRISPR,4.761113994648262e-06
PBK,Expression,4.759641862051204e-06
GSTO1,Expression,4.758345221554383e-06
MTG1,Expression,4.749984202391441e-06
SLC36A1,Expression,4.749454616117646e-06
RPGR,Expression,4.74590460232514e-06
SKAP1,CRISPR,4.742853490922312e-06
UROD,Expression,4.741762237808153e-06
FAXDC2,Expression,4.72754629509668e-06
ZNF766,Expression,4.727287921098596e-06
ZNF697,CRISPR,4.718678494371322e-06
PFDN4,Expression,4.716779513835349e-06
CTCF,Expression,4.71669398989079e-06
SLC22A1,Expression,4.716413368145096e-06
MMP25,CRISPR,4.707677713948432e-06
MMP23B,CRISPR,4.705731094149352e-06
MVD,Expression,4.693983048966355e-06
MRPL16,CRISPR,4.689635138871515e-06
LRRC71,CRISPR,4.688993400346041e-06
DNAJB12,Expression,4.688027762144515e-06
STAP2,Expression,4.67588175036193e-06
MOK,CRISPR,4.669349225956838e-06
SGO1,CRISPR,4.665507194455546e-06
EEF2KMT,CRISPR,4.656023767473085e-06
TEX10,CRISPR,4.647499883626857e-06
GATA3,CRISPR,4.638959374690224e-06
DUSP22,CRISPR,4.635676083122065e-06
PFKFB4,Expression,4.631634839012954e-06
SLC39A10,CRISPR,4.628941712631294e-06
ZNFX1,CRISPR,4.6242496809689095e-06
RITA1,CRISPR,4.623368441030199e-06
NGLY1,CRISPR,4.622685180557519e-06
B4GALNT2,CRISPR,4.620465728454686e-06
LIPE,Expression,4.618295515282561e-06
SLC25A10,CRISPR,4.617952283367252e-06
NCAPH,Expression,4.611797665775892e-06
NMB,Expression,4.610459886937617e-06
ATF6B,Expression,4.608064229363678e-06
CD101,CRISPR,4.604604829506608e-06
NIPSNAP3B,CRISPR,4.602054045625239e-06
NT5E,Expression,4.600614696042752e-06
TTC32,Expression,4.5988747524200886e-06
ACD,CRISPR,4.597286986229533e-06
FBXW8,Expression,4.594624047487831e-06
DOK4,Expression,4.594583375405553e-06
KPNA2,Expression,4.582969823508389e-06
SLC35B1,CRISPR,4.578130804089431e-06
CCNA2,Expression,4.573579752717834e-06
EVI5,Mutation,4.567136909432179e-06
DCLRE1B,Expression,4.563456629470835e-06
CTBP2,CRISPR,4.56239282422652e-06
COTL1,Expression,4.553773559618082e-06
ITGA7,Expression,4.55093463528601e-06
ZBTB8A,Expression,4.547584219887399e-06
ACD,Expression,4.543191268069364e-06
ACOXL,Expression,4.5401014064099286e-06
SPA17,Expression,4.531965861691853e-06
ANKRD22,CRISPR,4.528685098260458e-06
ACOT7,Expression,4.527423208467963e-06
RHOT2,Expression,4.527297016303384e-06
CBY1,CRISPR,4.52303807218931e-06
NPAS4,CRISPR,4.5174145425425184e-06
RFX5,Expression,4.506697827742982e-06
TLE3,Expression,4.50132695244623e-06
BCAS2,Expression,4.48814419505094e-06
NADK2,Expression,4.487673566688214e-06
TEKT4,CRISPR,4.484164914836552e-06
SLC35B4,Expression,4.4810193847192e-06
MRPS16,CRISPR,4.473035918352641e-06
AKTIP,CRISPR,4.472925071084228e-06
C2orf68,Expression,4.472570596460587e-06
NFKBIE,CRISPR,4.462684913514833e-06
TTC9C,CRISPR,4.462133405936383e-06
AP2S1,Expression,4.443174471996487e-06
NLN,Expression,4.4413555143299495e-06
RPL22,CRISPR,4.439455776567669e-06
UBL5,Expression,4.432441596295597e-06
FXYD1,CRISPR,4.431485029989978e-06
COQ2,CRISPR,4.426797467429354e-06
PPIP5K2,CRISPR,4.418828990453404e-06
BRME1,Expression,4.410565499458485e-06
MT1E,Expression,4.389306773409269e-06
NFE2L3,CRISPR,4.389105857593862e-06
SLC41A3,Expression,4.389048497652417e-06
KBTBD2,Expression,4.386996041419017e-06
TRABD2A,Expression,4.38449078576737e-06
NIP7,Expression,4.381732349295376e-06
RITA1,Expression,4.377762199623941e-06
HTR7,CRISPR,4.375125491943771e-06
PNPT1,CRISPR,4.351715186899091e-06
AHNAK,CRISPR,4.34677732914443e-06
EAF1,CRISPR,4.344302529989439e-06
GFPT1,Expression,4.34154961377707e-06
RENBP,CRISPR,4.3388231422749e-06
RBM22,Expression,4.337091236807546e-06
LMAN2,Expression,4.333919000554078e-06
NFATC3,Expression,4.32729009946502e-06
NME2,CRISPR,4.317883378817834e-06
AFG2B,Expression,4.30584299825534e-06
CD58,CRISPR,4.303052326437074e-06
MS4A5,CRISPR,4.301416639416274e-06
PSG8,CRISPR,4.298761310548773e-06
CKMT2,Expression,4.293695658019869e-06
ZFAND5,Expression,4.288704273605456e-06
SUPT20H,CRISPR,4.287753246496538e-06
CASTOR1,CRISPR,4.281043255668645e-06
DRAP1,CRISPR,4.26883839766496e-06
TULP1,CRISPR,4.26578035476029e-06
PIF1,Expression,4.258336167867453e-06
KIAA1328,CRISPR,4.255713211332202e-06
FANCD2OS,Expression,4.252678299282481e-06
NAALAD2,Expression,4.244506344392961e-06
FAM210A,Expression,4.236069637272326e-06
TIMP4,Expression,4.235937848646005e-06
TBC1D10C,CRISPR,4.217900384119341e-06
RP9,Expression,4.21511723401663e-06
NDUFB10,CRISPR,4.214901403376757e-06
MLEC,Expression,4.214891122033853e-06
KIAA1143,CRISPR,4.214004289381755e-06
LMNTD1,CRISPR,4.209249847231766e-06
KDM5B,Expression,4.2030356262928384e-06
BBS4,Expression,4.202808427666946e-06
TLK2,CRISPR,4.200921403350213e-06
NCL,CRISPR,4.19775919538166e-06
FBXO34,Expression,4.191407895196577e-06
EIF2S3B,Expression,4.179158796636879e-06
CHST12,Expression,4.176331637471811e-06
ATP5F1C,Expression,4.152138109099011e-06
SMIM20,Expression,4.143232555912906e-06
PPM1J,CRISPR,4.139663282532231e-06
EPS8L3,Expression,4.134627983045894e-06
POTEC,CRISPR,4.1318501934369625e-06
CDK13,Expression,4.128538887181953e-06
BPNT1,CRISPR,4.128033479853711e-06
CAPG,Expression,4.127238670232128e-06
MAD2L1BP,Expression,4.124577364701622e-06
HIVEP1,Expression,4.121936040534369e-06
MAPRE3,Expression,4.119466973794918e-06
ARHGEF28,CRISPR,4.1131071532524485e-06
TCP1,Expression,4.112296587463735e-06
LRP5,CRISPR,4.109702437662704e-06
TUBD1,CRISPR,4.107956642500905e-06
RHOA,Expression,4.105292815884123e-06
COA8,Expression,4.102371110373118e-06
HGS,CRISPR,4.100674079335801e-06
SRGAP1,Expression,4.099299624166255e-06
MASP2,CRISPR,4.096997217794156e-06
GLOD4,Expression,4.0941527928755885e-06
FKBP2,CRISPR,4.089880413721086e-06
FKBP8,CRISPR,4.08817660338999e-06
MT-ATP6,Expression,4.085992193868718e-06
PCNX3,Expression,4.08144831250299e-06
HPX,Expression,4.071839522987386e-06
CAPRIN1,CRISPR,4.065643449979613e-06
SPECC1L,Expression,4.064207205376971e-06
MRPL50,CRISPR,4.063417161679585e-06
CC2D1B,Expression,4.060837655630528e-06
CILP2,CRISPR,4.057045159446262e-06
TBC1D30,CRISPR,4.056629311439491e-06
FAM114A1,Expression,4.050992618912956e-06
CXorf58,CRISPR,4.047040113202413e-06
SLC25A14,Expression,4.04656946627457e-06
NDUFB5,CRISPR,4.0446591413370026e-06
ANKRD61,Expression,4.041863858109024e-06
LRCH4,CRISPR,4.038844833171533e-06
MPV17L2,Expression,4.0365434773532825e-06
AKR1B15,CRISPR,4.033874015266744e-06
STAT4,Expression,4.030124708229648e-06
TSNAX,Expression,4.0273352418635575e-06
C16orf74,CRISPR,4.021467803826968e-06
MOCS3,CRISPR,4.019799335242023e-06
FOXO1,CRISPR,4.006577303666428e-06
ZFYVE27,Expression,4.004939764441236e-06
ZNF276,Expression,3.990164400222446e-06
MTPAP,CRISPR,3.987504205896829e-06
TUBG2,Expression,3.9802409625570815e-06
EWSR1,CRISPR,3.9790134298228695e-06
CCL20,Expression,3.9778356210414205e-06
NPHS1,CRISPR,3.975647733307177e-06
KDSR,CRISPR,3.971308516861093e-06
CTNND1,CRISPR,3.95882841811353e-06
SETD1A,CRISPR,3.958805983815957e-06
ZDHHC22,CRISPR,3.957580400778573e-06
FBN1,Expression,3.954978680121864e-06
TMOD1,Expression,3.954268367740421e-06
COQ4,Expression,3.952645765376685e-06
H3-5,CRISPR,3.951876580563343e-06
C12orf71,CRISPR,3.945715619595667e-06
NCOA2,Expression,3.9374151071103816e-06
ZNF850,Expression,3.936654748511262e-06
GPC6,CRISPR,3.932402069432184e-06
GNPTG,Expression,3.929761075380221e-06
NDUFA5,CRISPR,3.929463988745684e-06
TMEM181,Expression,3.927242561663063e-06
AKIRIN2,Expression,3.914654322841172e-06
MZB1,Expression,3.911366451720847e-06
METTL23,Expression,3.899622909393619e-06
RXRA,CRISPR,3.899104744545007e-06
RNF43,Expression,3.89574481391521e-06
DDX39A,CRISPR,3.887990296609907e-06
MED18,CRISPR,3.8863527717040805e-06
NEK1,CRISPR,3.882165470897063e-06
PRDM2,Expression,3.878497323917795e-06
EDEM3,Expression,3.8774577147807385e-06
ABCC11,Expression,3.868045073137792e-06
C22orf23,CRISPR,3.865731297749011e-06
PGAP1,Expression,3.8639517989134925e-06
LIF,Expression,3.862176765027572e-06
CNOT11,CRISPR,3.861929944491115e-06
MATN1,Expression,3.8614504495808845e-06
RBM19,CRISPR,3.853198817245225e-06
ZNF491,Expression,3.849477110444932e-06
ATP2A3,Expression,3.824668240265249e-06
SIDT2,Expression,3.824151127979497e-06
NAA15,Mutation,3.8216043556456456e-06
RNF5,Expression,3.817079448351533e-06
RASGEF1B,Expression,3.809893762633053e-06
SREK1IP1,CRISPR,3.8022752520482e-06
CROCC,CRISPR,3.800983575255151e-06
TAF13,CRISPR,3.797517774305189e-06
TESMIN,Expression,3.789519075900846e-06
TMEM11,CRISPR,3.789220105820123e-06
PDCD11,Expression,3.783009977364236e-06
FOXRED1,Expression,3.7758313553485264e-06
PRORP,CRISPR,3.773064138114822e-06
ATOSB,CRISPR,3.7540975076303896e-06
NPIPB15,Expression,3.753038103254131e-06
SELENON,Expression,3.746862907287901e-06
GLRX5,CRISPR,3.7410958682309303e-06
CFAP263,Expression,3.732332517279341e-06
IRAK1,Expression,3.727676667505309e-06
NOS1AP,Expression,3.72415605117477e-06
ZNF485,Expression,3.7240629948952015e-06
SPAG5,CRISPR,3.723589867523667e-06
TKT,Expression,3.720877225312133e-06
MRPL41,CRISPR,3.71129835708083e-06
CBX6,Expression,3.7087504845970734e-06
FZD2,Expression,3.7065679301669783e-06
LAPTM4A,Expression,3.70266858445308e-06
USH1G,CRISPR,3.69825546512384e-06
TENT2,CRISPR,3.6934499434243386e-06
ZNF780B,CRISPR,3.693193624275958e-06
RHEBL1,CRISPR,3.6856359245772375e-06
LYPD6,Expression,3.672592343359373e-06
PRAC1,CRISPR,3.6722786006495e-06
VASN,CRISPR,3.67192863661848e-06
ELP1,CRISPR,3.668960804029404e-06
CINP,CRISPR,3.668544905549115e-06
MIEN1,Expression,3.6574534419300376e-06
IL20RB,Expression,3.646502644931923e-06
MFNG,CRISPR,3.64575140266723e-06
SBNO1,Expression,3.643061652267481e-06
CCDC59,CRISPR,3.641804021708618e-06
SAR1B,CRISPR,3.6314718694413577e-06
RSAD2,Expression,3.623292330999521e-06
IGF1R,CRISPR,3.622164424076888e-06
ACTR1B,CRISPR,3.6218387648857222e-06
TMEM254,Expression,3.613674109738818e-06
FMNL1,CRISPR,3.61056473656675e-06
ADCY9,Expression,3.608335985890728e-06
SLC25A26,Expression,3.606280286162047e-06
MYO10,CRISPR,3.603834978809567e-06
MEAF6,Expression,3.594864838484867e-06
C5orf22,Expression,3.5945449335082192e-06
EDEM2,CRISPR,3.590506885014326e-06
SCAF1,CRISPR,3.5818245680225738e-06
ADAM17,Expression,3.5749116317809998e-06
ARMH3,CRISPR,3.574840065642984e-06
PDZD11,Expression,3.570001676813777e-06
RPAP2,Expression,3.5655748421063223e-06
DYNLL1,Expression,3.55745009522429e-06
CCT2,Expression,3.5573623406772704e-06
MAGEA4,Expression,3.557273240461777e-06
GPNMB,Expression,3.548683360894063e-06
EEF1E1,Expression,3.539510359466144e-06
HAUS2,Expression,3.5376962376964083e-06
ZNF561,Expression,3.5310652086937407e-06
METTL14,CRISPR,3.5216715057587725e-06
MEA1,CRISPR,3.5166713523010677e-06
ADAMTSL4,CRISPR,3.5149670395856587e-06
P4HA3,CRISPR,3.508072914927777e-06
MPP1,Expression,3.5071561752892927e-06
HDDC3,CRISPR,3.505063761775284e-06
WDR45,Expression,3.5017724983426414e-06
GGN,Expression,3.4995379134215957e-06
RGS9BP,Expression,3.499389103475626e-06
SOS1,CRISPR,3.494062468608499e-06
CRACD,Expression,3.4693211370408887e-06
ZFP69,CRISPR,3.4618664409167845e-06
MS4A8,CRISPR,3.4602127742673176e-06
HADH,CRISPR,3.454587465882258e-06
INTS8,CRISPR,3.4542623368532394e-06
CYP26A1,Expression,3.453294887112175e-06
IGF1R,Expression,3.450065663684714e-06
TNS1,Expression,3.4482699300395493e-06
MRPL49,Expression,3.4478866711119702e-06
ARHGAP33,CRISPR,3.44424955335564e-06
RAB7A,CRISPR,3.4396536970132323e-06
BMPR1A,CRISPR,3.4371937801773824e-06
PTPN7,Expression,3.431397172366202e-06
TIMM17B,Expression,3.421366044064152e-06
VARS2,CRISPR,3.4196411142846197e-06
MMP19,CRISPR,3.4187219179479376e-06
ALDH1A3,Expression,3.4158871299378607e-06
IRX3,CRISPR,3.415199977934192e-06
GLIPR1L1,CRISPR,3.406904747935658e-06
DDX42,CRISPR,3.3967468608448376e-06
KLHDC7A,Expression,3.3762705752610707e-06
SLC25A13,Expression,3.362397565307076e-06
FBXL22,Expression,3.3578903332427737e-06
AP2M1,Expression,3.3551998228595183e-06
ARMCX4,Mutation,3.351290276537178e-06
FRMD5,CRISPR,3.3470650284359178e-06
ACY3,Expression,3.3401565888500864e-06
CRIM1,Expression,3.339214769386885e-06
SDCBP,CRISPR,3.3386069836930298e-06
ARHGAP19,Expression,3.3370068079052696e-06
CENPM,Expression,3.32874677891671e-06
PARP11,Expression,3.3257034123155946e-06
PI4KB,CRISPR,3.325585372063705e-06
OSTM1,Expression,3.3234893461306478e-06
ZNF550,Expression,3.3230857655194585e-06
GSK3A,Expression,3.3190836643890005e-06
PGM5,CRISPR,3.3129463665344684e-06
ATP6V0B,Expression,3.2993324092206818e-06
ENY2,CRISPR,3.2973870752006365e-06
PPP1CA,Expression,3.283942583648385e-06
MRPS5,CRISPR,3.2831922166261093e-06
OGFRL1,Expression,3.267420635792981e-06
RBM34,CRISPR,3.263337657522247e-06
SUB1,Expression,3.261880952567724e-06
BLTP3A,CRISPR,3.261766728656529e-06
SLC1A5,Expression,3.258199333699919e-06
CSNK1A1L,CRISPR,3.256730617172197e-06
ARHGEF10L,Expression,3.2546285901258783e-06
TUB,CRISPR,3.2540192556605232e-06
AIF1,CRISPR,3.2516435394916188e-06
MRPL34,CRISPR,3.2462007962107345e-06
DOCK7,Expression,3.2439224423600223e-06
STMN3,CRISPR,3.2371850874486106e-06
CD160,Expression,3.229289983210873e-06
PIGT,CRISPR,3.226982608284655e-06
FIS1,Expression,3.2189024560653005e-06
SERINC4,Expression,3.2163443995134585e-06
H2BC18,Expression,3.2161083025485706e-06
MYL6,Expression,3.215610135610298e-06
KMT5A,CRISPR,3.2143883075889523e-06
HSD17B13,Expression,3.211538328167183e-06
PTOV1,CRISPR,3.210110388947478e-06
ARF4,Expression,3.205744451837579e-06
HERC1,CRISPR,3.200003250196739e-06
PITPNM1,CRISPR,3.196247999176292e-06
TTC5,Expression,3.192954604102484e-06
NOP53,CRISPR,3.188369477848302e-06
PFDN1,CRISPR,3.1833956541829883e-06
ALAS1,Expression,3.1828032279733656e-06
PTCD3,Expression,3.1774446986629663e-06
ZSWIM4,Expression,3.165755236823516e-06
DNAJC4,CRISPR,3.163768612451122e-06
ZCCHC17,CRISPR,3.1578418953774185e-06
PCBP1,Expression,3.146167042302124e-06
BBS2,Expression,3.133907294658059e-06
METTL17,CRISPR,3.128599971358153e-06
ISG15,CRISPR,3.1229728130616733e-06
TSPAN8,Expression,3.1207372942713834e-06
RBBP6,CRISPR,3.1127758525801305e-06
SARDH,Expression,3.1116183690907338e-06
ZNF709,Expression,3.111076887179815e-06
SYCP2,Expression,3.1092714447080164e-06
C5orf15,Expression,3.097060408286037e-06
RPL5,Expression,3.095281071636897e-06
AK2,Expression,3.088753417437859e-06
ZNF318,Expression,3.087185214890872e-06
HJV,CRISPR,3.0806897000945216e-06
PKN2,CRISPR,3.078028344298034e-06
INPP5K,Expression,3.074756398025602e-06
HSDL2,Expression,3.0703484738313544e-06
VPS33A,CRISPR,3.066054538789344e-06
ECSIT,CRISPR,3.059694882721265e-06
NME5,CRISPR,3.058668238082768e-06
BCL6,Expression,3.0494423032413445e-06
NAA38,CRISPR,3.046347882409364e-06
RUNX2,CRISPR,3.045153434780365e-06
RNF24,Expression,3.039402426146778e-06
DDX19B,CRISPR,3.038485445850052e-06
AZIN1,CRISPR,3.0371007508880366e-06
CARD19,Expression,3.023221631344466e-06
RAD51B,CRISPR,3.0221141815344006e-06
ZACN,CRISPR,3.002343946954449e-06
FAM200B,CRISPR,2.992426476483514e-06
RXYLT1,Expression,2.992397671648737e-06
PRRC1,Expression,2.982364665271249e-06
TIAM1,CRISPR,2.9807753543186496e-06
DYRK1B,CRISPR,2.97846504840494e-06
MT-ND1,Expression,2.976288664187792e-06
WDR24,CRISPR,2.9692148356347657e-06
CPE,Expression,2.960994088436146e-06
EID1,Expression,2.956771453335818e-06
TMEM30A,CRISPR,2.946971903470285e-06
TCF7L2,Expression,2.9442476392571865e-06
OTUB1,Expression,2.937444876781899e-06
TAGLN3,Expression,2.9324102585157616e-06
ATP5MC2,Expression,2.9227223977840804e-06
CPNE2,Expression,2.9158824324486896e-06
MTSS2,Expression,2.915401032706892e-06
ZNF117,Expression,2.9000337471694298e-06
RIOK1,Expression,2.889985804133151e-06
FOXH1,CRISPR,2.889534948559341e-06
ZW10,CRISPR,2.889243793608223e-06
TDRD3,Expression,2.8877675784687447e-06
CD79B,Expression,2.8868688642811217e-06
FAR2,CRISPR,2.885431792030388e-06
DAP3,CRISPR,2.8635108891601203e-06
TPCN1,Expression,2.8504548080396577e-06
MRPL32,CRISPR,2.850116766224402e-06
CTDNEP1,Expression,2.847976695301157e-06
ZBTB20,Expression,2.8388398393126e-06
ZCRB1,CRISPR,2.831261311665077e-06
MBD5,Expression,2.82853682372896e-06
KIFAP3,CRISPR,2.8255078911647155e-06
GATAD1,Expression,2.8219894318580767e-06
PWWP2B,Expression,2.8181977630738986e-06
NT5C,CRISPR,2.8119096523623937e-06
MIX23,CRISPR,2.8027082830991795e-06
JAZF1,CRISPR,2.7881747464427343e-06
TPM4,Expression,2.781887389942303e-06
COPS8,CRISPR,2.771044692817702e-06
AVPI1,CRISPR,2.7707400943195296e-06
NFRKB,CRISPR,2.7688553061642894e-06
MPZL1,CRISPR,2.768528060686401e-06
SSR3,CRISPR,2.768099880952149e-06
MGAT2,Expression,2.7652316881287367e-06
MRE11,CRISPR,2.7604616662322337e-06
MTOR,Expression,2.7571312851651406e-06
TMEM94,Expression,2.7531494405770985e-06
PIGM,Expression,2.7489803809689877e-06
FOSB,CRISPR,2.747309126232189e-06
MYBPC3,CRISPR,2.735615736968582e-06
WIPI2,Expression,2.7350393865191465e-06
GLE1,Expression,2.732382865743564e-06
EVPL,Expression,2.7094834053370944e-06
ATG9A,CRISPR,2.708622908292162e-06
GNG5,Expression,2.7076034729097083e-06
TCF25,Expression,2.6968091979130795e-06
CCNE2,CRISPR,2.694341271182069e-06
PFKP,Expression,2.6880507578938965e-06
PRR29,Expression,2.6824843025768203e-06
IGHMBP2,CRISPR,2.6786257573281086e-06
ATP5MK,CRISPR,2.673597084669236e-06
GTF3C5,CRISPR,2.6637753252306805e-06
RABGEF1,Expression,2.663112843635488e-06
ITGB3BP,Expression,2.661354190317269e-06
LOXL3,CRISPR,2.645601927997469e-06
HMCN1,Expression,2.6425410661205444e-06
ANKRD34A,Expression,2.6380851990496005e-06
PIM3,CRISPR,2.6332830125056258e-06
FOLR1,CRISPR,2.625243058309336e-06
IDE,Expression,2.6112777665810497e-06
GRK3,CRISPR,2.608064750030256e-06
MRPL11,CRISPR,2.603206095779411e-06
AVL9,Expression,2.60157851882603e-06
CAB39,CRISPR,2.5972562177140416e-06
RAB23,CRISPR,2.595907112021032e-06
PTPN11,CRISPR,2.58716369727222e-06
MRPL21,CRISPR,2.586470658682926e-06
LRRC7,Expression,2.571319072496521e-06
RPS3,Expression,2.567671745709823e-06
RBM18,Expression,2.5624430506079824e-06
SLC44A3,Expression,2.558723675450615e-06
RPL13A,Expression,2.556092823085188e-06
ZFAND3,CRISPR,2.5428637238124046e-06
C8orf33,Expression,2.5367322896596603e-06
ATG16L2,CRISPR,2.5332523503918147e-06
SNRPE,Expression,2.5294486530563693e-06
CSNK2A3,Expression,2.5286850124985258e-06
VTA1,Expression,2.520065849445069e-06
CNPY3,Expression,2.5032997036898924e-06
AMPH,Mutation,2.502899558891158e-06
PGBD4,Expression,2.500894432082433e-06
KMT5A,Expression,2.4919969299107656e-06
BRAF,Expression,2.474366378432618e-06
SLC31A1,Expression,2.4739120838340247e-06
ACTRT2,CRISPR,2.4736491617404307e-06
ADAM21,Expression,2.465232756756329e-06
PHF12,Expression,2.4617002073789304e-06
LRRC3,Expression,2.459711196299907e-06
MRPL4,CRISPR,2.4590058519466405e-06
CDCA3,CRISPR,2.45864380767536e-06
TM2D1,CRISPR,2.447858973485781e-06
PKD2L2,Expression,2.4469097053896777e-06
RPRD2,Expression,2.4388378711774057e-06
ORC2,CRISPR,2.4333652631323457e-06
ZFP69B,CRISPR,2.430270984142276e-06
DMKN,CRISPR,2.4256819470897704e-06
CSNK1G1,CRISPR,2.4233634731905946e-06
TRNT1,Expression,2.419782171876929e-06
TGFBI,Expression,2.4054048894721926e-06
RND2,Expression,2.403462032825828e-06
EPRS1,Expression,2.398587947746044e-06
MAP2K6,Expression,2.396030636136104e-06
MFRP,CRISPR,2.3958117535389228e-06
CNOT6,Expression,2.3944860592648444e-06
GJA5,CRISPR,2.392425963752994e-06
CINP,Expression,2.390170437738339e-06
MCRS1,CRISPR,2.3894508098141138e-06
FBXW11,Expression,2.382359985810121e-06
TAAR2,CRISPR,2.3745812012097325e-06
RTF1,CRISPR,2.3737328106901333e-06
DENR,Expression,2.3705114563369324e-06
SPEG,Expression,2.3663141977946578e-06
IFIT2,Expression,2.365275730077596e-06
POLH,Expression,2.3593130432403503e-06
SERPIND1,CRISPR,2.3494528158038933e-06
NME9,CRISPR,2.339352835694769e-06
GMEB2,CRISPR,2.334589022953101e-06
TSSK4,Expression,2.3230101540048525e-06
VNN2,CRISPR,2.3176458908106574e-06
HOXA6,CRISPR,2.303006236880819e-06
PHYKPL,Expression,2.2998208159643544e-06
CYP4F2,CRISPR,2.2904340320723297e-06
PTPN3,Expression,2.2898393956062303e-06
PXYLP1,Expression,2.280435570986496e-06
H2AZ1,Expression,2.27933178492894e-06
PNMT,Expression,2.27734443592476e-06
KMT2C,Expression,2.271381373649272e-06
SMARCB1,CRISPR,2.2690297731132933e-06
EHHADH,Expression,2.268399728413279e-06
AFDN,CRISPR,2.2494542739999493e-06
MRPS6,CRISPR,2.2444169975904847e-06
LSS,Expression,2.234386019542116e-06
IFNLR1,CRISPR,2.232736653904252e-06
MRPL9,CRISPR,2.2287019847484865e-06
GTF2H1,CRISPR,2.219540467174623e-06
EPCAM,CRISPR,2.193562839302074e-06
PROX2,Expression,2.1902239509545545e-06
CRYGB,CRISPR,2.183401825506831e-06
CDC16,Expression,2.181454982596016e-06
UPB1,CRISPR,2.1804599976388354e-06
TRIAP1,Expression,2.177262235834233e-06
ANKRD12,Expression,2.1693157901743787e-06
SRRT,CRISPR,2.1677626041499355e-06
COMMD5,Expression,2.161670394715678e-06
CMPK1,CRISPR,2.1598878718002437e-06
RETSAT,Expression,2.154334858273531e-06
KLHL7,CRISPR,2.150269732063716e-06
VAV2,CRISPR,2.1415326863766984e-06
SLC35F5,Expression,2.1323043822433385e-06
SELENOK,CRISPR,2.130473944072745e-06
SNX11,CRISPR,2.1252423226233608e-06
LAP3,CRISPR,2.123915578648445e-06
FBLN2,Expression,2.123692791476656e-06
KRBA2,Expression,2.113344730663968e-06
PRRX1,Expression,2.102036258342144e-06
DHX36,CRISPR,2.093506441623372e-06
DDX27,Expression,2.0768892849092272e-06
ZNF678,Expression,2.0753045955581813e-06
FAM136A,CRISPR,2.049729362182949e-06
H2AC25,CRISPR,2.047209984545085e-06
PDPK1,CRISPR,2.043644837557122e-06
CENPT,CRISPR,2.0425521317443656e-06
XBP1,CRISPR,2.0361915552745234e-06
ZNF778,Expression,2.0229434154192997e-06
IPO7,CRISPR,2.0187008663550925e-06
SLC35A2,Expression,2.003641059059978e-06
SLC16A14,Expression,2.001140846017708e-06
GALNT16,Expression,1.9980665577795885e-06
DENND1B,Expression,1.995365717586796e-06
ACP6,CRISPR,1.974113109410293e-06
BCOR,Expression,1.9652196982030646e-06
GAS1,CRISPR,1.9625796405768497e-06
WDR70,Expression,1.9624132155678782e-06
MBOAT1,CRISPR,1.959389611321252e-06
TRIM23,CRISPR,1.952719956852378e-06
RRP8,Expression,1.9498784177596214e-06
VIPAS39,CRISPR,1.947453230496154e-06
TTC23,Expression,1.947359505310023e-06
DNAH7,CRISPR,1.922708524095901e-06
SMARCAL1,CRISPR,1.918882121933201e-06
ERBB4,CRISPR,1.9186670080137703e-06
E2F2,CRISPR,1.9119476367223737e-06
SUSD2,CRISPR,1.90954188798484e-06
SFTPD,Expression,1.892212873923837e-06
DNPH1,CRISPR,1.887285595427179e-06
GPR171,CRISPR,1.886668112144318e-06
RASAL1,Expression,1.8852376377955372e-06
ZBTB12,CRISPR,1.8847158653604527e-06
AFG2A,CRISPR,1.871327530049624e-06
YRDC,Expression,1.8556462969630624e-06
LAIR1,Expression,1.853911588621031e-06
PSMG2,Expression,1.853391652046715e-06
MRPL35,CRISPR,1.849447934541158e-06
PPM1L,Expression,1.8400813871460064e-06
PHF8,Expression,1.8355621553886637e-06
IFIT3,Expression,1.8335697681402203e-06
SPEM1,CRISPR,1.829750780849734e-06
PLBD2,Expression,1.8283782736354253e-06
ATP5F1C,CRISPR,1.822770232690089e-06
HDHD5,CRISPR,1.821623285860984e-06
NYAP1,Expression,1.8078821529499823e-06
HCN3,Expression,1.7948274337525213e-06
KLHL20,CRISPR,1.7910832036831785e-06
PRDX5,CRISPR,1.7891505057023778e-06
PLAC8L1,CRISPR,1.7834249136398845e-06
UXS1,Expression,1.7716388998779286e-06
FANCF,CRISPR,1.7441002637801908e-06
DAG1,CRISPR,1.7438353200703645e-06
HOXC5,CRISPR,1.7289333226626123e-06
PGS1,Expression,1.7226668965889903e-06
ELOVL1,CRISPR,1.7216545410546026e-06
MBD1,Expression,1.7189116359631893e-06
PPP4C,Expression,1.7108663228752197e-06
ANKZF1,CRISPR,1.7074803457707546e-06
TEX44,CRISPR,1.7058934260689168e-06
WDR97,Expression,1.6958177910811949e-06
EML1,CRISPR,1.6956521068901957e-06
TRIM14,CRISPR,1.6929021073612166e-06
ZNF420,Expression,1.6900403895059057e-06
DMRTA2,CRISPR,1.678019236090381e-06
NSFL1C,CRISPR,1.666163463092335e-06
SCIN,Expression,1.6634832293812738e-06
ABHD15,Expression,1.66238500392814e-06
KIAA1614,Expression,1.6585287679131974e-06
GSN,Expression,1.6565238752717231e-06
TOP3B,CRISPR,1.654067410197876e-06
PTGES,Expression,1.6397187682625006e-06
MROH6,CRISPR,1.634172286067922e-06
SKP2,CRISPR,1.6308621553557195e-06
MTHFR,Expression,1.6284974935065436e-06
ZNF302,Expression,1.5961328262465308e-06
NACC1,CRISPR,1.5943389720451937e-06
BMP4,Expression,1.5844220999266227e-06
PRPF3,CRISPR,1.581300718352482e-06
TNRC6B,CRISPR,1.5795576156929676e-06
ATP13A3,CRISPR,1.5707443709109925e-06
ZNF112,Expression,1.5656114489306977e-06
CD248,CRISPR,1.5635050343372764e-06
ZEB2,Expression,1.554314747282234e-06
LOX,Expression,1.551862644541186e-06
FADS2,CRISPR,1.5417189466688296e-06
GNG2,Expression,1.5350545139084077e-06
DNAJC8,Expression,1.534159197652963e-06
WASHC2C,Expression,1.530478206151859e-06
BLVRA,Expression,1.527762852256057e-06
UBQLN1,CRISPR,1.524589769399229e-06
MAN2C1,Expression,1.523326001123638e-06
SCARB1,CRISPR,1.5231363536460635e-06
KCNJ9,CRISPR,1.5221963906268436e-06
GPR61,Expression,1.5185715206493272e-06
RPL28,CRISPR,1.50966503764691e-06
EBP,Expression,1.4568070027384244e-06
ZNF85,Expression,1.4542010871200464e-06
NHEJ1,Expression,1.4440976943712774e-06
VPS18,CRISPR,1.4412529225664124e-06
TMUB1,Expression,1.439264734062863e-06
DNAJA2,Expression,1.42915428342129e-06
EGLN1,CRISPR,1.4284049278350637e-06
MIOS,CRISPR,1.4264817795435248e-06
MRPS23,CRISPR,1.396937712374423e-06
DTHD1,CRISPR,1.392109137431009e-06
RAB11FIP5,Expression,1.3794269285780252e-06
RCOR2,Expression,1.3686201637676076e-06
PGAP6,CRISPR,1.367021004308802e-06
BDP1,CRISPR,1.3501379349285187e-06
NCKIPSD,Expression,1.3474269809093253e-06
KLHDC8A,CRISPR,1.3413132980391924e-06
MEF2D,CRISPR,1.3364385379197115e-06
JRK,Expression,1.3280803881732617e-06
RMDN1,Expression,1.3255057964960864e-06
SPACA7,CRISPR,1.319068290299849e-06
RNH1,Expression,1.315030273052853e-06
SNRPN,Expression,1.2904866907439969e-06
HLTF,Expression,1.2831862230980798e-06
C16orf90,CRISPR,1.2661043745968489e-06
SRSF9,CRISPR,1.2584157022262955e-06
ZC3H10,Expression,1.2481211152185972e-06
TSNARE1,CRISPR,1.215845991634098e-06
MACF1,CRISPR,1.2156427804571496e-06
NANOS1,Expression,1.211663575555333e-06
CSNK2B,Expression,1.1940107196361778e-06
KLHDC7B,Expression,1.1549312015400637e-06
DPF1,CRISPR,1.1388663257440582e-06
IVD,Expression,1.1382559414003907e-06
CDKL2,Expression,1.115021075637857e-06
TMED9,Expression,1.113584420848488e-06
COG7,CRISPR,1.0990296185239511e-06
OARD1,Expression,1.0871177205680434e-06
NUP98,CRISPR,1.076580273487946e-06
BLOC1S5,Expression,1.051084851482777e-06
ZNF79,Expression,1.0501586546031076e-06
SBF1,Expression,1.0349411153591504e-06
ZNF724,Expression,1.0226365264959671e-06
MED20,Expression,1.0166473752652293e-06
BTF3L4,Expression,1.0141018625278374e-06
SLC16A5,CRISPR,1.001147078203185e-06
LIG1,CRISPR,9.84812409722202e-07
KDM1A,Expression,9.717613379601635e-07
TMEM250,Expression,9.672459240733047e-07
PRDX3,Expression,9.599237369671209e-07
COA8,CRISPR,9.552079381854176e-07
NUBP2,CRISPR,9.435720528368776e-07
MFAP2,CRISPR,9.361276927992156e-07
ETV3,CRISPR,9.33139730057708e-07
MRPL57,CRISPR,9.123138046464852e-07
VEGFB,CRISPR,8.792783803729767e-07
BRD7,Expression,8.664090685439243e-07
GNL3,CRISPR,8.618876726124111e-07
DNAL1,Expression,8.57584115276434e-07
KREMEN2,CRISPR,8.573013089492639e-07
S100A9,CRISPR,8.554988829182372e-07
ABTB3,CRISPR,8.417256205393112e-07
KLHDC3,CRISPR,8.408192236263906e-07
TSPAN11,Expression,8.281205445208942e-07
RAB4B,CRISPR,8.256978109095117e-07
ZNF22,Expression,8.228191607349718e-07
C6orf15,Expression,8.219221229005509e-07
CDK13,CRISPR,8.131487903698493e-07
CHRM1,CRISPR,8.069805207128259e-07
RRP36,CRISPR,7.932278095170065e-07
PTEN,Expression,7.92793719185197e-07
FBXO41,Expression,7.925944965257565e-07
NTPCR,CRISPR,7.851069445271148e-07
ECT2L,Expression,7.79791736759309e-07
CDC5L,Expression,7.759328984735081e-07
GAL3ST2,CRISPR,7.757723885735963e-07
DPEP3,CRISPR,7.235057940218508e-07
DEFB125,CRISPR,7.139351524964594e-07
PDE4B,Expression,6.885021752375258e-07
ROM1,Expression,6.567542309656845e-07
CPAMD8,Expression,6.468766342775362e-07
HIPK4,CRISPR,6.427018780168817e-07
XKR7,CRISPR,6.306987503094522e-07
CCNB1IP1,Expression,6.269719058946405e-07
GPM6A,Expression,6.087951933577543e-07
ZNF69,CRISPR,5.913504402298051e-07
ACTN1,CRISPR,5.893502475036078e-07
CCDC163,Expression,5.831354637434356e-07
SWT1,Expression,5.777405555406694e-07
SGK2,Expression,5.472291817514492e-07
OSTC,CRISPR,4.842846189997344e-07
LRRCC1,CRISPR,4.18519460764868e-07
DND1,CRISPR,4.162128464794079e-07
AUH,Expression,4.157521223468444e-07
PLA2G7,CRISPR,3.603269815056065e-07
USP38,CRISPR,3.2314032261047266e-07
SCAMP4,Expression,3.187938661783352e-07
FCHSD2,CRISPR,3.142427706066353e-07
BTF3,CRISPR,2.641863448697567e-07
MAP7D2,Expression,2.553739654565486e-07
AIMP2,CRISPR,2.54536531249476e-07
IL18BP,CRISPR,1.902668968482921e-07
ATG2A,CRISPR,1.8767200698769329e-07
SLC22A11,CRISPR,1.382347489592477e-07
HRH4,CRISPR,6.55594116227066e-08
PPP4R4,Mutation,0.0
CKLF,Mutation,0.0
TRADD,Mutation,0.0
GNAO1,Mutation,0.0
N4BP1,Mutation,0.0
KIF26A,Mutation,0.0
IGHD,Mutation,0.0
ZYG11A,Mutation,0.0
MRNIP,Mutation,0.0
HLA-C,Mutation,0.0
EHMT2,Mutation,0.0
NOTCH4,Mutation,0.0
SLC39A7,Mutation,0.0
EPHB2,Mutation,0.0
KHSRP,Mutation,0.0
SPTBN5,Mutation,0.0
MAP1A,Mutation,0.0
MORF4L1,Mutation,0.0
NGRN,Mutation,0.0
FES,Mutation,0.0
PTX4,Mutation,0.0
EME2,Mutation,0.0
BICDL2,Mutation,0.0
USP7,Mutation,0.0
MSH4,Mutation,0.0
SPARC,Mutation,0.0
NSG2,Mutation,0.0
GRK6,Mutation,0.0
C8B,Mutation,0.0
LRRC7,Mutation,0.0
LRRC40,Mutation,0.0
GRM1,Mutation,0.0
SMAP2,Mutation,0.0
RNF220,Mutation,0.0
TAL1,Mutation,0.0
PCDHGB7,Mutation,0.0
ENTREP3,Mutation,0.0
ISG20L2,Mutation,0.0
PRRC2C,Mutation,0.0
PHGDH,Mutation,0.0
PRSS48,Mutation,0.0
FBXW7,Mutation,0.0
DCHS2,Mutation,0.0
FSTL5,Mutation,0.0
FBXO8,Mutation,0.0
ACSL1,Mutation,0.0
MAP7D1,Mutation,0.0
NIPBL,Mutation,0.0
SELENOP,Mutation,0.0
LINC02063,Mutation,0.0
KCTD15,Mutation,0.0
LSR,Mutation,0.0
LRFN1,Mutation,0.0
LRCH1,Mutation,0.0
KPNA3,Mutation,0.0
PCDH8,Mutation,0.0
PCDH17,Mutation,0.0
FAM149A,Mutation,0.0
MYOM3,Mutation,0.0
MTFR1L,Mutation,0.0
ZSCAN20,Mutation,0.0
MAP2K7,Mutation,0.0
EPHA10,Mutation,0.0
MAST4,Mutation,0.0
CEACAM19,Mutation,0.0
CLASRP,Mutation,0.0
FUZ,Mutation,0.0
ZNF813,Mutation,0.0
CFAP141,Mutation,0.0
KLF2,Mutation,0.0
EPS15L1,Mutation,0.0
IQGAP2,Mutation,0.0
ARSB,Mutation,0.0
FAM151B,Mutation,0.0
EFNA5,Mutation,0.0
APC,Mutation,0.0
KCNN2,Mutation,0.0
LOX,Mutation,0.0
LINC02900,Mutation,0.0
CCDST,Mutation,0.0
PODNL1,Mutation,0.0
LRRC37A16P,Mutation,0.0
MAP2K6,Mutation,0.0
MTFR1,Mutation,0.0
DDX3X,Mutation,0.0
SHROOM4,Mutation,0.0
AMER1,Mutation,0.0
XPO7,Mutation,0.0
TEX15,Mutation,0.0
CEBPD,Mutation,0.0
OR2K2,Mutation,0.0
PTPRS,Mutation,0.0
SARDH,Mutation,0.0
GLT6D1,Mutation,0.0
CCDC187,Mutation,0.0
GPSM1,Mutation,0.0
SEC16A,Mutation,0.0
ASB11,Mutation,0.0
NHS,Mutation,0.0
ACOT9,Mutation,0.0
ARHGEF6,Mutation,0.0
ELMO3,Mutation,0.0
DUS2,Mutation,0.0
UGCG,Mutation,0.0
FANCG,Mutation,0.0
TMEM130,Mutation,0.0
MYL10,Mutation,0.0
LRWD1,Mutation,0.0
KMT2E,Mutation,0.0
CFTR,Mutation,0.0
CADPS2,Mutation,0.0
KCP,Mutation,0.0
STRIP2,Mutation,0.0
ZC3HC1,Mutation,0.0
GNA13,Mutation,0.0
KMT2C,Mutation,0.0
FBXO25,Mutation,0.0
SLC28A3,Mutation,0.0
VPS13A,Mutation,0.0
WNK4,Mutation,0.0
DBF4B,Mutation,0.0
TTLL6,Mutation,0.0
SPOP,Mutation,0.0
RNF43,Mutation,0.0
HEATR6,Mutation,0.0
FTSJ3,Mutation,0.0
MEST,Mutation,0.0
GRIA3,Mutation,0.0
AHR,Mutation,0.0
TNFAIP1,Mutation,0.0
CCL2,Mutation,0.0
ACSM3,Mutation,0.0
KATNIP,Mutation,0.0
SUMO2,Mutation,0.0
HNRNPA2B1,Mutation,0.0
GRB10,Mutation,0.0
GTF2I,Mutation,0.0
ZNF469,Mutation,0.0
FBN3,Mutation,0.0
RAB3D,Mutation,0.0
KCNG2,Mutation,0.0
TLE5,Mutation,0.0
PIAS4,Mutation,0.0
PLIN5,Mutation,0.0
RASA3,Mutation,0.0
LONP1,Mutation,0.0
SREBF1,Mutation,0.0
PNPLA6,Mutation,0.0
EVI5L,Mutation,0.0
PCDHB1,Mutation,0.0
LINC02138,Mutation,0.0
FANCA,Mutation,0.0
USP6,Mutation,0.0
CTDNEP1,Mutation,0.0
TP53,Mutation,0.0
MYH1,Mutation,0.0
DNAH9,Mutation,0.0
MAP2K4,Mutation,0.0
SLITRK4,Mutation,0.0
MCF2L2P1,Mutation,0.0
FAM133A,Mutation,0.0
TP73,Mutation,0.0
CHD5,Mutation,0.0
EPHA2,Mutation,0.0
BICRAL,Mutation,0.0
PTK7,Mutation,0.0
COL21A1,Mutation,0.0
DDO,Mutation,0.0
GPRC6A,Mutation,0.0
IL22RA2,Mutation,0.0
HIVEP2,Mutation,0.0
UTRN,Mutation,0.0
PRKCZ,Mutation,0.0
MST1,Mutation,0.0
MST1R,Mutation,0.0
IQCF5,Mutation,0.0
MUC19,Mutation,0.0
OR5BS1P,Mutation,0.0
IGKV1OR22-1,Mutation,0.0
BID,Mutation,0.0
ZNRF3,Mutation,0.0
C22orf31,Mutation,0.0
CASTOR1,Mutation,0.0
ELAPOR2,Mutation,0.0
FBXO7,Mutation,0.0
PARVB,Mutation,0.0
TTLL8,Mutation,0.0
SLC15A5,Mutation,0.0
B3GNT6,Mutation,0.0
DLG2,Mutation,0.0
MRE11,Mutation,0.0
ANGPTL5,Mutation,0.0
OVCH1,Mutation,0.0
RESF1,Mutation,0.0
OSBP2,Mutation,0.0
CFAP36,Mutation,0.0
SPCS1,Mutation,0.0
SELENOK,Mutation,0.0
LINC00877,Mutation,0.0
GBE1,Mutation,0.0
EPHA3,Mutation,0.0
NNMT,Mutation,0.0
SIAE,Mutation,0.0
OR4A8,Mutation,0.0
OR8J2,Mutation,0.0
SCN10A,Mutation,0.0
SAXO4,Mutation,0.0
VPS51,Mutation,0.0
LINC02042,Mutation,0.0
SIDT1,Mutation,0.0
SLC2A10,Mutation,0.0
TAF4,Mutation,0.0
OPRL1,Mutation,0.0
DONSON,Mutation,0.0
TGFBR2,Mutation,0.0
NBPF21P,Mutation,0.0
TRANK1,Mutation,0.0
CTNND1,Mutation,0.0
ZMYM2,Mutation,0.0
CCDC146,Mutation,0.0
MTUS2,Mutation,0.0
BRCA2,Mutation,0.0
WBP4,Mutation,0.0
CCDC150,Mutation,0.0
ZACN,Mutation,0.0
PIEZO2,Mutation,0.0
MAGI2,Mutation,0.0
JPH1,Mutation,0.0
HTR2B,Mutation,0.0
UBR5,Mutation,0.0
NDRG1,Mutation,0.0
DENND3,Mutation,0.0
FREM1,Mutation,0.0
CCDC171,Mutation,0.0
TLN1,Mutation,0.0
TRMT9B,Mutation,0.0
CDKN2A,Mutation,0.0
STAT3,Mutation,0.0
GJB2,Mutation,0.0
XIST,Mutation,0.0
GRHL2,Mutation,0.0
PGAP1,Mutation,0.0
OR6C75,Mutation,0.0
STAT2,Mutation,0.0
STAB2,Mutation,0.0
TRPV4,Mutation,0.0
KSR2,Mutation,0.0
CIT,Mutation,0.0
TRIAP1,Mutation,0.0
NCOR2,Mutation,0.0
NCOA6,Mutation,0.0
ABCC9,Mutation,0.0
SOX12,Mutation,0.0
ESF1,Mutation,0.0
CST11,Mutation,0.0
DEFB124,Mutation,0.0
CBFA2T2,Mutation,0.0
JAM3,Mutation,0.0
PRMT8,Mutation,0.0
ATN1,Mutation,0.0
PRB1,Mutation,0.0
MYH7B,Mutation,0.0
EPPIN,Mutation,0.0
BOK,Mutation,0.0
SMPD4,Mutation,0.0
ZNF628,Mutation,0.0
NLRP9,Mutation,0.0
ZFP28,Mutation,0.0
ZNF773,Mutation,0.0
ZNF132,Mutation,0.0
TPO,Mutation,0.0
FAM228B,Mutation,0.0
PLB1,Mutation,0.0
ZNF536,Mutation,0.0
ANKAR,Mutation,0.0
CAMK2N2,Mutation,0.0
FAM193A,Mutation,0.0
EVC2,Mutation,0.0
UNC93B7,Mutation,0.0
TAPT1,Mutation,0.0
ARL9,Mutation,0.0
ADAMTS3,Mutation,0.0
COQ2,Mutation,0.0
ARHGAP24,Mutation,0.0
HERC3,Mutation,0.0
SLITRK3,Mutation,0.0
TRDV1,Mutation,0.0
TTC6,Mutation,0.0
HIF1A,Mutation,0.0
SIPA1L1,Mutation,0.0
NRXN3,Mutation,0.0
FASTKD3,Mutation,0.0
ZNF622,Mutation,0.0
SUB1,Mutation,0.0
RPF1,Mutation,0.0
LRRC8B,Mutation,0.0
LINC00642,Mutation,0.0
GSTM5,Mutation,0.0
LRIF1,Mutation,0.0
MAGI3,Mutation,0.0
OBSCN,Mutation,0.0
PCNX2,Mutation,0.0
ERO1B,Mutation,0.0
SDCCAG8,Mutation,0.0
NLRP3,Mutation,0.0
PCDH15,Mutation,0.0
ZDHHC11,Mutation,0.0
TRIM59,Mutation,0.0
PALMD,Mutation,0.0
HSPE1,Mutation,0.0
EP400,Mutation,0.0
P2RX2,Mutation,0.0
ZNF26,Mutation,0.0
KNL1,Mutation,0.0
EML5,Mutation,0.0
CRYBG3,Mutation,0.0
GRID1,Mutation,0.0
LIPN,Mutation,0.0
CHUK,Mutation,0.0
LEF1,Mutation,0.0
GBF1,Mutation,0.0
PBRM1,Mutation,0.0
RAPH1,Mutation,0.0
COL4A4,Mutation,0.0
LRP1B,Mutation,0.0
KIF5C,Mutation,0.0
NEB,Mutation,0.0
LRP2,Mutation,0.0
TTN,Mutation,0.0
ITGA4,Mutation,0.0
COL5A2,Mutation,0.0
KCNIP2,Mutation,0.0
BLTP1,Mutation,0.0
AXDND1,Mutation,0.0
RGSL1,Mutation,0.0
PPFIA4,Mutation,0.0
ATP2B4,Mutation,0.0
CR1,Mutation,0.0
ITPKB,Mutation,0.0
PRSS38,Mutation,0.0
JAKMIP3,Mutation,0.0
OR52I1,Mutation,0.0
MYO7B,Mutation,0.0
TUB,Mutation,0.0
C11orf16,Mutation,0.0
NAV2,Mutation,0.0
ANO3,Mutation,0.0
ATG13,Mutation,0.0
F2,Mutation,0.0
PC,Mutation,0.0
EFEMP1,Mutation,0.0
VRK2,Mutation,0.0
NAT8B,Mutation,0.0
ANKRD36C,Mutation,0.0
NCAM1,Mutation,0.0
