Feature,Importance
EXP_HEPHL1 (341208),0.0004105168718383455
CRISPR_PTP4A3 (11156),0.0003832309641032796
CRISPR_THRA (7067),0.00026382055150932216
CRISPR_BTBD2 (55643),0.000206269110357558
CRISPR_S100A5 (6276),0.00018596810544105748
CRISPR_PXMP2 (5827),0.00018326031376936623
CRISPR_ZNF770 (54989),0.00018028801346632782
EXP_ANAPC16 (119504),0.00017979670411243358
EXP_USP31 (57478),0.00016361800365624374
CRISPR_FBXW10 (10517),0.00016250643243633216
EXP_FSCN1 (6624),0.00015907916933446449
EXP_PHOSPHO2 (493911),0.00015738363199655032
CRISPR_SPOP (8405),0.0001560070150014659
CRISPR_TMEM256 (254863),0.00014393565572197068
CRISPR_REXO2 (25996),0.00014346035353153438
EXP_FOXD4L1 (200350),0.00014238789113225501
CRISPR_ZNF93 (81931),0.0001414468004627927
CRISPR_SP6 (80320),0.00013814406549732537
EXP_NDUFA5 (4698),0.0001298396815660731
CRISPR_KIF2C (11004),0.0001283615189906115
EXP_CDC42SE1 (56882),0.00012789017790283078
CRISPR_NAXE (128240),0.00012564968439283543
CRISPR_TARBP2 (6895),0.00012424428350250207
EXP_CAPZA2 (830),0.0001228086207133233
EXP_WNT4 (54361),0.00012230293223507198
EXP_SMIM30 (401397),0.00012143311562851306
CRISPR_ANHX (647589),0.00012029202604273964
CRISPR_MYL7 (58498),0.00011952479866892959
CRISPR_CSAD (51380),0.00011583554373841048
CRISPR_MFF (56947),0.0001157892353448685
CRISPR_ACACB (32),0.00011560347458765013
CRISPR_SLC25A18 (83733),0.000115575787714916
EXP_ARHGAP24 (83478),0.00011376729846428345
CRISPR_SMAD7 (4092),0.00011262728894155535
EXP_TRIM25 (7706),0.00011255427883279616
EXP_PCGF5 (84333),0.00011060299337647348
CRISPR_ZBTB40 (9923),0.00011044757728090841
EXP_RASEF (158158),0.00010887307798004598
EXP_ANKRD23 (200539),0.00010871625775910011
EXP_DBN1 (1627),0.00010682689201536035
CRISPR_EPC1 (80314),0.00010668774641437703
CRISPR_PAK2 (5062),0.00010497943575747273
CRISPR_SSX5 (6758),0.0001047466366418148
CRISPR_C8orf33 (65265),0.00010452740457508831
EXP_IGFBP2 (3485),0.0001043952038355174
CRISPR_TRIM61 (391712),0.00010369283123312143
EXP_ME2 (4200),0.00010358056358539829
CRISPR_TAF1 (6872),0.00010267456272303096
EXP_EHD4 (30844),0.00010250138455693503
CRISPR_CDH5 (1003),0.00010034760748341238
EXP_MECR (51102),0.00010010354212599102
CRISPR_KIF22 (3835),9.967023211228275e-05
EXP_CCDC102A (92922),9.961301598975316e-05
CRISPR_C1orf87 (127795),9.909442806118009e-05
EXP_RHOBTB1 (9886),9.821175641557373e-05
EXP_DCAF15 (90379),9.720433270784668e-05
CRISPR_MGAT2 (4247),9.707294526836e-05
EXP_RASA4B (100271927),9.644145209309208e-05
EXP_PCOLCE2 (26577),9.622792392687073e-05
CRISPR_POT1 (25913),9.616696786796661e-05
EXP_CCT6B (10693),9.530352542208302e-05
CRISPR_SCAF4 (57466),9.513022175352379e-05
EXP_SLC2A11 (66035),9.504076934976686e-05
CRISPR_MIEN1 (84299),9.497068798454605e-05
EXP_SND1 (27044),9.406526341642641e-05
CRISPR_PPIL3 (53938),9.315542668820445e-05
EXP_RNF144B (255488),9.313191104910237e-05
CRISPR_B3GNT3 (10331),9.295390074798815e-05
CRISPR_NAGPA (51172),9.242325314807689e-05
EXP_TNNC2 (7125),9.205453998797454e-05
EXP_PRPF3 (9129),9.149433277145315e-05
CRISPR_POTEI (653269),9.147023212588651e-05
EXP_MARCKS (4082),9.100519192021114e-05
EXP_MCTS2 (100101490),9.034363397259842e-05
EXP_RAB24 (53917),8.996135002981351e-05
EXP_KCTD11 (147040),8.957789909228807e-05
EXP_ENG (2022),8.91829565198945e-05
EXP_HERC3 (8916),8.913302832976497e-05
EXP_TM9SF2 (9375),8.897680961760283e-05
MUT_ZFP36L2 (678),8.805764431336128e-05
EXP_SNX19 (399979),8.763744024080334e-05
CRISPR_REM1 (28954),8.74792046219841e-05
CRISPR_DPH2 (1802),8.701186346366714e-05
EXP_IER5 (51278),8.630155651508742e-05
MUT_ZNF300 (91975),8.602857037913055e-05
EXP_ZNF277 (11179),8.549880941304274e-05
CRISPR_UBE2T (29089),8.521221127774376e-05
CRISPR_E2F4 (1874),8.499928250317725e-05
CRISPR_SIRT7 (51547),8.471250047960158e-05
EXP_MYO1B (4430),8.450702083296588e-05
EXP_PPP3CC (5533),8.437966481732338e-05
CRISPR_DCAF15 (90379),8.431198632691343e-05
MUT_PAPOLG (64895),8.41116718888192e-05
CRISPR_BLM (641),8.385201551343661e-05
EXP_SLC5A6 (8884),8.380067237432702e-05
CRISPR_TRAPPC2L (51693),8.378781101789764e-05
CRISPR_UBN1 (29855),8.375271458014144e-05
EXP_INPP5E (56623),8.308857188976633e-05
CRISPR_ANKRD23 (200539),8.288538056534706e-05
EXP_AGRN (375790),8.2642513223017e-05
CRISPR_GTF2H5 (404672),8.258580177031494e-05
CRISPR_C16orf92 (146378),8.253717113154889e-05
CRISPR_SDHD (6392),8.209784331271527e-05
CRISPR_ZNF330 (27309),8.182936928548883e-05
CRISPR_ZNHIT3 (9326),8.16038744021782e-05
CRISPR_CCNL1 (57018),8.109906515666037e-05
EXP_G6PD (2539),8.098035296485527e-05
CRISPR_PLA2G12A (81579),8.097222362391193e-05
CRISPR_YTHDF2 (51441),7.939469324520074e-05
CRISPR_ZNHIT1 (10467),7.923539416103439e-05
CRISPR_TMEM185B (79134),7.866451959249017e-05
CRISPR_UVRAG (7405),7.86059204991103e-05
EXP_GNB3 (2784),7.847248823739278e-05
EXP_MTRF1 (9617),7.788860888446532e-05
CRISPR_LHX1 (3975),7.76815134533835e-05
EXP_CASTOR2 (729438),7.761761897570871e-05
EXP_TEX22 (647310),7.755357870963702e-05
EXP_MEX3C (51320),7.743441631023358e-05
EXP_TSPAN14 (81619),7.664648954784109e-05
CRISPR_CD4 (920),7.664009867220316e-05
CRISPR_NOTCH2 (4853),7.644435401969575e-05
EXP_NOPCHAP1 (121053),7.635506865358597e-05
CRISPR_ZC3H3 (23144),7.62507389767613e-05
EXP_LYPD3 (27076),7.601104123212683e-05
CRISPR_EXTL3 (2137),7.530351806580466e-05
CRISPR_ERLN (100130933),7.520098362512856e-05
EXP_PLEKHG4 (25894),7.51831424928365e-05
CRISPR_H3C2 (8358),7.50765887292637e-05
EXP_PDIA4 (9601),7.484623914156935e-05
CRISPR_LYRM7 (90624),7.441839056794961e-05
CRISPR_BOC (91653),7.416828168249596e-05
EXP_PLEKHA4 (57664),7.4016391414322e-05
EXP_E2F7 (144455),7.400711518223074e-05
CRISPR_NMRAL1 (57407),7.369930061503745e-05
CRISPR_KXD1 (79036),7.360403704917118e-05
EXP_EEF1AKMT4 (110599564),7.35857901847555e-05
EXP_GRK5 (2869),7.344103232519094e-05
CRISPR_MEMO1 (51072),7.311716238546576e-05
EXP_SENP7 (57337),7.286056711248877e-05
CRISPR_BNIP3 (664),7.282725124390456e-05
EXP_PALLD (23022),7.276315076961459e-05
CRISPR_RHPN2 (85415),7.27260873200746e-05
CRISPR_GAB2 (9846),7.242574933837141e-05
EXP_SNN (8303),7.210841207720596e-05
EXP_GSTK1 (373156),7.209365053530396e-05
MUT_NUP210 (23225),7.191357610827255e-05
EXP_NMI (9111),7.185283627001885e-05
EXP_SLC35A5 (55032),7.182001156933022e-05
CRISPR_LMNA (4000),7.180728667779886e-05
CRISPR_ZNF317 (57693),7.166723761730867e-05
CRISPR_SLC22A15 (55356),7.086782363317045e-05
CRISPR_CHCHD5 (84269),7.084727873702698e-05
EXP_PNPLA4 (8228),7.068245655239143e-05
CRISPR_RARS1 (5917),6.996878111075882e-05
EXP_LMO2 (4005),6.944768688667619e-05
CRISPR_EPS15 (2060),6.896223796863833e-05
MUT_SLK (9748),6.892017203937855e-05
EXP_ITGB1BP2 (26548),6.88885304142674e-05
EXP_RNPS1 (10921),6.85743406958658e-05
CRISPR_DNAAF19 (388389),6.857011161919708e-05
EXP_FHOD3 (80206),6.850921401459129e-05
CRISPR_SLC4A1AP (22950),6.845842206357009e-05
EXP_ZNF525 (170958),6.802566242574902e-05
EXP_ME3 (10873),6.801634583040914e-05
EXP_LAGE3 (8270),6.735251199371849e-05
EXP_LRIG3 (121227),6.724352495780343e-05
EXP_ARRB1 (408),6.718938847651197e-05
EXP_GNA12 (2768),6.700295013707875e-05
CRISPR_ADAMTS6 (11174),6.676512815887776e-05
EXP_HMG20A (10363),6.674142229667544e-05
CRISPR_SLC22A17 (51310),6.667333230399162e-05
CRISPR_H3C10 (8357),6.657934708050747e-05
EXP_DPAGT1 (1798),6.64999154031067e-05
CRISPR_IGF2BP2 (10644),6.647397638030969e-05
EXP_PIGZ (80235),6.639704440526181e-05
EXP_TATDN1 (83940),6.632860176581664e-05
CRISPR_METTL25 (84190),6.609411239106574e-05
CRISPR_ZNF692 (55657),6.581742178344424e-05
EXP_GTF2F1 (2962),6.577536232688983e-05
EXP_NSG1 (27065),6.570045456817306e-05
EXP_DNAJC17 (55192),6.563449718748629e-05
EXP_PTBP3 (9991),6.559558480596698e-05
EXP_CCDC32 (90416),6.549043776649807e-05
CRISPR_FBXL16 (146330),6.547782270845344e-05
EXP_BTG1 (694),6.520460862306458e-05
CRISPR_GATD3 (8209),6.510925772729822e-05
EXP_TMEM177 (80775),6.500793710594167e-05
CRISPR_PIGY (84992),6.444519735679377e-05
CRISPR_POLR2M (81488),6.439445586928859e-05
CRISPR_GGTLC1 (92086),6.434633563085534e-05
EXP_MRPS27 (23107),6.426024959662502e-05
CRISPR_KRT10 (3858),6.420095219518526e-05
CRISPR_ANKHD1 (54882),6.414059796541894e-05
CRISPR_RIC8A (60626),6.407955229922459e-05
EXP_OAS2 (4939),6.373847073932878e-05
CRISPR_MECR (51102),6.361954867048708e-05
EXP_NR2F1 (7025),6.350808984166085e-05
CRISPR_F2R (2149),6.349002829877801e-05
EXP_LDAF1 (57146),6.346862174931842e-05
EXP_TBC1D17 (79735),6.336898552961723e-05
EXP_U2AF1 (7307),6.322281759060606e-05
EXP_PPP6R2 (9701),6.32033296389257e-05
EXP_ZNF398 (57541),6.312768838590837e-05
CRISPR_C2orf69 (205327),6.311419900218395e-05
EXP_HDAC3 (8841),6.307668540138691e-05
EXP_DNAJC13 (23317),6.275146259654327e-05
EXP_ADM5 (199800),6.26386043437145e-05
CRISPR_HSP90AB1 (3326),6.254835069804128e-05
CRISPR_H3-4 (8290),6.252007158849234e-05
CRISPR_ZWILCH (55055),6.249626687161794e-05
CRISPR_NBAS (51594),6.23304115455842e-05
EXP_SYNPO (11346),6.228372754092829e-05
EXP_LIMD2 (80774),6.219794423882645e-05
CRISPR_ZNF335 (63925),6.21396990456025e-05
EXP_LUC7L3 (51747),6.211927414548434e-05
CRISPR_TASOR2 (54906),6.208130488095398e-05
EXP_HTRA1 (5654),6.203176406595137e-05
CRISPR_VPS39 (23339),6.202947312377826e-05
EXP_GDPD5 (81544),6.191901393777396e-05
CRISPR_UFL1 (23376),6.183254893035974e-05
EXP_GPR156 (165829),6.180036820791896e-05
EXP_DISC1 (27185),6.141039280995837e-05
EXP_ANKRD9 (122416),6.14026995346569e-05
CRISPR_CEP290 (80184),6.124234749804106e-05
EXP_ZFYVE21 (79038),6.115287645137458e-05
EXP_MT1F (4494),6.084087442201089e-05
EXP_MT-ATP8 (4509),6.0744486559219875e-05
EXP_TMEM221 (100130519),6.059148161013123e-05
EXP_SLC44A1 (23446),6.032441793260946e-05
CRISPR_VAPA (9218),6.022569031818676e-05
CRISPR_PSPC1 (55269),6.020664041779539e-05
EXP_ITFG1 (81533),6.0064252454861316e-05
CRISPR_RNF2 (6045),5.981782188047527e-05
EXP_KLHL23 (151230),5.951607954839312e-05
EXP_DHDDS (79947),5.940978666185622e-05
CRISPR_TIMM8A (1678),5.9399937195664185e-05
CRISPR_TMEM230 (29058),5.9295321843476905e-05
EXP_SNAP23 (8773),5.922675524772169e-05
EXP_ENPP1 (5167),5.915859984480121e-05
EXP_ZGPAT (84619),5.9068128070696976e-05
EXP_THAP4 (51078),5.894165970830722e-05
CRISPR_SMR3B (10879),5.891971274347044e-05
EXP_SEMA6B (10501),5.8848713924613474e-05
EXP_HELZ (9931),5.8816700988345774e-05
EXP_NFIX (4784),5.881565951281249e-05
EXP_PRDM15 (63977),5.863247772492711e-05
EXP_PUM3 (9933),5.863235633141808e-05
EXP_ZNF594 (84622),5.8631243296172625e-05
CRISPR_UBL4B (164153),5.846244652983292e-05
EXP_KLF12 (11278),5.839986257954013e-05
CRISPR_TTLL11 (158135),5.8380793669095824e-05
CRISPR_CLK2 (1196),5.837132702051734e-05
EXP_RCOR1 (23186),5.830511104672747e-05
CRISPR_AK2 (204),5.8291361209185726e-05
EXP_CUL3 (8452),5.8137628293537764e-05
EXP_TEAD2 (8463),5.805187383614952e-05
EXP_NKIRAS1 (28512),5.787962755076641e-05
EXP_PRSS53 (339105),5.786249023900073e-05
CRISPR_ANKRD65 (441869),5.773893632574159e-05
EXP_DGKD (8527),5.767773166854748e-05
EXP_KRT17 (3872),5.763337786776263e-05
EXP_TRIM22 (10346),5.751356162554797e-05
EXP_H2AC20 (8338),5.7488528532362945e-05
EXP_PRPF39 (55015),5.7483488757979664e-05
CRISPR_UBE2O (63893),5.747320897725938e-05
EXP_MOCS3 (27304),5.731560541042888e-05
EXP_C1GALT1 (56913),5.7312720289884814e-05
CRISPR_TMX2 (51075),5.715750983262957e-05
CRISPR_ATP5PD (10476),5.710265688272341e-05
EXP_FAM53C (51307),5.708132495012603e-05
CRISPR_DNM1L (10059),5.706652790364121e-05
CRISPR_NUDT17 (200035),5.697769296106979e-05
EXP_PLXND1 (23129),5.678481418712315e-05
EXP_STX6 (10228),5.6660336860293094e-05
EXP_ARV1 (64801),5.6477358163141664e-05
EXP_CARHSP1 (23589),5.637377523041712e-05
EXP_GDI1 (2664),5.6292991396034754e-05
EXP_CCND1 (595),5.618210103063922e-05
CRISPR_RAB5C (5878),5.609429493343057e-05
CRISPR_ZNF285 (26974),5.603735924482999e-05
EXP_CDV3 (55573),5.603453879728323e-05
CRISPR_MACROH2A1 (9555),5.5966973723832826e-05
EXP_APLF (200558),5.588235694748711e-05
EXP_TGDS (23483),5.5816370770945896e-05
EXP_CDC42EP5 (148170),5.572776613913659e-05
EXP_TIAM1 (7074),5.56596619533578e-05
CRISPR_CCNE1 (898),5.558095560214979e-05
EXP_PARP1 (142),5.533140709303098e-05
CRISPR_CYFIP1 (23191),5.5286983717691654e-05
EXP_HNRNPCL1 (343069),5.528047900055805e-05
CRISPR_KRT83 (3889),5.5083156272429724e-05
EXP_SLC26A11 (284129),5.504452682822853e-05
EXP_CDKN2C (1031),5.49006689922117e-05
CRISPR_IMPDH2 (3615),5.480336546807575e-05
EXP_NNAT (4826),5.465911155409002e-05
EXP_PAXBP1 (94104),5.454874695643695e-05
EXP_PEG10 (23089),5.4529100077832976e-05
EXP_GNB1L (54584),5.439737632978283e-05
CRISPR_NOL11 (25926),5.425480744733034e-05
CRISPR_EYS (346007),5.4224757862086924e-05
EXP_ZNF384 (171017),5.403464212609657e-05
CRISPR_ZNF143 (7702),5.3950644022674176e-05
EXP_SERTAD2 (9792),5.3926208371371236e-05
EXP_MATCAP1 (653319),5.389052770873302e-05
EXP_DUOX2 (50506),5.3861583011597554e-05
CRISPR_SRRD (402055),5.383526845599301e-05
EXP_PER2 (8864),5.377742589554944e-05
CRISPR_CKAP2 (26586),5.373586329567563e-05
EXP_RAB6A (5870),5.370348740844312e-05
CRISPR_AP3M1 (26985),5.368997950676506e-05
EXP_SFI1 (9814),5.3660885415823075e-05
CRISPR_FAHD2A (51011),5.350785898197169e-05
EXP_SLC26A9 (115019),5.350275938501449e-05
EXP_RNF2 (6045),5.3500067412898024e-05
CRISPR_PRKCSH (5589),5.349825261472397e-05
EXP_BATF2 (116071),5.349573508729344e-05
EXP_AGGF1 (55109),5.349275128253002e-05
EXP_NDUFS2 (4720),5.347178824026576e-05
EXP_RAB3GAP1 (22930),5.344390858233459e-05
CRISPR_ASCL5 (647219),5.343196829212969e-05
EXP_BATF (10538),5.308859160310655e-05
CRISPR_TXNRD1 (7296),5.297790293682274e-05
CRISPR_RPL22L1 (200916),5.2939117377672824e-05
EXP_AVPI1 (60370),5.293318015257457e-05
EXP_JRKL (8690),5.289988917382597e-05
CRISPR_DNAI4 (79819),5.28132247111833e-05
CRISPR_ING3 (54556),5.280112753837192e-05
CRISPR_STEEP1 (63932),5.278078849494881e-05
EXP_MTIF3 (219402),5.2769340374404195e-05
EXP_STRAP (11171),5.274027597236203e-05
EXP_IRGQ (126298),5.27240467462398e-05
CRISPR_TRMT1 (55621),5.26612087057665e-05
CRISPR_KDM8 (79831),5.2546899905069626e-05
CRISPR_LRRC45 (201255),5.2538918896639895e-05
CRISPR_H2BC14 (8342),5.250044483099392e-05
EXP_MTBP (27085),5.248474142955807e-05
EXP_PPM1G (5496),5.2431931486636244e-05
CRISPR_BAZ1A (11177),5.2416589759076814e-05
CRISPR_EXT2 (2132),5.214325714852867e-05
EXP_XXYLT1 (152002),5.214236744452341e-05
EXP_PEDS1 (387521),5.207009977521606e-05
CRISPR_PET117 (100303755),5.204945629799939e-05
CRISPR_CMTR2 (55783),5.1986143064313116e-05
EXP_LYSET (26175),5.198355127367968e-05
EXP_EFTUD2 (9343),5.196031836658174e-05
EXP_POP5 (51367),5.188611742245801e-05
CRISPR_CYLD (1540),5.18091270607292e-05
EXP_MRPL9 (65005),5.1790626936191266e-05
EXP_ACTL10 (170487),5.178505561433333e-05
EXP_PANX1 (24145),5.170833691867569e-05
EXP_MYD88 (4615),5.16864506682084e-05
EXP_GTF2E2 (2961),5.1680674547187773e-05
EXP_USP47 (55031),5.167504923329863e-05
EXP_POC1B (282809),5.165152618212226e-05
EXP_COA5 (493753),5.161246822799288e-05
EXP_UBXN1 (51035),5.151953270759708e-05
EXP_AKAP12 (9590),5.1448472547748496e-05
EXP_SPTLC3 (55304),5.139067050386729e-05
EXP_ERGIC3 (51614),5.1372297507417785e-05
EXP_NR1D2 (9975),5.132890358497538e-05
CRISPR_CSF3 (1440),5.128952340706412e-05
EXP_SMCO2 (341346),5.121255190743119e-05
EXP_ANGEL1 (23357),5.120044611373178e-05
EXP_WDR5 (11091),5.117447151069539e-05
CRISPR_PDE6G (5148),5.10521067312769e-05
CRISPR_H2AJ (55766),5.102314972538315e-05
EXP_RANBP3 (8498),5.0988207621618235e-05
CRISPR_MEAF6 (64769),5.097838258420538e-05
CRISPR_CENPL (91687),5.097345662067268e-05
CRISPR_ZNF106 (64397),5.092959654551081e-05
CRISPR_CYB5R2 (51700),5.092381415689089e-05
EXP_EIF4E3 (317649),5.091586023660287e-05
CRISPR_NR4A1 (3164),5.089127712310787e-05
EXP_PARG (8505),5.087355689880845e-05
EXP_FADD (8772),5.081740157126266e-05
CRISPR_FGD4 (121512),5.081426378023182e-05
EXP_MYSM1 (114803),5.0804886885176786e-05
CRISPR_VPS8 (23355),5.076678187619757e-05
CRISPR_POFUT1 (23509),5.066888045512816e-05
EXP_CDC37L1 (55664),5.062588195974009e-05
EXP_LY6G5C (80741),5.0457051601520435e-05
EXP_DEPP1 (11067),5.045067963064581e-05
CRISPR_XAGE3 (170626),5.0435766672617286e-05
EXP_CAPRIN2 (65981),5.0268607873325623e-05
CRISPR_LCE1B (353132),5.024931021896399e-05
EXP_OAZ1 (4946),5.014635312298763e-05
CRISPR_H1-2 (3006),5.0029915466200776e-05
EXP_SYNJ2 (8871),4.9981729931793016e-05
CRISPR_RFK (55312),4.992843866114221e-05
CRISPR_PSME2 (5721),4.979899545386916e-05
CRISPR_RHPN1 (114822),4.971579333899315e-05
EXP_CHD6 (84181),4.971497659543943e-05
EXP_C1S (716),4.9692116998421854e-05
EXP_PEX5 (5830),4.964669761740808e-05
CRISPR_EHMT1 (79813),4.96364548860114e-05
EXP_B3GNT9 (84752),4.958239228675115e-05
EXP_RBM25 (58517),4.9515417586662646e-05
CRISPR_WDR62 (284403),4.9509035286694475e-05
CRISPR_CFL1 (1072),4.950555385471734e-05
CRISPR_TTK (7272),4.950125952425554e-05
EXP_KHK (3795),4.943461370661036e-05
CRISPR_XAGE5 (170627),4.935575819542587e-05
EXP_UBR1 (197131),4.9265836930565755e-05
EXP_RPL35A (6165),4.919930789206958e-05
CRISPR_PAQR4 (124222),4.916816075394715e-05
EXP_MAP3K21 (84451),4.908112181173344e-05
EXP_PPFIBP1 (8496),4.904135095940874e-05
CRISPR_KRBOX5 (124411),4.8933892937374446e-05
CRISPR_USP25 (29761),4.890982567436082e-05
EXP_NDST1 (3340),4.887577616879847e-05
CRISPR_DIAPH3 (81624),4.8866729275804895e-05
EXP_SDHAF3 (57001),4.880269029185194e-05
MUT_IKBIP (121457),4.8801216159245094e-05
EXP_RAB5IF (55969),4.8719369947773844e-05
CRISPR_DPRX (503834),4.864308172322477e-05
EXP_CCDC186 (55088),4.863816553690477e-05
EXP_PRKD2 (25865),4.8636763926843163e-05
EXP_PYROXD2 (84795),4.859845251063099e-05
EXP_CBLL1 (79872),4.857731131781737e-05
CRISPR_SCO1 (6341),4.8045711583123024e-05
CRISPR_NUP35 (129401),4.794517753662054e-05
EXP_PPP1R2B (153743),4.790747468703054e-05
EXP_CCZ1B (221960),4.789283993166344e-05
EXP_PLXNA2 (5362),4.78865543151491e-05
EXP_FIZ1 (84922),4.782186657763506e-05
EXP_BLZF1 (8548),4.7812055086723874e-05
EXP_NDUFS7 (374291),4.773874871453489e-05
CRISPR_HOXB9 (3219),4.764434781334382e-05
EXP_RTL5 (340526),4.759580334631477e-05
EXP_SHOX2 (6474),4.7589740347252824e-05
EXP_TSPAN6 (7105),4.758238427724504e-05
EXP_CDA (978),4.755701346186427e-05
EXP_KIF5A (3798),4.740920809523808e-05
CRISPR_STX10 (8677),4.738251966467845e-05
CRISPR_ARHGAP11A (9824),4.737784130065633e-05
CRISPR_NUMA1 (4926),4.737463097930699e-05
EXP_TMEM248 (55069),4.731921220623969e-05
EXP_ICAM2 (3384),4.7313453435817796e-05
EXP_ZNF33B (7582),4.730417753596471e-05
CRISPR_FAAP20 (199990),4.728488575209472e-05
CRISPR_P3H4 (10609),4.728444699795588e-05
EXP_PAX6 (5080),4.726980539680492e-05
EXP_TPGS1 (91978),4.726898846506419e-05
CRISPR_CITED2 (10370),4.725189079951533e-05
EXP_PCM1 (5108),4.7249619282496893e-05
CRISPR_ANXA9 (8416),4.7224972090913875e-05
CRISPR_C5orf15 (56951),4.718852336841051e-05
EXP_OTUD3 (23252),4.71435334877729e-05
EXP_NPAS1 (4861),4.7066987907060274e-05
EXP_AOC3 (8639),4.703270904288448e-05
EXP_INSIG2 (51141),4.692917071226683e-05
CRISPR_TENT4B (64282),4.688887710964631e-05
EXP_UBQLN4 (56893),4.6882397864171767e-05
CRISPR_CCDC30 (728621),4.687889060261045e-05
CRISPR_ZNF225 (7768),4.684656795603937e-05
EXP_ADH5 (128),4.6833173183570204e-05
CRISPR_VPS13D (55187),4.665941623535502e-05
EXP_GRHL3 (57822),4.662404766932542e-05
EXP_RBM28 (55131),4.6620526860259167e-05
EXP_PNPLA6 (10908),4.6517947024156125e-05
EXP_EFHD2 (79180),4.620182374660141e-05
EXP_ALG11 (440138),4.615789326020743e-05
CRISPR_DRC12 (283152),4.6102614689487516e-05
EXP_XKR8 (55113),4.6097977389967886e-05
CRISPR_ABHD11 (83451),4.603238435349435e-05
CRISPR_ZMYND8 (23613),4.6017654900709804e-05
CRISPR_BARD1 (580),4.598381080515645e-05
CRISPR_SLC35D1 (23169),4.595711579013507e-05
CRISPR_MTF1 (4520),4.594057210268442e-05
EXP_MRPS34 (65993),4.5934746567448966e-05
EXP_AIFM2 (84883),4.591384287359187e-05
EXP_TTC39C (125488),4.588166459959421e-05
EXP_ZNF484 (83744),4.5862928705173286e-05
EXP_CCDC138 (165055),4.5846359805717956e-05
CRISPR_PIGV (55650),4.5698517922340264e-05
EXP_DNAJB14 (79982),4.566574081644825e-05
EXP_MLLT1 (4298),4.5588784451353746e-05
CRISPR_POGZ (23126),4.558455808508015e-05
CRISPR_PYGO2 (90780),4.5540987681832785e-05
EXP_ATAD3C (219293),4.548327681502581e-05
EXP_ZNF763 (284390),4.548086808656077e-05
EXP_XAGE1A (653220),4.546531399952011e-05
CRISPR_COMMD4 (54939),4.542034021174853e-05
EXP_NPAS2 (4862),4.5354791499821996e-05
EXP_TRIQK (286144),4.5329485511119595e-05
EXP_FRMD3 (257019),4.5228269726353165e-05
EXP_DOP1A (23033),4.520578488363783e-05
EXP_CEP83 (51134),4.515782133037796e-05
CRISPR_TYRO3 (7301),4.513207684041609e-05
CRISPR_LRRC39 (127495),4.510498696869351e-05
CRISPR_SAP130 (79595),4.505225457992535e-05
EXP_RHOB (388),4.503682410165377e-05
EXP_ADGRF3 (165082),4.503198702865534e-05
CRISPR_MIF4GD (57409),4.494912704365369e-05
CRISPR_SMG8 (55181),4.490734265698151e-05
EXP_CEP43 (11116),4.4895064593082296e-05
EXP_METTL15 (196074),4.4787808630647356e-05
MUT_TTLL1 (25809),4.478499908800585e-05
EXP_NUDT14 (256281),4.47737980561828e-05
EXP_PRRT1 (80863),4.4772481870486565e-05
EXP_IL9R (3581),4.472357104357319e-05
CRISPR_LIN9 (286826),4.471200492843824e-05
EXP_MSANTD2 (79684),4.4684088183448006e-05
EXP_PLEKHG2 (64857),4.467151816319416e-05
EXP_ZNF460 (10794),4.4641358593410345e-05
EXP_DCTN6 (10671),4.460457518156027e-05
EXP_FCER1G (2207),4.4598604363876966e-05
EXP_SC5D (6309),4.4543718981152484e-05
EXP_TSPAN12 (23554),4.449433239019268e-05
EXP_GAA (2548),4.4421196204196994e-05
EXP_C2orf15 (150590),4.439967314128926e-05
CRISPR_AUP1 (550),4.4392274794791175e-05
CRISPR_BCL7A (605),4.436595276642972e-05
EXP_MRPL22 (29093),4.43639599569193e-05
EXP_SLC2A4RG (56731),4.435901401600699e-05
EXP_SULF2 (55959),4.435272442619675e-05
EXP_MCU (90550),4.432947353635698e-05
CRISPR_PPOX (5498),4.432701529447746e-05
CRISPR_FDXR (2232),4.432662647098112e-05
EXP_CARD10 (29775),4.4194925463177356e-05
EXP_UBE3C (9690),4.4071470529814214e-05
CRISPR_H4C4 (8360),4.404408180802474e-05
EXP_YWHAQ (10971),4.4036106440887445e-05
EXP_LEAP2 (116842),4.39689999007607e-05
CRISPR_COPS4 (51138),4.396527433072615e-05
CRISPR_PSTK (118672),4.3860957351339266e-05
EXP_ESRRA (2101),4.383264082447729e-05
CRISPR_DET1 (55070),4.3801833400602086e-05
CRISPR_VASP (7408),4.373318298964007e-05
CRISPR_NFATC2IP (84901),4.365132116867736e-05
EXP_PHLPP1 (23239),4.364785927734222e-05
EXP_TBL1XR1 (79718),4.3622480301037213e-05
EXP_MEF2B (100271849),4.361058062277321e-05
EXP_PARD6G (84552),4.3606870698511624e-05
EXP_STOM (2040),4.359561253872138e-05
CRISPR_SLC25A51 (92014),4.357014262166118e-05
EXP_NAA25 (80018),4.353308475258199e-05
CRISPR_CEP131 (22994),4.352898920579913e-05
EXP_CCNH (902),4.343512754428877e-05
EXP_TMEM182 (130827),4.336051615986241e-05
EXP_TFG (10342),4.332354028307255e-05
CRISPR_ARRDC1 (92714),4.331923252329829e-05
EXP_CD7 (924),4.3311610941606935e-05
CRISPR_SRC (6714),4.32536122637221e-05
EXP_SARAF (51669),4.320463020305173e-05
EXP_PTK2B (2185),4.3187675937306485e-05
EXP_FAHD2B (151313),4.304239284569684e-05
CRISPR_GH2 (2689),4.299999116002937e-05
EXP_CSRP1 (1465),4.298960808091077e-05
EXP_NEDD9 (4739),4.2953550308234806e-05
EXP_FKBP1C (642489),4.2945599589083695e-05
CRISPR_STIP1 (10963),4.291748576197731e-05
CRISPR_B3GAT3 (26229),4.2623678901573287e-05
EXP_DET1 (55070),4.250856765237751e-05
CRISPR_WDTC1 (23038),4.250668944493849e-05
EXP_MCFD2 (90411),4.247792141155197e-05
CRISPR_EPHA10 (284656),4.2383617628539835e-05
CRISPR_SLC35G3 (146861),4.235713356076915e-05
EXP_KRT83 (3889),4.2356283178677026e-05
CRISPR_CLPX (10845),4.229860486193315e-05
EXP_ACO2 (50),4.2292341357119696e-05
CRISPR_COPRS (55352),4.225969712509357e-05
CRISPR_OLFML3 (56944),4.225517504731358e-05
EXP_TRMT2A (27037),4.214767442439235e-05
CRISPR_TPGS1 (91978),4.2107778017384555e-05
EXP_NCOA4 (8031),4.210371083319964e-05
CRISPR_CPLANE2 (79363),4.207196782253e-05
EXP_FAM193B (54540),4.206078874755999e-05
EXP_MEF2A (4205),4.205225994861117e-05
CRISPR_PPM1G (5496),4.204781424765285e-05
CRISPR_HS2ST1 (9653),4.202235238911111e-05
EXP_ALDH4A1 (8659),4.191040363776339e-05
CRISPR_NOLC1 (9221),4.1869765135728046e-05
CRISPR_HSPA14 (51182),4.1841591836401665e-05
CRISPR_ANKRD12 (23253),4.178081972840903e-05
CRISPR_ATF5 (22809),4.1716047658947256e-05
EXP_TIMMDC1 (51300),4.16881976036751e-05
EXP_MTMR4 (9110),4.1677461592545105e-05
EXP_RNF122 (79845),4.1666799875412233e-05
EXP_CRYBG2 (55057),4.160292090496568e-05
EXP_TLCD5 (219902),4.157243399046575e-05
EXP_ADSS2 (159),4.154298617294814e-05
EXP_GALNT12 (79695),4.147336552223239e-05
MUT_EXOSC2 (23404),4.145134717145992e-05
CRISPR_RFC1 (5981),4.144254225352704e-05
CRISPR_EPOP (100170841),4.143435477172931e-05
EXP_RHOBTB3 (22836),4.136885639094484e-05
CRISPR_TTF1 (7270),4.1330848630797124e-05
EXP_TNFSF13 (8741),4.12665866551186e-05
CRISPR_SDHC (6391),4.123992046998207e-05
EXP_GABBR1 (2550),4.122178232124054e-05
CRISPR_VCPKMT (79609),4.111535642790393e-05
EXP_NKX3-1 (4824),4.1102088537378486e-05
CRISPR_NEUROD2 (4761),4.110079359515183e-05
EXP_BBX (56987),4.1073537924952416e-05
CRISPR_EZR (7430),4.105960470070575e-05
EXP_BRSK2 (9024),4.102887445914303e-05
CRISPR_WDR25 (79446),4.100960200287042e-05
EXP_APOL3 (80833),4.0970101401883746e-05
EXP_PPP1R12A (4659),4.087291503502965e-05
EXP_ADAT2 (134637),4.085750600945237e-05
CRISPR_MTSS1 (9788),4.0813338961130415e-05
EXP_ATAD1 (84896),4.0757366096606484e-05
CRISPR_FBXL12 (54850),4.075625255100066e-05
CRISPR_CHAMP1 (283489),4.073240551585176e-05
EXP_JUND (3727),4.071560156303282e-05
EXP_TRIM23 (373),4.055249084584828e-05
EXP_CLBA1 (122616),4.04860255376848e-05
CRISPR_NOM1 (64434),4.048270814043086e-05
CRISPR_CDX2 (1045),4.043490702618094e-05
MUT_E2F7 (144455),4.039773401855202e-05
EXP_ZNF124 (7678),4.035728458733403e-05
CRISPR_ZP3 (7784),4.032650640045059e-05
CRISPR_POLA1 (5422),4.0318757722460544e-05
EXP_SPTSSB (165679),4.028995942919876e-05
EXP_UBLCP1 (134510),4.0273363967356395e-05
EXP_EFNA4 (1945),4.021966223268787e-05
EXP_MAST2 (23139),4.021707414394619e-05
EXP_AGPS (8540),4.014199487310467e-05
EXP_ERI3 (79033),4.0141413594080656e-05
EXP_CEMIP (57214),4.006330504711866e-05
EXP_PRXL2A (84293),4.0037198005249685e-05
EXP_WDR83 (84292),4.000437140324891e-05
CRISPR_RNF40 (9810),3.99918250599329e-05
EXP_LRRC8C (84230),3.996435360270451e-05
EXP_KIRREL1 (55243),3.992231373262304e-05
EXP_MOB4 (25843),3.98390751750215e-05
CRISPR_IL18 (3606),3.9821541034526246e-05
CRISPR_LRRTM4 (80059),3.981068541186826e-05
EXP_PSMB7 (5695),3.97992591541255e-05
EXP_LMO7 (4008),3.978349352600827e-05
CRISPR_DIS3 (22894),3.9780734659403e-05
EXP_GTF2H3 (2967),3.976765020559414e-05
CRISPR_ISCA1 (81689),3.9747903367052974e-05
EXP_MUL1 (79594),3.969627516819678e-05
CRISPR_MOCS2 (4338),3.967527102320874e-05
EXP_NPAT (4863),3.9624514795132316e-05
EXP_PWWP2A (114825),3.958871030258683e-05
CRISPR_PPARGC1B (133522),3.955637142598472e-05
EXP_PPOX (5498),3.954137100104604e-05
EXP_MEF2D (4209),3.953131025156233e-05
EXP_ARVCF (421),3.9449685083390483e-05
EXP_AGAP4 (119016),3.938628632659006e-05
EXP_RNF214 (257160),3.9248761896228115e-05
CRISPR_CCAR1 (55749),3.917350145729889e-05
CRISPR_FDX1 (2230),3.91586985420587e-05
EXP_ARAP1 (116985),3.915370251148785e-05
EXP_IREB2 (3658),3.91329600052868e-05
EXP_RBM3 (5935),3.911611819249844e-05
CRISPR_UBE3A (7337),3.90524944490966e-05
CRISPR_TMED2 (10959),3.904056566131249e-05
EXP_LPIN1 (23175),3.9020455023267115e-05
CRISPR_TSSK6 (83983),3.90115606004194e-05
CRISPR_SLFNL1 (200172),3.894487684311545e-05
CRISPR_EXOC4 (60412),3.892489288779053e-05
CRISPR_CWC25 (54883),3.885716408867658e-05
EXP_PCNX1 (22990),3.878269684760061e-05
CRISPR_KLHDC4 (54758),3.874007034056173e-05
CRISPR_DDX11 (1663),3.867039462712572e-05
CRISPR_ACTR5 (79913),3.864071067115737e-05
EXP_NQO1 (1728),3.8600938074849803e-05
MUT_LAMB2 (3913),3.857494643652898e-05
EXP_WDR13 (64743),3.846006977427047e-05
EXP_TMEM80 (283232),3.8455535922231015e-05
CRISPR_CUL3 (8452),3.845291494774633e-05
EXP_AK3 (50808),3.844657625640947e-05
CRISPR_RBM15 (64783),3.841766733271483e-05
CRISPR_CNBP (7555),3.8354370864632345e-05
CRISPR_P2RX7 (5027),3.8332986829333756e-05
CRISPR_PRRC2A (7916),3.828491440447303e-05
EXP_LYAR (55646),3.824696950109284e-05
CRISPR_CFAP20 (29105),3.821950766921648e-05
EXP_PHACTR2 (9749),3.820880674821769e-05
EXP_ZNF701 (55762),3.8174428587034e-05
EXP_PABIR3 (159091),3.808291151816128e-05
EXP_FAM78B (149297),3.807688191712102e-05
EXP_KDELR2 (11014),3.806332657997784e-05
EXP_TMEM243 (79161),3.7985757979082586e-05
EXP_NOMO1 (23420),3.795650791314763e-05
CRISPR_TMED9 (54732),3.7841830663934785e-05
CRISPR_CCDC142 (84865),3.7769439188040885e-05
EXP_MORC3 (23515),3.7759082501615927e-05
CRISPR_SIGLEC11 (114132),3.773784239258161e-05
CRISPR_COQ3 (51805),3.769347849152742e-05
EXP_PNO1 (56902),3.76414661136765e-05
EXP_ULBP2 (80328),3.7617314473538683e-05
CRISPR_PSME3 (10197),3.761053177767172e-05
EXP_COLGALT1 (79709),3.760996737187494e-05
EXP_NME3 (4832),3.75751090457496e-05
EXP_APBA3 (9546),3.7572540482439544e-05
EXP_FAM186A (121006),3.756989513995415e-05
CRISPR_FBLIM1 (54751),3.756523215993409e-05
CRISPR_CEPT1 (10390),3.756398606343699e-05
CRISPR_PGLS (25796),3.754908435531997e-05
EXP_TIRAP (114609),3.754862558833112e-05
EXP_SNRNP200 (23020),3.750629567759023e-05
EXP_IFT70B (150737),3.7497744495768396e-05
CRISPR_RAB5A (5868),3.744570674475377e-05
EXP_USPL1 (10208),3.741730230912453e-05
EXP_GAS7 (8522),3.741484658487516e-05
CRISPR_AKIRIN1 (79647),3.7411225756765466e-05
CRISPR_ZNF638 (27332),3.738964709118618e-05
CRISPR_CCL7 (6354),3.734702438390047e-05
CRISPR_DTD1 (92675),3.7345698885297524e-05
EXP_EPC1 (80314),3.734419462302836e-05
EXP_RBBP7 (5931),3.729554414176264e-05
EXP_OSBPL5 (114879),3.728883584426765e-05
CRISPR_FBXO47 (494188),3.727979805096633e-05
CRISPR_PDZK1IP1 (10158),3.7257999575447166e-05
CRISPR_PPP6C (5537),3.723720280088068e-05
EXP_IER2 (9592),3.721525338954842e-05
EXP_GPBP1 (65056),3.720582826912692e-05
EXP_PTBP2 (58155),3.718728943791498e-05
EXP_UCP2 (7351),3.717508785125127e-05
EXP_TIMM44 (10469),3.715991810860993e-05
EXP_TRAF3IP2 (10758),3.709744955603335e-05
CRISPR_DNAJC16 (23341),3.7066909538639493e-05
EXP_SLC19A1 (6573),3.702809337157591e-05
EXP_CREB1 (1385),3.70166803180003e-05
EXP_IL11 (3589),3.6968672975576635e-05
EXP_ANKRD36 (375248),3.696704102819049e-05
EXP_BDNF (627),3.6909528708700506e-05
CRISPR_IRS2 (8660),3.688712768709915e-05
EXP_SMOX (54498),3.686872454260906e-05
CRISPR_NTF4 (4909),3.678503883140107e-05
EXP_CKAP4 (10970),3.676347677490966e-05
EXP_PSMA2 (5683),3.675670329241179e-05
EXP_TCHP (84260),3.6733539372913455e-05
CRISPR_TMEM229B (161145),3.664561492102809e-05
CRISPR_AK5 (26289),3.660757695516268e-05
CRISPR_PHF23 (79142),3.659964853779775e-05
EXP_ORAI1 (84876),3.659388690361923e-05
EXP_TNFRSF14 (8764),3.650282736385732e-05
EXP_PITPNM3 (83394),3.646349613840685e-05
EXP_FHL2 (2274),3.6319624563083735e-05
EXP_TTC12 (54970),3.630333460325969e-05
EXP_TTC7B (145567),3.624549714234698e-05
CRISPR_RAP1A (5906),3.623588698225306e-05
CRISPR_COX7B (1349),3.622118929224635e-05
CRISPR_MARCKSL1 (65108),3.6154675434146405e-05
CRISPR_SUOX (6821),3.613579032984828e-05
CRISPR_APOBEC2 (10930),3.6135722152765916e-05
CRISPR_GPBP1 (65056),3.611234460072382e-05
EXP_SOX7 (83595),3.6018573305722685e-05
EXP_AAMDC (28971),3.6004677344950375e-05
EXP_CELF1 (10658),3.6003724241069434e-05
CRISPR_NKAPD1 (55216),3.600107525438437e-05
EXP_TMEM183A (92703),3.5982972854956176e-05
EXP_RPS18 (6222),3.594570338239501e-05
EXP_SMPDL3B (27293),3.588581908068635e-05
CRISPR_C2orf49 (79074),3.587975193209811e-05
EXP_SIK2 (23235),3.586926140477465e-05
EXP_TAB1 (10454),3.585433202086645e-05
EXP_NPEPL1 (79716),3.5850842127405126e-05
EXP_PLEKHB2 (55041),3.577952703156996e-05
CRISPR_SDF2L1 (23753),3.577719125166578e-05
EXP_TNPO3 (23534),3.577249118360994e-05
EXP_DHX9 (1660),3.577145227384915e-05
EXP_RTL8C (8933),3.573484592181266e-05
CRISPR_METAP1 (23173),3.569657801922526e-05
EXP_PLEKHB1 (58473),3.567167558492276e-05
EXP_SLC35D2 (11046),3.563356239475234e-05
EXP_ZMAT5 (55954),3.559228839732761e-05
EXP_ZNG1E (220869),3.5543791479527786e-05
EXP_GALNT1 (2589),3.551258062825847e-05
CRISPR_SLMAP (7871),3.54847525238504e-05
EXP_TMEM35B (100506144),3.5451591748110016e-05
CRISPR_DYNC1LI2 (1783),3.544298259756965e-05
CRISPR_UTP14A (10813),3.5359062591514116e-05
EXP_MOB2 (81532),3.529986264219522e-05
EXP_TXNDC9 (10190),3.5281349583999006e-05
EXP_GART (2618),3.525922001826618e-05
EXP_TUBB6 (84617),3.5234430234556865e-05
EXP_CDK17 (5128),3.5233308243257145e-05
CRISPR_TAF5L (27097),3.5226513458253764e-05
EXP_USP42 (84132),3.5221164209601036e-05
CRISPR_CDK6 (1021),3.5175872901944324e-05
EXP_EDEM2 (55741),3.51639797038119e-05
EXP_CHRNB1 (1140),3.5143071634955955e-05
CRISPR_SEMA3F (6405),3.513953749127869e-05
EXP_TRNAU1AP (54952),3.5119636970485594e-05
CRISPR_PXN (5829),3.511831272626334e-05
EXP_ZSWIM3 (140831),3.5111602575266834e-05
EXP_LRIT3 (345193),3.510441328985649e-05
EXP_PLPP3 (8613),3.508030090192973e-05
CRISPR_SBK1 (388228),3.506663636364194e-05
CRISPR_LIAS (11019),3.502729973865529e-05
EXP_NPFF (8620),3.501510052250576e-05
EXP_RAP1B (5908),3.4971517901243946e-05
EXP_ARC (23237),3.495702411841995e-05
CRISPR_CNTNAP1 (8506),3.495676499138425e-05
EXP_ATG5 (9474),3.495011774895e-05
EXP_SGPL1 (8879),3.49490570914974e-05
EXP_FIP1L1 (81608),3.494264611566558e-05
CRISPR_ARL5C (390790),3.494081592466561e-05
CRISPR_VPS4A (27183),3.492311699299056e-05
EXP_CAMK2N2 (94032),3.489740614758448e-05
EXP_NDUFC1 (4717),3.4878084657336826e-05
CRISPR_SLC6A17 (388662),3.479833466089188e-05
EXP_G3BP2 (9908),3.474562675236014e-05
CRISPR_FUT2 (2524),3.468448015746856e-05
CRISPR_DHX35 (60625),3.466632032016434e-05
EXP_HSPA1B (3304),3.46593716034952e-05
EXP_SAMD9L (219285),3.464187373350631e-05
EXP_COMMD1 (150684),3.460632171589404e-05
EXP_PUS7 (54517),3.4536864040708735e-05
EXP_F8 (2157),3.4521237079230424e-05
EXP_PRSS12 (8492),3.450891598631074e-05
CRISPR_MBTPS2 (51360),3.443988302584526e-05
CRISPR_FMO1 (2326),3.440746023660364e-05
EXP_ILF3 (3609),3.440073067536527e-05
EXP_DNM1L (10059),3.437108469307295e-05
CRISPR_KDF1 (126695),3.43004145682957e-05
EXP_RABL2B (11158),3.4273352527318625e-05
CRISPR_TMED5 (50999),3.426034509798295e-05
CRISPR_TRNP1 (388610),3.425700176214872e-05
CRISPR_DNAJB12 (54788),3.422599075109105e-05
EXP_ENO2 (2026),3.4217011701505624e-05
EXP_STEAP1 (26872),3.4180630372668874e-05
EXP_DHX36 (170506),3.415570042397753e-05
CRISPR_NMNAT1 (64802),3.4152406793034175e-05
CRISPR_CENPB (1059),3.414402877144389e-05
EXP_CPED1 (79974),3.4127992514384244e-05
EXP_FANCG (2189),3.4092992948659525e-05
CRISPR_RHOC (389),3.407027586130952e-05
EXP_UST (10090),3.400734386280288e-05
CRISPR_ENDOG (2021),3.40050454366977e-05
CRISPR_TPM2 (7169),3.39429359728672e-05
CRISPR_ZNF491 (126069),3.394224857821832e-05
EXP_PPP2R5B (5526),3.3926670670794054e-05
EXP_OSBPL11 (114885),3.390590511221859e-05
EXP_TBL3 (10607),3.387674375368269e-05
EXP_EFCAB2 (84288),3.387624851882288e-05
CRISPR_IMMT (10989),3.385682520476029e-05
CRISPR_TEX9 (374618),3.383859564856552e-05
EXP_PHACTR4 (65979),3.3838076906326146e-05
CRISPR_ANP32E (81611),3.381816788421888e-05
EXP_CFL2 (1073),3.381136362515726e-05
CRISPR_LYRM2 (57226),3.378204829137623e-05
EXP_PIGY (84992),3.376259762024623e-05
CRISPR_UQCC2 (84300),3.372954093169335e-05
CRISPR_WDR26 (80232),3.372579105108689e-05
EXP_KLHDC9 (126823),3.370813015034929e-05
EXP_PTPN14 (5784),3.36328626222477e-05
EXP_CERS5 (91012),3.36177200175551e-05
EXP_RABIF (5877),3.359721006634097e-05
CRISPR_ARHGEF7 (8874),3.356231836465602e-05
EXP_STK36 (27148),3.3549242611803104e-05
EXP_CRPPA (729920),3.3542966706917104e-05
EXP_GEMIN6 (79833),3.3501876788409356e-05
CRISPR_ATF7 (11016),3.349075379775125e-05
EXP_RGPD5 (84220),3.348608169582879e-05
EXP_SEC16A (9919),3.3473006082677605e-05
EXP_POLR2J (5439),3.344923977148669e-05
CRISPR_RPN2 (6185),3.3418557065972226e-05
EXP_FTSJ3 (117246),3.341000430910647e-05
CRISPR_TPH2 (121278),3.340132082145207e-05
EXP_AXL (558),3.3388895394901405e-05
EXP_MIIP (60672),3.3374767713215864e-05
EXP_LRCH1 (23143),3.3328980540337724e-05
EXP_HMGXB3 (22993),3.3298359980825875e-05
CRISPR_RALBP1 (10928),3.327812004578108e-05
EXP_TSNAXIP1 (55815),3.327532040277027e-05
EXP_STEAP3 (55240),3.327476337712473e-05
CRISPR_CIMIP2A (401565),3.324776188333141e-05
EXP_FHL3 (2275),3.323789641435077e-05
CRISPR_FH (2271),3.323489421418153e-05
EXP_CDR2L (30850),3.321564086411441e-05
CRISPR_ARID1B (57492),3.320083912745227e-05
CRISPR_VTI1B (10490),3.3167564593440375e-05
CRISPR_ZNF655 (79027),3.3154428388304615e-05
EXP_TTBK2 (146057),3.315300481913025e-05
CRISPR_KDM1A (23028),3.313206561553111e-05
EXP_L1CAM (3897),3.312624487532998e-05
CRISPR_MRPL12 (6182),3.3093827967602184e-05
EXP_CMAS (55907),3.307585120321502e-05
EXP_GNPAT (8443),3.305447681232156e-05
EXP_SLX9 (85395),3.301046550304918e-05
CRISPR_TOR2A (27433),3.300855859515394e-05
CRISPR_NFKB2 (4791),3.3005934628566475e-05
CRISPR_DDN (23109),3.299466193812068e-05
EXP_PHF19 (26147),3.296239074616796e-05
EXP_SIAE (54414),3.2906409712655966e-05
EXP_DBR1 (51163),3.2905259788086026e-05
EXP_KIAA1671 (85379),3.288130989860552e-05
CRISPR_SLC26A8 (116369),3.2880377426735146e-05
CRISPR_GCN1 (10985),3.2878849547953516e-05
CRISPR_SPECC1L (23384),3.285067982968038e-05
EXP_CTSE (1510),3.28050632616329e-05
EXP_MRPL55 (128308),3.2766402809472603e-05
EXP_FRRS1 (391059),3.275114620209724e-05
EXP_TUG1 (55000),3.2670739447353565e-05
EXP_EFR3A (23167),3.264082889853799e-05
CRISPR_CHUK (1147),3.2640574122644756e-05
CRISPR_SMARCA4 (6597),3.2608250387449595e-05
CRISPR_TUBG2 (27175),3.2602911211608064e-05
EXP_PSTPIP2 (9050),3.253000404296804e-05
EXP_LMBRD1 (55788),3.252540252289757e-05
CRISPR_UFM1 (51569),3.249711304023537e-05
CRISPR_CCDC74B (91409),3.2491777738821456e-05
CRISPR_GJC3 (349149),3.2490380646223196e-05
EXP_SETD6 (79918),3.245041053324355e-05
CRISPR_HERPUD2 (64224),3.242867281787537e-05
CRISPR_PIGH (5283),3.2411156883882694e-05
EXP_LYPD1 (116372),3.240555977516045e-05
EXP_MSANTD4 (84437),3.2391714085947886e-05
CRISPR_PTCD1 (26024),3.237759968822436e-05
EXP_FAM110C (642273),3.234366922231529e-05
CRISPR_TCEAL9 (51186),3.231223790596898e-05
EXP_CITED4 (163732),3.231058541542415e-05
EXP_PIK3CA (5290),3.229882626365593e-05
EXP_PIGA (5277),3.229069076831161e-05
EXP_SLC38A9 (153129),3.22578263645117e-05
CRISPR_CYB5B (80777),3.223153143781775e-05
EXP_CPT1C (126129),3.2229930319672935e-05
CRISPR_RNASEH1 (246243),3.222661500750368e-05
EXP_LGR4 (55366),3.222288310637661e-05
CRISPR_ZFC3H1 (196441),3.22083747396467e-05
EXP_STK35 (140901),3.2187249910135746e-05
EXP_DMC1 (11144),3.216996974341176e-05
EXP_AMER1 (139285),3.21395857203419e-05
CRISPR_NCOA5 (57727),3.212235907864462e-05
EXP_NSUN6 (221078),3.21164804807251e-05
CRISPR_DGCR6 (8214),3.211417651892209e-05
EXP_ABHD4 (63874),3.210900464685775e-05
EXP_TRMT10A (93587),3.204487439222686e-05
EXP_MRPL54 (116541),3.2029717610189703e-05
EXP_BEAN1 (146227),3.201450842291481e-05
CRISPR_PAPPA (5069),3.1999781787710676e-05
EXP_AARS2 (57505),3.1992182222045634e-05
EXP_DDX51 (317781),3.197528957941724e-05
CRISPR_SGF29 (112869),3.197252711369165e-05
CRISPR_FAM229A (100128071),3.194743302599876e-05
CRISPR_COG4 (25839),3.193407093665619e-05
EXP_PRDM4 (11108),3.193204341421281e-05
EXP_DSC2 (1824),3.191231132989295e-05
EXP_SP2 (6668),3.190545624803772e-05
CRISPR_UTP3 (57050),3.178534979001607e-05
CRISPR_CORO1A (11151),3.1780976339562546e-05
EXP_MIER3 (166968),3.177762321963774e-05
EXP_H2AC25 (92815),3.1758520851811655e-05
CRISPR_MAP7 (9053),3.174009154920355e-05
EXP_ATG2B (55102),3.1731403059892474e-05
CRISPR_SNX7 (51375),3.170853760392029e-05
CRISPR_LENG1 (79165),3.169054427791655e-05
EXP_LRRC8E (80131),3.165964468149664e-05
EXP_RGS5 (8490),3.161815374177007e-05
EXP_IQCE (23288),3.1608999534870405e-05
CRISPR_LTF (4057),3.1602587042199845e-05
EXP_GK5 (256356),3.15496200066897e-05
EXP_ZNF385A (25946),3.144627327958021e-05
EXP_PSMB10 (5699),3.144576861556126e-05
EXP_PCGF1 (84759),3.1433968718061085e-05
EXP_PLA2G6 (8398),3.141781776742119e-05
CRISPR_SLC44A3 (126969),3.141407989420133e-05
CRISPR_DPF2 (5977),3.139613865005978e-05
EXP_FOS (2353),3.139337335821439e-05
EXP_ALDH1A1 (216),3.138481388233105e-05
CRISPR_ABHD3 (171586),3.138024637670124e-05
EXP_MMP13 (4322),3.136095628579548e-05
EXP_RAB11FIP4 (84440),3.131830813461187e-05
CRISPR_COPS3 (8533),3.130899893134159e-05
CRISPR_CLTB (1212),3.1281126655620515e-05
CRISPR_DCAF4 (26094),3.1259487365993056e-05
EXP_DNAAF19 (388389),3.122409693812047e-05
EXP_MARCHF3 (115123),3.122190452613393e-05
EXP_CRTC2 (200186),3.1218636703765955e-05
EXP_UNK (85451),3.12061396788647e-05
EXP_DNTTIP2 (30836),3.119663207713493e-05
EXP_CAMK1 (8536),3.1181238068732146e-05
EXP_ADIPOR2 (79602),3.116529319201527e-05
EXP_BMP1 (649),3.1134384394157784e-05
CRISPR_UCHL5 (51377),3.1119677319934756e-05
EXP_NUDT22 (84304),3.108016476920373e-05
EXP_TANGO2 (128989),3.1040667262899056e-05
EXP_GFOD1 (54438),3.102088934819274e-05
EXP_THEM4 (117145),3.101891980302654e-05
CRISPR_LARS2 (23395),3.098167010175609e-05
CRISPR_RPIA (22934),3.095216856737223e-05
EXP_NCS1 (23413),3.086494046980351e-05
CRISPR_RPS6KB1 (6198),3.0857970654939136e-05
EXP_DDX47 (51202),3.0839432237449745e-05
EXP_IL12A (3592),3.083153086987502e-05
EXP_PUM2 (23369),3.08033394915787e-05
EXP_IZUMO4 (113177),3.080060276013709e-05
CRISPR_CCDC137 (339230),3.078913978523935e-05
CRISPR_LYPD2 (137797),3.0766552138696034e-05
EXP_CORO6 (84940),3.074842586797219e-05
EXP_HDAC4 (9759),3.071935485978677e-05
EXP_KANSL3 (55683),3.0659327830379446e-05
EXP_TMEM25 (84866),3.063201589082184e-05
EXP_MID1IP1 (58526),3.060904803630984e-05
EXP_VPS9D1 (9605),3.0599923082597945e-05
CRISPR_DHRS1 (115817),3.0595975613563394e-05
CRISPR_TXNL4B (54957),3.0590236591216294e-05
EXP_LMO4 (8543),3.058361831782937e-05
EXP_TMEM33 (55161),3.056914436332984e-05
EXP_ZNF629 (23361),3.054746553199061e-05
EXP_TMEM185A (84548),3.052537075926327e-05
EXP_FBXL15 (79176),3.0500331397202556e-05
EXP_FAM98A (25940),3.0499046635363655e-05
CRISPR_ALG8 (79053),3.0480189919173347e-05
EXP_CLIC5 (53405),3.0475285198336273e-05
EXP_ANKRD13A (88455),3.0433764308226943e-05
EXP_CAMLG (819),3.042049014666447e-05
EXP_FCHSD2 (9873),3.041348272611815e-05
EXP_CPS1 (1373),3.0405366411718876e-05
EXP_REPIN1 (29803),3.0391235864985516e-05
EXP_ADI1 (55256),3.036924376352015e-05
CRISPR_CYB561D1 (284613),3.0343658807235064e-05
EXP_GPR176 (11245),3.0308797986005957e-05
EXP_ZNF516 (9658),3.0272062438730277e-05
EXP_ANXA6 (309),3.026414377307301e-05
EXP_DOT1L (84444),3.023397117206018e-05
EXP_MT-ND2 (4536),3.0214359503343245e-05
EXP_BUD23 (114049),3.0193194726418892e-05
EXP_RASSF8 (11228),3.017022610980337e-05
EXP_EMC6 (83460),3.016941810492994e-05
CRISPR_SULT1A1 (6817),3.0168536049566955e-05
EXP_NBPF9 (400818),3.0131331287540342e-05
EXP_DIPK2A (205428),3.0094776435152663e-05
EXP_DLD (1738),3.009028786667918e-05
EXP_PRPF38A (84950),3.0049397921831793e-05
EXP_CILP2 (148113),3.0021471743057428e-05
EXP_NSMF (26012),3.001765976956353e-05
CRISPR_RBM42 (79171),3.0007041869361557e-05
EXP_ARRB2 (409),2.9973469478952146e-05
EXP_CHPF (79586),2.9965463184717203e-05
EXP_BCAS1 (8537),2.996371877337078e-05
EXP_TMEM167B (56900),2.9947720222791514e-05
CRISPR_NUDCD1 (84955),2.992984939642217e-05
EXP_SH2D2A (9047),2.9920773187407418e-05
CRISPR_MITD1 (129531),2.9917323784901246e-05
EXP_TNFRSF1B (7133),2.9888180293021448e-05
CRISPR_SLC25A39 (51629),2.9885778240349537e-05
CRISPR_HAUS8 (93323),2.9883800492001798e-05
EXP_CLU (1191),2.9847838239693048e-05
EXP_TMEM68 (137695),2.9776883442006765e-05
CRISPR_PUM2 (23369),2.976400409778559e-05
EXP_MRPL28 (10573),2.9761911921002777e-05
EXP_ASIC1 (41),2.9760396538704785e-05
EXP_ELAVL1 (1994),2.9760308310767897e-05
EXP_TRIM29 (23650),2.9739642058173224e-05
EXP_CBX5 (23468),2.9645946302909627e-05
MUT_UNC5B (219699),2.9586454563468576e-05
EXP_MRPL51 (51258),2.955798212083878e-05
EXP_ASPH (444),2.9549923192757586e-05
EXP_RGL2 (5863),2.95060386448522e-05
CRISPR_TM9SF4 (9777),2.9470663263070152e-05
CRISPR_H4C3 (8364),2.9462677103234196e-05
CRISPR_ACSL3 (2181),2.9442691149133578e-05
EXP_ITGB5 (3693),2.9414278356695874e-05
MUT_ZNF781 (Unknown),2.9413259056855165e-05
EXP_TMTC2 (160335),2.9410384309894283e-05
EXP_NAIP (4671),2.937749663807244e-05
CRISPR_G3BP1 (10146),2.9370914518486894e-05
CRISPR_ANO8 (57719),2.9349073637714422e-05
EXP_CSK (1445),2.9348433094287864e-05
EXP_TMEM256 (254863),2.9339426119709727e-05
EXP_VIM (7431),2.932733532631691e-05
EXP_PHF20 (51230),2.9320883828991155e-05
EXP_VMA22 (84317),2.9285729748053094e-05
EXP_VTI1A (143187),2.9282085613950488e-05
CRISPR_ZNF532 (55205),2.9275017943551454e-05
EXP_RNF6 (6049),2.926233132387162e-05
EXP_EMC1 (23065),2.925337073115542e-05
EXP_RAB11A (8766),2.9245799794600894e-05
EXP_FURIN (5045),2.9236487419284854e-05
EXP_ADPRM (56985),2.9233284820255088e-05
EXP_LIG1 (3978),2.920990629089115e-05
EXP_FZD4 (8322),2.9206681078604804e-05
CRISPR_PLEKHN1 (84069),2.9159765121338787e-05
EXP_DENND1A (57706),2.9131941633061027e-05
EXP_PDGFB (5155),2.9127857041658536e-05
EXP_VOPP1 (81552),2.9110296438226557e-05
CRISPR_CDC42BPG (55561),2.908585246132095e-05
EXP_PIP4K2C (79837),2.9072983257059918e-05
EXP_VMAC (400673),2.9055374273902474e-05
EXP_ZNF519 (162655),2.9052967608949835e-05
CRISPR_HS6ST1 (9394),2.9018602495851616e-05
CRISPR_NPEPPS (9520),2.9002233287872508e-05
CRISPR_KLF7 (8609),2.8994509769848516e-05
CRISPR_ALDH6A1 (4329),2.8984970099906888e-05
EXP_LENG8 (114823),2.8977728954170914e-05
EXP_PAFAH1B1 (5048),2.8967831288942294e-05
MUT_VWA3B (200403),2.8960216838277108e-05
EXP_TMC6 (11322),2.895192284445055e-05
EXP_ZNF362 (149076),2.8949715738930665e-05
CRISPR_SPIC (121599),2.890621297804686e-05
CRISPR_PISD (23761),2.8888271229436163e-05
EXP_ICE1 (23379),2.887134777476855e-05
EXP_DDIAS (220042),2.8842292850151836e-05
EXP_ZNF488 (118738),2.8828995812012486e-05
EXP_RPL10 (6134),2.8792773431029435e-05
CRISPR_AQP6 (363),2.8786456695441374e-05
EXP_ARMCX4 (100131755),2.876409477313635e-05
EXP_RPS27 (6232),2.8731290800225283e-05
CRISPR_SMCHD1 (23347),2.873082164986144e-05
EXP_PHB1 (5245),2.8726736310816845e-05
EXP_ABHD17C (58489),2.871528249842662e-05
EXP_SMC5 (23137),2.865168945543011e-05
EXP_SDHD (6392),2.8643334832012523e-05
CRISPR_LRRC3C (100505591),2.863294004136716e-05
EXP_PRELID3B (51012),2.8620307654701615e-05
EXP_CLDN11 (5010),2.859781149096026e-05
EXP_TCOF1 (6949),2.859634795918377e-05
EXP_NVL (4931),2.8578044938641617e-05
EXP_COX4I1 (1327),2.8560955703587108e-05
CRISPR_MYO3B (140469),2.856049151877879e-05
CRISPR_LARP1 (23367),2.8558138253870344e-05
EXP_FPGS (2356),2.8553817508274515e-05
CRISPR_FGFR1OP2 (26127),2.8523181761923178e-05
EXP_DRC3 (83450),2.8507846271129e-05
EXP_HSCB (150274),2.8497796733935017e-05
EXP_UNC13D (201294),2.8483383819904683e-05
EXP_ITGBL1 (9358),2.847155680017188e-05
EXP_PPP1R12B (4660),2.8461670181821524e-05
CRISPR_AREL1 (9870),2.846124887522723e-05
CRISPR_CACNB1 (782),2.845623108111573e-05
EXP_HNRNPH1 (3187),2.8430195990309198e-05
EXP_GPX2 (2877),2.8413467024047077e-05
CRISPR_PIM1 (5292),2.8378847215050378e-05
EXP_GPX4 (2879),2.8371916181834097e-05
CRISPR_MIIP (60672),2.837068804994587e-05
EXP_DNM3 (26052),2.8368012462497495e-05
CRISPR_ZNF695 (57116),2.8364572479975752e-05
CRISPR_BUD13 (84811),2.8363831766901204e-05
CRISPR_NDUFB6 (4712),2.835227741356263e-05
CRISPR_UBE2C (11065),2.8342198433184744e-05
CRISPR_HSPA6 (3310),2.8340852628888638e-05
CRISPR_FBXO21 (23014),2.8322997666639163e-05
EXP_AAGAB (79719),2.8305372289045475e-05
CRISPR_STH (246744),2.8279056082464747e-05
EXP_ZNF335 (63925),2.8255997773147656e-05
EXP_MRFAP1L2 (93622),2.8242535600642022e-05
EXP_SPINDOC (144097),2.8218814329270258e-05
CRISPR_FAM83H (286077),2.8214092907237935e-05
CRISPR_SMARCD1 (6602),2.8195210123363604e-05
EXP_HES1 (3280),2.817495905611549e-05
EXP_P2RY2 (5029),2.8174396571941218e-05
CRISPR_CNIH1 (10175),2.810120759301408e-05
EXP_ACBD6 (84320),2.8089678992575836e-05
EXP_PRKCE (5581),2.808352441847842e-05
EXP_MEGF8 (1954),2.8045499196668475e-05
EXP_LBX2 (85474),2.8027744319821792e-05
CRISPR_MPEG1 (219972),2.7999363984682964e-05
EXP_DSEL (92126),2.7988739340453162e-05
CRISPR_SAMD4B (55095),2.7932777233582236e-05
CRISPR_PPHLN1 (51535),2.7893623317669295e-05
EXP_C15orf61 (145853),2.7892056863937888e-05
CRISPR_RTN3 (10313),2.7877313963465063e-05
EXP_UBA1 (7317),2.784939484240975e-05
EXP_ZNF468 (90333),2.784761979798943e-05
CRISPR_PNO1 (56902),2.783001150805008e-05
CRISPR_ACSL1 (2180),2.7811960531596985e-05
CRISPR_MTHFD1 (4522),2.7799334484910394e-05
EXP_CCDC122 (160857),2.779874665370764e-05
CRISPR_SHLD2 (54537),2.7773405272163783e-05
EXP_RBBP6 (5930),2.7773251035710933e-05
EXP_MLXIP (22877),2.770132053930899e-05
EXP_DHX29 (54505),2.766464985937034e-05
EXP_CTNNA1 (1495),2.7641042969049e-05
EXP_CCDC40 (55036),2.7622037394754452e-05
EXP_GPAT4 (137964),2.7578033226498155e-05
CRISPR_EMC1 (23065),2.7570077391090805e-05
EXP_NLRC5 (84166),2.756921231190021e-05
EXP_ZNF28 (7576),2.756385521532582e-05
CRISPR_NFYA (4800),2.7558460138930443e-05
EXP_SORD (6652),2.7549057874644493e-05
EXP_ZGLP1 (100125288),2.7526167083346298e-05
CRISPR_RNF114 (55905),2.7497516674146478e-05
EXP_RALGAPB (57148),2.749668156759949e-05
EXP_YEATS2 (55689),2.7495686165260763e-05
CRISPR_AURKAIP1 (54998),2.745002174063163e-05
EXP_MICU1 (10367),2.7413286100477612e-05
EXP_CCDC78 (124093),2.7403568721182176e-05
CRISPR_SDHAF1 (644096),2.738461575809959e-05
EXP_NRBF2 (29982),2.7362589955716806e-05
CRISPR_SEC23IP (11196),2.735335189171956e-05
EXP_DRC12 (283152),2.7351766600836172e-05
CRISPR_DDX6 (1656),2.734997011890005e-05
CRISPR_NKX2-5 (1482),2.7341893432983447e-05
CRISPR_ZNF253 (56242),2.73326570291148e-05
CRISPR_HSD17B1 (3292),2.7328652871397593e-05
CRISPR_BCAN (63827),2.732717372233427e-05
EXP_SPATA6L (55064),2.732631903710171e-05
EXP_MTA2 (9219),2.7322542863383966e-05
CRISPR_TEAD3 (7005),2.7317951286257377e-05
EXP_ZNHIT2 (741),2.7290716313600345e-05
EXP_CPSF7 (79869),2.7275108703447206e-05
CRISPR_E2F3 (1871),2.7263982703990613e-05
CRISPR_COMMD6 (170622),2.7262203368044235e-05
CRISPR_ILK (3611),2.723452699948458e-05
CRISPR_KDM5C (8242),2.7233204252436208e-05
EXP_WDR33 (55339),2.7228293865315065e-05
EXP_HSPBP1 (23640),2.7205118542823816e-05
EXP_CREB3 (10488),2.715176737806737e-05
EXP_PITPNM1 (9600),2.7121955995056792e-05
EXP_CD40 (958),2.7118590783852296e-05
MUT_GBX2 (2637),2.7111245832020354e-05
CRISPR_CEL (1056),2.7100521946734315e-05
CRISPR_VEZF1 (7716),2.7058877815604965e-05
EXP_GLS2 (27165),2.705530811426154e-05
CRISPR_FGF14 (2259),2.7038213003266505e-05
EXP_FLYWCH2 (114984),2.7032226796030782e-05
EXP_MECP2 (4204),2.702284977549662e-05
CRISPR_SLC7A5 (8140),2.7015208643210556e-05
EXP_MRPS11 (64963),2.7006111156629757e-05
EXP_PPP1R14C (81706),2.700190985140533e-05
EXP_ATP2B4 (493),2.6950009381215366e-05
EXP_ZNF593 (51042),2.6939795902230092e-05
CRISPR_HEXIM1 (10614),2.6926652668711685e-05
EXP_UIMC1 (51720),2.691439518453333e-05
EXP_CEBPZ (10153),2.690324399685897e-05
EXP_LRRC37A3 (374819),2.6888942272712186e-05
EXP_TRPT1 (83707),2.6873605199884387e-05
CRISPR_ZNF174 (7727),2.6871689698806822e-05
EXP_UPK3BL1 (100134938),2.6867819020250016e-05
CRISPR_RCC1L (81554),2.6867287267440442e-05
EXP_KIDINS220 (57498),2.6866821937910562e-05
CRISPR_TSSK4 (283629),2.68625294374566e-05
EXP_ESCO2 (157570),2.6812920231919786e-05
CRISPR_H2AC11 (8969),2.6803912940972498e-05
CRISPR_RNF14 (9604),2.679942215587048e-05
EXP_SENP3 (26168),2.676979290946879e-05
CRISPR_FGD5 (152273),2.6762150151832603e-05
MUT_NHSL2 (340527),2.672407974098973e-05
EXP_CCNT2 (905),2.6717129349175805e-05
CRISPR_VOPP1 (81552),2.6714340189891748e-05
EXP_MED15 (51586),2.670575477768577e-05
EXP_AGTRAP (57085),2.6697781416695306e-05
EXP_CHLSN (84310),2.6677012267127183e-05
CRISPR_PTK2 (5747),2.6675219895248157e-05
EXP_DPP3 (10072),2.6647244020489898e-05
EXP_PIP4P2 (55529),2.6642318771915135e-05
EXP_KIAA0040 (9674),2.662752507967677e-05
EXP_ANAPC2 (29882),2.661142383979033e-05
EXP_TUSC3 (7991),2.657586543190451e-05
EXP_SLC25A24 (29957),2.657198570987786e-05
CRISPR_TMEM39B (55116),2.655559538461927e-05
CRISPR_RGP1 (9827),2.655019970366751e-05
EXP_NSA2 (10412),2.654965158748235e-05
EXP_GPRC5D (55507),2.6535264553819528e-05
EXP_UGT8 (7368),2.6533406923637952e-05
CRISPR_MOB4 (25843),2.65137192120083e-05
EXP_NCF2 (4688),2.6502211561164974e-05
EXP_TIGD6 (81789),2.6452948872147508e-05
CRISPR_DGCR8 (54487),2.6448949851911634e-05
EXP_FNDC11 (79025),2.6421904784839888e-05
EXP_F2R (2149),2.6420235431743638e-05
MUT_EP300 (2033),2.6416501224610406e-05
EXP_ARL16 (339231),2.639388423693125e-05
EXP_MTERF4 (130916),2.6367654867803766e-05
EXP_ANKRD39 (51239),2.6339008619823137e-05
CRISPR_STRIP1 (85369),2.6338154750898237e-05
CRISPR_GPIHBP1 (338328),2.6271459024570588e-05
EXP_PEAK1 (79834),2.6268417712570686e-05
CRISPR_SLC35A2 (7355),2.6260611470656396e-05
CRISPR_CPNE2 (221184),2.6260367364920344e-05
EXP_CA2 (760),2.6209046696977095e-05
EXP_MITF (4286),2.6207852052510092e-05
EXP_SLC51A (200931),2.6198645252511638e-05
CRISPR_BICD1 (636),2.619191968547841e-05
EXP_CEP68 (23177),2.618342354339931e-05
EXP_TIPARP (25976),2.6157249761488063e-05
EXP_JAK2 (3717),2.6136542273995952e-05
CRISPR_CSNK2A1 (1457),2.610126583210979e-05
CRISPR_ATP2C1 (27032),2.6052031338931373e-05
EXP_ZNF609 (23060),2.6027536062695322e-05
CRISPR_NMRK2 (27231),2.602217582490746e-05
EXP_CHST3 (9469),2.59864956181277e-05
MUT_HGD (3081),2.5931338942245936e-05
EXP_MSH3 (4437),2.5865440618961805e-05
EXP_PROS1 (5627),2.585439462697948e-05
EXP_IFI44L (10964),2.584604259207084e-05
EXP_KRTCAP3 (200634),2.5838582029573672e-05
EXP_STMP1 (647087),2.5810244762072083e-05
EXP_TPD52L2 (7165),2.5796172144847427e-05
EXP_CDH6 (1004),2.5783351160345885e-05
CRISPR_KIF27 (55582),2.5769537676835282e-05
EXP_UBE2O (63893),2.5753146773303854e-05
EXP_MTRFR (91574),2.57519930487166e-05
EXP_ZNHIT1 (10467),2.5709457617157622e-05
EXP_GATA2 (2624),2.5698367335911482e-05
EXP_UGP2 (7360),2.5697850098367647e-05
EXP_PDE4DIP (9659),2.5693206518061332e-05
EXP_SRR (63826),2.5647003603992295e-05
CRISPR_WDR83 (84292),2.563587007957395e-05
EXP_GPD2 (2820),2.5611796382134906e-05
CRISPR_SRD5A3 (79644),2.5609303309521496e-05
EXP_MSL3B (151507),2.5605294176725127e-05
EXP_RIMS3 (9783),2.5551062252346944e-05
CRISPR_LGALS3BP (3959),2.554570117159704e-05
CRISPR_DPY19L2 (283417),2.554450805754673e-05
CRISPR_C10orf88 (80007),2.554447826595352e-05
EXP_NICOL1 (401115),2.553232757787432e-05
CRISPR_DSCC1 (79075),2.5488917491436487e-05
EXP_OGDH (4967),2.547375642545371e-05
CRISPR_TRAF3IP3 (80342),2.546478712311197e-05
CRISPR_CD109 (135228),2.5453500630153535e-05
CRISPR_TAPBP (6892),2.5449437517914056e-05
CRISPR_RAB1A (5861),2.544473182366436e-05
CRISPR_UGT2B11 (10720),2.5442381398313795e-05
CRISPR_ARPC2 (10109),2.5429931890995086e-05
EXP_TCP11L2 (255394),2.5425881662399502e-05
EXP_RAD51B (5890),2.541823661331391e-05
EXP_CNIH3 (149111),2.5406967641684184e-05
EXP_FKBP1B (2281),2.535946769706168e-05
CRISPR_GID8 (54994),2.534292022171842e-05
EXP_LRATD2 (157638),2.5319407004337838e-05
CRISPR_GAR1 (54433),2.5318140338100818e-05
EXP_COL7A1 (1294),2.529158002747055e-05
CRISPR_TNFRSF13B (23495),2.528698854306062e-05
CRISPR_REEP2 (51308),2.528664519458998e-05
CRISPR_CHMP1A (5119),2.527689489629322e-05
EXP_RPL32 (6161),2.5261005106133253e-05
EXP_GNG12 (55970),2.524853012559338e-05
CRISPR_PTMA (5757),2.524844352890281e-05
EXP_SMIM27 (100129250),2.524805893501339e-05
CRISPR_TADA2B (93624),2.5247459991122748e-05
CRISPR_CCDC62 (84660),2.523644149698288e-05
EXP_ACADSB (36),2.5218963760623477e-05
EXP_TBCD (6904),2.521453008427042e-05
EXP_GLB1L2 (89944),2.5202732733672006e-05
EXP_DENND6B (414918),2.5198153873916194e-05
EXP_XPO1 (7514),2.517807525407545e-05
CRISPR_NELFE (7936),2.5172977058406782e-05
EXP_SIGLEC16 (400709),2.5157405268924268e-05
EXP_SS18L2 (51188),2.5143383544379358e-05
CRISPR_POLR1G (10849),2.51294964198504e-05
EXP_CREG2 (200407),2.512175985908915e-05
CRISPR_ARL8B (55207),2.5110611342899618e-05
EXP_ZKSCAN4 (387032),2.510723787795894e-05
EXP_RAB3B (5865),2.5091308004354207e-05
EXP_SDAD1 (55153),2.5082197619773544e-05
EXP_HAS2 (3037),2.507442687504361e-05
CRISPR_PRMT9 (90826),2.5065248825961017e-05
EXP_CDKN1B (1027),2.5063832838148388e-05
CRISPR_RAB24 (53917),2.5063666425139608e-05
CRISPR_LCE5A (254910),2.506074828109785e-05
EXP_COA6 (388753),2.5033496326712116e-05
CRISPR_SFXN1 (94081),2.5030102436629318e-05
CRISPR_OLA1 (29789),2.5024487912234235e-05
EXP_FAM131C (348487),2.5006389388953733e-05
EXP_VCPKMT (79609),2.500069975907082e-05
CRISPR_SERBP1 (26135),2.4967753573690777e-05
EXP_ZNF565 (147929),2.494184740165629e-05
CRISPR_SAMD9L (219285),2.493817066221928e-05
CRISPR_ANKS6 (203286),2.4935887794664035e-05
EXP_ELFN2 (114794),2.4928766468568585e-05
EXP_EDA (1896),2.4922756471557934e-05
CRISPR_CYBC1 (79415),2.4921703598175644e-05
EXP_CARS1 (833),2.4920228891001498e-05
MUT_ARID1A (8289),2.4918007341254545e-05
CRISPR_PCGF1 (84759),2.4902419569305893e-05
EXP_SIRT6 (51548),2.486984213710268e-05
CRISPR_RANBP2 (5903),2.4857536217835033e-05
CRISPR_ATP1B3 (483),2.4847960847135246e-05
EXP_MED25 (81857),2.483782241915119e-05
CRISPR_SPAG4 (6676),2.48111579097596e-05
CRISPR_OGFR (11054),2.4795882919266082e-05
EXP_ELF2 (1998),2.4782591257172204e-05
EXP_CASP7 (840),2.4735193000792905e-05
EXP_SYDE1 (85360),2.4730786945933143e-05
EXP_ERP44 (23071),2.472466521486844e-05
EXP_MCOLN1 (57192),2.4711504632531425e-05
EXP_CASP10 (843),2.46906383837426e-05
EXP_CD151 (977),2.4641162696681438e-05
EXP_BSPRY (54836),2.4628851349029253e-05
EXP_ZNF687 (57592),2.4627111186099732e-05
EXP_DNMT3A (1788),2.4552180769994918e-05
CRISPR_VPS50 (55610),2.4551088330667487e-05
EXP_PIP5K1A (8394),2.4550364790729918e-05
EXP_SYT12 (91683),2.4535532255757455e-05
EXP_METTL9 (51108),2.4499316647025434e-05
EXP_ACTR5 (79913),2.447246127119999e-05
EXP_ATAD3B (83858),2.4466410875891798e-05
EXP_TRABD (80305),2.445858792035348e-05
CRISPR_MRGPRX3 (117195),2.445189003410202e-05
EXP_ZDHHC24 (254359),2.444802250848727e-05
EXP_CCDC192 (728586),2.4444153459682412e-05
EXP_TMEM151B (441151),2.443676881351304e-05
CRISPR_MYL4 (4635),2.442800018416561e-05
EXP_TXNDC11 (51061),2.4418510891593847e-05
EXP_UBE2Q1 (55585),2.441562742597014e-05
CRISPR_IER3IP1 (51124),2.4414689189355274e-05
EXP_KLK1 (3816),2.4366141496599417e-05
EXP_NUDT9 (53343),2.4340560147344623e-05
EXP_ZC3H12C (85463),2.4332524917555007e-05
EXP_IL1A (3552),2.4293140026837418e-05
CRISPR_PARN (5073),2.426224579604279e-05
CRISPR_FAM117A (81558),2.4260160533214727e-05
EXP_C1orf35 (79169),2.42521195128736e-05
CRISPR_GNG3 (2785),2.4244469007481554e-05
EXP_ESAM (90952),2.42199433494807e-05
EXP_AXIN1 (8312),2.421203075560152e-05
EXP_KYAT3 (56267),2.4199722967327243e-05
EXP_C2CD2 (25966),2.4195375018471495e-05
EXP_SH3PXD2A (9644),2.4180246327765682e-05
EXP_EIF3E (3646),2.417926068970772e-05
EXP_NUP210 (23225),2.416781366050093e-05
MUT_OR5H8 (79289),2.416498462698655e-05
EXP_NR1H3 (10062),2.4152454662198764e-05
CRISPR_HORMAD2 (150280),2.4149484151618433e-05
EXP_KCMF1 (56888),2.414796555670097e-05
CRISPR_SMIM7 (79086),2.4139067963455156e-05
CRISPR_H2AC6 (8334),2.4137586992817542e-05
EXP_CLIC1 (1192),2.4103413093205126e-05
CRISPR_ZNF689 (115509),2.4101700115863292e-05
CRISPR_GPRIN3 (285513),2.4088014217075105e-05
EXP_SPDYE2B (100310812),2.4079699537073888e-05
EXP_CARD16 (114769),2.4075846396551644e-05
EXP_PGGT1B (5229),2.4073067677622768e-05
EXP_ANAPC1 (64682),2.4063685108992666e-05
CRISPR_ZDHHC8 (29801),2.405719051075632e-05
EXP_MAGT1 (84061),2.404790358871709e-05
EXP_GSTZ1 (2954),2.4039713518784873e-05
EXP_SPTBN4 (57731),2.4037022463517127e-05
MUT_KCNH5 (27133),2.401244870125083e-05
EXP_DLK2 (65989),2.398622831949241e-05
EXP_PLEKHH1 (57475),2.3973367996153985e-05
CRISPR_CARD10 (29775),2.3968999411313345e-05
EXP_FRMD4A (55691),2.3939703973458837e-05
CRISPR_CIMAP3 (128344),2.3935825665118582e-05
EXP_NECTIN2 (5819),2.3915023694225358e-05
EXP_TBX3 (6926),2.387560811441071e-05
EXP_VPS45 (11311),2.386831200710498e-05
MUT_PTPRE (5791),2.386617890033449e-05
CRISPR_ACVR2A (92),2.3848189643264525e-05
CRISPR_KRTAP10-9 (386676),2.3816332597331258e-05
EXP_AIDA (64853),2.380607880615726e-05
EXP_DDX50 (79009),2.3787998161361356e-05
MUT_MBTPS1 (8720),2.378078910296607e-05
EXP_SYPL1 (6856),2.376810841409397e-05
EXP_ARHGEF28 (64283),2.374614775799315e-05
EXP_CLK4 (57396),2.374131035730664e-05
EXP_FITM2 (128486),2.3732944790306756e-05
EXP_CIZ1 (25792),2.3729445012127757e-05
EXP_GALK1 (2584),2.3711701030080554e-05
EXP_EPHA10 (284656),2.3708076142334612e-05
EXP_TNKS (8658),2.3702634765813067e-05
EXP_FLOT1 (10211),2.3687947022597846e-05
EXP_HPCA (3208),2.368731705117253e-05
EXP_NT5C2 (22978),2.367841135289188e-05
CRISPR_RHOF (54509),2.3664033345415024e-05
CRISPR_PCNT (5116),2.3655906480764244e-05
EXP_CEP95 (90799),2.3654709676704658e-05
CRISPR_SETD5 (55209),2.3625275052278705e-05
CRISPR_CGN (57530),2.3614758049963453e-05
CRISPR_DHRS4 (10901),2.3593633140403847e-05
EXP_DYNLT2 (6991),2.359256240264609e-05
EXP_RTN4 (57142),2.3555247429083655e-05
EXP_HADHA (3030),2.3542406859474526e-05
EXP_SUSD1 (64420),2.3540604276362274e-05
EXP_BTN3A3 (10384),2.3535120941264098e-05
CRISPR_USF2 (7392),2.3527986195174966e-05
EXP_RAD51C (5889),2.3527306793706054e-05
CRISPR_USP34 (9736),2.352267189488376e-05
CRISPR_MSRB1 (51734),2.352073897377031e-05
CRISPR_FBXW11 (23291),2.351659445318513e-05
EXP_TNC (3371),2.3505305965359984e-05
EXP_PDE10A (10846),2.3499170930633773e-05
CRISPR_TAF3 (83860),2.3496348055443353e-05
CRISPR_TM6SF2 (53345),2.3484631853186527e-05
EXP_TSN (7247),2.347247496046976e-05
CRISPR_DPH5 (51611),2.3445613709937328e-05
CRISPR_HMGA1 (3159),2.34400756220108e-05
CRISPR_CERS2 (29956),2.3425466584816695e-05
CRISPR_STT3B (201595),2.34141450488574e-05
EXP_B3GNT2 (10678),2.3413749019370705e-05
EXP_DECR2 (26063),2.340263846445936e-05
CRISPR_MYO7A (4647),2.3402444577685183e-05
CRISPR_TFAP4 (7023),2.337914515175042e-05
EXP_ACTR3C (653857),2.334128515489735e-05
EXP_PMF1 (11243),2.334003436119326e-05
EXP_HILPDA (29923),2.3330775991982364e-05
CRISPR_NPBWR2 (2832),2.331992615872755e-05
EXP_RNF145 (153830),2.3315930923512887e-05
CRISPR_UNC79 (57578),2.3310571164345636e-05
CRISPR_MT1E (4493),2.3263216756950554e-05
EXP_IFIH1 (64135),2.3260924897898467e-05
CRISPR_ENDOU (8909),2.3252782821126552e-05
CRISPR_EIF4B (1975),2.3200214136983e-05
EXP_ALMS1 (7840),2.3184583429004483e-05
EXP_DNAL4 (10126),2.312475915649423e-05
EXP_SRSF3 (6428),2.3111442179374028e-05
EXP_RTP4 (64108),2.3106689151097803e-05
CRISPR_DIMT1 (27292),2.3097782048045984e-05
EXP_ZNF263 (10127),2.309533108999766e-05
EXP_NIPSNAP3A (25934),2.3085431107949588e-05
EXP_AMPD2 (271),2.3077677198747402e-05
CRISPR_SSBP3 (23648),2.3066083976189005e-05
EXP_MFHAS1 (9258),2.3044593402137844e-05
CRISPR_EDIL3 (10085),2.303683189263959e-05
EXP_ADD3 (120),2.3028785777783922e-05
EXP_SASH1 (23328),2.3013402168010518e-05
EXP_LGALSL (29094),2.2992987876313547e-05
CRISPR_TADA1 (117143),2.2990515752618302e-05
EXP_FBXW7 (55294),2.2969855545212572e-05
EXP_ZDHHC14 (79683),2.2958185269923744e-05
EXP_GTPBP1 (9567),2.295302625631309e-05
EXP_MAPRE1 (22919),2.2950755615884613e-05
CRISPR_GNAT2 (2780),2.2920389501200272e-05
CRISPR_RNF26 (79102),2.291895066683326e-05
EXP_TUT1 (64852),2.2908937255733353e-05
EXP_ATP8B4 (79895),2.2898146075310458e-05
CRISPR_GJA3 (2700),2.287200553207655e-05
EXP_FRAS1 (80144),2.2857827881461733e-05
CRISPR_TLCD3B (83723),2.2844737925207915e-05
CRISPR_NDUFS1 (4719),2.283530688860689e-05
CRISPR_FANCL (55120),2.2832813696690886e-05
EXP_ICA1 (3382),2.281313772695913e-05
EXP_FBXO48 (554251),2.2753231919512095e-05
CRISPR_H2AC16 (8332),2.2729075007799924e-05
CRISPR_LDLR (3949),2.271734408082302e-05
EXP_SRSF9 (8683),2.270642315074688e-05
CRISPR_TUBA4A (7277),2.2699140266976694e-05
CRISPR_KRTAP17-1 (83902),2.268653880443166e-05
EXP_SERPINB5 (5268),2.2677494549823395e-05
EXP_PRKAB1 (5564),2.2664251801285435e-05
EXP_PARP9 (83666),2.2653302595287594e-05
EXP_RILPL2 (196383),2.2652526042577417e-05
EXP_LPAR1 (1902),2.2638347264177967e-05
CRISPR_TACR1 (6869),2.2629205912235935e-05
CRISPR_TLCD1 (116238),2.2627957549274913e-05
EXP_INTS11 (54973),2.262210311842432e-05
EXP_SEPTIN9 (10801),2.2576725355776408e-05
EXP_ARID4B (51742),2.2568843384292876e-05
CRISPR_PLA2G12B (84647),2.2550851830355845e-05
CRISPR_SUPT7L (9913),2.2548574551718104e-05
EXP_SNUPN (10073),2.252926430496641e-05
CRISPR_KRTAP10-11 (386678),2.2521868239586648e-05
EXP_BAG6 (7917),2.2519947952923998e-05
EXP_PTPN6 (5777),2.249874751109373e-05
EXP_MAPK8 (5599),2.2496374009467334e-05
EXP_MXD4 (10608),2.2492476820096066e-05
CRISPR_GLE1 (2733),2.2440659115921315e-05
CRISPR_ATP23 (91419),2.2429623478739494e-05
EXP_SCYL3 (57147),2.2428085733870113e-05
EXP_RASGRF1 (5923),2.2425604587692606e-05
CRISPR_ZNF469 (84627),2.2364344380307082e-05
EXP_UBE2D3 (7323),2.233966008612772e-05
EXP_ARFGEF2 (10564),2.2337256404057884e-05
EXP_RGS3 (5998),2.2327099631703537e-05
EXP_ABCA7 (10347),2.231006042448423e-05
EXP_ZNF639 (51193),2.2306231455977885e-05
CRISPR_MZF1 (7593),2.2291948483114248e-05
CRISPR_CCDC174 (51244),2.2272095963706043e-05
EXP_ITPRIP (85450),2.2267485868636464e-05
EXP_TMPRSS2 (7113),2.2258298586797657e-05
EXP_GALC (2581),2.2254919852201984e-05
EXP_MSS51 (118490),2.2226680471619177e-05
EXP_MAFK (7975),2.2220150583828617e-05
EXP_TRA2A (29896),2.218944305500324e-05
EXP_RPUSD2 (27079),2.216363639862002e-05
EXP_ST7L (54879),2.216324827703535e-05
CRISPR_NRBF2 (29982),2.215575235220967e-05
EXP_SLC25A36 (55186),2.2147665305558153e-05
EXP_NPIPB2 (729978),2.2137668139603812e-05
CRISPR_UCK1 (83549),2.2134957869194856e-05
EXP_STAM2 (10254),2.2132954816256765e-05
EXP_GALNT11 (63917),2.212621433574187e-05
CRISPR_PELI3 (246330),2.2118767454063404e-05
EXP_LRIF1 (55791),2.2107096324912548e-05
CRISPR_C1QBP (708),2.2081415049888587e-05
EXP_PELI1 (57162),2.2075366352516833e-05
CRISPR_C17orf75 (64149),2.2071514751175423e-05
EXP_MAT2B (27430),2.206797619900433e-05
EXP_EIF2D (1939),2.20604396257467e-05
EXP_IDI1 (3422),2.205461050426042e-05
EXP_TMPRSS3 (64699),2.2049308817228708e-05
EXP_SCAMP2 (10066),2.204574191537743e-05
EXP_CNFN (84518),2.2040970815504344e-05
CRISPR_CHD8 (57680),2.2036789667359155e-05
CRISPR_ATG13 (9776),2.201978846068555e-05
CRISPR_GTPBP10 (85865),2.2017912502852538e-05
EXP_SESN1 (27244),2.2004878238812716e-05
CRISPR_PDCD6IP (10015),2.2002190324063533e-05
EXP_KCTD2 (23510),2.1990416635458834e-05
EXP_TBPL1 (9519),2.1980964379876723e-05
CRISPR_MAP3K2 (10746),2.198071322944299e-05
EXP_TMC5 (79838),2.197519192224541e-05
EXP_TUBGCP2 (10844),2.1959212386860602e-05
EXP_TMEM44 (93109),2.195717211319672e-05
EXP_C1orf216 (127703),2.1955310032824187e-05
EXP_KCNIP2 (30819),2.193446842394437e-05
EXP_NAA16 (79612),2.1910518772444817e-05
EXP_SP140 (11262),2.1908435259504187e-05
EXP_ACOT4 (122970),2.1897531604460902e-05
EXP_CAMKMT (79823),2.189637357002945e-05
CRISPR_FIG4 (9896),2.1885412461607052e-05
CRISPR_IL9R (3581),2.1855612866881315e-05
EXP_ARHGEF19 (128272),2.1849361166589796e-05
EXP_MAP1LC3B (81631),2.1838470991470292e-05
CRISPR_LRCH3 (84859),2.1837498305790952e-05
CRISPR_ADORA2A (135),2.1836376063337015e-05
EXP_HCN2 (610),2.1830186680066526e-05
EXP_ENTR1 (10807),2.182761902213983e-05
EXP_SLCO3A1 (28232),2.1827397154413444e-05
EXP_ARHGAP45 (23526),2.1818707345807907e-05
EXP_SFSWAP (6433),2.1813530565589326e-05
EXP_CARM1 (10498),2.1786444666414842e-05
EXP_ZSCAN9 (7746),2.177977945156193e-05
EXP_MAMDC4 (158056),2.1760874099321304e-05
CRISPR_EXOC7 (23265),2.174636564221958e-05
EXP_VPS37A (137492),2.173812637158554e-05
EXP_ACO1 (48),2.1711047217398468e-05
CRISPR_PARL (55486),2.1710796832255598e-05
EXP_TIAL1 (7073),2.170448596520799e-05
CRISPR_MKRN1 (23608),2.1695909689637056e-05
EXP_AP3M1 (26985),2.1684265861189415e-05
EXP_TPR (7175),2.167984863439207e-05
CRISPR_RBSN (64145),2.16727124896359e-05
CRISPR_HYDIN (54768),2.167008300944526e-05
MUT_NR1I3 (9970),2.166857050542603e-05
EXP_BTBD1 (53339),2.166050385924e-05
EXP_RIN2 (54453),2.165403298504543e-05
CRISPR_LIG3 (3980),2.1638950860537858e-05
EXP_WWC1 (23286),2.1629680999630597e-05
CRISPR_MRPL44 (65080),2.1619167901102812e-05
EXP_RNFT2 (84900),2.1612150135631807e-05
CRISPR_CNOT4 (4850),2.160036817482921e-05
EXP_ATAD2 (29028),2.159582241501256e-05
EXP_DDX31 (64794),2.1569498112794694e-05
EXP_ZBTB26 (57684),2.156622080593108e-05
EXP_IPO13 (9670),2.1564477667820962e-05
EXP_LRRC37A2 (474170),2.1507465929496617e-05
CRISPR_BMAL1 (406),2.1496922514662563e-05
MUT_THPO (7066),2.1492622777714134e-05
EXP_ACVR2B (93),2.148291504065012e-05
EXP_THAP10 (56906),2.146667429389212e-05
MUT_EPB41L4B (54566),2.146589165068917e-05
EXP_LDLRAP1 (26119),2.1443337573448176e-05
EXP_RPL35 (11224),2.1425727634277974e-05
EXP_ACSL4 (2182),2.1419698531313246e-05
EXP_OLR1 (4973),2.1417179181978532e-05
EXP_ILRUN (64771),2.140853112211045e-05
EXP_BCKDK (10295),2.1366952877613977e-05
EXP_BICD1 (636),2.1355550806878353e-05
EXP_KCNMA1 (3778),2.13527216689449e-05
EXP_PIGG (54872),2.1351045498576582e-05
EXP_EIF2B4 (8890),2.1346517188029157e-05
EXP_CACTIN (58509),2.1322637201955192e-05
EXP_DYNC1I2 (1781),2.1310382395168333e-05
EXP_RNF113A (7737),2.1310354213039858e-05
CRISPR_UBE2G2 (7327),2.130028568067574e-05
CRISPR_IHO1 (339834),2.1293918128970387e-05
EXP_CA13 (377677),2.1291969486257655e-05
EXP_CALM1 (801),2.129125814355351e-05
EXP_GNG10 (2790),2.128451194051084e-05
EXP_ICA1L (130026),2.1276418848985844e-05
EXP_LSM4 (25804),2.12641481828334e-05
EXP_NFE2L2 (4780),2.1258153290682657e-05
EXP_ALS2 (57679),2.125139333179084e-05
CRISPR_ALG10B (144245),2.124957097112756e-05
CRISPR_SREBF1 (6720),2.1248061904190335e-05
EXP_BMPR2 (659),2.1227034880786046e-05
EXP_TPCN2 (219931),2.122410656816922e-05
EXP_EDARADD (128178),2.120354078105072e-05
EXP_KRR1 (11103),2.119265860779673e-05
EXP_TAF1A (9015),2.1177918273974008e-05
CRISPR_WBP1L (54838),2.1170311470815542e-05
CRISPR_ZNF284 (342909),2.1167845983664963e-05
CRISPR_FAM216A (29902),2.1148547601878967e-05
EXP_PRMT9 (90826),2.113791660672619e-05
CRISPR_PAN2 (9924),2.113233109464351e-05
EXP_DGCR6 (8214),2.112048350009645e-05
CRISPR_SPRYD4 (283377),2.1104927153554557e-05
CRISPR_XKR8 (55113),2.110450584726378e-05
EXP_ABHD10 (55347),2.109970782631727e-05
EXP_ATXN7L2 (127002),2.106248808682336e-05
EXP_TAF5 (6877),2.1060305307028026e-05
EXP_SPINT2 (10653),2.1039697771010002e-05
CRISPR_ZNF785 (146540),2.1039518432436642e-05
CRISPR_SETD2 (29072),2.1035693737725558e-05
EXP_HOXA11 (3207),2.103334578564543e-05
CRISPR_PACSIN3 (29763),2.103119291055236e-05
EXP_SNX4 (8723),2.1030714678836575e-05
EXP_RBM27 (54439),2.1026903765798203e-05
EXP_THAP12 (5612),2.1019908131842593e-05
EXP_UBA7 (7318),2.1000343434708625e-05
CRISPR_RASL10A (10633),2.099076638198294e-05
EXP_ZNF75A (7627),2.0983167700766402e-05
EXP_GPR108 (56927),2.097577153921027e-05
EXP_SRSF2 (6427),2.0965444530851453e-05
CRISPR_SLC3A2 (6520),2.0960769709404245e-05
EXP_SUDS3 (64426),2.0953476665289316e-05
CRISPR_ARL2BP (23568),2.0947053179704653e-05
EXP_ZNF142 (7701),2.0941419651209942e-05
CRISPR_SFMBT1 (51460),2.0937920933290086e-05
CRISPR_VBP1 (7411),2.0886872436626814e-05
EXP_TESK2 (10420),2.0876569337007096e-05
EXP_TRANK1 (9881),2.0847729595401908e-05
CRISPR_CRIPTO (6997),2.084244505704676e-05
EXP_REV3L (5980),2.083613700609782e-05
EXP_SIL1 (64374),2.0826793674552478e-05
EXP_CLTCL1 (8218),2.0820801931885962e-05
EXP_BCAP31 (10134),2.0812898506276132e-05
EXP_NDUFAF6 (137682),2.080304976636104e-05
EXP_H2BC11 (8970),2.080032240647772e-05
MUT_SPAG8 (26206),2.0778385498397256e-05
EXP_NXN (64359),2.0774634270775666e-05
CRISPR_SP7 (121340),2.0768427450633562e-05
CRISPR_PIGU (128869),2.0763072077279943e-05
CRISPR_PTTG1 (9232),2.0751601609468184e-05
CRISPR_CTDNEP1 (23399),2.0745277649390497e-05
EXP_PMP22 (5376),2.0743431360830913e-05
MUT_ZNF225 (7768),2.0732463665899557e-05
EXP_PDXDC1 (23042),2.0705153756600675e-05
EXP_FAAH (2166),2.069497140333014e-05
EXP_SPRN (503542),2.0694154160423456e-05
CRISPR_PCYT2 (5833),2.0687566277257206e-05
EXP_SLC12A6 (9990),2.0674683257595212e-05
EXP_CYP2U1 (113612),2.064610104313156e-05
EXP_ZMYM5 (9205),2.064484628839833e-05
EXP_SCAMP3 (10067),2.0642216901520202e-05
CRISPR_ASB6 (140459),2.0639826832333893e-05
CRISPR_TFAP2C (7022),2.063980766857543e-05
EXP_APOBEC3D (140564),2.0637718492130472e-05
CRISPR_BECN1 (8678),2.0636324486241394e-05
CRISPR_HNRNPR (10236),2.062371114287991e-05
CRISPR_OPA1 (4976),2.0609541006985137e-05
CRISPR_GPR137C (283554),2.060223319173901e-05
EXP_APOL2 (23780),2.060141369202413e-05
CRISPR_RILPL2 (196383),2.0599476803022497e-05
EXP_ZNF304 (57343),2.0591749707799483e-05
CRISPR_EIF4EBP2 (1979),2.057911700465516e-05
EXP_MARCHF5 (54708),2.0564519865266112e-05
CRISPR_PTCD3 (55037),2.0562965029042815e-05
CRISPR_TMEM183A (92703),2.0560274720734713e-05
EXP_OPA1 (4976),2.055950082597337e-05
EXP_RWDD2A (112611),2.0534628231851523e-05
CRISPR_EMC6 (83460),2.051976024605113e-05
CRISPR_GTF3C1 (2975),2.0502901750733235e-05
EXP_FBP1 (2203),2.0501616547353504e-05
EXP_GLB1L (79411),2.0468098797420882e-05
EXP_KLHL22 (84861),2.0455194832454298e-05
EXP_TRAF5 (7188),2.0399697226375456e-05
CRISPR_RER1 (11079),2.039741971354883e-05
EXP_TMEM63A (9725),2.0390406923832578e-05
EXP_HERPUD2 (64224),2.0388849710124536e-05
EXP_NCKAP1 (10787),2.037755962329864e-05
EXP_SRP68 (6730),2.0356638713017588e-05
CRISPR_RLN3 (117579),2.0343856341394075e-05
EXP_ZSWIM1 (90204),2.0325935573718702e-05
EXP_ARRDC4 (91947),2.0325149476563982e-05
CRISPR_MOGS (7841),2.0324121560607423e-05
CRISPR_WASF2 (10163),2.0323946270959507e-05
EXP_PPRC1 (23082),2.0317810965766195e-05
EXP_PDLIM5 (10611),2.0312334496775383e-05
EXP_MOSPD1 (56180),2.031216127541686e-05
CRISPR_PEX12 (5193),2.0309213992549258e-05
EXP_BICDL1 (92558),2.0285091574535186e-05
EXP_BAP1 (8314),2.027797907685267e-05
EXP_CALD1 (800),2.0275078630906038e-05
EXP_ARL2BP (23568),2.0269618553871164e-05
CRISPR_ZMIZ1 (57178),2.0245374065623996e-05
CRISPR_IFRD2 (7866),2.0238817411681167e-05
EXP_NUDC (10726),2.0235511030384955e-05
EXP_AGR2 (10551),2.0220730289326807e-05
EXP_COLQ (8292),2.0202922616566998e-05
EXP_DENND11 (57189),2.0199199576790963e-05
EXP_WDSUB1 (151525),2.0186559466044604e-05
EXP_TTC9 (23508),2.0163575252430492e-05
EXP_DCTN5 (84516),2.0161899359151353e-05
CRISPR_IL31RA (133396),2.015027587026912e-05
CRISPR_ANXA7 (310),2.01466349097191e-05
EXP_LRRC37A (9884),2.0144863166842885e-05
CRISPR_LEFTY1 (10637),2.0142262535675353e-05
EXP_TFPI (7035),2.0140545036006088e-05
CRISPR_C16orf86 (388284),2.0136772293082256e-05
EXP_ATP6V1B2 (526),2.0128127705379686e-05
EXP_STX12 (23673),2.0102943007483073e-05
EXP_OR7C1 (26664),2.0100468900360967e-05
CRISPR_ZNF728 (388523),2.0095491351689753e-05
CRISPR_TMA16 (55319),2.0072775017017343e-05
CRISPR_SYVN1 (84447),2.0072063426877093e-05
CRISPR_VCL (7414),2.004349176316703e-05
EXP_WDR7 (23335),2.00428067573014e-05
EXP_NTPCR (84284),2.0039774631907063e-05
EXP_SEPTIN1 (1731),2.002287979792503e-05
EXP_MOAP1 (64112),2.0016430277468616e-05
EXP_NSRP1 (84081),2.0013023653372575e-05
EXP_KATNAL2 (83473),2.0004702938281656e-05
EXP_C1orf116 (79098),1.999796147663285e-05
EXP_SNED1 (25992),1.9988082415649716e-05
EXP_PSMD14 (10213),1.9975191967807205e-05
EXP_NIT2 (56954),1.996862677411151e-05
EXP_SLC52A3 (113278),1.9954358594160468e-05
CRISPR_SNRNP48 (154007),1.99464520960969e-05
EXP_B4GALT5 (9334),1.9932852469585178e-05
CRISPR_KCTD2 (23510),1.9919426886329732e-05
EXP_PCNP (57092),1.9917650586033694e-05
EXP_PIK3R2 (5296),1.991484620524585e-05
EXP_CHRNA10 (57053),1.9897847613301703e-05
CRISPR_FAM161B (145483),1.989272040576766e-05
EXP_MLST8 (64223),1.9882553228763944e-05
EXP_PTPRR (5801),1.9880389735144784e-05
EXP_TCF20 (6942),1.9866219628891604e-05
EXP_PNPO (55163),1.9864748386105923e-05
EXP_SARNP (84324),1.9863099463716458e-05
EXP_HOXA6 (3203),1.986096506311491e-05
CRISPR_CXXC1 (30827),1.9851384712255386e-05
MUT_ZNF430 (80264),1.9846560000951284e-05
EXP_BPNT2 (54928),1.983481333391241e-05
MUT_MLF2 (8079),1.9832945014604773e-05
EXP_PMAIP1 (5366),1.9825371931443364e-05
CRISPR_SLC2A12 (154091),1.981473130657253e-05
EXP_CELSR2 (1952),1.980672712556342e-05
EXP_SUSD6 (9766),1.979389849453182e-05
EXP_COX15 (1355),1.978060339919115e-05
EXP_MRPS30 (10884),1.9773249167699614e-05
CRISPR_PIN4 (5303),1.9759819917248294e-05
CRISPR_HLA-A (3105),1.9746881868476695e-05
EXP_TUBA1A (7846),1.974419155800134e-05
CRISPR_FAM91A1 (157769),1.9740659242629054e-05
EXP_RIC8A (60626),1.972353943424795e-05
CRISPR_ARID3B (10620),1.9719576788349855e-05
CRISPR_USP32 (84669),1.9706006218039898e-05
EXP_GPAT3 (84803),1.970155407391661e-05
EXP_TMTC3 (160418),1.968356011777092e-05
CRISPR_LCN15 (389812),1.9650148608546516e-05
CRISPR_CZIB (54987),1.964786625326233e-05
EXP_CHMP6 (79643),1.9638741388202573e-05
EXP_TMEM138 (51524),1.9625447491683593e-05
EXP_COA7 (65260),1.9620550038233742e-05
CRISPR_OTX1 (5013),1.961494228063525e-05
CRISPR_YME1L1 (10730),1.9606079328315958e-05
CRISPR_CYP2C18 (1562),1.9601772569172753e-05
CRISPR_ANKRD54 (129138),1.9563557490226894e-05
EXP_ADAM10 (102),1.955527995136789e-05
CRISPR_RPL26L1 (51121),1.9544582518210285e-05
CRISPR_DRAM2 (128338),1.9540737588619487e-05
CRISPR_DNAJA1 (3301),1.953157630150722e-05
MUT_AGAP1 (116987),1.952164108688521e-05
CRISPR_DUSP4 (1846),1.9521537741541015e-05
EXP_SLC2A10 (81031),1.9512680828587374e-05
EXP_S1PR3 (1903),1.951215204333215e-05
EXP_NKAPD1 (55216),1.9509641480995725e-05
EXP_PDP1 (54704),1.9502300181532504e-05
CRISPR_ESF1 (51575),1.94895397435264e-05
EXP_LCN2 (3934),1.9476332115303816e-05
EXP_PALD1 (27143),1.9473634738085197e-05
EXP_CREB3L4 (148327),1.9466522528714047e-05
CRISPR_NOX1 (27035),1.944906600224082e-05
CRISPR_CEP295 (85459),1.944838052963623e-05
CRISPR_DDRGK1 (65992),1.9425279246300367e-05
EXP_SS18 (6760),1.9412904730893244e-05
EXP_LRRC27 (80313),1.940399744194311e-05
MUT_TEX22 (647310),1.9398320479740506e-05
EXP_NPDC1 (56654),1.9397921585362207e-05
EXP_KRCC1 (51315),1.939351330517294e-05
CRISPR_ZNF239 (8187),1.9393305119555004e-05
EXP_CDC42SE2 (56990),1.938603619564812e-05
CRISPR_MAPK1 (5594),1.9372596941075357e-05
CRISPR_MATN1 (4146),1.936250087151386e-05
MUT_PRMT2 (3275),1.9355590230770763e-05
CRISPR_MYCN (4613),1.9331234291686284e-05
EXP_NR1H2 (7376),1.932608757890048e-05
EXP_RAB5B (5869),1.9323640235579502e-05
EXP_PATZ1 (23598),1.9315677855165937e-05
EXP_ZFYVE9 (9372),1.930329961268255e-05
EXP_ANKRD13C (81573),1.9271730407347895e-05
CRISPR_NOL8 (55035),1.925791679929554e-05
EXP_CLDND1 (56650),1.9251265627076564e-05
EXP_MAPKAPK3 (7867),1.9246948173746578e-05
EXP_ZNF462 (58499),1.924164589926296e-05
CRISPR_BLZF1 (8548),1.9234491144121676e-05
EXP_RIC1 (57589),1.9208251782611012e-05
EXP_TMEM45B (120224),1.9189567747515236e-05
CRISPR_GANAB (23193),1.917195754335431e-05
EXP_BHLHA15 (168620),1.9160876459212687e-05
CRISPR_CEACAM6 (4680),1.9160341746027144e-05
EXP_ABCB10 (23456),1.9154595846879954e-05
EXP_TPRG1L (127262),1.9138135528317016e-05
CRISPR_RBM33 (155435),1.910671590059673e-05
CRISPR_MRPS18B (28973),1.9095220413457826e-05
CRISPR_PIP5K1A (8394),1.908232131548571e-05
CRISPR_DPY19L4 (286148),1.9076243901633904e-05
EXP_LRP12 (29967),1.907486820200824e-05
EXP_FRAT2 (23401),1.9029748518700117e-05
EXP_MSN (4478),1.902358018962724e-05
EXP_SQLE (6713),1.9013796161432465e-05
CRISPR_EIF4A2 (1974),1.9009560240876945e-05
EXP_TMEM74B (55321),1.900788351866117e-05
CRISPR_SFR1 (119392),1.9005333472619668e-05
EXP_TREX1 (11277),1.90027548125674e-05
CRISPR_SLC25A41 (284427),1.898697172662294e-05
EXP_C2orf76 (130355),1.8964430818448336e-05
CRISPR_EXOC8 (149371),1.896260854966852e-05
EXP_C17orf100 (388327),1.8942143133454666e-05
CRISPR_AFMID (125061),1.8941207649957786e-05
EXP_MEGF9 (1955),1.893052293396812e-05
CRISPR_CCT7 (10574),1.8904451310710395e-05
EXP_CDCA7L (55536),1.8881592519349046e-05
EXP_SLC37A1 (54020),1.8859225130128986e-05
CRISPR_SKA1 (220134),1.8858391789236614e-05
EXP_ZNF517 (340385),1.8855919134200555e-05
CRISPR_MTA2 (9219),1.8840520955259206e-05
EXP_MTERF2 (80298),1.8840134587938358e-05
EXP_CD53 (963),1.8837866350700736e-05
CRISPR_SLX9 (85395),1.8834876662792604e-05
EXP_ANKAR (150709),1.883280879537687e-05
CRISPR_LCE2A (353139),1.8830468889199072e-05
EXP_PRIMPOL (201973),1.883043050326025e-05
EXP_STPG1 (90529),1.8827244045038008e-05
CRISPR_GON4L (54856),1.882309226979917e-05
CRISPR_SLC25A1 (6576),1.8818536683154753e-05
EXP_L3MBTL2 (83746),1.8809892363888694e-05
CRISPR_EMC2 (9694),1.8796620013221622e-05
CRISPR_ZNF10 (7556),1.8795074888027778e-05
EXP_TNFRSF21 (27242),1.8780389899400187e-05
EXP_OTULIN (90268),1.8777335679403338e-05
EXP_FLRT1 (23769),1.8756315140043704e-05
CRISPR_COMMD5 (28991),1.8752710148937044e-05
CRISPR_SSR2 (6746),1.8741147949144403e-05
CRISPR_MBIP (51562),1.8739134149939683e-05
EXP_HSPG2 (3339),1.8738560174254302e-05
CRISPR_FOXRED2 (80020),1.8694195109225916e-05
EXP_LOXL4 (84171),1.8682839486208753e-05
EXP_FKBP8 (23770),1.867377556767638e-05
EXP_FBXW9 (84261),1.8673701437910816e-05
CRISPR_CSTF2 (1478),1.8659496901000783e-05
EXP_TPD52L1 (7164),1.865889920641689e-05
EXP_ATP6V1F (9296),1.8658402941635116e-05
CRISPR_PCM1 (5108),1.8655535245316835e-05
EXP_ARMC3 (219681),1.8654611549236904e-05
EXP_FTL (2512),1.8640370215856074e-05
CRISPR_MRPL51 (51258),1.863896880508446e-05
EXP_TMEM9 (252839),1.8636940626404982e-05
CRISPR_SHFL (55337),1.8630398964717664e-05
EXP_ATP9A (10079),1.8630259234230588e-05
CRISPR_RPUSD4 (84881),1.8615848876719684e-05
EXP_ORC2 (4999),1.860763470187871e-05
EXP_RASA1 (5921),1.860660489843518e-05
CRISPR_CHM (1121),1.8586417556985117e-05
EXP_PIH1D2 (120379),1.8584635952696354e-05
EXP_LARGE2 (120071),1.8584327834715897e-05
EXP_ZNF543 (125919),1.8556596261666492e-05
EXP_MEGF6 (1953),1.8542460340316247e-05
EXP_INPP5A (3632),1.8537514512137145e-05
CRISPR_AP5B1 (91056),1.8537300886736613e-05
EXP_AFTPH (54812),1.853519815336241e-05
CRISPR_IRS1 (3667),1.8534920398549906e-05
EXP_SLC26A6 (65010),1.8519990040365346e-05
CRISPR_RBPJL (11317),1.8511042339424575e-05
EXP_RBM17 (84991),1.8504745183320694e-05
EXP_CNTD1 (124817),1.850437810414611e-05
EXP_KDELR1 (10945),1.8492951322172004e-05
CRISPR_RFT1 (91869),1.848868635429694e-05
CRISPR_PPP2R5C (5527),1.8484432913551698e-05
CRISPR_ARMC10 (83787),1.8481139106682527e-05
EXP_PTPN4 (5775),1.8477039088697942e-05
EXP_ZNF768 (79724),1.847249863506262e-05
EXP_HDAC11 (79885),1.847145176327167e-05
EXP_XYLB (9942),1.845242509596204e-05
CRISPR_CIC (23152),1.8449472654737505e-05
MUT_C6orf132 (647024),1.844498189647936e-05
EXP_CRCP (27297),1.8439300573046135e-05
CRISPR_MGAT4A (11320),1.8433554294530307e-05
CRISPR_MTFP1 (51537),1.8426747478218996e-05
EXP_SH2B3 (10019),1.8413727831795475e-05
EXP_LRRC47 (57470),1.8408264640341614e-05
EXP_IDNK (414328),1.8403907981477274e-05
EXP_CTHRC1 (115908),1.8399774718680346e-05
EXP_ZXDA (7789),1.8398346012260123e-05
CRISPR_ENO1 (2023),1.839621680037419e-05
EXP_CDRT4 (284040),1.839324004667662e-05
EXP_CSRP2 (1466),1.8355849165339844e-05
CRISPR_LAMTOR1 (55004),1.835257541407451e-05
CRISPR_CLIC1 (1192),1.8345705112193874e-05
CRISPR_RNASE13 (440163),1.832996316796191e-05
EXP_TMOD2 (29767),1.83263767740208e-05
CRISPR_INTS12 (57117),1.8322052892351186e-05
EXP_LRRC69 (100130742),1.832147056769961e-05
EXP_UQCRH (7388),1.8318727424019244e-05
EXP_FTO (79068),1.8312557282812294e-05
EXP_MFN2 (9927),1.8306895290734663e-05
EXP_UBE2W (55284),1.8295678442119575e-05
EXP_SLC27A5 (10998),1.829550927027751e-05
CRISPR_VEZT (55591),1.825737405426279e-05
CRISPR_GJC1 (10052),1.8256548002848567e-05
CRISPR_CEND1 (51286),1.824508038091661e-05
CRISPR_MRPL15 (29088),1.8243473149808116e-05
CRISPR_TMEM82 (388595),1.8242795288870436e-05
EXP_MMP2 (4313),1.8228880283953738e-05
EXP_SMAD1 (4086),1.8211435277431658e-05
EXP_WHR1 (8859),1.8203306574651484e-05
EXP_SHROOM1 (134549),1.820235031890835e-05
EXP_ZNF106 (64397),1.8201488087425864e-05
CRISPR_MAPK15 (225689),1.8194875327370247e-05
EXP_LAD1 (3898),1.819468345987956e-05
CRISPR_CERCAM (51148),1.819150938672365e-05
CRISPR_KLF3 (51274),1.817455363835548e-05
CRISPR_ARL6IP6 (151188),1.8172292834644125e-05
EXP_ADNP (23394),1.817214180507297e-05
CRISPR_NONO (4841),1.8169543456269927e-05
EXP_ALDH18A1 (5832),1.8141399981088067e-05
EXP_TXNRD3 (114112),1.8140101383140855e-05
EXP_KCNK5 (8645),1.8133780953749125e-05
EXP_FAM136A (84908),1.813257223978326e-05
EXP_LRCH4 (4034),1.8128367644409816e-05
CRISPR_OSBP (5007),1.812345317983459e-05
CRISPR_PPA2 (27068),1.811983856430921e-05
CRISPR_MOG (4340),1.811337743437181e-05
CRISPR_NUP37 (79023),1.811046040922803e-05
EXP_MRPS2 (51116),1.8103763861194406e-05
EXP_ID2 (3398),1.809548008512341e-05
CRISPR_PRKCA (5578),1.8095315084537043e-05
EXP_PHRF1 (57661),1.8091855104648216e-05
CRISPR_AAAS (8086),1.808684548315939e-05
EXP_RARG (5916),1.8025499531844892e-05
CRISPR_CAPS (828),1.800953981836369e-05
EXP_MBTPS2 (51360),1.7988904994200853e-05
EXP_CRBN (51185),1.7984467912797947e-05
EXP_KIF18B (146909),1.7980987006692113e-05
CRISPR_TMEM127 (55654),1.7978759979949716e-05
CRISPR_WAC (51322),1.7973024893025923e-05
EXP_DRG1 (4733),1.796897631598946e-05
CRISPR_DCUN1D1 (54165),1.7963214140987542e-05
EXP_WDFY3 (23001),1.7955335540962982e-05
CRISPR_ELOA (6924),1.7955051040439836e-05
EXP_TBC1D16 (125058),1.7953118373442734e-05
EXP_TGFB1I1 (7041),1.7950901622817638e-05
CRISPR_ACKR4 (51554),1.794691084497577e-05
EXP_NAPSA (9476),1.79454828222111e-05
CRISPR_RIC1 (57589),1.7940468580395498e-05
CRISPR_BRD8 (10902),1.793732379993686e-05
CRISPR_CEP57 (9702),1.7921134822932427e-05
EXP_ZNF267 (10308),1.7897732523040887e-05
CRISPR_RAB8A (4218),1.7894010011249806e-05
CRISPR_MDP1 (145553),1.789319677955673e-05
EXP_PBXIP1 (57326),1.7879726957398642e-05
EXP_CWC22 (57703),1.7865797068704187e-05
CRISPR_TIPARP (25976),1.786474757173742e-05
EXP_GPI (2821),1.7863210710148147e-05
CRISPR_CYP26A1 (1592),1.7860228328358463e-05
CRISPR_BRI3 (25798),1.7860047852760246e-05
EXP_TET3 (200424),1.785811102318756e-05
CRISPR_CBX1 (10951),1.785682659875354e-05
EXP_KCTD10 (83892),1.7827418976459996e-05
CRISPR_DNLZ (728489),1.781115389127338e-05
EXP_AOX1 (316),1.7810878232478366e-05
EXP_GCC1 (79571),1.7761708721587732e-05
EXP_ITGB7 (3695),1.7742064916927286e-05
EXP_DCAF4 (26094),1.773561907979098e-05
CRISPR_NAGLU (4669),1.772720003022888e-05
EXP_MMP19 (4327),1.7715740967679905e-05
EXP_DNAJC3 (5611),1.771479271608969e-05
EXP_ZNF185 (7739),1.7695897364142194e-05
EXP_USF2 (7392),1.765177743608744e-05
EXP_CEP164 (22897),1.7651697247659753e-05
EXP_SLU7 (10569),1.764490105733978e-05
EXP_MINDY4 (84182),1.7636909367588127e-05
EXP_RHOG (391),1.7634832841189162e-05
CRISPR_NDUFA3 (4696),1.7631147571417567e-05
EXP_MAP7D1 (55700),1.7616950685244505e-05
EXP_SLC12A8 (84561),1.761603528271765e-05
CRISPR_ZNF687 (57592),1.7615016969422066e-05
EXP_ID3 (3399),1.761396519703331e-05
CRISPR_CCDC38 (120935),1.7609699111959117e-05
EXP_RPL36 (25873),1.760334722806491e-05
EXP_CHRNA3 (1136),1.7593955405160936e-05
CRISPR_OSBPL9 (114883),1.7579466323211097e-05
EXP_NDUFAF3 (25915),1.7575995298859647e-05
CRISPR_OVCA2 (124641),1.7575050117498646e-05
EXP_STK31 (56164),1.755776619784222e-05
CRISPR_CEP152 (22995),1.7545236723144998e-05
EXP_RBM47 (54502),1.75372344078007e-05
EXP_TECR (9524),1.7530022024922474e-05
EXP_CHAF1B (8208),1.752517244071432e-05
CRISPR_AP1M1 (8907),1.7495206319128026e-05
EXP_WDR37 (22884),1.7487746913650992e-05
EXP_PKP1 (5317),1.746533411212644e-05
EXP_GAMT (2593),1.7445609242158177e-05
CRISPR_ESRRA (2101),1.7442914533836532e-05
EXP_RAB32 (10981),1.7440828490451237e-05
CRISPR_PCGF2 (7703),1.743502587612603e-05
EXP_INO80E (283899),1.741928157361784e-05
CRISPR_MED7 (9443),1.7417865040523133e-05
CRISPR_MRPL13 (28998),1.741716501692406e-05
EXP_OCEL1 (79629),1.7417027091634094e-05
CRISPR_MSH2 (4436),1.7416301104448325e-05
EXP_NBPF12 (149013),1.7400614975051395e-05
EXP_VAMP7 (6845),1.7398814328360093e-05
CRISPR_SLC4A1 (6521),1.7398023618135678e-05
CRISPR_SOWAHC (65124),1.7395242841579828e-05
EXP_SLC7A8 (23428),1.7393350784436157e-05
CRISPR_UBE2J2 (118424),1.739302747682306e-05
EXP_HMGA1 (3159),1.7359698405172803e-05
CRISPR_SIGMAR1 (10280),1.7357209783670226e-05
CRISPR_NUDT16L1 (84309),1.7355642838684982e-05
CRISPR_XPOT (11260),1.7325115622611658e-05
CRISPR_SENP8 (123228),1.732368535321107e-05
EXP_RSPH3 (83861),1.7322906555683317e-05
EXP_ALKBH2 (121642),1.7320541291132763e-05
EXP_SOCS3 (9021),1.731330113628382e-05
EXP_MT-CYB (4519),1.731300092212916e-05
EXP_SNAPIN (23557),1.7311490070716014e-05
MUT_NFATC1 (4772),1.731125645528664e-05
CRISPR_NGDN (25983),1.7307806764467306e-05
EXP_SMIM12 (113444),1.7295963878550888e-05
EXP_CES2 (8824),1.729519882811708e-05
EXP_EPCAM (4072),1.727925711055146e-05
EXP_BAG3 (9531),1.726792921276272e-05
CRISPR_COQ4 (51117),1.725582274508483e-05
EXP_DCPS (28960),1.7242981183160543e-05
CRISPR_MRTO4 (51154),1.7235664072805524e-05
EXP_LMNA (4000),1.7226606827997205e-05
EXP_DRAM1 (55332),1.72226824670447e-05
EXP_PBLD (64081),1.7216719173347945e-05
EXP_SIN3B (23309),1.7215925620306182e-05
CRISPR_CEBPB (1051),1.7213784635002648e-05
MUT_CIMAP2 (163747),1.7208456718708478e-05
CRISPR_H1-4 (3008),1.7197938639042317e-05
CRISPR_MNAT1 (4331),1.719438779415443e-05
EXP_MFGE8 (4240),1.7191396750858125e-05
EXP_RPS25 (6230),1.7168062852788592e-05
EXP_CSKMT (751071),1.7162254967680577e-05
EXP_NDUFA12 (55967),1.71597676963648e-05
EXP_DMAC2 (55101),1.7158561210739604e-05
CRISPR_IPPK (64768),1.7138552928933103e-05
EXP_MFSD14A (64645),1.713032104735692e-05
EXP_RPS3A (6189),1.713008404414257e-05
CRISPR_EARS2 (124454),1.7121617449667622e-05
CRISPR_BRCA2 (675),1.7115095043009102e-05
EXP_MAGOHB (55110),1.710436279006005e-05
EXP_SLC25A32 (81034),1.7103293424080276e-05
EXP_YIF1A (10897),1.7091553164708435e-05
CRISPR_GBP5 (115362),1.708930336562245e-05
EXP_PURB (5814),1.708762869372985e-05
CRISPR_KDM2A (22992),1.707564125278717e-05
EXP_SLC25A37 (51312),1.707317745286754e-05
EXP_TMEM134 (80194),1.7064935464031688e-05
EXP_NPW (283869),1.7051488121602064e-05
EXP_ZG16B (124220),1.7047753827833354e-05
CRISPR_SEC16A (9919),1.7043829191771638e-05
EXP_EIF3K (27335),1.7042834111298163e-05
CRISPR_WFDC10B (280664),1.699711710203404e-05
EXP_RHPN2 (85415),1.6989361767938295e-05
EXP_MDH2 (4191),1.6983181108905552e-05
EXP_HSPA4L (22824),1.6972886645346342e-05
EXP_KIF21A (55605),1.6949319666630223e-05
EXP_GPN1 (11321),1.6923937547550348e-05
CRISPR_PPP6R3 (55291),1.6920350291327775e-05
EXP_RBM38 (55544),1.691579942640844e-05
EXP_RIN1 (9610),1.6911654032220425e-05
EXP_NUMB (8650),1.690890029635704e-05
CRISPR_GDPD1 (284161),1.6907441084518214e-05
EXP_KALRN (8997),1.6903234626132014e-05
CRISPR_ADCY4 (196883),1.6900686201333756e-05
EXP_CLPX (10845),1.6895821753277316e-05
EXP_MTREX (23517),1.688635305346399e-05
CRISPR_SLC25A25 (114789),1.6871702813943404e-05
EXP_TBC1D7 (51256),1.686555283142942e-05
EXP_PNRC1 (10957),1.6853801520992528e-05
EXP_DHCR24 (1718),1.6853086718345472e-05
CRISPR_MXD3 (83463),1.6844725264330485e-05
EXP_SCG2 (7857),1.683794046042782e-05
CRISPR_CUL2 (8453),1.6826075305997994e-05
CRISPR_TSHB (7252),1.6825718873623703e-05
EXP_OSCP1 (127700),1.6818054143017978e-05
CRISPR_F2 (2147),1.6812416054223596e-05
EXP_ABCC1 (4363),1.680564431981139e-05
EXP_RPS4X (6191),1.6800278995352593e-05
EXP_GLRX2 (51022),1.6787151983674615e-05
EXP_NUTM2B (729262),1.6779272390096068e-05
EXP_ZNF12 (7559),1.677115001540428e-05
EXP_RBM4 (5936),1.6762148818705832e-05
EXP_CENPC (1060),1.6753181628891035e-05
CRISPR_NDUFV1 (4723),1.674417749387427e-05
EXP_PRKCZ (5590),1.674153378247336e-05
EXP_ISCU (23479),1.6726088515617588e-05
CRISPR_SMIM3 (85027),1.671755738525452e-05
CRISPR_ENSA (2029),1.6711735230328018e-05
EXP_CD22 (933),1.669176772116271e-05
EXP_MCCC2 (64087),1.669042271441177e-05
CRISPR_LIX1L (128077),1.6687672615312176e-05
CRISPR_RRAGA (10670),1.6669438023265407e-05
EXP_DCP1A (55802),1.665869558849988e-05
CRISPR_C1D (10438),1.665344085423795e-05
EXP_RRP36 (88745),1.664754119201961e-05
CRISPR_P3H1 (64175),1.6642531719895613e-05
EXP_SSC4D (136853),1.664009127566716e-05
EXP_SOS1 (6654),1.6632626167514187e-05
CRISPR_CYC1 (1537),1.6623792125881818e-05
EXP_ZNF233 (353355),1.6622867948485207e-05
EXP_C1orf174 (339448),1.6622553484632595e-05
EXP_ACOX1 (51),1.6611024966016095e-05
EXP_PRORP (9692),1.660783070935791e-05
EXP_PPM1H (57460),1.659978834754248e-05
CRISPR_LTB4R (1241),1.659474454472477e-05
EXP_BAIAP2L1 (55971),1.6590953211389583e-05
CRISPR_THAP3 (90326),1.658795777697683e-05
EXP_GCA (25801),1.6583494575563396e-05
EXP_UQCC4 (283951),1.6582617576661175e-05
EXP_C6orf47 (57827),1.658004416650709e-05
EXP_ZNF217 (7764),1.657698251096851e-05
EXP_PLXNB2 (23654),1.6575307900160144e-05
MUT_HMCN1 (83872),1.6573964081848657e-05
EXP_KATNA1 (11104),1.6564643122925824e-05
EXP_CEP97 (79598),1.656017033371212e-05
EXP_BRF1 (2972),1.6559271244652426e-05
CRISPR_SAMD4A (23034),1.655896188544333e-05
EXP_HCFC1 (3054),1.654672198490032e-05
EXP_CHCHD2 (51142),1.6532589853983803e-05
EXP_TMOD3 (29766),1.6526710609400062e-05
EXP_RMP64 (25871),1.6525892778767643e-05
CRISPR_ZNHIT6 (54680),1.649871169716963e-05
EXP_MNT (4335),1.6474694848908644e-05
EXP_SP140L (93349),1.645442572096884e-05
EXP_ANAPC13 (25847),1.645305291226921e-05
EXP_COG1 (9382),1.6447218497988976e-05
EXP_CHCHD5 (84269),1.6444912389027618e-05
EXP_ELK1 (2002),1.6423364384478115e-05
CRISPR_FBXO36 (130888),1.6407678308111787e-05
CRISPR_HNRNPA0 (10949),1.6401481002319122e-05
CRISPR_BRIP1 (83990),1.6393949022200618e-05
CRISPR_HDAC8 (55869),1.63914278591113e-05
EXP_FADS3 (3995),1.637461659062483e-05
EXP_RSKR (124923),1.6374367611712385e-05
EXP_SMC3 (9126),1.636015126965682e-05
EXP_MCIDAS (345643),1.6359887328719016e-05
EXP_ACAD11 (84129),1.6355913826177037e-05
EXP_NUBPL (80224),1.6351721781865792e-05
EXP_PRSS16 (10279),1.6351083305306324e-05
EXP_CYP11A1 (1583),1.6346682694581777e-05
EXP_EPHA2 (1969),1.6345432803759367e-05
EXP_SYDE2 (84144),1.6328855564550484e-05
EXP_F8A3 (474384),1.6319986032658312e-05
CRISPR_PSMB11 (122706),1.630236344386174e-05
CRISPR_TBCE (6905),1.6282754235195205e-05
MUT_ARL5A (26225),1.6279484586357282e-05
EXP_RBPMS2 (348093),1.6265219314698225e-05
CRISPR_STAT5A (6776),1.6258674879369998e-05
CRISPR_ZNF714 (148206),1.6258121686247605e-05
EXP_SLC9A8 (23315),1.625453034610566e-05
EXP_CSRNP3 (80034),1.6238735145779866e-05
CRISPR_NDUFA1 (4694),1.6236509910990305e-05
EXP_PDXP (57026),1.623634177649661e-05
EXP_ZNF282 (8427),1.6233376233242733e-05
CRISPR_PGPEP1 (54858),1.6220955618900083e-05
EXP_GJC1 (10052),1.6219467996149505e-05
CRISPR_C2orf78 (388960),1.6206260503686646e-05
EXP_CFAP57 (149465),1.6196538404473374e-05
CRISPR_SSH1 (54434),1.6185567803038835e-05
CRISPR_SNAP29 (9342),1.618541235228182e-05
EXP_POGLUT2 (79070),1.6182009545067267e-05
CRISPR_BAG6 (7917),1.617509304237034e-05
CRISPR_PAIP1 (10605),1.616538820402908e-05
CRISPR_ATRX (546),1.615419783795377e-05
EXP_PABPC4 (8761),1.6151084560318503e-05
EXP_FGFR1 (2260),1.614440840723946e-05
EXP_CLIP2 (7461),1.6142128914387106e-05
CRISPR_NDUFV2 (4729),1.6137654081258348e-05
CRISPR_HES5 (388585),1.613250343142234e-05
EXP_EPSTI1 (94240),1.6126560981050652e-05
CRISPR_ADPRS (54936),1.611149789723486e-05
CRISPR_RNF41 (10193),1.6106011984320042e-05
EXP_VEGFB (7423),1.6098796316177404e-05
EXP_FRAT1 (10023),1.6094381499267244e-05
EXP_H3-3B (3021),1.6086390291540926e-05
CRISPR_GMNN (51053),1.6085948608945954e-05
CRISPR_HID1 (283987),1.6083392690241816e-05
EXP_TOX2 (84969),1.6078581733012382e-05
EXP_UTP4 (84916),1.607061210164492e-05
EXP_ABRAXAS1 (84142),1.6057538996391135e-05
CRISPR_GBP4 (115361),1.6057347878153678e-05
CRISPR_CCDC88B (283234),1.6054459893290024e-05
EXP_EEF1AKMT1 (221143),1.6048289113897664e-05
EXP_RAE1 (8480),1.603964093877345e-05
CRISPR_MLX (6945),1.6035609966179597e-05
CRISPR_CNOT2 (4848),1.6013184564990055e-05
EXP_FZD3 (7976),1.6005153776562037e-05
EXP_RNF227 (284023),1.5996491798469432e-05
EXP_PPP1R7 (5510),1.5995139466267516e-05
EXP_SGMS2 (166929),1.599238081577264e-05
EXP_FBXO25 (26260),1.5989381936221056e-05
EXP_OTUB2 (78990),1.597060563391363e-05
EXP_SLC66A2 (80148),1.5956821213689882e-05
CRISPR_PPCS (79717),1.59558289030995e-05
MUT_KRTAP13-4 (284827),1.593403052198994e-05
EXP_EIF1AX (1964),1.591752389780633e-05
EXP_BTBD8 (284697),1.5917480888513123e-05
EXP_SMARCC2 (6601),1.5909713643118263e-05
CRISPR_HOXA13 (3209),1.589791872362176e-05
CRISPR_HORMAD1 (84072),1.5893285061501922e-05
CRISPR_RERE (473),1.5885273409471588e-05
EXP_GPSM3 (63940),1.5883403359433674e-05
EXP_CPSF4 (10898),1.5878554801592118e-05
EXP_ZBED5 (58486),1.5874906787978338e-05
CRISPR_MRPS9 (64965),1.5872350660926917e-05
EXP_PHF21A (51317),1.5871613477136893e-05
CRISPR_DYRK1A (1859),1.5870416686225155e-05
EXP_STAT1 (6772),1.5860606514072707e-05
EXP_EYA3 (2140),1.5848925298252517e-05
EXP_ZMYND12 (84217),1.5847516159227165e-05
EXP_LETM1 (3954),1.5844895098744175e-05
EXP_SCARB2 (950),1.5843062498248232e-05
EXP_KLF2 (10365),1.5836831623617157e-05
CRISPR_IRAG2 (4033),1.5832561084021177e-05
CRISPR_DUOXA1 (90527),1.5815544030702012e-05
EXP_RABGAP1 (23637),1.5805118620689154e-05
EXP_TMA16 (55319),1.58037649872695e-05
EXP_MAML2 (84441),1.5792110832521045e-05
EXP_PPP4R4 (57718),1.578379469188708e-05
EXP_MLKL (197259),1.5776260453191918e-05
CRISPR_MARS2 (92935),1.5768484032433694e-05
CRISPR_LUC7L2 (51631),1.5766231915079024e-05
EXP_SPATA33 (124045),1.5764446392181147e-05
MUT_MMACHC (25974),1.5762952578961633e-05
CRISPR_GJD3 (125111),1.575842031049817e-05
EXP_ANO9 (338440),1.575718568066739e-05
EXP_BET1 (10282),1.5756010938877885e-05
EXP_IGFBP3 (3486),1.5753861572132868e-05
EXP_ZNF710 (374655),1.5751014223478076e-05
EXP_BTN2A1 (11120),1.5740374003691995e-05
EXP_FOXO1 (2308),1.5737718611393148e-05
CRISPR_NPM3 (10360),1.573767842004444e-05
EXP_F8A1 (8263),1.572889587083551e-05
EXP_MRPL30 (51263),1.5728394884972776e-05
EXP_ZNF264 (9422),1.5727494838799098e-05
EXP_PCSK9 (255738),1.572516590563016e-05
EXP_WASHC5 (9897),1.572330307182383e-05
EXP_PLCE1 (51196),1.5719991822797692e-05
EXP_RPF1 (80135),1.5713408057914956e-05
EXP_CCNE2 (9134),1.5704259621624618e-05
EXP_LYPD6B (130576),1.5686183411613654e-05
CRISPR_MORC2 (22880),1.5682980008820097e-05
CRISPR_AK1 (203),1.5682359999011995e-05
CRISPR_SELENBP1 (8991),1.567900370135296e-05
EXP_TACSTD2 (4070),1.5649831678630263e-05
CRISPR_SLC22A25 (387601),1.5643840719819512e-05
CRISPR_BCAR1 (9564),1.5640889044314434e-05
CRISPR_GRK6 (2870),1.5638800768048795e-05
EXP_EEF1A1 (1915),1.562598895609136e-05
CRISPR_SPINK14 (408187),1.5600556181668175e-05
EXP_ALG2 (85365),1.5600253825140688e-05
EXP_SPATA2L (124044),1.559760004714536e-05
EXP_SIKE1 (80143),1.558691829325458e-05
EXP_JAG1 (182),1.558591677208364e-05
EXP_TRIM68 (55128),1.5577107031692804e-05
EXP_ARFGAP2 (84364),1.5574233117224807e-05
CRISPR_B4GAT1 (11041),1.5568112106659795e-05
CRISPR_PMM2 (5373),1.5565887660636202e-05
EXP_SLC25A38 (54977),1.5559278570410755e-05
EXP_RHEB (6009),1.555429329268115e-05
EXP_ARHGAP33 (115703),1.5548313195920114e-05
CRISPR_SCMH1 (22955),1.5540578437808337e-05
CRISPR_LCMT1 (51451),1.5535380417236516e-05
CRISPR_SLC38A7 (55238),1.5520381659962312e-05
EXP_MTPAP (55149),1.5517822841067927e-05
EXP_CRYL1 (51084),1.55110310904403e-05
EXP_PAPOLG (64895),1.5509390378386426e-05
EXP_CDK8 (1024),1.549818709095683e-05
EXP_FMOD (2331),1.5497997502565916e-05
EXP_FAM83A (84985),1.549344774827061e-05
EXP_INCA1 (388324),1.547265455282623e-05
EXP_ROBO1 (6091),1.5466952848912044e-05
CRISPR_APH1A (51107),1.5411453611906557e-05
EXP_C12orf75 (387882),1.540724822797331e-05
EXP_CACNG6 (59285),1.5405812357503696e-05
EXP_KRBOX5 (124411),1.540494537435978e-05
EXP_UVRAG (7405),1.539684370212279e-05
EXP_ZSWIM9 (374920),1.5392829629463386e-05
EXP_ZNF431 (170959),1.5391900659742444e-05
CRISPR_CASZ1 (54897),1.5391483179982426e-05
CRISPR_DICER1 (23405),1.5382308569652068e-05
CRISPR_CHRNG (1146),1.5379568996169334e-05
MUT_ERRFI1 (54206),1.5370903557550263e-05
EXP_IRF1 (3659),1.5369983848903203e-05
EXP_METTL26 (84326),1.536139199124328e-05
CRISPR_RAB3A (5864),1.5337070662170253e-05
EXP_DUSP18 (150290),1.533656393056047e-05
CRISPR_IFT140 (9742),1.5334905271724085e-05
EXP_SUMO3 (6612),1.5334174393685425e-05
CRISPR_HIKESHI (51501),1.5331121545035937e-05
EXP_ZBTB3 (79842),1.532412758284211e-05
EXP_TAOK3 (51347),1.5322771629604593e-05
EXP_CDNF (441549),1.5314739897405266e-05
EXP_ZNF394 (84124),1.531243435633734e-05
EXP_TBCC (6903),1.5286261221752907e-05
CRISPR_BAZ1B (9031),1.5278968791633228e-05
CRISPR_DPH6 (89978),1.527115213958711e-05
CRISPR_GLMN (11146),1.5264918873506345e-05
EXP_STC1 (6781),1.5240961590171275e-05
CRISPR_USP18 (11274),1.523183073516615e-05
CRISPR_MAPRE1 (22919),1.5221572367530083e-05
EXP_NF2 (4771),1.5214840975727379e-05
EXP_SGK3 (23678),1.521202244678621e-05
MUT_DNAH8 (1769),1.5206789059084256e-05
EXP_DHTKD1 (55526),1.518640026193643e-05
EXP_RBM39 (9584),1.5185450423617854e-05
EXP_ZNF780A (284323),1.518494573780315e-05
EXP_ZNF684 (127396),1.5178978146798934e-05
CRISPR_IL11 (3589),1.5177432193321928e-05
CRISPR_NAV1 (89796),1.5174221788270294e-05
CRISPR_OCIAD1 (54940),1.5168795508040903e-05
CRISPR_SLC16A12 (387700),1.5157430738869829e-05
CRISPR_RIGI (23586),1.5143756319838244e-05
CRISPR_ABT1 (29777),1.5137090907628208e-05
EXP_WDPCP (51057),1.5131929449358479e-05
EXP_SF3B5 (83443),1.511657882002701e-05
EXP_TGIF2 (60436),1.5106006335225563e-05
CRISPR_BDH2 (56898),1.5104224461113824e-05
CRISPR_KIFBP (26128),1.5102849791344522e-05
EXP_C12orf57 (113246),1.5091269171226656e-05
EXP_GSPT1 (2935),1.5089219574428598e-05
EXP_FBXO10 (26267),1.5080435604317978e-05
EXP_PHF3 (23469),1.5075935520577469e-05
EXP_ENSA (2029),1.5071827510354807e-05
EXP_PROCR (10544),1.5063414298519966e-05
EXP_CHD3 (1107),1.5056226906051409e-05
EXP_CKS1B (1163),1.5052686444819326e-05
EXP_NUTM2D (728130),1.5048081447395685e-05
EXP_RNF7 (9616),1.5047214392701661e-05
EXP_IDH2 (3418),1.5042031798281824e-05
CRISPR_MEIOC (284071),1.5033075606842408e-05
EXP_ASB13 (79754),1.503042188997028e-05
EXP_KDSR (2531),1.5029847286377428e-05
CRISPR_SLC25A24 (29957),1.5026943941619029e-05
EXP_RELT (84957),1.5012578909836307e-05
EXP_SPOCD1 (90853),1.5010179335136502e-05
EXP_VPS11 (55823),1.5008615176280897e-05
EXP_SLC39A11 (201266),1.5007212884343377e-05
EXP_DLG2 (1740),1.4998366827373088e-05
MUT_TLDC2 (140711),1.498266503931518e-05
CRISPR_CR1L (1379),1.4982414386179093e-05
EXP_CYP4F11 (57834),1.4972306601454381e-05
CRISPR_SHCBP1 (79801),1.4968219390492525e-05
CRISPR_SPIN1 (10927),1.4954470790850978e-05
EXP_IPO5 (3843),1.494994413823238e-05
CRISPR_TEFM (79736),1.4944724915213055e-05
EXP_C2orf74 (339804),1.4936107464858293e-05
EXP_PPIG (9360),1.4932847500808199e-05
EXP_MBD6 (114785),1.4929577193628861e-05
EXP_SMAP1 (60682),1.4929434887121639e-05
CRISPR_MAPK14 (1432),1.4928812158482447e-05
CRISPR_NFE2 (4778),1.4925408011516546e-05
EXP_BACC1 (124944),1.4923703068692064e-05
EXP_ZDHHC17 (23390),1.4912362153331616e-05
EXP_DPCD (25911),1.4905261883113221e-05
CRISPR_ATP13A1 (57130),1.490099666591785e-05
EXP_POFUT2 (23275),1.4894264340130509e-05
CRISPR_FADS6 (283985),1.4889904499652591e-05
EXP_INHA (3623),1.4886493447413651e-05
CRISPR_SGCA (6442),1.4886298060758786e-05
EXP_MYO1E (4643),1.4875253280876201e-05
EXP_AMDHD1 (144193),1.4872503258074358e-05
CRISPR_TPM4 (7171),1.4857515538370901e-05
EXP_GPANK1 (7918),1.4851703854210227e-05
CRISPR_PPL (5493),1.4830124637764392e-05
CRISPR_VPS36 (51028),1.4827408918299031e-05
EXP_MAP3K11 (4296),1.482275848148247e-05
EXP_COL6A1 (1291),1.481929736600417e-05
CRISPR_SCRN2 (90507),1.4805884301692901e-05
CRISPR_SCG5 (6447),1.4805705731327896e-05
CRISPR_CLDN19 (149461),1.4796385819545776e-05
EXP_ARG2 (384),1.4796275899943705e-05
EXP_SINHCAF (58516),1.4794078904658114e-05
EXP_SAP130 (79595),1.479355327791863e-05
EXP_PGAM5 (192111),1.479340522912632e-05
EXP_VASN (114990),1.4784751660820933e-05
EXP_TSPAN15 (23555),1.477215361720901e-05
EXP_B3GNTL1 (146712),1.4770992441760033e-05
CRISPR_COPS9 (150678),1.4769043800845101e-05
MUT_SUMO3 (6612),1.4764703005857884e-05
CRISPR_SLC52A2 (79581),1.4758307999229279e-05
EXP_PHLDB2 (90102),1.47537181991137e-05
CRISPR_HMBS (3145),1.4752042192292312e-05
CRISPR_WTAP (9589),1.4745442370675649e-05
EXP_TMEM158 (25907),1.4742512961379626e-05
EXP_APOO (79135),1.4735521707391516e-05
CRISPR_SARDH (1757),1.4727654340557991e-05
CRISPR_JPH4 (84502),1.4724292869577392e-05
EXP_HELLS (3070),1.4680492659601111e-05
EXP_EML3 (256364),1.4679442099061967e-05
EXP_FLCN (201163),1.4675155927052351e-05
CRISPR_OXA1L (5018),1.4648424443920107e-05
CRISPR_GALNT9 (50614),1.4641684862012022e-05
EXP_NIPA2 (81614),1.4639015052343659e-05
CRISPR_MRM1 (79922),1.463136842212069e-05
CRISPR_SPINT1 (6692),1.4628014325924344e-05
CRISPR_DPM3 (54344),1.4618730191909527e-05
EXP_ZBTB6 (10773),1.4617585107296648e-05
EXP_MYO10 (4651),1.4588005228352099e-05
EXP_SERPINI1 (5274),1.4583628064961834e-05
EXP_NUFIP2 (57532),1.4572685336690796e-05
EXP_UBE2L5 (171222),1.456950895365778e-05
EXP_TFDP2 (7029),1.4544736368283315e-05
CRISPR_MT1B (4490),1.454398921246262e-05
CRISPR_ZFAND5 (7763),1.451941290419706e-05
EXP_AIG1 (51390),1.4510332415036667e-05
EXP_POLR2J3 (548644),1.449043250764743e-05
CRISPR_RIMKLB (57494),1.4488136004242957e-05
EXP_SMARCD3 (6604),1.4475928889713089e-05
EXP_IL6R (3570),1.4459685490337277e-05
CRISPR_EIF5B (9669),1.4450461469216781e-05
EXP_TUBE1 (51175),1.4446687483972215e-05
EXP_SLC12A4 (6560),1.443032496224538e-05
EXP_ZNF558 (148156),1.4429964751426892e-05
EXP_ATP11A (23250),1.4426163907622005e-05
EXP_POU6F1 (5463),1.4425366324141077e-05
CRISPR_CYB5R4 (51167),1.4420068326699807e-05
EXP_DUSP10 (11221),1.4417035681695196e-05
EXP_MTRES1 (51250),1.440143471837242e-05
CRISPR_TWF1 (5756),1.439553804699131e-05
EXP_BCAP29 (55973),1.4381386532769749e-05
CRISPR_ICE2 (79664),1.4380415868025984e-05
EXP_MICB (4277),1.4363258479243913e-05
EXP_ZNF503 (84858),1.4358754099063401e-05
EXP_SLC25A11 (8402),1.434726309503875e-05
EXP_CMPK1 (51727),1.4342392290131053e-05
CRISPR_SSB (6741),1.4337334396465969e-05
EXP_TMT1A (25840),1.4326625942105168e-05
CRISPR_VPS72 (6944),1.4322395278635318e-05
CRISPR_H2AC7 (3013),1.4321354264349554e-05
CRISPR_ZNF436 (80818),1.4317984871676612e-05
EXP_CABIN1 (23523),1.4314977903302645e-05
CRISPR_TACC3 (10460),1.4305075851496965e-05
EXP_CHRNA5 (1138),1.430068490142861e-05
EXP_TOR1A (1861),1.4299380464188715e-05
CRISPR_CATSPER3 (347732),1.4293239149924903e-05
CRISPR_TUFM (7284),1.4271510618905886e-05
EXP_MLLT3 (4300),1.4269867849824155e-05
EXP_CREM (1390),1.4269047807039077e-05
CRISPR_TFAM (7019),1.4253480116537383e-05
CRISPR_DENND4B (9909),1.425189275949828e-05
EXP_BIRC2 (329),1.4248788526064712e-05
EXP_RFX2 (5990),1.4246149063438991e-05
CRISPR_CAP1 (10487),1.4240635177063287e-05
EXP_RPS6KA3 (6197),1.4230477716834184e-05
EXP_HEATR1 (55127),1.421374814764289e-05
CRISPR_HES7 (84667),1.4208340781054034e-05
EXP_DR1 (1810),1.4208048482141618e-05
EXP_CHPT1 (56994),1.4207069263420628e-05
EXP_N4BP2L2 (10443),1.4204762147939514e-05
EXP_FBXO44 (93611),1.4195506168556298e-05
EXP_WDR77 (79084),1.4192444051386326e-05
EXP_FAM210B (116151),1.4184329201578276e-05
EXP_MAPK12 (6300),1.4179200817293139e-05
CRISPR_TAF12 (6883),1.417144494580888e-05
CRISPR_ELOVL3 (83401),1.4164731490519527e-05
EXP_MMUT (4594),1.4146598398589923e-05
EXP_RPL24 (6152),1.414648550266203e-05
MUT_FZR1 (51343),1.4137320065458422e-05
EXP_NDOR1 (27158),1.4130902564361948e-05
EXP_LAMC1 (3915),1.4128824675809543e-05
CRISPR_SYNPO2L (79933),1.4122341824689503e-05
EXP_JCHAIN (3512),1.4118786799585925e-05
MUT_VPS18 (57617),1.41172912386537e-05
CRISPR_HAX1 (10456),1.4116680187241568e-05
CRISPR_MFSD11 (79157),1.4115783114670656e-05
CRISPR_NGF (4803),1.41155545585538e-05
EXP_PKD2 (5311),1.4086648535909785e-05
CRISPR_PRDX2 (7001),1.4085858081649834e-05
CRISPR_PCSK9 (255738),1.4085202156706551e-05
EXP_MEA1 (4201),1.4066044306629694e-05
EXP_SMIM26 (388789),1.4060417877763457e-05
MUT_ADCY2 (108),1.4047193636752198e-05
EXP_SMIM3 (85027),1.4044703125362915e-05
CRISPR_ATF1 (466),1.4044215110695225e-05
EXP_HECA (51696),1.4031896441815364e-05
EXP_FBXO9 (26268),1.4027983133989201e-05
EXP_C15orf48 (84419),1.4016631661303173e-05
CRISPR_VMA22 (84317),1.4008107093753128e-05
CRISPR_CCR5 (1234),1.4007842762330152e-05
EXP_KMT5C (84787),1.4003741661644528e-05
EXP_ZNF611 (81856),1.3975106271984411e-05
CRISPR_POP7 (10248),1.3966082561410723e-05
CRISPR_STAMBP (10617),1.3965084045662473e-05
CRISPR_FAM219A (203259),1.3960632350935583e-05
EXP_ALPK1 (80216),1.3919466797792718e-05
EXP_TMEM62 (80021),1.3915911097145955e-05
EXP_RFXAP (5994),1.3915733945464234e-05
CRISPR_FOXO4 (4303),1.391490340618449e-05
EXP_CBX8 (57332),1.3896848885880277e-05
EXP_SNRPF (6636),1.3894619784577026e-05
EXP_SLC35C2 (51006),1.3888742898744523e-05
EXP_TRIM69 (140691),1.3887340612030345e-05
CRISPR_CHST4 (10164),1.3884006633726859e-05
CRISPR_BET1 (10282),1.3874907139617814e-05
EXP_GOT2 (2806),1.3874135988252083e-05
EXP_RBIS (401466),1.3859840686735235e-05
CRISPR_EDF1 (8721),1.3856058467615267e-05
EXP_EVI5L (115704),1.3851169054832097e-05
CRISPR_ANAPC13 (25847),1.3846071974124661e-05
EXP_GRK4 (2868),1.3844354752018524e-05
EXP_TIGD1 (200765),1.3842082052383279e-05
CRISPR_MPRIP (23164),1.3837532479271232e-05
EXP_SLC48A1 (55652),1.3827831955564158e-05
CRISPR_CD2BP2 (10421),1.3820736940240857e-05
CRISPR_XPO4 (64328),1.381788803947733e-05
EXP_SPRTN (83932),1.3800684920757954e-05
EXP_PDCL (5082),1.3793935961939015e-05
EXP_ACTR3B (57180),1.3780299949375786e-05
EXP_TSPYL2 (64061),1.3779828485824446e-05
EXP_INO80C (125476),1.3777364757007258e-05
CRISPR_IL36B (27177),1.3770659822330598e-05
CRISPR_DCLRE1B (64858),1.3755337225770664e-05
CRISPR_NUDCD2 (134492),1.3746136568730464e-05
EXP_BRCA1 (672),1.3734173635486339e-05
MUT_SYNE1 (23345),1.3724085190838765e-05
EXP_VAC14 (55697),1.3721706640798311e-05
CRISPR_WDR73 (84942),1.3680408150482046e-05
CRISPR_ALG5 (29880),1.3666137098979473e-05
MUT_ITLN2 (142683),1.3657400089141441e-05
CRISPR_TCFL5 (10732),1.3654400863059916e-05
CRISPR_NDUFA10 (4705),1.3643775351828353e-05
CRISPR_IGSF3 (3321),1.3638911941947901e-05
CRISPR_ARID2 (196528),1.3634680291522447e-05
EXP_ENO1 (2023),1.3625607553452432e-05
EXP_TNFAIP1 (7126),1.3614674778725023e-05
EXP_SYNE2 (23224),1.3611993876346752e-05
EXP_MXD1 (4084),1.3610540693568023e-05
CRISPR_CBFB (865),1.3604443908611713e-05
EXP_RPL4 (6124),1.3603796410580643e-05
CRISPR_BCL2L13 (23786),1.3596225163561507e-05
EXP_DHX38 (9785),1.359240971191931e-05
EXP_USP40 (55230),1.3585341045835937e-05
CRISPR_SNX6 (58533),1.3578246494793667e-05
EXP_HPGD (3248),1.3566214353033264e-05
CRISPR_GIP (2695),1.355273467771842e-05
EXP_PLPPR2 (64748),1.3546844894928828e-05
CRISPR_EDC4 (23644),1.3534285366751696e-05
EXP_TSHZ1 (10194),1.3527128007293153e-05
EXP_PRR5L (79899),1.3525780135893767e-05
EXP_ZCCHC3 (85364),1.3519059026230237e-05
MUT_NRXN1 (9378),1.3503179304643711e-05
CRISPR_CCDC24 (149473),1.3494845047105648e-05
CRISPR_TRAPPC6A (79090),1.3492930478435584e-05
EXP_FBXO46 (23403),1.3482318434858654e-05
EXP_TRAPPC8 (22878),1.3480229543233974e-05
CRISPR_SLC25A5 (292),1.3475177794220031e-05
MUT_PTF1A (256297),1.3475108777356579e-05
EXP_CEP295 (85459),1.3473258694607377e-05
EXP_ZEB1 (6935),1.346105607646455e-05
CRISPR_TIPIN (54962),1.3460207481587717e-05
EXP_SOX9 (6662),1.3458901002322109e-05
CRISPR_DFFB (1677),1.3458368348737951e-05
EXP_RAB40C (57799),1.3452736592043971e-05
EXP_ABHD2 (11057),1.344447493578623e-05
EXP_POLR3D (661),1.3437270859508691e-05
CRISPR_PIK3R4 (30849),1.3436446528427262e-05
MUT_IRX2 (153572),1.3436405550255872e-05
CRISPR_PHKG1 (5260),1.3434627056816343e-05
EXP_DNPH1 (10591),1.3432128241086435e-05
CRISPR_WDR4 (10785),1.3428979926965472e-05
CRISPR_PEX14 (5195),1.3428129300027966e-05
CRISPR_KAT7 (11143),1.3421627815030888e-05
CRISPR_INTS13 (55726),1.3405903481692976e-05
CRISPR_PGM3 (5238),1.3403815946022143e-05
CRISPR_PRR15L (79170),1.3396913435162019e-05
EXP_LSG1 (55341),1.3395223827324249e-05
EXP_ZNF154 (7710),1.3394093628514405e-05
EXP_TTC39B (158219),1.3384680160890955e-05
CRISPR_TRMT61B (55006),1.3383578847985148e-05
EXP_OVOL2 (58495),1.3380431323841344e-05
EXP_RHPN1 (114822),1.3376585854225894e-05
MUT_KMT2D (8085),1.3370786263931225e-05
EXP_DHX33 (56919),1.3368618444635509e-05
CRISPR_EHBP1L1 (254102),1.3360306988977371e-05
EXP_PCGF6 (84108),1.3325700046661036e-05
CRISPR_IFT57 (55081),1.3320414984107849e-05
CRISPR_TAF7L (54457),1.3311489051513875e-05
CRISPR_BSND (7809),1.3304250536015463e-05
CRISPR_TNXB (7148),1.329277352374827e-05
CRISPR_FLII (2314),1.3291587433636857e-05
CRISPR_GNG13 (51764),1.3280553489649434e-05
EXP_SLC25A15 (10166),1.3274205027081652e-05
EXP_NDUFV2 (4729),1.326776542348906e-05
CRISPR_SLBP (7884),1.3256117700865523e-05
CRISPR_QRSL1 (55278),1.3255147697235131e-05
EXP_NELFB (25920),1.3250513228898325e-05
EXP_FNDC10 (643988),1.3249096924019388e-05
EXP_PRRC2A (7916),1.3239793999957892e-05
CRISPR_SREK1 (140890),1.3230440377872108e-05
EXP_MED14OS (100873985),1.323022549760057e-05
EXP_TOR3A (64222),1.3226490622948496e-05
CRISPR_CCDC25 (55246),1.3209957242245297e-05
EXP_TATDN2 (9797),1.3204980026699986e-05
CRISPR_KDM5A (5927),1.3199927952331168e-05
CRISPR_ADAM30 (11085),1.3187117134617089e-05
CRISPR_MRPL14 (64928),1.3186100310689363e-05
EXP_HIF1A (3091),1.3174598321773236e-05
CRISPR_MAPKAP1 (79109),1.3167649515560291e-05
MUT_TBC1D7 (51256),1.3162313665452529e-05
CRISPR_ZNF688 (146542),1.316035224624919e-05
EXP_FGD6 (55785),1.3158415798754323e-05
EXP_SKA1 (220134),1.3147276295643873e-05
CRISPR_CTNNA1 (1495),1.3135744968681955e-05
EXP_CUL4B (8450),1.3132466738583664e-05
EXP_PFKL (5211),1.3120025268466457e-05
EXP_SLTM (79811),1.3112005111900062e-05
CRISPR_TGM1 (7051),1.3107497747072234e-05
EXP_PNMA1 (9240),1.3105566799772135e-05
EXP_AP1S1 (1174),1.3098558265555705e-05
CRISPR_IFI44L (10964),1.3098478638411695e-05
EXP_PPP4R3B (57223),1.3094749035986912e-05
EXP_WTAP (9589),1.3092914558264597e-05
EXP_NOTCH1 (4851),1.308545313232634e-05
CRISPR_SETDB1 (9869),1.3084818068834129e-05
EXP_ZNF426 (79088),1.3052989410832796e-05
EXP_PLAGL2 (5326),1.3048782161194114e-05
EXP_TPMT (7172),1.3038792176858973e-05
MUT_ARL16 (339231),1.3035519788861899e-05
EXP_SIAH2 (6478),1.303055762711348e-05
EXP_ALDH7A1 (501),1.3029993544811275e-05
CRISPR_SMG9 (56006),1.3029700465232695e-05
EXP_MICAL1 (64780),1.3026176224543413e-05
EXP_CADPS2 (93664),1.3016756738250676e-05
EXP_ATP8B3 (148229),1.3011737865818951e-05
EXP_PPP1R13B (23368),1.3005883241531896e-05
EXP_ARCN1 (372),1.2998750757777774e-05
EXP_C9orf72 (203228),1.2995742073190318e-05
EXP_BCLAF3 (256643),1.2993140222803984e-05
EXP_RRAD (6236),1.2989905036887378e-05
CRISPR_DEFB118 (117285),1.2987687717417435e-05
CRISPR_AP1G1 (164),1.297100056341213e-05
CRISPR_PIGM (93183),1.2970869792484949e-05
EXP_ENOX2 (10495),1.2966456186330138e-05
EXP_VHL (7428),1.2961281906140442e-05
CRISPR_RAPH1 (65059),1.2952095770349578e-05
EXP_NNT (23530),1.294811469785803e-05
CRISPR_PIGW (284098),1.2947236809409975e-05
EXP_ARHGEF35 (445328),1.294698003743837e-05
CRISPR_MRPL28 (10573),1.294582215004707e-05
EXP_TMEM53 (79639),1.2927308244529412e-05
EXP_PKD1 (5310),1.2922532724568313e-05
EXP_TRPV4 (59341),1.2921198832177726e-05
EXP_DCAF13 (25879),1.2912692160813302e-05
CRISPR_MARK2 (2011),1.2910881015410201e-05
EXP_ADO (84890),1.2904225173064848e-05
CRISPR_MAP1A (4130),1.289709680894789e-05
EXP_TCF19 (6941),1.2895245228149688e-05
CRISPR_MED13L (23389),1.2887130371290012e-05
EXP_RALGPS2 (55103),1.288435984002701e-05
EXP_CTDSPL2 (51496),1.2877222579703211e-05
CRISPR_TRMT6 (51605),1.2864038195441853e-05
EXP_NICN1 (84276),1.2853385252914026e-05
CRISPR_B3GNT4 (79369),1.2843614764516363e-05
EXP_MERTK (10461),1.2828248896075191e-05
EXP_PLPP2 (8612),1.2821155901048276e-05
EXP_MAP3K13 (9175),1.2821010466520469e-05
MUT_SENP2 (59343),1.2814947966080577e-05
EXP_CDAN1 (146059),1.28145380626388e-05
EXP_PCBD1 (5092),1.2799439586401873e-05
CRISPR_ZFP57 (346171),1.2790917914114099e-05
CRISPR_BRD1 (23774),1.2767784263355882e-05
CRISPR_DAO (1610),1.2767165552189597e-05
EXP_NDUFAF8 (284184),1.2766534997692204e-05
CRISPR_RBM10 (8241),1.2758530037057141e-05
CRISPR_ZBTB9 (221504),1.275638430160892e-05
CRISPR_ITGB5 (3693),1.275481195923414e-05
EXP_RBM43 (375287),1.275001470190564e-05
CRISPR_CHTF8 (54921),1.2748677495419607e-05
CRISPR_ELP4 (26610),1.2744769973556118e-05
CRISPR_MAPK6 (5597),1.2743445885495045e-05
EXP_NPHP4 (261734),1.2739517755098887e-05
EXP_SLC2A8 (29988),1.2737037254960815e-05
CRISPR_DUSP3 (1845),1.2736963126084146e-05
EXP_CNIH4 (29097),1.272988599640427e-05
CRISPR_INS (3630),1.2724343498109387e-05
EXP_TMEM69 (51249),1.272411425573464e-05
EXP_TMCO6 (55374),1.272106057661357e-05
EXP_ZNRF3 (84133),1.2710138008145153e-05
CRISPR_TMCO3 (55002),1.2708867922428416e-05
EXP_RYBP (23429),1.2700857635258218e-05
CRISPR_PRRC2C (23215),1.2690355970627124e-05
EXP_TNFAIP2 (7127),1.2689744893818616e-05
EXP_NPR3 (4883),1.268644356161281e-05
CRISPR_GTF3C3 (9330),1.2684374205686907e-05
EXP_ANKRD49 (54851),1.2677096881607557e-05
EXP_RAB36 (9609),1.2675803531562051e-05
CRISPR_SLC38A10 (124565),1.2675053906513693e-05
CRISPR_LPA (4018),1.2670439683051517e-05
EXP_PPP1R12C (54776),1.2669832881707533e-05
EXP_DNAJC4 (3338),1.2667184213887955e-05
EXP_SLC35E2B (728661),1.2666850037906887e-05
CRISPR_POLR1D (51082),1.2651033050485058e-05
EXP_GID4 (79018),1.2648522754590309e-05
CRISPR_WNT7A (7476),1.2644868409406598e-05
EXP_HNRNPA3 (220988),1.2639905831966589e-05
EXP_ZDHHC23 (254887),1.2629600603526125e-05
CRISPR_H2BC5 (3017),1.2610724822375058e-05
EXP_TMEM144 (55314),1.259688420531865e-05
EXP_TANGO6 (79613),1.2589809419200215e-05
CRISPR_ACIN1 (22985),1.25837598474944e-05
EXP_ZNF837 (116412),1.2560286093756109e-05
CRISPR_TIMM22 (29928),1.2559143476023481e-05
EXP_TMEM201 (199953),1.2545175413921675e-05
EXP_FMNL3 (91010),1.2541997631427913e-05
CRISPR_TCOF1 (6949),1.2541622721599721e-05
CRISPR_ARPP19 (10776),1.2540259166932833e-05
EXP_RNF185 (91445),1.2536956056164912e-05
EXP_NIBAN3 (199786),1.2536509810258088e-05
CRISPR_CRISP1 (167),1.2534112246879613e-05
EXP_IL4I1 (259307),1.2528068627623122e-05
CRISPR_VTCN1 (79679),1.2524313137590426e-05
CRISPR_DENR (8562),1.2523557488194797e-05
EXP_ACY1 (95),1.2523357608444888e-05
CRISPR_CPAP (55835),1.2521780092681415e-05
EXP_TDRKH (11022),1.2517563592584716e-05
EXP_PPP1R8 (5511),1.2515375673260108e-05
CRISPR_ZNF606 (80095),1.2512700484072182e-05
EXP_SNRPD2 (6633),1.2511147554728159e-05
EXP_TTLL11 (158135),1.2508350960687745e-05
CRISPR_LAMTOR2 (28956),1.2505487553408209e-05
EXP_TYMS (7298),1.2503624166311139e-05
EXP_MYEOV (26579),1.2501679041463096e-05
EXP_TMEM216 (51259),1.2494153153815243e-05
EXP_AK4 (205),1.2482228385103135e-05
EXP_TCIRG1 (10312),1.2481974327208996e-05
CRISPR_MRPS28 (28957),1.2479935788252169e-05
CRISPR_PYM1 (84305),1.2479322410565563e-05
EXP_RGS14 (10636),1.2474109945724535e-05
EXP_ANO10 (55129),1.2468599469021901e-05
EXP_GOLGA7B (401647),1.2465027154265226e-05
CRISPR_ENKD1 (84080),1.2463924788191432e-05
EXP_PGD (5226),1.245887544189343e-05
CRISPR_ATRIP (84126),1.2454292574138773e-05
EXP_LRRC41 (10489),1.2449670890521032e-05
EXP_MEX3D (399664),1.2441620433513701e-05
EXP_PITHD1 (57095),1.2395414297577773e-05
CRISPR_SIMC1 (375484),1.2389087748341079e-05
CRISPR_IL12RB1 (3594),1.2377992353885731e-05
EXP_RFK (55312),1.2373564504849325e-05
EXP_LYPLA1 (10434),1.2372696159405763e-05
EXP_SBDS (51119),1.2356780097661014e-05
CRISPR_PSG1 (5669),1.2336479710790465e-05
EXP_DBNDD1 (79007),1.2331196200840318e-05
EXP_ABL1 (25),1.2330237012403328e-05
CRISPR_ALG9 (79796),1.2328501437134466e-05
EXP_CYTH4 (27128),1.2317615711575143e-05
CRISPR_DOLK (22845),1.2313414242140668e-05
EXP_EPN2 (22905),1.2299715604864287e-05
EXP_NPM1 (4869),1.2280201850889286e-05
CRISPR_SPAG9 (9043),1.227963136120887e-05
EXP_SLC37A4 (2542),1.2276900059149235e-05
CRISPR_RAB1B (81876),1.2260513600486166e-05
CRISPR_HTATSF1 (27336),1.2247274178498168e-05
EXP_CBX2 (84733),1.2222964923538472e-05
EXP_ESCO1 (114799),1.2219598146215565e-05
EXP_MORC2 (22880),1.2210489116320845e-05
CRISPR_BORCS8 (729991),1.2208510736117944e-05
EXP_ZNF852 (285346),1.219204831866493e-05
CRISPR_MRPL43 (84545),1.2189845417221412e-05
EXP_LARS1 (51520),1.2177476756734149e-05
EXP_PDK3 (5165),1.2176735641278984e-05
EXP_SNRNP27 (11017),1.2174780516704466e-05
EXP_SFXN5 (94097),1.2168949775282318e-05
EXP_VEGFA (7422),1.2165655724642717e-05
CRISPR_KRTAP19-7 (337974),1.2161169235388001e-05
EXP_PMFBP1 (83449),1.2155149370465925e-05
EXP_C16orf46 (123775),1.2153710422603786e-05
CRISPR_CCDC180 (100499483),1.2146110153890643e-05
EXP_PCMTD2 (55251),1.2139797168287099e-05
CRISPR_CARM1 (10498),1.2137203648844227e-05
CRISPR_DNAJC30 (84277),1.2131480300578528e-05
EXP_PHPT1 (29085),1.2128625695381811e-05
CRISPR_TRIM9 (114088),1.2126176077533629e-05
EXP_CRB2 (286204),1.2122967782863671e-05
EXP_DMAC2L (27109),1.2119209304257113e-05
EXP_POLR1F (221830),1.2092511066331306e-05
EXP_ELP3 (55140),1.209227981375789e-05
CRISPR_AATF (26574),1.2086772292430547e-05
CRISPR_SLC25A33 (84275),1.2079965985306047e-05
EXP_CZIB (54987),1.2074896341666725e-05
EXP_PLCG1 (5335),1.2074139718528593e-05
EXP_NUP153 (9972),1.2071873167895969e-05
EXP_PRKCA (5578),1.2064420381009174e-05
EXP_DIABLO (56616),1.2043206525763164e-05
EXP_NKAP (79576),1.2043097610304735e-05
EXP_SOWAHC (65124),1.2029479052294344e-05
EXP_ZNF587B (100293516),1.2023066165507958e-05
EXP_STARD3NL (83930),1.2017945524248605e-05
EXP_NOP16 (51491),1.201456330605101e-05
EXP_DNAJC11 (55735),1.2013649129245878e-05
CRISPR_RNF115 (27246),1.2007554272224388e-05
EXP_ABHD17A (81926),1.2002529887809207e-05
CRISPR_SKA3 (221150),1.1997150922894666e-05
EXP_PARP14 (54625),1.1995465479052595e-05
EXP_CNNM2 (54805),1.1992225457503711e-05
EXP_ATPAF2 (91647),1.198678667277235e-05
EXP_UBL4A (8266),1.197372343179966e-05
EXP_HARS2 (23438),1.1962172720182237e-05
EXP_GPR3 (2827),1.1954802878839456e-05
EXP_GPRC5B (51704),1.1953951228523211e-05
CRISPR_USP10 (9100),1.195315672610294e-05
EXP_BLTP3B (23074),1.195297378790562e-05
EXP_GPR39 (2863),1.1947907769433246e-05
CRISPR_HSPA13 (6782),1.1933107891282874e-05
EXP_GATD1 (347862),1.192410238343019e-05
EXP_DMBX1 (127343),1.1922811971074514e-05
CRISPR_AMER2 (219287),1.1897125573789842e-05
EXP_CRTC1 (23373),1.189323691436641e-05
EXP_GCDH (2639),1.1890004191078174e-05
EXP_PIGU (128869),1.1887593071309942e-05
CRISPR_RND1 (27289),1.188546524474169e-05
CRISPR_PAEP (5047),1.188363462777581e-05
EXP_CALCRL (10203),1.1883585148960254e-05
EXP_NFKBIZ (64332),1.1876546467523265e-05
CRISPR_MREG (55686),1.1874653204750376e-05
CRISPR_RMND5A (64795),1.18739543475737e-05
CRISPR_TUBE1 (51175),1.1872527374124145e-05
EXP_DCUN1D2 (55208),1.1864220608517342e-05
CRISPR_CADM4 (199731),1.1859411961846117e-05
CRISPR_TRIB1 (10221),1.1857402299006972e-05
CRISPR_AMY2A (279),1.1856855262903413e-05
CRISPR_SPTAN1 (6709),1.18550739738122e-05
EXP_SLC45A3 (85414),1.1847248846298709e-05
CRISPR_HLA-C (3107),1.1837884024765882e-05
EXP_ZNF706 (51123),1.1836898044201304e-05
CRISPR_GTPBP8 (29083),1.1834656549118658e-05
EXP_USP27X (389856),1.1830298882142297e-05
CRISPR_HOXB8 (3218),1.1817977163983056e-05
EXP_ABI1 (10006),1.1808271146395556e-05
EXP_ZFP3 (124961),1.1796774382336782e-05
CRISPR_PTRH1 (138428),1.1796425772841507e-05
CRISPR_CCDC22 (28952),1.179023577272624e-05
CRISPR_MCMBP (79892),1.1783032853471829e-05
CRISPR_KRT32 (3882),1.1772699545365157e-05
CRISPR_DDX1 (1653),1.1763441399522328e-05
EXP_CMTM7 (112616),1.1754017260961437e-05
EXP_TRMT5 (57570),1.1746228736003187e-05
CRISPR_TUBB4B (10383),1.1735202090929857e-05
EXP_WNT11 (7481),1.1728127323508707e-05
EXP_TRRAP (8295),1.172352719740733e-05
EXP_SMAD7 (4092),1.1721958571607703e-05
EXP_SPARCL1 (8404),1.1717730766928001e-05
EXP_VPS72 (6944),1.1712529941211824e-05
EXP_MICU2 (221154),1.1710268896044443e-05
CRISPR_MS4A15 (219995),1.1708252201724967e-05
CRISPR_CLDN6 (9074),1.1707086533937534e-05
EXP_GLUD1 (2746),1.169934138758237e-05
EXP_PTCD2 (79810),1.1692718848608937e-05
EXP_TERF2 (7014),1.1692715407424848e-05
EXP_SPSB1 (80176),1.1692060538077102e-05
EXP_PIP5K1C (23396),1.1691658120961276e-05
CRISPR_IDH1 (3417),1.1687351077881305e-05
EXP_ZNF100 (163227),1.1685559837098731e-05
EXP_KIF2C (11004),1.168529056108376e-05
EXP_KRT16 (3868),1.1673823221169525e-05
MUT_BTAF1 (9044),1.167341399551276e-05
EXP_NOTCH3 (4854),1.1659341527962025e-05
CRISPR_PARS2 (25973),1.1658844672379608e-05
EXP_GSTP1 (2950),1.1658616974812456e-05
CRISPR_VPS26A (9559),1.1654873365836302e-05
EXP_GCC2 (9648),1.1648467115493769e-05
CRISPR_POLR3D (661),1.1647880932780311e-05
CRISPR_SAMM50 (25813),1.1630317500521124e-05
EXP_NOL8 (55035),1.1629709148250403e-05
EXP_C9orf85 (138241),1.1625982466197187e-05
EXP_FUBP3 (8939),1.162362835717866e-05
EXP_CFAP410 (755),1.1618288064968605e-05
EXP_UTRN (7402),1.1610766529745211e-05
EXP_MRC2 (9902),1.1609038454299447e-05
CRISPR_LSM10 (84967),1.1608960754774843e-05
CRISPR_TRMT61A (115708),1.1607483181673211e-05
EXP_CNST (163882),1.1597786872514618e-05
CRISPR_SMUG1 (23583),1.1588741647012822e-05
EXP_EPM2A (7957),1.1582164007605369e-05
EXP_GPR35 (2859),1.1577684801179653e-05
EXP_BTBD10 (84280),1.1571467831834363e-05
EXP_SESN2 (83667),1.1570514514345752e-05
EXP_SYTL3 (94120),1.1562225211522307e-05
EXP_NEK7 (140609),1.1552228242640071e-05
EXP_PPCDC (60490),1.1547604295905041e-05
CRISPR_ZBTB17 (7709),1.1535983462048376e-05
EXP_PRR5 (55615),1.1534074725741516e-05
CRISPR_DPM1 (8813),1.1524813566157067e-05
EXP_KLHL8 (57563),1.1523787942922519e-05
EXP_IGSF9B (22997),1.1522449392966462e-05
EXP_CGAS (115004),1.1514517570154736e-05
EXP_UQCRC2 (7385),1.1501844016624119e-05
CRISPR_GART (2618),1.1500672126871156e-05
EXP_TRMO (51531),1.149433590923822e-05
EXP_TTC4 (7268),1.1483945451838196e-05
EXP_SELENOF (9403),1.148350621782505e-05
CRISPR_DBF4B (80174),1.1480805086508683e-05
EXP_PRR22 (163154),1.148024666807128e-05
EXP_ZSWIM6 (57688),1.1472920279188722e-05
CRISPR_BRCA1 (672),1.1461341879678807e-05
CRISPR_UTP6 (55813),1.1455241315065601e-05
EXP_SLC4A1AP (22950),1.1447679609518388e-05
EXP_POLE3 (54107),1.1443898235594933e-05
EXP_DDX17 (10521),1.1442654608932862e-05
EXP_CYB5R4 (51167),1.1440016758863403e-05
CRISPR_PSENEN (55851),1.1438682003363258e-05
EXP_FAM89A (375061),1.1434860273564405e-05
EXP_EIF2B3 (8891),1.142220314389789e-05
EXP_BDKRB2 (624),1.1410971359082053e-05
EXP_RANBP2 (5903),1.1395282695175513e-05
EXP_FRMD8 (83786),1.1379285686683182e-05
CRISPR_TMEM69 (51249),1.1375195102898898e-05
CRISPR_SHISA5 (51246),1.1371727133248266e-05
MUT_CENPT (80152),1.1358339582454846e-05
EXP_URGCP (55665),1.1355041708755385e-05
CRISPR_TMEM242 (729515),1.1334455469347703e-05
CRISPR_NAA35 (60560),1.1329567670210886e-05
EXP_ATF7IP2 (80063),1.132519506951718e-05
EXP_ESYT3 (83850),1.1307868634512684e-05
CRISPR_NWD1 (284434),1.1306663568800043e-05
CRISPR_RAB11A (8766),1.1297507679820394e-05
EXP_CLHC1 (130162),1.1297393627673381e-05
EXP_ATF7IP (55729),1.1289418949988672e-05
EXP_HADHB (3032),1.1288802562311421e-05
CRISPR_MRPL1 (65008),1.1287361688804992e-05
EXP_SH3TC2 (79628),1.1287291806172396e-05
EXP_PRXL2B (127281),1.1276897382346312e-05
EXP_NAP1L4 (4676),1.1270832550323814e-05
CRISPR_ATMIN (23300),1.1268766658269292e-05
EXP_SAPCD1 (401251),1.1265158812642199e-05
EXP_PECR (55825),1.1237875762527865e-05
EXP_ZFYVE26 (23503),1.1235019182887995e-05
EXP_UBE2V1 (7335),1.1227694907869213e-05
EXP_EEF2K (29904),1.1226021068342072e-05
EXP_MX2 (4600),1.1224431845794697e-05
EXP_SF3B2 (10992),1.1223201708003665e-05
CRISPR_BSCL2 (26580),1.121799550758126e-05
CRISPR_BEND3 (57673),1.1215345527550579e-05
CRISPR_UBE2Z (65264),1.1207249843927395e-05
EXP_HOXA4 (3201),1.1206117174477578e-05
CRISPR_GNB4 (59345),1.1197489874454757e-05
EXP_TMEM171 (134285),1.1196012764745252e-05
EXP_TBC1D9 (23158),1.1190372478607292e-05
CRISPR_DENND2D (79961),1.1188871506922676e-05
MUT_PGM1 (5236),1.1187680227968143e-05
EXP_SLC7A6OS (84138),1.1185742738984161e-05
EXP_ADRB1 (153),1.1179643067050318e-05
EXP_LRBA (987),1.1179057363971957e-05
CRISPR_METTL5 (29081),1.116525530358601e-05
EXP_PCGF2 (7703),1.116051337805986e-05
CRISPR_ADGRE1 (2015),1.1146897146252202e-05
CRISPR_NOCT (25819),1.114338998720946e-05
EXP_TCEA2 (6919),1.1141220076249947e-05
CRISPR_ZMIZ2 (83637),1.1129774527864673e-05
CRISPR_RHEB (6009),1.1122545246211058e-05
EXP_ATP5PF (522),1.1121857701185839e-05
CRISPR_AASDHPPT (60496),1.1120482457101859e-05
CRISPR_UBFD1 (56061),1.1113570837135922e-05
EXP_LAP3 (51056),1.1110396412077782e-05
CRISPR_MACROH2A2 (55506),1.1101106074701027e-05
CRISPR_TP53I3 (9540),1.110088060558175e-05
CRISPR_TM2D3 (80213),1.1100818206101596e-05
EXP_YIPF3 (25844),1.1091258916532074e-05
EXP_CD14 (929),1.108961638607242e-05
CRISPR_SLC5A5 (6528),1.1077366682427471e-05
EXP_C17orf67 (339210),1.1077253145863329e-05
EXP_FUBP1 (8880),1.1070357796141511e-05
EXP_SCARB1 (949),1.1068995787447703e-05
CRISPR_DSTN (11034),1.1064304294499103e-05
EXP_S100A16 (140576),1.1063325656950722e-05
CRISPR_WDR89 (112840),1.1062557588985755e-05
EXP_ZNF283 (284349),1.104598818513501e-05
CRISPR_KATNB1 (10300),1.1043183253709043e-05
CRISPR_PEX11B (8799),1.1030343252307108e-05
EXP_ARF6 (382),1.1023433185276482e-05
CRISPR_MAEA (10296),1.1012496263283587e-05
EXP_ELP5 (23587),1.1009056888973913e-05
EXP_AKT1S1 (84335),1.1005279935476792e-05
CRISPR_RPAP2 (79871),1.1004035101699818e-05
CRISPR_ZCCHC9 (84240),1.1003706537180546e-05
MUT_COL4A6 (1288),1.1001383828352121e-05
EXP_CYLD (1540),1.0998365570299886e-05
CRISPR_H2BC17 (8348),1.0996368141904527e-05
EXP_CNTNAP3C (100289279),1.0979376152724838e-05
EXP_IL37 (27178),1.0979019177371182e-05
EXP_SPATA17 (128153),1.0974900367473274e-05
CRISPR_GIGYF1 (64599),1.0960918929026244e-05
EXP_UBAC2 (337867),1.0956503864603247e-05
CRISPR_CBLN1 (869),1.0951230106583955e-05
EXP_CD99L2 (83692),1.0947266776649901e-05
EXP_ZNF451 (26036),1.0946838098610565e-05
EXP_DHRS12 (79758),1.0926678348123418e-05
CRISPR_RAB11FIP3 (9727),1.0926119693201021e-05
EXP_NLRC3 (197358),1.0920624403991508e-05
EXP_MDH1 (4190),1.0919090099070094e-05
EXP_AAAS (8086),1.0917400891321979e-05
CRISPR_PRR13 (54458),1.09170825123174e-05
EXP_FBXL4 (26235),1.0912456682815126e-05
CRISPR_CERK (64781),1.0892169649257038e-05
CRISPR_SKIL (6498),1.0883006145701499e-05
CRISPR_CCDC12 (151903),1.0881536311044575e-05
EXP_ZBTB4 (57659),1.087884779791603e-05
CRISPR_SEC11A (23478),1.087485822520859e-05
CRISPR_GBP3 (2635),1.0874525515240493e-05
CRISPR_TADA3 (10474),1.0868421280254915e-05
EXP_MAP4 (4134),1.0866628077880155e-05
CRISPR_H2BC26 (128312),1.085202573657517e-05
CRISPR_BCL9 (607),1.0846000082695907e-05
EXP_NFKB1 (4790),1.0843783524105495e-05
EXP_SMPD1 (6609),1.084120415293015e-05
EXP_NPRL3 (8131),1.083748189165585e-05
EXP_HOMER2 (9455),1.082809739547933e-05
EXP_EVA1C (59271),1.0826369112436052e-05
EXP_HID1 (283987),1.0823371390222584e-05
EXP_GPRASP2 (114928),1.0815894967215074e-05
EXP_KIF4B (285643),1.0804743939887892e-05
CRISPR_IL12RB2 (3595),1.0794924052189557e-05
EXP_DEDD (9191),1.078517753964467e-05
CRISPR_SIN3B (23309),1.0781075807356968e-05
CRISPR_RRP9 (9136),1.0776362998265652e-05
CRISPR_CTAGE1 (64693),1.076930225759355e-05
CRISPR_ZNF559 (84527),1.0764405611857209e-05
EXP_CHN1 (1123),1.0752227834737995e-05
CRISPR_MCM6 (4175),1.0751857025138691e-05
CRISPR_VCF2 (90736),1.0750349353786108e-05
EXP_GOLGA4 (2803),1.074855272815228e-05
CRISPR_THG1L (54974),1.0747615345226373e-05
EXP_PNRC2 (55629),1.0732741596808952e-05
EXP_UNC119 (9094),1.0731203248499309e-05
EXP_KIAA2013 (90231),1.0727953008829129e-05
EXP_HNRNPR (10236),1.0727227467223525e-05
EXP_HTRA2 (27429),1.071700069986213e-05
EXP_ENTPD7 (57089),1.0708339676285485e-05
CRISPR_CAPN1 (823),1.0701940330046357e-05
EXP_BMP8B (656),1.0691438009711364e-05
EXP_CDCA7 (83879),1.068492736945832e-05
EXP_ZNF747 (65988),1.0678311840099324e-05
CRISPR_CERT1 (10087),1.064941439652382e-05
EXP_ZNF407 (55628),1.0640508517825626e-05
EXP_TERF2IP (54386),1.0637314544640178e-05
CRISPR_PSAT1 (29968),1.0629706340739319e-05
EXP_SAA2 (6289),1.062636633004914e-05
CRISPR_ACTR8 (93973),1.0624592567767375e-05
CRISPR_KRTCAP2 (200185),1.0617364264858162e-05
EXP_ZNF281 (23528),1.0605462461220307e-05
EXP_ZNF146 (7705),1.0590576826177806e-05
CRISPR_ANKRD31 (256006),1.0584303077978503e-05
MUT_ANGEL2 (90806),1.058320160909432e-05
CRISPR_WBP4 (11193),1.057478731067712e-05
CRISPR_POLG2 (11232),1.0569094368552508e-05
EXP_C4orf33 (132321),1.0567841311743093e-05
CRISPR_COL9A3 (1299),1.0563715927655865e-05
CRISPR_TRIM17 (51127),1.0555078232114278e-05
CRISPR_IFITM2 (10581),1.0534155836700557e-05
CRISPR_ZNF706 (51123),1.0530452249582805e-05
EXP_ZNF253 (56242),1.0525049530699653e-05
EXP_LZIC (84328),1.0519505340377739e-05
MUT_PCDHB11 (56125),1.0518199308417308e-05
CRISPR_ARMC5 (79798),1.0516529670396748e-05
EXP_KIF3A (11127),1.0514734887348377e-05
EXP_ZNF703 (80139),1.0509326269280826e-05
EXP_SHISA4 (149345),1.0498165387685958e-05
CRISPR_DIS3L (115752),1.0497338575415455e-05
CRISPR_SLC25A31 (83447),1.0495357718240947e-05
EXP_GRHPR (9380),1.0495015041463711e-05
EXP_CREBBP (1387),1.0475337057467076e-05
CRISPR_DCTN2 (10540),1.0471769853635676e-05
EXP_FDFT1 (2222),1.045051113744066e-05
EXP_MPHOSPH9 (10198),1.0445564489576167e-05
CRISPR_COMMD3 (23412),1.0440497041585075e-05
EXP_ZNF236 (7776),1.0438467150235779e-05
EXP_CITED2 (10370),1.0434507341643506e-05
CRISPR_CA5A (763),1.042556828121023e-05
CRISPR_JUP (3728),1.0416731295043247e-05
EXP_WFS1 (7466),1.0414884144167253e-05
CRISPR_HYKK (123688),1.0414108078798727e-05
EXP_VPS51 (738),1.0408965126107138e-05
CRISPR_ZNF75A (7627),1.0407717917247163e-05
EXP_GLA (2717),1.040076121414121e-05
EXP_RAD9B (144715),1.0397542499077962e-05
EXP_NAA35 (60560),1.0395732238216146e-05
CRISPR_TACSTD2 (4070),1.0392184840004593e-05
EXP_ZNF584 (201514),1.0389230630249051e-05
EXP_BLOC1S1 (2647),1.0388915286696256e-05
EXP_EIF2AK3 (9451),1.0388146779080841e-05
EXP_H2BC4 (8347),1.038437168612451e-05
EXP_ANKRD22 (118932),1.0379486222310529e-05
CRISPR_OSBPL2 (9885),1.0377974132271212e-05
EXP_TNFSF12 (8742),1.0358608534825984e-05
CRISPR_CHP1 (11261),1.0352047902736972e-05
EXP_ZNF593OS (118568799),1.0349839316528483e-05
EXP_MIB2 (142678),1.0348065512035328e-05
CRISPR_TAS2R43 (259289),1.0345308097123526e-05
EXP_CABLES1 (91768),1.0344485969842467e-05
CRISPR_MXRA7 (439921),1.034119798479356e-05
CRISPR_ZMYM2 (7750),1.03258527229925e-05
EXP_VEGFC (7424),1.0324748097066253e-05
CRISPR_AGRN (375790),1.0317859741628097e-05
EXP_CYTH1 (9267),1.0305945241691238e-05
CRISPR_CISD3 (284106),1.0301043647139615e-05
EXP_DNAJA3 (9093),1.0295828808835823e-05
EXP_AK6 (102157402),1.0295658479101373e-05
EXP_C2orf69 (205327),1.0287314656741377e-05
CRISPR_DOCK7 (85440),1.0272484423285511e-05
EXP_COQ9 (57017),1.0269654070782942e-05
CRISPR_ORC3 (23595),1.0267917011468886e-05
EXP_PAK4 (10298),1.0260892505868408e-05
EXP_PSMB8 (5696),1.026018163816821e-05
EXP_HPS1 (3257),1.0258252665091151e-05
CRISPR_COX7C (1350),1.0252024145689233e-05
EXP_POMGNT2 (84892),1.024357592596292e-05
CRISPR_ADAM10 (102),1.0229560363165524e-05
CRISPR_PTP4A1 (7803),1.021982316195504e-05
EXP_ANKMY2 (57037),1.0216756766747705e-05
CRISPR_EEF1AKMT3 (25895),1.0215440511783817e-05
EXP_ZNF860 (344787),1.0206665943867608e-05
EXP_SLC30A7 (148867),1.020404351483134e-05
EXP_GMEB1 (10691),1.0202485820862204e-05
EXP_POGK (57645),1.0200381320850056e-05
EXP_CFAP300 (85016),1.019652724989727e-05
EXP_RNF222 (643904),1.0195721924508229e-05
CRISPR_USF1 (7391),1.019567972523186e-05
EXP_SLC22A14 (9389),1.0186360160727599e-05
EXP_BBS10 (79738),1.017935681716689e-05
EXP_PCNX2 (80003),1.0172282840929126e-05
CRISPR_TEX29 (121793),1.0160767607075807e-05
EXP_WDR82 (80335),1.0159378654397558e-05
EXP_ZNHIT6 (54680),1.0150263775043756e-05
EXP_DHX16 (8449),1.0141470156218885e-05
EXP_C6orf62 (81688),1.0138077596888201e-05
EXP_ECPAS (23392),1.0135483169416833e-05
CRISPR_ASF1A (25842),1.0128524279464893e-05
EXP_BAZ1B (9031),1.0127086702676895e-05
CRISPR_TPPP3 (51673),1.0117473750750706e-05
EXP_ABCC5 (10057),1.0116137492492558e-05
CRISPR_SGPP1 (81537),1.0113940740816999e-05
EXP_RAB33A (9363),1.0112813923090888e-05
EXP_CD37 (951),1.0106406755523474e-05
EXP_PNMA2 (10687),1.010351586489428e-05
EXP_PIGV (55650),1.0092409599806754e-05
EXP_CD34 (947),1.0086363983404368e-05
EXP_TMEM184A (202915),1.008545015215779e-05
EXP_DHRS11 (79154),1.0083326425313691e-05
EXP_CDKL3 (51265),1.008204126793696e-05
CRISPR_GCNA (93953),1.0079348491096702e-05
CRISPR_TOR1AIP2 (163590),1.0077936750296464e-05
CRISPR_EXOC2 (55770),1.0075264741054226e-05
CRISPR_PCDHGC3 (5098),1.0072791509000584e-05
EXP_KIZ (55857),1.0062649964768699e-05
CRISPR_ENPP7 (339221),1.0056547523140924e-05
CRISPR_RMP24 (83608),1.0055525839706404e-05
EXP_SPOCK1 (6695),1.0052827688970479e-05
CRISPR_IST1 (9798),1.004099582385384e-05
EXP_BBS7 (55212),1.0037721108354304e-05
EXP_EIF1 (10209),1.003391469451001e-05
CRISPR_GDI2 (2665),1.0032752844758498e-05
EXP_ZNF726 (730087),1.0029373000753643e-05
EXP_COPS3 (8533),1.0023479377123086e-05
CRISPR_ARF1 (375),1.0021274106492e-05
EXP_DMBT1 (1755),1.001267721579996e-05
EXP_ZNF827 (152485),1.0009243705011151e-05
EXP_ORC1 (4998),1.0008543905525892e-05
EXP_BICRAL (23506),1.0003998369214754e-05
CRISPR_NAA30 (122830),9.995949665793371e-06
CRISPR_EOGT (285203),9.995360550500461e-06
EXP_PPP2R5D (5528),9.990055903880113e-06
EXP_CTPS2 (56474),9.981867354172508e-06
CRISPR_RIF1 (55183),9.980469839860615e-06
CRISPR_MAP2K5 (5607),9.978636705665457e-06
EXP_CAMK2G (818),9.976787983545937e-06
CRISPR_AQP10 (89872),9.967855714788588e-06
EXP_SPTLC1 (10558),9.965407962366023e-06
CRISPR_SETX (23064),9.961884458166741e-06
EXP_CAPN7 (23473),9.9514549139691e-06
EXP_ACSL1 (2180),9.9456706859804e-06
EXP_VPS37B (79720),9.94422135956232e-06
EXP_GNG13 (51764),9.941944610551961e-06
CRISPR_DLG5 (9231),9.940292417098492e-06
EXP_CBLN3 (643866),9.939384262885169e-06
EXP_CCDC90B (60492),9.930483775176016e-06
CRISPR_SRPRA (6734),9.915200761577087e-06
EXP_TXNDC17 (84817),9.911934124872825e-06
CRISPR_ATP1B2 (482),9.90395234319906e-06
EXP_TOP2B (7155),9.898852629358153e-06
EXP_DENND4A (10260),9.896872977177246e-06
CRISPR_MTMR4 (9110),9.896784831318492e-06
EXP_POLR1B (84172),9.892444267990127e-06
EXP_AMD1 (262),9.891406325375008e-06
EXP_TUBA1C (84790),9.888085173481213e-06
EXP_TOMM34 (10953),9.881691816127669e-06
EXP_LYSMD4 (145748),9.873903884888154e-06
EXP_TENT2 (167153),9.854338481965613e-06
CRISPR_C11orf68 (83638),9.851987932921744e-06
CRISPR_CORO6 (84940),9.843950964253314e-06
EXP_RPS21 (6227),9.8267938358609e-06
EXP_SPACA9 (11092),9.81276216321838e-06
EXP_SPSB2 (84727),9.812441795452901e-06
EXP_RNGTT (8732),9.809176274195848e-06
CRISPR_API5 (8539),9.807129904086602e-06
EXP_DGLUCY (80017),9.8056356840551e-06
CRISPR_ERP44 (23071),9.80521056858805e-06
CRISPR_SARNP (84324),9.7758700833979e-06
EXP_WFDC3 (140686),9.774004898129182e-06
EXP_ACOX2 (8309),9.77295391620384e-06
CRISPR_TMEM126B (55863),9.771965045132882e-06
EXP_AQR (9716),9.769431420545529e-06
CRISPR_DTX2 (113878),9.766799728165114e-06
EXP_TET1 (80312),9.758081318697658e-06
EXP_MKS1 (54903),9.755478381745325e-06
CRISPR_COX6C (1345),9.730707523311445e-06
EXP_ALDH3A2 (224),9.727885539488277e-06
CRISPR_CACNA2D2 (9254),9.725122435689717e-06
EXP_SLC4A11 (83959),9.720131840936604e-06
CRISPR_ARL4D (379),9.71854219442267e-06
CRISPR_PGRMC1 (10857),9.712164596838923e-06
CRISPR_FAM98B (283742),9.712134854054255e-06
CRISPR_KIAA2013 (90231),9.711757918929542e-06
EXP_NUP188 (23511),9.711332958089169e-06
EXP_MPDU1 (9526),9.693691662288236e-06
EXP_TMEM214 (54867),9.693494608149197e-06
EXP_PLEKHG5 (57449),9.690517689427461e-06
CRISPR_RHOT1 (55288),9.690055053068838e-06
EXP_LAMTOR1 (55004),9.684480661423894e-06
EXP_ATXN7L3B (552889),9.680461764466484e-06
CRISPR_CRYGD (1421),9.675942760643315e-06
EXP_TRUB2 (26995),9.666742023581016e-06
CRISPR_DOHH (83475),9.664509263266415e-06
EXP_DNASE1 (1773),9.658465397479358e-06
EXP_VCPIP1 (80124),9.656860397705423e-06
CRISPR_CTXN1 (404217),9.656086541578481e-06
EXP_LRRC40 (55631),9.647740913293755e-06
EXP_USP48 (84196),9.640992354878317e-06
EXP_KRT10 (3858),9.631947315886855e-06
EXP_MAPK8IP3 (23162),9.625206480043097e-06
CRISPR_PEX26 (55670),9.615069314765216e-06
EXP_CLK3 (1198),9.606365890290702e-06
EXP_LDLR (3949),9.598859297221723e-06
EXP_PCYT1A (5130),9.59642612259894e-06
EXP_KATNBL1 (79768),9.594430439567009e-06
EXP_SF3A3 (10946),9.592283976853636e-06
EXP_ARMH3 (79591),9.591472494058641e-06
CRISPR_EAPP (55837),9.587520048491268e-06
EXP_PDPR (55066),9.586585597559308e-06
EXP_RPL18 (6141),9.583831312974728e-06
EXP_KCTD5 (54442),9.578668516977577e-06
EXP_SPRED2 (200734),9.563053242085028e-06
EXP_MSRB2 (22921),9.558999668487067e-06
EXP_KDM2A (22992),9.556742923645376e-06
EXP_LGALS8 (3964),9.54694032071052e-06
EXP_TBRG1 (84897),9.538925181269865e-06
EXP_PARP2 (10038),9.527366207446522e-06
EXP_TIAM2 (26230),9.523076691803277e-06
EXP_MFSD6 (54842),9.51029275379279e-06
CRISPR_P4HA2 (8974),9.508411331174987e-06
EXP_KCNJ13 (3769),9.498989571178514e-06
EXP_BCL7A (605),9.494792687846619e-06
EXP_OTUD5 (55593),9.488143603935707e-06
CRISPR_DAP (1611),9.482563835290253e-06
MUT_CDH10 (1008),9.481686146796164e-06
CRISPR_EIF3L (51386),9.468611228126845e-06
EXP_DNAJB1 (3337),9.467892631063005e-06
CRISPR_TNFRSF12A (51330),9.466897110794492e-06
MUT_SIGLEC10 (89790),9.45925061255366e-06
CRISPR_PPP1CC (5501),9.455373700217422e-06
EXP_UBE2Z (65264),9.455018904381926e-06
EXP_GBP2 (2634),9.45484082326738e-06
EXP_TCAF2 (285966),9.453994360173764e-06
EXP_NOSIP (51070),9.45376070290266e-06
EXP_NR2F6 (2063),9.450903438146182e-06
CRISPR_MRPS7 (51081),9.447957674742103e-06
EXP_MYH11 (4629),9.442093798751054e-06
EXP_ZNF772 (400720),9.440521160871953e-06
EXP_ZBTB38 (253461),9.434603852386933e-06
EXP_ZPR1 (8882),9.42981792180574e-06
EXP_EIF2S2 (8894),9.42462372522778e-06
CRISPR_AVP (551),9.418352157193652e-06
EXP_LRPAP1 (4043),9.417991279141536e-06
EXP_ATP7A (538),9.41421038513273e-06
EXP_ARFGAP1 (55738),9.414108486263342e-06
EXP_TOGARAM2 (165186),9.396560501626098e-06
CRISPR_CAPG (822),9.39558717625284e-06
EXP_HSBP1 (3281),9.395162245003372e-06
EXP_UCKL1 (54963),9.391321225602586e-06
CRISPR_KCTD10 (83892),9.376908287414707e-06
EXP_CRK (1398),9.375806749080616e-06
EXP_ASAP2 (8853),9.372850170500764e-06
EXP_ALDH1B1 (219),9.369085334803491e-06
EXP_UBAP2 (55833),9.366157230302452e-06
EXP_ETF1 (2107),9.364582717307989e-06
EXP_ATP1B1 (481),9.362680084684343e-06
CRISPR_SRSF4 (6429),9.35659286383325e-06
EXP_SGF29 (112869),9.354398933422686e-06
CRISPR_TRNAU1AP (54952),9.35097683304451e-06
CRISPR_ZZZ3 (26009),9.349851225737937e-06
CRISPR_ACTRT3 (84517),9.326714423658113e-06
EXP_ZMYND15 (84225),9.310838162557304e-06
CRISPR_SHBG (6462),9.30924091164894e-06
CRISPR_PPP1R14B (26472),9.300744026505187e-06
EXP_FNIP2 (57600),9.296807321798863e-06
EXP_MCF2L2 (23101),9.29316277705335e-06
EXP_ZNF444 (55311),9.291646074994232e-06
EXP_HIBADH (11112),9.270624622424773e-06
EXP_CCDC69 (26112),9.26712623650708e-06
EXP_EIF3L (51386),9.266462555431412e-06
CRISPR_DAPP1 (27071),9.255214259071685e-06
EXP_THSD8 (111644133),9.253541123669484e-06
CRISPR_AVPR1A (552),9.248239885275305e-06
CRISPR_DPP7 (29952),9.244427480137361e-06
CRISPR_KANSL2 (54934),9.237624692807655e-06
CRISPR_SOX9 (6662),9.229683002868227e-06
EXP_FAM200C (63920),9.229205315034376e-06
CRISPR_COMMD7 (149951),9.22913414251606e-06
EXP_C2orf81 (388963),9.223035324074928e-06
EXP_GTF2IRD2B (389524),9.218702862228977e-06
CRISPR_PDCL3 (79031),9.213246458664307e-06
EXP_CEACAM6 (4680),9.210188851994313e-06
EXP_RIBC1 (158787),9.209050760245473e-06
EXP_RASAL2 (9462),9.208138613372918e-06
EXP_ZNF322 (79692),9.203326981361558e-06
MUT_DMBT1 (1755),9.200839551844808e-06
EXP_FEM1C (56929),9.200030099831656e-06
EXP_PYGM (5837),9.188837059167244e-06
EXP_CENPF (1063),9.18218780858471e-06
EXP_FGD4 (121512),9.176881349816542e-06
EXP_POLR3C (10623),9.175911215481517e-06
EXP_KCTD18 (130535),9.175880975144504e-06
CRISPR_RBM28 (55131),9.170900737280094e-06
EXP_SCN5A (6331),9.16349170478783e-06
EXP_SLC9A3 (6550),9.152865989846811e-06
CRISPR_NSUN3 (63899),9.147809359681633e-06
EXP_ZCWPW1 (55063),9.143268612994317e-06
CRISPR_UQCRQ (27089),9.139383945940325e-06
CRISPR_MED13 (9969),9.131226790299122e-06
CRISPR_CEP43 (11116),9.129830269882382e-06
EXP_MMP17 (4326),9.122795145800716e-06
EXP_SDF4 (51150),9.122153446847874e-06
EXP_ZNF250 (58500),9.120788386059746e-06
EXP_MILR1 (284021),9.115047490595168e-06
CRISPR_SMURF2 (64750),9.113158183733292e-06
CRISPR_NCDN (23154),9.105827801915724e-06
EXP_GLO1 (2739),9.10523288255014e-06
EXP_GSTM3 (2947),9.08531654596335e-06
CRISPR_PEX10 (5192),9.077161072960913e-06
CRISPR_CCDC106 (29903),9.075484141999613e-06
EXP_ADGRA3 (166647),9.06906167979991e-06
EXP_SSUH2 (51066),9.066158149939907e-06
EXP_FZD5 (7855),9.066082358389445e-06
EXP_POLA1 (5422),9.063747431014671e-06
EXP_SLC49A4 (84925),9.057595450525184e-06
CRISPR_HSPB9 (94086),9.056224384443146e-06
EXP_KIFC1 (3833),9.049783953842275e-06
EXP_NDE1 (54820),9.04820862204064e-06
EXP_CDK2AP1 (8099),9.04286271537764e-06
CRISPR_ORC1 (4998),9.032701278362572e-06
EXP_HNRNPL (3191),9.032578905037464e-06
EXP_NDUFB5 (4711),9.002510658498729e-06
CRISPR_METTL15 (196074),8.992301429810731e-06
EXP_CCDC88C (440193),8.989960013017827e-06
CRISPR_MUS81 (80198),8.986487060033667e-06
CRISPR_HELZ (9931),8.98252539575494e-06
EXP_POLE (5426),8.980292919878954e-06
CRISPR_UQCC4 (283951),8.979045734926529e-06
CRISPR_ZNF318 (24149),8.976866820773739e-06
CRISPR_CPT2 (1376),8.975915799290775e-06
EXP_MCM3 (4172),8.975325824473179e-06
CRISPR_MRPS26 (64949),8.974004053678101e-06
CRISPR_VPS29 (51699),8.966848285716222e-06
CRISPR_INTS15 (79034),8.96060789552411e-06
EXP_HCAR1 (27198),8.950048704844723e-06
EXP_MTFMT (123263),8.945354977148357e-06
EXP_OGA (10724),8.940977572270699e-06
EXP_ISL2 (64843),8.935229450576674e-06
EXP_IPP (3652),8.933075934790054e-06
EXP_SIGMAR1 (10280),8.926052333404948e-06
CRISPR_PCDHGA7 (56108),8.924545673640035e-06
CRISPR_MEX3B (84206),8.923194330696406e-06
CRISPR_MAFF (23764),8.921444406377908e-06
EXP_DHX15 (1665),8.920849670673778e-06
EXP_TMEM131L (23240),8.92067784103774e-06
EXP_KAT14 (57325),8.91922960593248e-06
EXP_CLDN3 (1365),8.916503000399135e-06
EXP_PPP1R15A (23645),8.904780302994377e-06
EXP_RNF215 (200312),8.904244131397987e-06
EXP_FCGR2A (2212),8.903816469790234e-06
CRISPR_ATP1B4 (23439),8.899071498304948e-06
EXP_LEKR1 (389170),8.897539478275608e-06
EXP_IMPDH2 (3615),8.897427881835174e-06
EXP_SERINC1 (57515),8.894456957727555e-06
CRISPR_PLEKHB1 (58473),8.892930282786447e-06
CRISPR_APOBEC3D (140564),8.89117516320592e-06
CRISPR_ZNF730 (100129543),8.884032036179285e-06
CRISPR_TNS2 (23371),8.878943977214205e-06
EXP_ATIC (471),8.875939953241301e-06
EXP_ATP6V1E1 (529),8.86466389564506e-06
CRISPR_SEC24A (10802),8.86463852322553e-06
EXP_NRAS (4893),8.85602840376758e-06
EXP_FAM120AOS (158293),8.85576011709474e-06
CRISPR_EEFSEC (60678),8.851910255517509e-06
EXP_LYRM2 (57226),8.841931391869343e-06
EXP_KDM4A (9682),8.840181457617253e-06
EXP_TOMM5 (401505),8.840113057438067e-06
EXP_GOSR2 (9570),8.839443964404229e-06
CRISPR_UNC5CL (222643),8.834442786093353e-06
CRISPR_ZBTB7A (51341),8.833929198172487e-06
EXP_C12orf60 (144608),8.82306626349171e-06
CRISPR_MRPL24 (79590),8.817767495353511e-06
CRISPR_LRRC37B (114659),8.81614950296997e-06
CRISPR_TPRKB (51002),8.81338156137331e-06
CRISPR_NDUFB9 (4715),8.809309363480186e-06
EXP_KEAP1 (9817),8.806840972890223e-06
CRISPR_MRPS18A (55168),8.803081880039194e-06
CRISPR_CFB (629),8.799685765472433e-06
EXP_MGAT1 (4245),8.796393783630346e-06
EXP_ZBTB5 (9925),8.793591612110227e-06
CRISPR_SLC25A26 (115286),8.790910923951447e-06
CRISPR_SERHL2 (253190),8.790113471223198e-06
EXP_STARD4 (134429),8.785987962412353e-06
CRISPR_IPO5 (3843),8.784259715926851e-06
EXP_TM9SF3 (56889),8.783165247132196e-06
EXP_GTSE1 (51512),8.782665845632701e-06
EXP_EIF4G2 (1982),8.78127634326531e-06
EXP_NFKBIL1 (4795),8.748596410205842e-06
EXP_ADCK2 (90956),8.747396881740743e-06
EXP_SPAG16 (79582),8.746685053813876e-06
EXP_SDR42E1 (93517),8.745385576233094e-06
EXP_IRF4 (3662),8.74181024422608e-06
EXP_CDC14A (8556),8.73963877693692e-06
EXP_SAMM50 (25813),8.737047065005579e-06
EXP_FIBP (9158),8.736968138558863e-06
EXP_HIRA (7290),8.724538932249452e-06
EXP_PPIH (10465),8.716346690754966e-06
CRISPR_PLAC8 (51316),8.711836666206357e-06
EXP_CDH23 (64072),8.703946750175886e-06
CRISPR_BCS1L (617),8.701885061006616e-06
EXP_SCYL1 (57410),8.699419547988492e-06
EXP_RAB2B (84932),8.696516804721975e-06
EXP_FUOM (282969),8.688439208270717e-06
EXP_REXO5 (81691),8.68516594998255e-06
EXP_STMN1 (3925),8.684872271870836e-06
EXP_GTF3A (2971),8.683133786196795e-06
CRISPR_CALR (811),8.681657320241681e-06
CRISPR_DNAJC22 (79962),8.681188864275446e-06
CRISPR_RECQL5 (9400),8.679312731573533e-06
EXP_ZC3H6 (376940),8.67445299857555e-06
EXP_MEX3A (92312),8.668598133350001e-06
EXP_PITRM1 (10531),8.663884447015126e-06
CRISPR_USP44 (84101),8.662098284367235e-06
EXP_CNIH2 (254263),8.650458227225986e-06
CRISPR_ACOX1 (51),8.646143830022838e-06
EXP_DXO (1797),8.643844398558738e-06
EXP_NCALD (83988),8.637485585681632e-06
EXP_AGMAT (79814),8.635691152618045e-06
EXP_SFR1 (119392),8.617898842512069e-06
EXP_TMEM17 (200728),8.616350273770467e-06
EXP_EHD1 (10938),8.615351918452045e-06
EXP_NUF2 (83540),8.61388243152052e-06
CRISPR_VPS51 (738),8.61129875310704e-06
CRISPR_DENND2C (163259),8.589390384738194e-06
EXP_MAGED2 (10916),8.589327256818106e-06
EXP_YEATS4 (8089),8.588890317652555e-06
EXP_EEA1 (8411),8.588882379754494e-06
CRISPR_EEF1AKMT2 (399818),8.58851588574879e-06
EXP_RGS10 (6001),8.581571150671938e-06
EXP_GGACT (87769),8.574418567676265e-06
CRISPR_TRIP4 (9325),8.574271746247042e-06
EXP_PDCD1LG2 (80380),8.57083652376048e-06
CRISPR_MRPL22 (29093),8.569120987570211e-06
CRISPR_SEC61B (10952),8.56370300213801e-06
CRISPR_ATXN10 (25814),8.562341271931611e-06
CRISPR_ARGLU1 (55082),8.548512908530852e-06
EXP_ZBTB48 (3104),8.543376495346819e-06
EXP_POLG (5428),8.53539236186779e-06
EXP_FOSL2 (2355),8.52448543638545e-06
CRISPR_CHRAC1 (54108),8.517627161324411e-06
CRISPR_DPH7 (92715),8.510349669428544e-06
EXP_NHLRC2 (374354),8.509543285484918e-06
CRISPR_RANBP9 (10048),8.504243629200329e-06
EXP_ANLN (54443),8.50222253066511e-06
EXP_ZBTB40 (9923),8.494208311345462e-06
CRISPR_BAP1 (8314),8.491706556232915e-06
CRISPR_PROS1 (5627),8.488294111461086e-06
EXP_DDTL (100037417),8.479614820718647e-06
EXP_ZNF391 (346157),8.477922117766344e-06
EXP_DHX37 (57647),8.461600531006515e-06
EXP_PLA2G12A (81579),8.456423063177615e-06
EXP_OSBPL2 (9885),8.456236568972253e-06
CRISPR_ZEB2 (9839),8.451539445165388e-06
EXP_SP1 (6667),8.450925956372743e-06
CRISPR_MAST3 (23031),8.448803305274097e-06
EXP_ARHGEF37 (389337),8.447266071874806e-06
EXP_STOML1 (9399),8.437499514626537e-06
CRISPR_KCNA10 (3744),8.433227728164726e-06
EXP_MZF1 (7593),8.432059044132219e-06
EXP_BTNL9 (153579),8.428118358635944e-06
CRISPR_LSM11 (134353),8.426311247295661e-06
EXP_DPY19L3 (147991),8.424257262030432e-06
CRISPR_RNF6 (6049),8.421669943347115e-06
CRISPR_GNB1 (2782),8.420191334048108e-06
EXP_ZBTB39 (9880),8.415026064454678e-06
EXP_C5orf34 (375444),8.41477489753955e-06
CRISPR_SHC1 (6464),8.397023694307265e-06
EXP_SMIM5 (643008),8.392434882338798e-06
CRISPR_NGFR (4804),8.386394102385704e-06
CRISPR_CDK2AP1 (8099),8.37625924271407e-06
CRISPR_RAD23B (5887),8.367618342806333e-06
MUT_HLX (3142),8.359337057635585e-06
EXP_NPIPB8 (728734),8.356172965290513e-06
CRISPR_HSF1 (3297),8.353343737092395e-06
CRISPR_HRAS (3265),8.347108776863e-06
EXP_OGFOD1 (55239),8.347091050049732e-06
CRISPR_FIP1L1 (81608),8.345078930532258e-06
EXP_PIGN (23556),8.344243772853606e-06
EXP_TMED4 (222068),8.343775845698297e-06
EXP_CIAO2A (84191),8.341887619790226e-06
EXP_DCLRE1C (64421),8.3414933669957e-06
EXP_VPS16 (64601),8.340893247567735e-06
EXP_MAP4K5 (11183),8.339643819569552e-06
EXP_YIPF6 (286451),8.33745470428334e-06
EXP_PQBP1 (10084),8.328646552096906e-06
EXP_MADD (8567),8.328044497670357e-06
EXP_CYP26B1 (56603),8.323173563125933e-06
EXP_ICAM5 (7087),8.319226647104394e-06
EXP_BCL10 (8915),8.314495870227206e-06
CRISPR_ST6GALNAC1 (55808),8.307260491667006e-06
CRISPR_DCP2 (167227),8.296813359400425e-06
CRISPR_CAPRIN2 (65981),8.27982585384747e-06
EXP_ATPSCKMT (134145),8.279372268148746e-06
CRISPR_ASCC3 (10973),8.277948538784406e-06
EXP_PLPP1 (8611),8.268296915261433e-06
EXP_TEDC2 (80178),8.257561032922092e-06
EXP_SPC24 (147841),8.256786838023722e-06
CRISPR_SLC29A2 (3177),8.252998178841393e-06
CRISPR_EMC4 (51234),8.251144356654891e-06
EXP_MISP3 (113230),8.247360612704864e-06
EXP_NGRN (51335),8.223918293795855e-06
EXP_NRBP1 (29959),8.211782031089117e-06
EXP_ARTN (9048),8.198090590193797e-06
EXP_CASK (8573),8.196592892017192e-06
CRISPR_HAP1 (9001),8.188038154065302e-06
CRISPR_KCNK12 (56660),8.186216555156539e-06
EXP_WDR46 (9277),8.182967914314342e-06
EXP_PCIF1 (63935),8.178529397666826e-06
EXP_ERG28 (11161),8.175786395467344e-06
EXP_JDP2 (122953),8.173441429769304e-06
CRISPR_SELENOH (280636),8.16520053364088e-06
CRISPR_MAPKAPK5 (8550),8.140162332949649e-06
EXP_IDH1 (3417),8.13810294942628e-06
CRISPR_ZC3H4 (23211),8.122393758691837e-06
EXP_YIPF5 (81555),8.099862938448735e-06
EXP_MARS2 (92935),8.098455601240546e-06
EXP_MED17 (9440),8.09562037364978e-06
EXP_GINM1 (116254),8.08722332611462e-06
CRISPR_NCOR2 (9612),8.08300112953929e-06
EXP_NXNL2 (158046),8.082698413458578e-06
CRISPR_SIVA1 (10572),8.082302825658175e-06
EXP_TGFBR3L (100507588),8.080772089792015e-06
CRISPR_RAD1 (5810),8.07830601549115e-06
CRISPR_ZNRD2 (10534),8.077152557355221e-06
EXP_GAS6 (2621),8.076944393768955e-06
CRISPR_CCDC124 (115098),8.076730631904238e-06
EXP_TTLL5 (23093),8.076448331966148e-06
EXP_LURAP1 (541468),8.07585012537469e-06
CRISPR_ARHGAP27 (201176),8.070544480782564e-06
EXP_ATP5PB (515),8.062392094282716e-06
EXP_RNF4 (6047),8.0584859167634e-06
CRISPR_BCDIN3D (144233),8.055184296462485e-06
EXP_C11orf24 (53838),8.0519233353062e-06
EXP_CBL (867),8.05026723795358e-06
EXP_ANGEL2 (90806),8.048856603891086e-06
EXP_PPARD (5467),8.047061386731642e-06
CRISPR_NPC1L1 (29881),8.04550188857333e-06
EXP_TADA3 (10474),8.043983963870148e-06
EXP_BOC (91653),8.04359828726238e-06
EXP_CENPB (1059),8.042812725420937e-06
CRISPR_TFG (10342),8.040214354955409e-06
CRISPR_RIN1 (9610),8.040166768042354e-06
EXP_PIGS (94005),8.03715049384479e-06
EXP_XYLT2 (64132),8.034709304585749e-06
CRISPR_MFSD1 (64747),8.021214601926402e-06
CRISPR_NDUFC2 (4718),8.015815432215558e-06
CRISPR_H3-3B (3021),8.005884307642663e-06
EXP_TP53INP2 (58476),8.004464243501041e-06
EXP_ANKRD1 (27063),8.002931407106017e-06
EXP_TMEM191C (645426),7.997023705285708e-06
CRISPR_LENG8 (114823),7.995611453640465e-06
EXP_DDX41 (51428),7.992350293581863e-06
EXP_FLT3LG (2323),7.991074633475434e-06
CRISPR_CAMSAP1 (157922),7.981240192402159e-06
CRISPR_NADSYN1 (55191),7.980606330272272e-06
EXP_PHC2 (1912),7.980185066537171e-06
CRISPR_TSSK3 (81629),7.97891414217876e-06
EXP_TOP6BL (79703),7.978823202757609e-06
EXP_ZNF480 (147657),7.978808446036609e-06
EXP_TADA1 (117143),7.976756285580034e-06
CRISPR_PSD4 (23550),7.97279760338896e-06
EXP_CLCN4 (1183),7.969896173585896e-06
EXP_AKT1 (207),7.961843151104735e-06
EXP_CIAPIN1 (57019),7.960953981511764e-06
MUT_PANX2 (56666),7.957911885340606e-06
CRISPR_NDUFA12 (55967),7.946713638981327e-06
CRISPR_NDUFAF1 (51103),7.942191054712511e-06
CRISPR_SLC22A6 (9356),7.940195428578602e-06
CRISPR_AAK1 (22848),7.915556632881174e-06
EXP_IKBIP (121457),7.914367894467266e-06
EXP_ZNF354A (6940),7.913982081092752e-06
EXP_PKDREJ (10343),7.89653411116489e-06
EXP_SETX (23064),7.88648189766491e-06
EXP_SMG5 (23381),7.886412527818109e-06
CRISPR_COX5B (1329),7.868060664218125e-06
CRISPR_WARS2 (10352),7.86782296842708e-06
EXP_NDC1 (55706),7.840298271582583e-06
EXP_OAS1 (4938),7.835710812449811e-06
EXP_ZNF445 (353274),7.831199237478874e-06
EXP_RALGDS (5900),7.828133428390028e-06
CRISPR_UGT2B15 (7366),7.822513848857836e-06
EXP_DNAJB6 (10049),7.821086901444377e-06
EXP_PLA2R1 (22925),7.820903413080236e-06
EXP_ETHE1 (23474),7.818027055171021e-06
EXP_SERPINA1 (5265),7.812151279864298e-06
EXP_RBM15B (29890),7.811152011146704e-06
CRISPR_GLS2 (27165),7.804448338646084e-06
CRISPR_AARD (441376),7.798080899491005e-06
CRISPR_LRRK2 (120892),7.794228426587441e-06
CRISPR_MTX2 (10651),7.793589373466585e-06
EXP_BRIX1 (55299),7.789551952337672e-06
EXP_TRIM59 (286827),7.788731398003327e-06
CRISPR_MRPL17 (63875),7.775813988309401e-06
CRISPR_SENP1 (29843),7.77555384890259e-06
EXP_ZCCHC14 (23174),7.761175976183269e-06
EXP_NCAPH2 (29781),7.742168240104023e-06
EXP_TBC1D25 (4943),7.733753690275294e-06
EXP_PRPSAP2 (5636),7.718645939369937e-06
CRISPR_TTC14 (151613),7.718126600708994e-06
EXP_ESYT2 (57488),7.717584883051958e-06
EXP_RPN1 (6184),7.713856932304849e-06
EXP_TRIM37 (4591),7.704714024574986e-06
EXP_TIFA (92610),7.701202047334506e-06
EXP_TUBD1 (51174),7.68943441981257e-06
EXP_FAM53B (9679),7.682363179348583e-06
CRISPR_TMEM147 (10430),7.669037733496002e-06
EXP_ABHD6 (57406),7.646369680453744e-06
EXP_UNG (7374),7.628046108731728e-06
EXP_USP1 (7398),7.6242395431570015e-06
EXP_MKRN1 (23608),7.617526488362524e-06
CRISPR_HOMER3 (9454),7.615436340376911e-06
EXP_CLDN4 (1364),7.613832769984643e-06
EXP_C6orf141 (135398),7.6101511522288355e-06
CRISPR_TRIT1 (54802),7.603152932251512e-06
CRISPR_CRLS1 (54675),7.597948695176e-06
EXP_IQSEC1 (9922),7.597395450381064e-06
CRISPR_ACHE (43),7.5889703678035855e-06
CRISPR_IL36G (56300),7.585671363998404e-06
CRISPR_CPOX (1371),7.580016918115443e-06
EXP_CIITA (4261),7.573937104040075e-06
EXP_KCTD13 (253980),7.566937564697253e-06
EXP_TECPR2 (9895),7.5645573587801555e-06
CRISPR_ARID4B (51742),7.5577032653325646e-06
EXP_FJX1 (24147),7.546149538573292e-06
EXP_GIPC1 (10755),7.541535755372242e-06
EXP_BAG1 (573),7.540217116931477e-06
EXP_EGR3 (1960),7.538399657928124e-06
EXP_TBC1D10B (26000),7.5356981622597854e-06
EXP_GMPR2 (51292),7.509206766517933e-06
CRISPR_SEPHS1 (22929),7.507796562522775e-06
CRISPR_STXBP1 (6812),7.5057225358032796e-06
CRISPR_ESRP2 (80004),7.49704146356233e-06
EXP_CDC42BPG (55561),7.48616920849237e-06
CRISPR_KCNK7 (10089),7.4836825706251596e-06
CRISPR_HOXC10 (3226),7.4817422955953275e-06
EXP_LNX1 (84708),7.4812619143246275e-06
CRISPR_COX20 (116228),7.477403275476328e-06
EXP_NSDHL (50814),7.474751753361517e-06
CRISPR_RAB43 (339122),7.474218500161094e-06
EXP_HLA-B (3106),7.467194365653384e-06
CRISPR_JMY (133746),7.459778929193491e-06
CRISPR_PROCA1 (147011),7.45931770390858e-06
CRISPR_TNS3 (64759),7.455039469370036e-06
EXP_SLC6A8 (6535),7.454709292676645e-06
EXP_ZNF573 (126231),7.449665217252858e-06
EXP_FAM24B (196792),7.4404238945867215e-06
CRISPR_SUZ12 (23512),7.4206983919892775e-06
CRISPR_TARS2 (80222),7.4188715023678355e-06
CRISPR_LPCAT3 (10162),7.414591688704851e-06
CRISPR_CHD1 (1105),7.413080546358237e-06
EXP_MFSD11 (79157),7.412810592516618e-06
CRISPR_VPS37C (55048),7.412367274786202e-06
EXP_SCAMP1 (9522),7.410257967257853e-06
CRISPR_PPIE (10450),7.401381911263502e-06
EXP_REC8 (9985),7.392584002716198e-06
EXP_CCNB3 (85417),7.385941284340433e-06
CRISPR_COG6 (57511),7.3788992020335875e-06
CRISPR_RANBP3 (8498),7.372390207023407e-06
EXP_GATAD2B (57459),7.365779416085264e-06
EXP_GDA (9615),7.3642643587068325e-06
CRISPR_COG2 (22796),7.36003114752684e-06
EXP_ZNF655 (79027),7.359201550786183e-06
EXP_MSRB3 (253827),7.355904335525288e-06
EXP_LACC1 (144811),7.347336672077765e-06
EXP_PHLDA1 (22822),7.34625175571559e-06
EXP_CPSF2 (53981),7.338271527087363e-06
EXP_TUSC2 (11334),7.329451285802785e-06
CRISPR_ERCC3 (2071),7.321903639671799e-06
EXP_EEF1G (1937),7.319387500573589e-06
CRISPR_CYP4F11 (57834),7.315642569105737e-06
EXP_TIMM22 (29928),7.305815327831426e-06
CRISPR_NUP58 (9818),7.299451036768372e-06
EXP_NOD1 (10392),7.2846881449263145e-06
EXP_CXCL1 (2919),7.282859825830379e-06
CRISPR_ZNF217 (7764),7.279053057669012e-06
CRISPR_ISOC2 (79763),7.27705793902206e-06
EXP_IFT20 (90410),7.27322903861551e-06
CRISPR_SLC35A3 (23443),7.254461575866882e-06
EXP_NFATC4 (4776),7.247595787433913e-06
CRISPR_UBE2V1 (7335),7.239345488851955e-06
EXP_PABPC1 (26986),7.2370486767084265e-06
EXP_WDR43 (23160),7.236272745577351e-06
CRISPR_GOLGA7 (51125),7.222886445621948e-06
EXP_TBC1D3B (414059),7.2130540958975505e-06
EXP_DPH2 (1802),7.209900210831497e-06
EXP_TRIB1 (10221),7.2054916497971634e-06
EXP_POLN (353497),7.205035730576799e-06
CRISPR_SYT5 (6861),7.200705868734163e-06
EXP_NAGA (4668),7.200673693047173e-06
EXP_CSNK2A1 (1457),7.1999790226904225e-06
EXP_MRPS18A (55168),7.183494032890886e-06
EXP_SLC39A7 (7922),7.183121563762657e-06
EXP_METTL18 (92342),7.182323789867369e-06
EXP_CUL2 (8453),7.179434029553046e-06
EXP_PAXIP1 (22976),7.1780928850765034e-06
EXP_CRAT (1384),7.169108067034567e-06
EXP_E2F3 (1871),7.157165232572848e-06
CRISPR_TKFC (26007),7.153521350205529e-06
CRISPR_NDUFB4 (4710),7.14599774892927e-06
CRISPR_ARMC6 (93436),7.142197545611782e-06
EXP_COMMD2 (51122),7.140474220908155e-06
CRISPR_NEURL4 (84461),7.139315646664602e-06
CRISPR_AOC3 (8639),7.133640613448042e-06
CRISPR_MAF1 (84232),7.132300454266212e-06
EXP_PC (5091),7.1275700501334235e-06
EXP_SUMO2 (6613),7.1265239616863375e-06
EXP_USP46 (64854),7.126350649366311e-06
EXP_MGA (23269),7.122427649583925e-06
EXP_TTC9C (283237),7.117651134071814e-06
EXP_RAB3A (5864),7.117368227263737e-06
CRISPR_C8G (733),7.115570933648753e-06
EXP_BMERB1 (89927),7.112019119579913e-06
EXP_UQCR10 (29796),7.110490120409842e-06
CRISPR_SEBOX (645832),7.10560273508163e-06
EXP_RPL3 (6122),7.088286797335137e-06
EXP_ACTR2 (10097),7.086862709856584e-06
CRISPR_COX6A1 (1337),7.084882727245643e-06
EXP_AATK (9625),7.083730387400894e-06
EXP_ARL8B (55207),7.082370383904827e-06
EXP_EIF4ENIF1 (56478),7.075341074380642e-06
EXP_GMPPB (29925),7.065639744026367e-06
EXP_RTCB (51493),7.062831343249937e-06
EXP_ZNF506 (440515),7.0593578647219196e-06
CRISPR_TRMT5 (57570),7.059143001813276e-06
EXP_PRADC1 (84279),7.055308320941433e-06
EXP_CERK (64781),7.053235925770019e-06
CRISPR_HPCAL4 (51440),7.0477861023146756e-06
EXP_OXSR1 (9943),7.041480125242119e-06
CRISPR_JOSD1 (9929),7.037811466632126e-06
CRISPR_PNMT (5409),7.0366119954400684e-06
CRISPR_MEIS3 (56917),7.014731610972085e-06
CRISPR_MTERF3 (51001),7.008216702552875e-06
MUT_SDHA (6389),7.006286068551049e-06
EXP_ERCC8 (1161),7.003031663421056e-06
CRISPR_NDUFB3 (4709),6.995660137127593e-06
EXP_SLC3A1 (6519),6.9943533943979865e-06
CRISPR_FOXP1 (27086),6.993084182889865e-06
EXP_VPS39 (23339),6.988999197543894e-06
EXP_SORBS2 (8470),6.988044419989938e-06
EXP_KLHL11 (55175),6.985110451040978e-06
MUT_LSM7 (51690),6.983671719952155e-06
EXP_CLCN6 (1185),6.980376063512564e-06
EXP_DNAJC25 (548645),6.979728659327421e-06
EXP_PRKAA1 (5562),6.970682579126065e-06
CRISPR_VN1R4 (317703),6.965818197668466e-06
CRISPR_NAA40 (79829),6.956603980989814e-06
CRISPR_CPSF7 (79869),6.944599640832286e-06
EXP_ATP1A1 (476),6.942311813882348e-06
CRISPR_TTC19 (54902),6.938792910558478e-06
EXP_METAP2 (10988),6.938515707348874e-06
CRISPR_TTC7A (57217),6.938012888445196e-06
CRISPR_SHQ1 (55164),6.937134332823012e-06
CRISPR_FNBP4 (23360),6.9259055207278255e-06
EXP_PMM1 (5372),6.9253128458439696e-06
CRISPR_SPATA31G1 (138724),6.924641252781967e-06
EXP_ACBD4 (79777),6.923576506069216e-06
EXP_SOX6 (55553),6.920121382643531e-06
CRISPR_ASPM (259266),6.919279010178956e-06
CRISPR_GPR179 (440435),6.914009700134148e-06
EXP_MRPS33 (51650),6.9139694109724345e-06
CRISPR_NRARP (441478),6.910482825917428e-06
CRISPR_HOXC6 (3223),6.902149270234677e-06
CRISPR_SH3BGRL3 (83442),6.901396886747277e-06
EXP_CD44 (960),6.899260962688123e-06
EXP_TMX3 (54495),6.895130929042819e-06
CRISPR_ATL3 (25923),6.894903280650769e-06
CRISPR_AMD1 (262),6.892318260327807e-06
EXP_AACS (65985),6.889783168392475e-06
CRISPR_GPX4 (2879),6.888937463038939e-06
EXP_ITGB2 (3689),6.888143483320007e-06
EXP_RAD1 (5810),6.882934907694973e-06
EXP_TMEM209 (84928),6.882368465154523e-06
EXP_ASF1A (25842),6.878998857082987e-06
CRISPR_C11orf58 (10944),6.873425514028476e-06
EXP_NOB1 (28987),6.872747941905498e-06
EXP_ALYREF (10189),6.870563536855449e-06
CRISPR_C9orf78 (51759),6.8695516004705234e-06
CRISPR_PRP4K (8899),6.8694116730435546e-06
CRISPR_CRIPT (9419),6.864553439042308e-06
EXP_CHD7 (55636),6.85204080481629e-06
EXP_IFT57 (55081),6.848290098971071e-06
EXP_FAM199X (139231),6.8430039730743156e-06
EXP_PICALM (8301),6.836936786583475e-06
EXP_PITX1 (5307),6.83424015095894e-06
CRISPR_EIF3J (8669),6.828206514118305e-06
CRISPR_DAZAP1 (26528),6.827796861921393e-06
EXP_WFDC2 (10406),6.81393854209604e-06
EXP_ZNF557 (79230),6.813148958726305e-06
EXP_ZNF337 (26152),6.809808360367597e-06
CRISPR_ITSN2 (50618),6.808214351447178e-06
EXP_UBR2 (23304),6.80743214368641e-06
EXP_MFSD5 (84975),6.801157568182549e-06
CRISPR_HSD3B7 (80270),6.80063382573547e-06
CRISPR_SLX4 (84464),6.797441534903116e-06
CRISPR_CTU1 (90353),6.7952002442268585e-06
EXP_TK2 (7084),6.78991079207534e-06
EXP_RNF146 (81847),6.78941187102742e-06
EXP_DNAJC5 (80331),6.781461904595617e-06
CRISPR_MICOS13 (125988),6.776738443857228e-06
EXP_SIPA1 (6494),6.762563126693845e-06
EXP_ZNF251 (90987),6.762226304956332e-06
EXP_ARHGAP12 (94134),6.759864578704033e-06
CRISPR_NIF3L1 (60491),6.750519263578678e-06
EXP_EIF3D (8664),6.747301923129051e-06
EXP_IKZF4 (64375),6.744929612001006e-06
CRISPR_ELF2 (1998),6.743118265174195e-06
EXP_NAB2 (4665),6.74293210420897e-06
CRISPR_ATP5PB (515),6.737887288439215e-06
EXP_FAM227B (196951),6.732438795641508e-06
CRISPR_LTBP3 (4054),6.7294148799629805e-06
CRISPR_PRKCE (5581),6.728412544144947e-06
EXP_OMG (4974),6.728103565026312e-06
EXP_SPIDR (23514),6.726723154573161e-06
EXP_TAF11 (6882),6.726555731592726e-06
EXP_HMSD (284293),6.715422992206553e-06
CRISPR_PC (5091),6.713727589145511e-06
EXP_IRF5 (3663),6.709577818257475e-06
CRISPR_TM7SF2 (7108),6.709125122567118e-06
EXP_TMEM125 (128218),6.707689709101747e-06
EXP_GOLGB1 (2804),6.705581352162015e-06
EXP_EVI5 (7813),6.703864383345717e-06
CRISPR_EXOC1 (55763),6.700197324259864e-06
CRISPR_MRPS14 (63931),6.70019562268902e-06
CRISPR_GPX2 (2877),6.695573028300901e-06
CRISPR_TFB2M (64216),6.693104767208424e-06
EXP_GID8 (54994),6.6873172057468475e-06
CRISPR_PTMS (5763),6.684231998463371e-06
CRISPR_GLI4 (2738),6.681328198046918e-06
EXP_ANAPC5 (51433),6.6778325909916694e-06
EXP_TMEM267 (64417),6.671452370257435e-06
EXP_ARID5A (10865),6.6665976581352115e-06
CRISPR_NFYC (4802),6.663102561768862e-06
CRISPR_GNB2 (2783),6.653359060970825e-06
EXP_GLCE (26035),6.652955153941775e-06
CRISPR_PABIR1 (116224),6.6528780280251025e-06
EXP_BAHCC1 (57597),6.644202915972369e-06
CRISPR_AGAP6 (414189),6.639711180422676e-06
CRISPR_HOXC11 (3227),6.639193520782801e-06
EXP_FAM83F (113828),6.632403885966336e-06
CRISPR_NDUFAF3 (25915),6.63120927576789e-06
EXP_RFWD3 (55159),6.630456515574595e-06
CRISPR_SHOC2 (8036),6.628706393879184e-06
CRISPR_AFF4 (27125),6.623380663798293e-06
CRISPR_BAIAP3 (8938),6.62232975847806e-06
EXP_CYBRD1 (79901),6.621853578905306e-06
EXP_DYNC2H1 (79659),6.621656364617058e-06
CRISPR_MYO18A (399687),6.615746082779078e-06
CRISPR_NFIA (4774),6.600407367889225e-06
CRISPR_CABIN1 (23523),6.600114859684908e-06
EXP_AGBL2 (79841),6.593167952980209e-06
EXP_PLK3 (1263),6.581985582878357e-06
CRISPR_EEIG2 (284611),6.568347753670874e-06
EXP_CNTNAP3 (79937),6.557350657611415e-06
CRISPR_SLAMF9 (89886),6.555292353443513e-06
EXP_VAMP3 (9341),6.553571591382756e-06
CRISPR_PROC (5624),6.538904842617939e-06
CRISPR_TEKT2 (27285),6.5318816258527765e-06
MUT_SMAD4 (4089),6.5317203224908e-06
EXP_ZFTA (65998),6.52975346038812e-06
CRISPR_UNC45A (55898),6.523772850190756e-06
EXP_CCSAP (126731),6.52369629897492e-06
EXP_SLC52A2 (79581),6.519391540785967e-06
CRISPR_ICMT (23463),6.515512214886591e-06
EXP_AAMP (14),6.51139570314419e-06
EXP_MGST1 (4257),6.509642553089451e-06
EXP_MYLK4 (340156),6.508044501308188e-06
EXP_RTRAF (51637),6.504201268511595e-06
EXP_ZNF395 (55893),6.5040575901212305e-06
EXP_MT2A (4502),6.501980317919606e-06
EXP_AGPAT2 (10555),6.494523058120903e-06
EXP_CDC14C (168448),6.488663651231334e-06
CRISPR_COX5A (9377),6.4740100773241775e-06
EXP_ZRANB2 (9406),6.4723571849607376e-06
EXP_INPP5B (3633),6.467657172058082e-06
CRISPR_TFIP11 (24144),6.464568056158406e-06
CRISPR_SPINDOC (144097),6.460901397991241e-06
EXP_SSR1 (6745),6.449838814953025e-06
EXP_IL17RA (23765),6.448618512363399e-06
CRISPR_GTF3C6 (112495),6.445401060337355e-06
CRISPR_SLC25A38 (54977),6.4429762117413675e-06
CRISPR_EIF4ENIF1 (56478),6.44254778239246e-06
CRISPR_H4C1 (8359),6.438438941489379e-06
EXP_UCK1 (83549),6.431068775402162e-06
EXP_MXRA7 (439921),6.430354982640512e-06
CRISPR_SMARCA5 (8467),6.429644530415078e-06
EXP_ATP5ME (521),6.428798266594042e-06
EXP_MAP3K7 (6885),6.427946418540815e-06
CRISPR_RSU1 (6251),6.426058360601333e-06
EXP_SPIN2A (54466),6.421023492032862e-06
CRISPR_FBXO22 (26263),6.410547431969242e-06
EXP_SRGAP2 (23380),6.409090509397875e-06
EXP_PCYOX1 (51449),6.4044353808425505e-06
EXP_NLRC4 (58484),6.401659044305675e-06
EXP_NBPF3 (84224),6.385554527915379e-06
EXP_SLC18B1 (116843),6.360381464666181e-06
CRISPR_METTL1 (4234),6.353146133482577e-06
EXP_ANKRD42 (338699),6.345607419445879e-06
EXP_ZNF140 (7699),6.338919567289012e-06
CRISPR_KLHL11 (55175),6.333923803944469e-06
EXP_MAPK7 (5598),6.333281244358438e-06
CRISPR_HSD17B10 (3028),6.331648942210323e-06
EXP_STK17B (9262),6.3236915382444695e-06
CRISPR_ATP5MC1 (516),6.320277535870038e-06
CRISPR_KRT18 (3875),6.3151845754060114e-06
EXP_MST1 (4485),6.306478102113028e-06
EXP_CCNO (10309),6.300344157443283e-06
CRISPR_FERMT1 (55612),6.296974843145042e-06
CRISPR_YJU2B (81576),6.287162198994839e-06
CRISPR_RRAD (6236),6.285968186135983e-06
EXP_TIGD2 (166815),6.281992402338097e-06
EXP_ADAMTSL4 (54507),6.279327141241099e-06
EXP_ACSBG1 (23205),6.276505903269682e-06
EXP_MTHFD2 (10797),6.271090035219329e-06
CRISPR_SMC6 (79677),6.265148040800571e-06
CRISPR_KLF1 (10661),6.251095196233803e-06
EXP_LMLN (89782),6.248102873795964e-06
CRISPR_ATP5PF (522),6.246760964438207e-06
EXP_TENT5C (54855),6.245693303768594e-06
EXP_CLEC2B (9976),6.2454960153167e-06
CRISPR_TUBB4A (10382),6.244235710869658e-06
EXP_PRC1 (9055),6.243062702308025e-06
CRISPR_MRGBP (55257),6.236827291550644e-06
CRISPR_DHFR2 (200895),6.233861233106361e-06
CRISPR_IPO4 (79711),6.231754757206496e-06
CRISPR_MRPS30 (10884),6.231564064632597e-06
CRISPR_KLHL38 (340359),6.230694772289349e-06
CRISPR_ERCC4 (2072),6.223278168001079e-06
CRISPR_SLC4A5 (57835),6.2232639195199786e-06
EXP_MAP3K5 (4217),6.208941641312568e-06
EXP_ZNF846 (162993),6.203790546591525e-06
CRISPR_ABCC10 (89845),6.201492810681833e-06
CRISPR_ADAT2 (134637),6.195594415490301e-06
EXP_SAYSD1 (55776),6.195155628170308e-06
EXP_CTSZ (1522),6.1913877534262664e-06
EXP_GTF2H5 (404672),6.190809390370733e-06
EXP_KATNAL1 (84056),6.190212598464559e-06
CRISPR_RBM12 (10137),6.189997541423333e-06
EXP_CCDC18 (343099),6.1852535977294165e-06
CRISPR_PRKACG (5568),6.185002875160122e-06
CRISPR_ATXN7L2 (127002),6.182973747087832e-06
EXP_GPLD1 (2822),6.18292787835053e-06
CRISPR_AP4S1 (11154),6.179658817239049e-06
CRISPR_STAM2 (10254),6.1776888077295985e-06
EXP_ISCA1 (81689),6.17443739068968e-06
CRISPR_SUGP1 (57794),6.164776474079777e-06
CRISPR_CCL1 (6346),6.158500845094099e-06
EXP_ALG3 (10195),6.1529314077982135e-06
EXP_WBP1L (54838),6.137943623093599e-06
CRISPR_POLR1E (64425),6.1354650481390636e-06
CRISPR_ACVR1B (91),6.125261809377903e-06
MUT_SV2A (9900),6.113202434854868e-06
EXP_BYSL (705),6.111913057428178e-06
CRISPR_WHAMM (123720),6.10620267110185e-06
EXP_NAPRT (93100),6.099740289661093e-06
CRISPR_JUND (3727),6.096181960707514e-06
EXP_PEF1 (553115),6.0945956914582285e-06
EXP_DDAH1 (23576),6.087227643449967e-06
CRISPR_YWHAE (7531),6.083452319572732e-06
CRISPR_TRAIP (10293),6.083261174796602e-06
CRISPR_HOXD13 (3239),6.078590194991239e-06
CRISPR_BCAP31 (10134),6.065662610339044e-06
EXP_HAT1 (8520),6.06500059740249e-06
EXP_VPS41 (27072),6.062228677629082e-06
EXP_CSGALNACT1 (55790),6.061632512890714e-06
EXP_RPS2 (6187),6.052053528070738e-06
EXP_SNRK (54861),6.048481373358252e-06
EXP_TXNDC5 (81567),6.04658018168008e-06
EXP_EIF4A3 (9775),6.046242639971661e-06
EXP_H3C2 (8358),6.038787678298961e-06
MUT_COL24A1 (255631),6.0374360717940325e-06
CRISPR_ZNF205 (7755),6.037034375034586e-06
EXP_ARSB (411),6.03572668878658e-06
EXP_RBM6 (10180),6.03188205804893e-06
EXP_TAF4 (6874),6.028687812414226e-06
EXP_SWSAP1 (126074),6.028425623547898e-06
EXP_H3-5 (440093),6.027206319584173e-06
EXP_TPK1 (27010),6.021767426909515e-06
MUT_LDB3 (11155),6.0040697860330285e-06
EXP_SFMBT1 (51460),5.999064361109552e-06
EXP_PPHLN1 (51535),5.9789052120262905e-06
CRISPR_TRAF4 (9618),5.977301493820683e-06
EXP_MCM6 (4175),5.9706832444010464e-06
CRISPR_RGS6 (9628),5.968584610098336e-06
EXP_GABPB2 (126626),5.962669509245703e-06
EXP_CUTC (51076),5.953973490874955e-06
EXP_UBTD1 (80019),5.940205173753277e-06
CRISPR_CNOT9 (9125),5.939102422168804e-06
EXP_RNF139 (11236),5.93565710083712e-06
CRISPR_ETAA1 (54465),5.935475877253131e-06
EXP_CHKA (1119),5.932474575177062e-06
CRISPR_KIAA0513 (9764),5.929797635448238e-06
CRISPR_IL13RA2 (3598),5.9285589033152555e-06
EXP_CHSY1 (22856),5.91368306427782e-06
EXP_SSH1 (54434),5.89797541983309e-06
EXP_PACSIN3 (29763),5.897560420720443e-06
EXP_TRAPPC4 (51399),5.897050217992024e-06
CRISPR_ELL3 (80237),5.896772646280087e-06
CRISPR_CENPX (201254),5.8961671616706936e-06
CRISPR_ZC3H10 (84872),5.88695201348164e-06
EXP_RBFA (79863),5.8849523046550845e-06
EXP_ATF6 (22926),5.883060046671113e-06
CRISPR_ARL4A (10124),5.881762614547125e-06
EXP_CMTM4 (146223),5.8726763698355555e-06
CRISPR_MYO1H (283446),5.8687007366138765e-06
CRISPR_NDUFA2 (4695),5.861590704809013e-06
EXP_PUS3 (83480),5.859934168530564e-06
CRISPR_ADAM11 (4185),5.859520128053665e-06
EXP_VWA7 (80737),5.8583216981897684e-06
EXP_TCTN3 (26123),5.857581295083443e-06
CRISPR_IARS2 (55699),5.831485645785387e-06
EXP_SLAMF8 (56833),5.8296518246207625e-06
EXP_KCNQ4 (9132),5.818797530619224e-06
EXP_VPS26C (10311),5.817678176645966e-06
EXP_POLE4 (56655),5.80978586187537e-06
CRISPR_E4F1 (1877),5.787773687287919e-06
EXP_TRA2B (6434),5.776117123849739e-06
EXP_ACAD8 (27034),5.769662801576395e-06
CRISPR_DPPA2 (151871),5.769226586649681e-06
CRISPR_ASS1 (445),5.767039473849084e-06
EXP_ARMC2 (84071),5.766000871448196e-06
CRISPR_CDC42EP4 (23580),5.765298032489409e-06
CRISPR_ASH1L (55870),5.764835489860712e-06
EXP_KHDRBS3 (10656),5.752997377520507e-06
EXP_CHFR (55743),5.752195795293771e-06
EXP_ERAP1 (51752),5.750248909493316e-06
CRISPR_PSMF1 (9491),5.712755328418954e-06
EXP_BACH1 (571),5.7111731634351045e-06
EXP_ZZEF1 (23140),5.710311554485771e-06
CRISPR_CMA1 (1215),5.708197775125245e-06
CRISPR_MYG1 (60314),5.7029184473678865e-06
EXP_DNAH2 (146754),5.6991612392101956e-06
CRISPR_CELSR2 (1952),5.6792351948072895e-06
CRISPR_TSPAN31 (6302),5.676006156036525e-06
EXP_ZNF875 (284459),5.675304203999555e-06
CRISPR_C4BPB (725),5.6626288907395785e-06
EXP_DDX6 (1656),5.661900370422378e-06
EXP_TMPRSS5 (80975),5.651428457934293e-06
CRISPR_TMEM278 (643965),5.649719225909852e-06
CRISPR_GTF2I (2969),5.6410406777718934e-06
EXP_RTCA (8634),5.616184563643526e-06
EXP_FAM89B (23625),5.611625616820845e-06
EXP_DCTPP1 (79077),5.6043968891903005e-06
CRISPR_DEPDC1 (55635),5.599466221689511e-06
EXP_CXCL3 (2921),5.599332560739151e-06
EXP_LGALS3BP (3959),5.593956564956507e-06
CRISPR_MKRN2OS (100129480),5.591943855039674e-06
CRISPR_CEMP1 (752014),5.586969177257457e-06
CRISPR_RAPGEF1 (2889),5.580938135127557e-06
EXP_RAB38 (23682),5.570354741208291e-06
EXP_PELO (53918),5.566483046792761e-06
CRISPR_POMP (51371),5.564923802790859e-06
EXP_SCNN1A (6337),5.56402991317203e-06
CRISPR_SOX10 (6663),5.563505291828642e-06
EXP_ADCK5 (203054),5.56294251566082e-06
CRISPR_MAD1L1 (8379),5.562324748683253e-06
CRISPR_CAMKK2 (10645),5.558394021861295e-06
EXP_PTCD1 (26024),5.551006489978375e-06
EXP_ZYG11B (79699),5.550006027554072e-06
CRISPR_GCSH (2653),5.524895142187843e-06
EXP_KIAA0232 (9778),5.524465892893487e-06
EXP_MAP3K4 (4216),5.522278200096515e-06
EXP_RDH11 (51109),5.519246150544712e-06
CRISPR_MRPS22 (56945),5.514119408251092e-06
EXP_PAAF1 (80227),5.504529414698262e-06
EXP_ILK (3611),5.501018647436223e-06
EXP_SELPLG (6404),5.49957931994677e-06
EXP_MAP10 (54627),5.499561646362794e-06
EXP_ZBTB1 (22890),5.496243747789145e-06
CRISPR_PDZK1 (5174),5.492198981761436e-06
CRISPR_CTSF (8722),5.492145832175429e-06
EXP_SURF2 (6835),5.492099535984438e-06
EXP_ZNF385C (201181),5.490273500297717e-06
EXP_FAM47E (100129583),5.486347788229378e-06
CRISPR_RARS2 (57038),5.485035983037584e-06
EXP_RPS8 (6202),5.481069130417755e-06
CRISPR_HNRNPUL2 (221092),5.4754240739786344e-06
CRISPR_KCTD21 (283219),5.474506726412163e-06
EXP_PPP1R18 (170954),5.465765136670292e-06
EXP_RPS6KC1 (26750),5.458199942827164e-06
EXP_RHBDD3 (25807),5.44661198135243e-06
EXP_WASF1 (8936),5.444379081779009e-06
CRISPR_HNF1B (6928),5.442674928291098e-06
CRISPR_NEU2 (4759),5.442650510778215e-06
EXP_BBC3 (27113),5.436526888165582e-06
EXP_FAM234B (57613),5.431893512555203e-06
CRISPR_SYT11 (23208),5.419590271802683e-06
CRISPR_PYURF (100996939),5.410708258782079e-06
EXP_GNPDA2 (132789),5.404782557334271e-06
EXP_TMED6 (146456),5.4024992040867874e-06
CRISPR_ZNF134 (7693),5.397483615026408e-06
CRISPR_GTF3C4 (9329),5.385331291864783e-06
EXP_ZNF717 (100131827),5.384490221667806e-06
EXP_STK11IP (114790),5.382747783115059e-06
EXP_PIGB (9488),5.381617722626129e-06
CRISPR_CALCB (797),5.375623620940599e-06
CRISPR_ILRUN (64771),5.373829448361383e-06
EXP_RAPGEF1 (2889),5.356051017074048e-06
CRISPR_PDE4DIP (9659),5.346889741473323e-06
CRISPR_TIMM29 (90580),5.337968494297493e-06
CRISPR_MRPS12 (6183),5.337675629762604e-06
CRISPR_TNFAIP8L2 (79626),5.3350064061391585e-06
CRISPR_NMNAT3 (349565),5.328101515367157e-06
EXP_SDHAF1 (644096),5.326140616766103e-06
EXP_C11orf98 (102288414),5.316688591551162e-06
EXP_KIF9 (64147),5.3149883905854924e-06
CRISPR_SEC63 (11231),5.312513695144778e-06
CRISPR_CNBD2 (140894),5.297329067245986e-06
CRISPR_SARS2 (54938),5.296291445690576e-06
CRISPR_BBS1 (582),5.288930665597961e-06
EXP_TRMT10C (54931),5.287711042000445e-06
CRISPR_CHCHD1 (118487),5.286047432066802e-06
CRISPR_KDR (3791),5.282891597075451e-06
CRISPR_MSL1 (339287),5.282810980869137e-06
CRISPR_SSX1 (6756),5.282050355781914e-06
CRISPR_SLC35D2 (11046),5.279491626915877e-06
CRISPR_EIF2A (83939),5.269132903884114e-06
CRISPR_VPS52 (6293),5.265701899935906e-06
EXP_GREP1 (283875),5.2525439701922605e-06
EXP_GRB7 (2886),5.2447202727843675e-06
EXP_DBI (1622),5.234513861203695e-06
CRISPR_TEX38 (374973),5.226640445133421e-06
EXP_CUL1 (8454),5.220972614309593e-06
CRISPR_MED24 (9862),5.211172768438679e-06
EXP_MRGBP (55257),5.208838433164082e-06
CRISPR_KMT2D (8085),5.195770327457329e-06
EXP_HHIP (64399),5.194354369043795e-06
CRISPR_TM9SF2 (9375),5.192948560737037e-06
CRISPR_UIMC1 (51720),5.191110976921556e-06
EXP_B3GALT6 (126792),5.189673006862368e-06
CRISPR_NAT8 (9027),5.181134202609953e-06
CRISPR_XRCC1 (7515),5.180750578519974e-06
CRISPR_RILP (83547),5.179296536407124e-06
EXP_RRBP1 (6238),5.178836927653612e-06
CRISPR_GATAD1 (57798),5.172974568596566e-06
EXP_FOXK2 (3607),5.1721487612932675e-06
EXP_SCO1 (6341),5.166921241379216e-06
EXP_ACAP2 (23527),5.1662523308242025e-06
EXP_DDX19B (11269),5.144444238594792e-06
EXP_CMPK2 (129607),5.141676002222099e-06
EXP_FMN1 (342184),5.134374239685295e-06
CRISPR_DUOX1 (53905),5.134045344248152e-06
EXP_LAMTOR4 (389541),5.1324316172131186e-06
EXP_FOXP4 (116113),5.1307684070599e-06
EXP_FBXL20 (84961),5.123793559169762e-06
EXP_FBXO2 (26232),5.121415082746659e-06
EXP_FAT4 (79633),5.113672723110534e-06
CRISPR_VMA21 (203547),5.1098238340954035e-06
CRISPR_TIMM17A (10440),5.1089967367788965e-06
EXP_SP6 (80320),5.097866883953153e-06
CRISPR_YTHDC1 (91746),5.093137751044738e-06
CRISPR_RNF4 (6047),5.0734245786403175e-06
EXP_PSMA6 (5687),5.062863552640603e-06
CRISPR_PRSS50 (29122),5.061869964411025e-06
EXP_GOLGA6L4 (643707),5.058933578735438e-06
CRISPR_TAX1BP3 (30851),5.0588243663374675e-06
EXP_PARD3B (117583),5.0569351937799936e-06
EXP_VAMP2 (6844),5.049856917490617e-06
EXP_SMARCAD1 (56916),5.049795850694538e-06
EXP_SETDB2 (83852),5.043071769046125e-06
EXP_CNEP1R1 (255919),5.041433719824657e-06
CRISPR_PHC1 (1911),5.0370053879995475e-06
EXP_UBALD1 (124402),5.029349674215883e-06
EXP_MEAK7 (57707),5.024501069669386e-06
EXP_GLYCTK (132158),5.020452778592082e-06
EXP_SMARCA5 (8467),5.012797402200605e-06
EXP_GSS (2937),5.010219552137499e-06
EXP_RABGAP1L (9910),5.003717850536544e-06
EXP_WDR47 (22911),5.0026970199596314e-06
EXP_STXBP5 (134957),4.9904266685693386e-06
EXP_ZNF490 (57474),4.987387453414128e-06
CRISPR_MRPS27 (23107),4.974698483566112e-06
CRISPR_ID2 (3398),4.973351508117699e-06
EXP_MED10 (84246),4.968970009306309e-06
MUT_ACACA (31),4.955310182177897e-06
EXP_SEC63 (11231),4.944131068162765e-06
EXP_NYNRIN (57523),4.9437778450378285e-06
EXP_HOXB7 (3217),4.937155071834282e-06
CRISPR_TCF7 (6932),4.932876144877083e-06
EXP_ENTPD6 (955),4.922369807323972e-06
EXP_CRIPT (9419),4.9201981755856654e-06
EXP_HIRIP3 (8479),4.911811845098365e-06
EXP_DTX3 (196403),4.910646490275366e-06
CRISPR_KRTAP5-11 (440051),4.906819686932724e-06
EXP_C5AR1 (728),4.903487654863833e-06
EXP_WWC3 (55841),4.899475543741441e-06
EXP_MOSPD3 (64598),4.887753449501776e-06
CRISPR_PUS7 (54517),4.886087091697347e-06
CRISPR_RDM1 (201299),4.88026634033496e-06
EXP_TXNL4B (54957),4.87790770726727e-06
CRISPR_PTK7 (5754),4.874216809247923e-06
CRISPR_HSD17B12 (51144),4.873775286021675e-06
CRISPR_YIPF2 (78992),4.860886596866284e-06
EXP_H3C6 (8353),4.860353047626937e-06
EXP_MCRS1 (10445),4.858096371652638e-06
CRISPR_MCM3 (4172),4.833900339645548e-06
EXP_TRIM62 (55223),4.830854932461622e-06
EXP_NOL12 (79159),4.818171849116012e-06
EXP_DHX30 (22907),4.805936232597385e-06
CRISPR_BORCS7 (119032),4.801015745172571e-06
CRISPR_NUP188 (23511),4.800448745910195e-06
CRISPR_UTP25 (27042),4.7934000840735254e-06
EXP_SHF (90525),4.792456572103649e-06
EXP_EXOC7 (23265),4.792373625924407e-06
EXP_SGMS1 (259230),4.786407347693467e-06
EXP_BRD3OS (266655),4.782129682707081e-06
CRISPR_C8orf88 (100127983),4.7714252608223185e-06
EXP_TAS2R5 (54429),4.76810735344831e-06
CRISPR_SZRD1 (26099),4.761113994648262e-06
EXP_PBK (55872),4.759641862051204e-06
EXP_GSTO1 (9446),4.758345221554383e-06
EXP_MTG1 (92170),4.749984202391441e-06
EXP_SLC36A1 (206358),4.749454616117646e-06
EXP_RPGR (6103),4.74590460232514e-06
CRISPR_SKAP1 (8631),4.742853490922312e-06
EXP_UROD (7389),4.741762237808153e-06
EXP_FAXDC2 (10826),4.72754629509668e-06
EXP_ZNF766 (90321),4.727287921098596e-06
CRISPR_ZNF697 (90874),4.718678494371322e-06
EXP_PFDN4 (5203),4.716779513835349e-06
EXP_CTCF (10664),4.71669398989079e-06
EXP_SLC22A1 (6580),4.7164133681450955e-06
CRISPR_MMP25 (64386),4.707677713948432e-06
CRISPR_MMP23B (8510),4.7057310941493514e-06
EXP_MVD (4597),4.693983048966355e-06
CRISPR_MRPL16 (54948),4.689635138871515e-06
CRISPR_LRRC71 (149499),4.688993400346041e-06
EXP_DNAJB12 (54788),4.688027762144515e-06
EXP_STAP2 (55620),4.67588175036193e-06
CRISPR_MOK (5891),4.669349225956838e-06
CRISPR_SGO1 (151648),4.665507194455546e-06
CRISPR_EEF2KMT (196483),4.656023767473085e-06
CRISPR_TEX10 (54881),4.647499883626857e-06
CRISPR_GATA3 (2625),4.638959374690224e-06
CRISPR_DUSP22 (56940),4.635676083122065e-06
EXP_PFKFB4 (5210),4.631634839012954e-06
CRISPR_SLC39A10 (57181),4.628941712631294e-06
CRISPR_ZNFX1 (57169),4.6242496809689095e-06
CRISPR_RITA1 (84934),4.623368441030199e-06
CRISPR_NGLY1 (55768),4.622685180557519e-06
CRISPR_B4GALNT2 (124872),4.620465728454686e-06
EXP_LIPE (3991),4.618295515282561e-06
CRISPR_SLC25A10 (1468),4.617952283367252e-06
EXP_NCAPH (23397),4.611797665775892e-06
EXP_NMB (4828),4.610459886937617e-06
EXP_ATF6B (1388),4.608064229363678e-06
CRISPR_CD101 (9398),4.604604829506608e-06
CRISPR_NIPSNAP3B (55335),4.602054045625239e-06
EXP_NT5E (4907),4.600614696042752e-06
EXP_TTC32 (130502),4.5988747524200886e-06
CRISPR_ACD (65057),4.597286986229533e-06
EXP_FBXW8 (26259),4.594624047487831e-06
EXP_DOK4 (55715),4.594583375405553e-06
EXP_KPNA2 (3838),4.582969823508389e-06
CRISPR_SLC35B1 (10237),4.578130804089431e-06
EXP_CCNA2 (890),4.573579752717834e-06
MUT_EVI5 (7813),4.567136909432179e-06
EXP_DCLRE1B (64858),4.563456629470835e-06
CRISPR_CTBP2 (1488),4.56239282422652e-06
EXP_COTL1 (23406),4.553773559618082e-06
EXP_ITGA7 (3679),4.55093463528601e-06
EXP_ZBTB8A (653121),4.547584219887399e-06
EXP_ACD (65057),4.543191268069364e-06
EXP_ACOXL (55289),4.5401014064099286e-06
EXP_SPA17 (53340),4.531965861691853e-06
CRISPR_ANKRD22 (118932),4.528685098260458e-06
EXP_ACOT7 (11332),4.527423208467963e-06
EXP_RHOT2 (89941),4.5272970163033835e-06
CRISPR_CBY1 (25776),4.52303807218931e-06
CRISPR_NPAS4 (266743),4.5174145425425184e-06
EXP_RFX5 (5993),4.506697827742982e-06
EXP_TLE3 (7090),4.50132695244623e-06
EXP_BCAS2 (10286),4.4881441950509395e-06
EXP_NADK2 (133686),4.487673566688214e-06
CRISPR_TEKT4 (150483),4.4841649148365515e-06
EXP_SLC35B4 (84912),4.4810193847191996e-06
CRISPR_MRPS16 (51021),4.473035918352641e-06
CRISPR_AKTIP (64400),4.472925071084228e-06
EXP_C2orf68 (388969),4.472570596460587e-06
CRISPR_NFKBIE (4794),4.462684913514833e-06
CRISPR_TTC9C (283237),4.462133405936383e-06
EXP_AP2S1 (1175),4.443174471996487e-06
EXP_NLN (57486),4.4413555143299495e-06
CRISPR_RPL22 (6146),4.439455776567669e-06
EXP_UBL5 (59286),4.432441596295597e-06
CRISPR_FXYD1 (5348),4.431485029989978e-06
CRISPR_COQ2 (27235),4.426797467429354e-06
CRISPR_PPIP5K2 (23262),4.418828990453404e-06
EXP_BRME1 (79173),4.410565499458485e-06
EXP_MT1E (4493),4.389306773409269e-06
CRISPR_NFE2L3 (9603),4.389105857593862e-06
EXP_SLC41A3 (54946),4.389048497652417e-06
EXP_KBTBD2 (25948),4.386996041419017e-06
EXP_TRABD2A (129293),4.38449078576737e-06
EXP_NIP7 (51388),4.381732349295376e-06
EXP_RITA1 (84934),4.377762199623941e-06
CRISPR_HTR7 (3363),4.375125491943771e-06
CRISPR_PNPT1 (87178),4.351715186899091e-06
CRISPR_AHNAK (79026),4.34677732914443e-06
CRISPR_EAF1 (85403),4.344302529989439e-06
EXP_GFPT1 (2673),4.34154961377707e-06
CRISPR_RENBP (5973),4.3388231422749e-06
EXP_RBM22 (55696),4.337091236807546e-06
EXP_LMAN2 (10960),4.333919000554078e-06
EXP_NFATC3 (4775),4.32729009946502e-06
CRISPR_NME2 (4831),4.317883378817834e-06
EXP_AFG2B (79029),4.30584299825534e-06
CRISPR_CD58 (965),4.303052326437074e-06
CRISPR_MS4A5 (64232),4.301416639416274e-06
CRISPR_PSG8 (440533),4.298761310548773e-06
EXP_CKMT2 (1160),4.293695658019869e-06
EXP_ZFAND5 (7763),4.288704273605456e-06
CRISPR_SUPT20H (55578),4.287753246496538e-06
CRISPR_CASTOR1 (652968),4.281043255668645e-06
CRISPR_DRAP1 (10589),4.26883839766496e-06
CRISPR_TULP1 (7287),4.26578035476029e-06
EXP_PIF1 (80119),4.258336167867453e-06
CRISPR_KIAA1328 (57536),4.255713211332202e-06
EXP_FANCD2OS (115795),4.252678299282481e-06
EXP_NAALAD2 (10003),4.244506344392961e-06
EXP_FAM210A (125228),4.236069637272326e-06
EXP_TIMP4 (7079),4.235937848646005e-06
CRISPR_TBC1D10C (374403),4.217900384119341e-06
EXP_RP9 (6100),4.21511723401663e-06
CRISPR_NDUFB10 (4716),4.214901403376757e-06
EXP_MLEC (9761),4.214891122033853e-06
CRISPR_KIAA1143 (57456),4.214004289381755e-06
CRISPR_LMNTD1 (160492),4.209249847231766e-06
EXP_KDM5B (10765),4.2030356262928384e-06
EXP_BBS4 (585),4.202808427666946e-06
CRISPR_TLK2 (11011),4.200921403350213e-06
CRISPR_NCL (4691),4.19775919538166e-06
EXP_FBXO34 (55030),4.191407895196577e-06
EXP_EIF2S3B (255308),4.179158796636879e-06
EXP_CHST12 (55501),4.176331637471811e-06
EXP_ATP5F1C (509),4.152138109099011e-06
EXP_SMIM20 (389203),4.143232555912906e-06
CRISPR_PPM1J (333926),4.1396632825322306e-06
EXP_EPS8L3 (79574),4.134627983045894e-06
CRISPR_POTEC (388468),4.1318501934369625e-06
EXP_CDK13 (8621),4.128538887181953e-06
CRISPR_BPNT1 (10380),4.128033479853711e-06
EXP_CAPG (822),4.127238670232128e-06
EXP_MAD2L1BP (9587),4.124577364701622e-06
EXP_HIVEP1 (3096),4.121936040534369e-06
EXP_MAPRE3 (22924),4.119466973794918e-06
CRISPR_ARHGEF28 (64283),4.1131071532524485e-06
EXP_TCP1 (6950),4.112296587463735e-06
CRISPR_LRP5 (4041),4.109702437662704e-06
CRISPR_TUBD1 (51174),4.107956642500905e-06
EXP_RHOA (387),4.105292815884123e-06
EXP_COA8 (84334),4.102371110373118e-06
CRISPR_HGS (9146),4.100674079335801e-06
EXP_SRGAP1 (57522),4.099299624166255e-06
CRISPR_MASP2 (10747),4.096997217794156e-06
EXP_GLOD4 (51031),4.0941527928755885e-06
CRISPR_FKBP2 (2286),4.089880413721086e-06
CRISPR_FKBP8 (23770),4.08817660338999e-06
EXP_MT-ATP6 (4508),4.085992193868718e-06
EXP_PCNX3 (399909),4.08144831250299e-06
EXP_HPX (3263),4.071839522987386e-06
CRISPR_CAPRIN1 (4076),4.065643449979613e-06
EXP_SPECC1L (23384),4.064207205376971e-06
CRISPR_MRPL50 (54534),4.063417161679585e-06
EXP_CC2D1B (200014),4.060837655630528e-06
CRISPR_CILP2 (148113),4.057045159446262e-06
CRISPR_TBC1D30 (23329),4.056629311439491e-06
EXP_FAM114A1 (92689),4.050992618912956e-06
CRISPR_CXorf58 (254158),4.047040113202413e-06
EXP_SLC25A14 (9016),4.04656946627457e-06
CRISPR_NDUFB5 (4711),4.0446591413370026e-06
EXP_ANKRD61 (100310846),4.0418638581090235e-06
CRISPR_LRCH4 (4034),4.038844833171533e-06
EXP_MPV17L2 (84769),4.0365434773532825e-06
CRISPR_AKR1B15 (441282),4.033874015266744e-06
EXP_STAT4 (6775),4.030124708229648e-06
EXP_TSNAX (7257),4.0273352418635575e-06
CRISPR_C16orf74 (404550),4.021467803826968e-06
CRISPR_MOCS3 (27304),4.019799335242023e-06
CRISPR_FOXO1 (2308),4.006577303666428e-06
EXP_ZFYVE27 (118813),4.004939764441236e-06
EXP_ZNF276 (92822),3.990164400222446e-06
CRISPR_MTPAP (55149),3.987504205896829e-06
EXP_TUBG2 (27175),3.9802409625570815e-06
CRISPR_EWSR1 (2130),3.9790134298228695e-06
EXP_CCL20 (6364),3.9778356210414205e-06
CRISPR_NPHS1 (4868),3.975647733307177e-06
CRISPR_KDSR (2531),3.971308516861093e-06
CRISPR_CTNND1 (1500),3.95882841811353e-06
CRISPR_SETD1A (9739),3.958805983815957e-06
CRISPR_ZDHHC22 (283576),3.957580400778573e-06
EXP_FBN1 (2200),3.9549786801218635e-06
EXP_TMOD1 (7111),3.954268367740421e-06
EXP_COQ4 (51117),3.952645765376685e-06
CRISPR_H3-5 (440093),3.9518765805633425e-06
CRISPR_C12orf71 (728858),3.945715619595667e-06
EXP_NCOA2 (10499),3.9374151071103816e-06
EXP_ZNF850 (342892),3.936654748511262e-06
CRISPR_GPC6 (10082),3.932402069432184e-06
EXP_GNPTG (84572),3.929761075380221e-06
CRISPR_NDUFA5 (4698),3.929463988745684e-06
EXP_TMEM181 (57583),3.9272425616630625e-06
EXP_AKIRIN2 (55122),3.914654322841172e-06
EXP_MZB1 (51237),3.911366451720847e-06
EXP_METTL23 (124512),3.899622909393619e-06
CRISPR_RXRA (6256),3.899104744545007e-06
EXP_RNF43 (54894),3.89574481391521e-06
CRISPR_DDX39A (10212),3.887990296609907e-06
CRISPR_MED18 (54797),3.8863527717040805e-06
CRISPR_NEK1 (4750),3.882165470897063e-06
EXP_PRDM2 (7799),3.878497323917795e-06
EXP_EDEM3 (80267),3.8774577147807385e-06
EXP_ABCC11 (85320),3.8680450731377915e-06
CRISPR_C22orf23 (84645),3.865731297749011e-06
EXP_PGAP1 (80055),3.8639517989134925e-06
EXP_LIF (3976),3.862176765027572e-06
CRISPR_CNOT11 (55571),3.861929944491115e-06
EXP_MATN1 (4146),3.8614504495808845e-06
CRISPR_RBM19 (9904),3.853198817245225e-06
EXP_ZNF491 (126069),3.849477110444932e-06
EXP_ATP2A3 (489),3.824668240265249e-06
EXP_SIDT2 (51092),3.824151127979497e-06
MUT_NAA15 (80155),3.8216043556456456e-06
EXP_RNF5 (6048),3.817079448351533e-06
EXP_RASGEF1B (153020),3.809893762633053e-06
CRISPR_SREK1IP1 (285672),3.8022752520481996e-06
CRISPR_CROCC (9696),3.800983575255151e-06
CRISPR_TAF13 (6884),3.7975177743051893e-06
EXP_TESMIN (9633),3.789519075900846e-06
CRISPR_TMEM11 (8834),3.789220105820123e-06
EXP_PDCD11 (22984),3.783009977364236e-06
EXP_FOXRED1 (55572),3.7758313553485264e-06
CRISPR_PRORP (9692),3.773064138114822e-06
CRISPR_ATOSB (80256),3.7540975076303896e-06
EXP_NPIPB15 (440348),3.753038103254131e-06
EXP_SELENON (57190),3.7468629072879004e-06
CRISPR_GLRX5 (51218),3.7410958682309307e-06
EXP_CFAP263 (29070),3.732332517279341e-06
EXP_IRAK1 (3654),3.7276766675053086e-06
EXP_NOS1AP (9722),3.72415605117477e-06
EXP_ZNF485 (220992),3.7240629948952015e-06
CRISPR_SPAG5 (10615),3.723589867523667e-06
EXP_TKT (7086),3.720877225312133e-06
CRISPR_MRPL41 (64975),3.71129835708083e-06
EXP_CBX6 (23466),3.7087504845970743e-06
EXP_FZD2 (2535),3.7065679301669787e-06
EXP_LAPTM4A (9741),3.7026685844530797e-06
CRISPR_USH1G (124590),3.69825546512384e-06
CRISPR_TENT2 (167153),3.6934499434243386e-06
CRISPR_ZNF780B (163131),3.693193624275958e-06
CRISPR_RHEBL1 (121268),3.6856359245772375e-06
EXP_LYPD6 (130574),3.6725923433593724e-06
CRISPR_PRAC1 (84366),3.6722786006495e-06
CRISPR_VASN (114990),3.6719286366184794e-06
CRISPR_ELP1 (8518),3.6689608040294035e-06
CRISPR_CINP (51550),3.668544905549115e-06
EXP_MIEN1 (84299),3.6574534419300376e-06
EXP_IL20RB (53833),3.646502644931923e-06
CRISPR_MFNG (4242),3.64575140266723e-06
EXP_SBNO1 (55206),3.643061652267481e-06
CRISPR_CCDC59 (29080),3.641804021708618e-06
CRISPR_SAR1B (51128),3.6314718694413577e-06
EXP_RSAD2 (91543),3.6232923309995213e-06
CRISPR_IGF1R (3480),3.6221644240768877e-06
CRISPR_ACTR1B (10120),3.6218387648857227e-06
EXP_TMEM254 (80195),3.613674109738818e-06
CRISPR_FMNL1 (752),3.61056473656675e-06
EXP_ADCY9 (115),3.6083359858907274e-06
EXP_SLC25A26 (115286),3.6062802861620467e-06
CRISPR_MYO10 (4651),3.603834978809567e-06
EXP_MEAF6 (64769),3.594864838484867e-06
EXP_C5orf22 (55322),3.5945449335082192e-06
CRISPR_EDEM2 (55741),3.590506885014326e-06
CRISPR_SCAF1 (58506),3.5818245680225738e-06
EXP_ADAM17 (6868),3.5749116317809993e-06
CRISPR_ARMH3 (79591),3.574840065642984e-06
EXP_PDZD11 (51248),3.570001676813777e-06
EXP_RPAP2 (79871),3.5655748421063223e-06
EXP_DYNLL1 (8655),3.55745009522429e-06
EXP_CCT2 (10576),3.5573623406772704e-06
EXP_MAGEA4 (4103),3.5572732404617775e-06
EXP_GPNMB (10457),3.548683360894063e-06
EXP_EEF1E1 (9521),3.539510359466144e-06
EXP_HAUS2 (55142),3.5376962376964083e-06
EXP_ZNF561 (93134),3.5310652086937407e-06
CRISPR_METTL14 (57721),3.5216715057587725e-06
CRISPR_MEA1 (4201),3.5166713523010673e-06
CRISPR_ADAMTSL4 (54507),3.5149670395856587e-06
CRISPR_P4HA3 (283208),3.508072914927777e-06
EXP_MPP1 (4354),3.5071561752892927e-06
CRISPR_HDDC3 (374659),3.5050637617752836e-06
EXP_WDR45 (11152),3.5017724983426414e-06
EXP_GGN (199720),3.4995379134215953e-06
EXP_RGS9BP (388531),3.499389103475626e-06
CRISPR_SOS1 (6654),3.494062468608499e-06
EXP_CRACD (57482),3.4693211370408887e-06
CRISPR_ZFP69 (339559),3.4618664409167845e-06
CRISPR_MS4A8 (83661),3.4602127742673176e-06
CRISPR_HADH (3033),3.454587465882258e-06
CRISPR_INTS8 (55656),3.4542623368532394e-06
EXP_CYP26A1 (1592),3.453294887112175e-06
EXP_IGF1R (3480),3.4500656636847146e-06
EXP_TNS1 (7145),3.4482699300395493e-06
EXP_MRPL49 (740),3.4478866711119706e-06
CRISPR_ARHGAP33 (115703),3.44424955335564e-06
CRISPR_RAB7A (7879),3.4396536970132323e-06
CRISPR_BMPR1A (657),3.4371937801773824e-06
EXP_PTPN7 (5778),3.431397172366202e-06
EXP_TIMM17B (10245),3.421366044064152e-06
CRISPR_VARS2 (57176),3.4196411142846193e-06
CRISPR_MMP19 (4327),3.4187219179479376e-06
EXP_ALDH1A3 (220),3.4158871299378607e-06
CRISPR_IRX3 (79191),3.415199977934192e-06
CRISPR_GLIPR1L1 (256710),3.406904747935658e-06
CRISPR_DDX42 (11325),3.3967468608448376e-06
EXP_KLHDC7A (127707),3.3762705752610707e-06
EXP_SLC25A13 (10165),3.362397565307076e-06
EXP_FBXL22 (283807),3.3578903332427737e-06
EXP_AP2M1 (1173),3.3551998228595183e-06
MUT_ARMCX4 (100131755),3.351290276537178e-06
CRISPR_FRMD5 (84978),3.3470650284359178e-06
EXP_ACY3 (91703),3.3401565888500864e-06
EXP_CRIM1 (51232),3.339214769386885e-06
CRISPR_SDCBP (6386),3.3386069836930298e-06
EXP_ARHGAP19 (84986),3.3370068079052696e-06
EXP_CENPM (79019),3.32874677891671e-06
EXP_PARP11 (57097),3.3257034123155946e-06
CRISPR_PI4KB (5298),3.325585372063705e-06
EXP_OSTM1 (28962),3.3234893461306473e-06
EXP_ZNF550 (162972),3.3230857655194585e-06
EXP_GSK3A (2931),3.3190836643890005e-06
CRISPR_PGM5 (5239),3.3129463665344684e-06
EXP_ATP6V0B (533),3.2993324092206818e-06
CRISPR_ENY2 (56943),3.2973870752006365e-06
EXP_PPP1CA (5499),3.283942583648385e-06
CRISPR_MRPS5 (64969),3.2831922166261093e-06
EXP_OGFRL1 (79627),3.2674206357929815e-06
CRISPR_RBM34 (23029),3.263337657522247e-06
EXP_SUB1 (10923),3.261880952567724e-06
CRISPR_BLTP3A (54887),3.261766728656529e-06
EXP_SLC1A5 (6510),3.258199333699919e-06
CRISPR_CSNK1A1L (122011),3.2567306171721972e-06
EXP_ARHGEF10L (55160),3.2546285901258783e-06
CRISPR_TUB (7275),3.2540192556605232e-06
CRISPR_AIF1 (199),3.2516435394916188e-06
CRISPR_MRPL34 (64981),3.2462007962107345e-06
EXP_DOCK7 (85440),3.2439224423600223e-06
CRISPR_STMN3 (50861),3.2371850874486106e-06
EXP_CD160 (11126),3.2292899832108734e-06
CRISPR_PIGT (51604),3.226982608284655e-06
EXP_FIS1 (51024),3.2189024560653005e-06
EXP_SERINC4 (619189),3.2163443995134585e-06
EXP_H2BC18 (440689),3.2161083025485706e-06
EXP_MYL6 (4637),3.215610135610298e-06
CRISPR_KMT5A (387893),3.2143883075889523e-06
EXP_HSD17B13 (345275),3.211538328167183e-06
CRISPR_PTOV1 (53635),3.210110388947478e-06
EXP_ARF4 (378),3.205744451837579e-06
CRISPR_HERC1 (8925),3.200003250196739e-06
CRISPR_PITPNM1 (9600),3.196247999176292e-06
EXP_TTC5 (91875),3.1929546041024836e-06
CRISPR_NOP53 (29997),3.1883694778483026e-06
CRISPR_PFDN1 (5201),3.1833956541829883e-06
EXP_ALAS1 (211),3.1828032279733656e-06
EXP_PTCD3 (55037),3.1774446986629663e-06
EXP_ZSWIM4 (65249),3.165755236823516e-06
CRISPR_DNAJC4 (3338),3.163768612451122e-06
CRISPR_ZCCHC17 (51538),3.1578418953774185e-06
EXP_PCBP1 (5093),3.1461670423021237e-06
EXP_BBS2 (583),3.133907294658059e-06
CRISPR_METTL17 (64745),3.128599971358153e-06
CRISPR_ISG15 (9636),3.1229728130616733e-06
EXP_TSPAN8 (7103),3.1207372942713834e-06
CRISPR_RBBP6 (5930),3.1127758525801305e-06
EXP_SARDH (1757),3.1116183690907338e-06
EXP_ZNF709 (163051),3.111076887179815e-06
EXP_SYCP2 (10388),3.1092714447080164e-06
EXP_C5orf15 (56951),3.0970604082860366e-06
EXP_RPL5 (6125),3.0952810716368975e-06
EXP_AK2 (204),3.088753417437859e-06
EXP_ZNF318 (24149),3.0871852148908718e-06
CRISPR_HJV (148738),3.0806897000945216e-06
CRISPR_PKN2 (5586),3.078028344298034e-06
EXP_INPP5K (51763),3.0747563980256026e-06
EXP_HSDL2 (84263),3.0703484738313544e-06
CRISPR_VPS33A (65082),3.066054538789344e-06
CRISPR_ECSIT (51295),3.059694882721265e-06
CRISPR_NME5 (8382),3.058668238082768e-06
EXP_BCL6 (604),3.0494423032413445e-06
CRISPR_NAA38 (84316),3.0463478824093636e-06
CRISPR_RUNX2 (860),3.0451534347803655e-06
EXP_RNF24 (11237),3.039402426146778e-06
CRISPR_DDX19B (11269),3.038485445850052e-06
CRISPR_AZIN1 (51582),3.0371007508880366e-06
EXP_CARD19 (84270),3.0232216313444666e-06
CRISPR_RAD51B (5890),3.0221141815344006e-06
CRISPR_ZACN (353174),3.0023439469544486e-06
CRISPR_FAM200B (285550),2.992426476483514e-06
EXP_RXYLT1 (10329),2.992397671648737e-06
EXP_PRRC1 (133619),2.9823646652712492e-06
CRISPR_TIAM1 (7074),2.9807753543186496e-06
CRISPR_DYRK1B (9149),2.97846504840494e-06
EXP_MT-ND1 (4535),2.976288664187792e-06
CRISPR_WDR24 (84219),2.9692148356347657e-06
EXP_CPE (1363),2.960994088436146e-06
EXP_EID1 (23741),2.956771453335818e-06
CRISPR_TMEM30A (55754),2.946971903470285e-06
EXP_TCF7L2 (6934),2.9442476392571865e-06
EXP_OTUB1 (55611),2.937444876781899e-06
EXP_TAGLN3 (29114),2.9324102585157616e-06
EXP_ATP5MC2 (517),2.9227223977840804e-06
EXP_CPNE2 (221184),2.9158824324486896e-06
EXP_MTSS2 (92154),2.9154010327068918e-06
EXP_ZNF117 (51351),2.9000337471694298e-06
EXP_RIOK1 (83732),2.889985804133151e-06
CRISPR_FOXH1 (8928),2.889534948559341e-06
CRISPR_ZW10 (9183),2.889243793608223e-06
EXP_TDRD3 (81550),2.8877675784687447e-06
EXP_CD79B (974),2.8868688642811217e-06
CRISPR_FAR2 (55711),2.885431792030388e-06
CRISPR_DAP3 (7818),2.8635108891601203e-06
EXP_TPCN1 (53373),2.8504548080396577e-06
CRISPR_MRPL32 (64983),2.850116766224402e-06
EXP_CTDNEP1 (23399),2.8479766953011574e-06
EXP_ZBTB20 (26137),2.8388398393125997e-06
CRISPR_ZCRB1 (85437),2.831261311665077e-06
EXP_MBD5 (55777),2.82853682372896e-06
CRISPR_KIFAP3 (22920),2.8255078911647155e-06
EXP_GATAD1 (57798),2.8219894318580767e-06
EXP_PWWP2B (170394),2.8181977630738986e-06
CRISPR_NT5C (30833),2.8119096523623937e-06
CRISPR_MIX23 (131076),2.8027082830991795e-06
CRISPR_JAZF1 (221895),2.7881747464427343e-06
EXP_TPM4 (7171),2.781887389942303e-06
CRISPR_COPS8 (10920),2.771044692817702e-06
CRISPR_AVPI1 (60370),2.7707400943195296e-06
CRISPR_NFRKB (4798),2.7688553061642894e-06
CRISPR_MPZL1 (9019),2.768528060686401e-06
CRISPR_SSR3 (6747),2.768099880952149e-06
EXP_MGAT2 (4247),2.7652316881287367e-06
CRISPR_MRE11 (4361),2.7604616662322337e-06
EXP_MTOR (2475),2.7571312851651406e-06
EXP_TMEM94 (9772),2.7531494405770985e-06
EXP_PIGM (93183),2.7489803809689873e-06
CRISPR_FOSB (2354),2.747309126232189e-06
CRISPR_MYBPC3 (4607),2.7356157369685826e-06
EXP_WIPI2 (26100),2.7350393865191465e-06
EXP_GLE1 (2733),2.732382865743564e-06
EXP_EVPL (2125),2.7094834053370944e-06
CRISPR_ATG9A (79065),2.708622908292162e-06
EXP_GNG5 (2787),2.7076034729097083e-06
EXP_TCF25 (22980),2.6968091979130795e-06
CRISPR_CCNE2 (9134),2.694341271182069e-06
EXP_PFKP (5214),2.6880507578938965e-06
EXP_PRR29 (92340),2.6824843025768203e-06
CRISPR_IGHMBP2 (3508),2.6786257573281086e-06
CRISPR_ATP5MK (84833),2.673597084669236e-06
CRISPR_GTF3C5 (9328),2.6637753252306805e-06
EXP_RABGEF1 (27342),2.663112843635488e-06
EXP_ITGB3BP (23421),2.6613541903172694e-06
CRISPR_LOXL3 (84695),2.6456019279974686e-06
EXP_HMCN1 (83872),2.6425410661205444e-06
EXP_ANKRD34A (284615),2.6380851990496005e-06
CRISPR_PIM3 (415116),2.6332830125056258e-06
CRISPR_FOLR1 (2348),2.625243058309336e-06
EXP_IDE (3416),2.6112777665810497e-06
CRISPR_GRK3 (157),2.608064750030256e-06
CRISPR_MRPL11 (65003),2.603206095779411e-06
EXP_AVL9 (23080),2.60157851882603e-06
CRISPR_CAB39 (51719),2.5972562177140416e-06
CRISPR_RAB23 (51715),2.5959071120210322e-06
CRISPR_PTPN11 (5781),2.58716369727222e-06
CRISPR_MRPL21 (219927),2.586470658682926e-06
EXP_LRRC7 (57554),2.571319072496521e-06
EXP_RPS3 (6188),2.567671745709823e-06
EXP_RBM18 (92400),2.5624430506079824e-06
EXP_SLC44A3 (126969),2.558723675450615e-06
EXP_RPL13A (23521),2.556092823085188e-06
CRISPR_ZFAND3 (60685),2.5428637238124046e-06
EXP_C8orf33 (65265),2.5367322896596603e-06
CRISPR_ATG16L2 (89849),2.5332523503918147e-06
EXP_SNRPE (6635),2.5294486530563693e-06
EXP_CSNK2A3 (283106),2.5286850124985258e-06
EXP_VTA1 (51534),2.520065849445069e-06
EXP_CNPY3 (10695),2.5032997036898924e-06
MUT_AMPH (273),2.502899558891158e-06
EXP_PGBD4 (161779),2.5008944320824334e-06
EXP_KMT5A (387893),2.4919969299107656e-06
EXP_BRAF (673),2.474366378432618e-06
EXP_SLC31A1 (1317),2.4739120838340247e-06
CRISPR_ACTRT2 (140625),2.4736491617404307e-06
EXP_ADAM21 (8747),2.4652327567563292e-06
EXP_PHF12 (57649),2.4617002073789304e-06
EXP_LRRC3 (81543),2.459711196299907e-06
CRISPR_MRPL4 (51073),2.4590058519466405e-06
CRISPR_CDCA3 (83461),2.45864380767536e-06
CRISPR_TM2D1 (83941),2.447858973485781e-06
EXP_PKD2L2 (27039),2.4469097053896777e-06
EXP_RPRD2 (23248),2.4388378711774057e-06
CRISPR_ORC2 (4999),2.4333652631323457e-06
CRISPR_ZFP69B (65243),2.4302709841422757e-06
CRISPR_DMKN (93099),2.4256819470897704e-06
CRISPR_CSNK1G1 (53944),2.4233634731905946e-06
EXP_TRNT1 (51095),2.419782171876929e-06
EXP_TGFBI (7045),2.4054048894721926e-06
EXP_RND2 (8153),2.403462032825828e-06
EXP_EPRS1 (2058),2.398587947746044e-06
EXP_MAP2K6 (5608),2.396030636136104e-06
CRISPR_MFRP (83552),2.3958117535389228e-06
EXP_CNOT6 (57472),2.3944860592648444e-06
CRISPR_GJA5 (2702),2.392425963752994e-06
EXP_CINP (51550),2.390170437738339e-06
CRISPR_MCRS1 (10445),2.3894508098141138e-06
EXP_FBXW11 (23291),2.382359985810121e-06
CRISPR_TAAR2 (9287),2.3745812012097325e-06
CRISPR_RTF1 (23168),2.3737328106901333e-06
EXP_DENR (8562),2.3705114563369324e-06
EXP_SPEG (10290),2.3663141977946578e-06
EXP_IFIT2 (3433),2.365275730077596e-06
EXP_POLH (5429),2.3593130432403503e-06
CRISPR_SERPIND1 (3053),2.3494528158038933e-06
CRISPR_NME9 (347736),2.339352835694769e-06
CRISPR_GMEB2 (26205),2.3345890229531012e-06
EXP_TSSK4 (283629),2.3230101540048525e-06
CRISPR_VNN2 (8875),2.3176458908106574e-06
CRISPR_HOXA6 (3203),2.303006236880819e-06
EXP_PHYKPL (85007),2.2998208159643544e-06
CRISPR_CYP4F2 (8529),2.2904340320723297e-06
EXP_PTPN3 (5774),2.2898393956062303e-06
EXP_PXYLP1 (92370),2.280435570986496e-06
EXP_H2AZ1 (3015),2.2793317849289394e-06
EXP_PNMT (5409),2.2773444359247602e-06
EXP_KMT2C (58508),2.271381373649272e-06
CRISPR_SMARCB1 (6598),2.2690297731132933e-06
EXP_EHHADH (1962),2.268399728413279e-06
CRISPR_AFDN (4301),2.2494542739999493e-06
CRISPR_MRPS6 (64968),2.2444169975904847e-06
EXP_LSS (4047),2.234386019542116e-06
CRISPR_IFNLR1 (163702),2.232736653904252e-06
CRISPR_MRPL9 (65005),2.2287019847484865e-06
CRISPR_GTF2H1 (2965),2.219540467174623e-06
CRISPR_EPCAM (4072),2.193562839302074e-06
EXP_PROX2 (283571),2.1902239509545545e-06
CRISPR_CRYGB (1419),2.183401825506831e-06
EXP_CDC16 (8881),2.1814549825960157e-06
CRISPR_UPB1 (51733),2.1804599976388354e-06
EXP_TRIAP1 (51499),2.177262235834233e-06
EXP_ANKRD12 (23253),2.1693157901743787e-06
CRISPR_SRRT (51593),2.1677626041499355e-06
EXP_COMMD5 (28991),2.161670394715678e-06
CRISPR_CMPK1 (51727),2.1598878718002433e-06
EXP_RETSAT (54884),2.154334858273531e-06
CRISPR_KLHL7 (55975),2.1502697320637154e-06
CRISPR_VAV2 (7410),2.1415326863766984e-06
EXP_SLC35F5 (80255),2.1323043822433385e-06
CRISPR_SELENOK (58515),2.1304739440727454e-06
CRISPR_SNX11 (29916),2.1252423226233608e-06
CRISPR_LAP3 (51056),2.123915578648445e-06
EXP_FBLN2 (2199),2.123692791476656e-06
EXP_KRBA2 (124751),2.113344730663968e-06
EXP_PRRX1 (5396),2.102036258342144e-06
CRISPR_DHX36 (170506),2.093506441623372e-06
EXP_DDX27 (55661),2.0768892849092272e-06
EXP_ZNF678 (339500),2.0753045955581813e-06
CRISPR_FAM136A (84908),2.0497293621829486e-06
CRISPR_H2AC25 (92815),2.0472099845450855e-06
CRISPR_PDPK1 (5170),2.043644837557122e-06
CRISPR_CENPT (80152),2.0425521317443656e-06
CRISPR_XBP1 (7494),2.0361915552745234e-06
EXP_ZNF778 (197320),2.0229434154192993e-06
CRISPR_IPO7 (10527),2.0187008663550925e-06
EXP_SLC35A2 (7355),2.003641059059978e-06
EXP_SLC16A14 (151473),2.001140846017708e-06
EXP_GALNT16 (57452),1.9980665577795885e-06
EXP_DENND1B (163486),1.995365717586796e-06
CRISPR_ACP6 (51205),1.974113109410293e-06
EXP_BCOR (54880),1.9652196982030646e-06
CRISPR_GAS1 (2619),1.9625796405768497e-06
EXP_WDR70 (55100),1.9624132155678782e-06
CRISPR_MBOAT1 (154141),1.9593896113212516e-06
CRISPR_TRIM23 (373),1.952719956852378e-06
EXP_RRP8 (23378),1.9498784177596214e-06
CRISPR_VIPAS39 (63894),1.947453230496154e-06
EXP_TTC23 (64927),1.947359505310023e-06
CRISPR_DNAH7 (56171),1.922708524095901e-06
CRISPR_SMARCAL1 (50485),1.9188821219332006e-06
CRISPR_ERBB4 (2066),1.9186670080137703e-06
CRISPR_E2F2 (1870),1.9119476367223737e-06
CRISPR_SUSD2 (56241),1.9095418879848402e-06
EXP_SFTPD (6441),1.8922128739238373e-06
CRISPR_DNPH1 (10591),1.8872855954271787e-06
CRISPR_GPR171 (29909),1.8866681121443181e-06
EXP_RASAL1 (8437),1.8852376377955374e-06
CRISPR_ZBTB12 (221527),1.8847158653604527e-06
CRISPR_AFG2A (166378),1.871327530049624e-06
EXP_YRDC (79693),1.8556462969630626e-06
EXP_LAIR1 (3903),1.853911588621031e-06
EXP_PSMG2 (56984),1.853391652046715e-06
CRISPR_MRPL35 (51318),1.849447934541158e-06
EXP_PPM1L (151742),1.8400813871460064e-06
EXP_PHF8 (23133),1.8355621553886635e-06
EXP_IFIT3 (3437),1.8335697681402205e-06
CRISPR_SPEM1 (374768),1.829750780849734e-06
EXP_PLBD2 (196463),1.8283782736354255e-06
CRISPR_ATP5F1C (509),1.822770232690089e-06
CRISPR_HDHD5 (27440),1.821623285860984e-06
EXP_NYAP1 (222950),1.8078821529499823e-06
EXP_HCN3 (57657),1.7948274337525213e-06
CRISPR_KLHL20 (27252),1.7910832036831785e-06
CRISPR_PRDX5 (25824),1.7891505057023778e-06
CRISPR_PLAC8L1 (153770),1.7834249136398843e-06
EXP_UXS1 (80146),1.7716388998779286e-06
CRISPR_FANCF (2188),1.7441002637801908e-06
CRISPR_DAG1 (1605),1.7438353200703645e-06
CRISPR_HOXC5 (3222),1.7289333226626125e-06
EXP_PGS1 (9489),1.7226668965889905e-06
CRISPR_ELOVL1 (64834),1.7216545410546026e-06
EXP_MBD1 (4152),1.7189116359631893e-06
EXP_PPP4C (5531),1.7108663228752197e-06
CRISPR_ANKZF1 (55139),1.7074803457707546e-06
CRISPR_TEX44 (165100),1.7058934260689168e-06
EXP_WDR97 (340390),1.6958177910811949e-06
CRISPR_EML1 (2009),1.6956521068901955e-06
CRISPR_TRIM14 (9830),1.6929021073612166e-06
EXP_ZNF420 (147923),1.6900403895059055e-06
CRISPR_DMRTA2 (63950),1.678019236090381e-06
CRISPR_NSFL1C (55968),1.666163463092335e-06
EXP_SCIN (85477),1.6634832293812738e-06
EXP_ABHD15 (116236),1.66238500392814e-06
EXP_KIAA1614 (57710),1.6585287679131974e-06
EXP_GSN (2934),1.6565238752717231e-06
CRISPR_TOP3B (8940),1.654067410197876e-06
EXP_PTGES (9536),1.6397187682625006e-06
CRISPR_MROH6 (642475),1.6341722860679219e-06
CRISPR_SKP2 (6502),1.6308621553557197e-06
EXP_MTHFR (4524),1.6284974935065436e-06
EXP_ZNF302 (55900),1.5961328262465308e-06
CRISPR_NACC1 (112939),1.5943389720451937e-06
EXP_BMP4 (652),1.5844220999266227e-06
CRISPR_PRPF3 (9129),1.581300718352482e-06
CRISPR_TNRC6B (23112),1.5795576156929676e-06
CRISPR_ATP13A3 (79572),1.5707443709109923e-06
EXP_ZNF112 (7771),1.5656114489306977e-06
CRISPR_CD248 (57124),1.5635050343372764e-06
EXP_ZEB2 (9839),1.554314747282234e-06
EXP_LOX (4015),1.551862644541186e-06
CRISPR_FADS2 (9415),1.5417189466688296e-06
EXP_GNG2 (54331),1.5350545139084077e-06
EXP_DNAJC8 (22826),1.534159197652963e-06
EXP_WASHC2C (253725),1.530478206151859e-06
EXP_BLVRA (644),1.527762852256057e-06
CRISPR_UBQLN1 (29979),1.5245897693992293e-06
EXP_MAN2C1 (4123),1.523326001123638e-06
CRISPR_SCARB1 (949),1.5231363536460637e-06
CRISPR_KCNJ9 (3765),1.5221963906268436e-06
EXP_GPR61 (83873),1.5185715206493272e-06
CRISPR_RPL28 (6158),1.50966503764691e-06
EXP_EBP (10682),1.4568070027384244e-06
EXP_ZNF85 (7639),1.4542010871200464e-06
EXP_NHEJ1 (79840),1.4440976943712774e-06
CRISPR_VPS18 (57617),1.4412529225664124e-06
EXP_TMUB1 (83590),1.439264734062863e-06
EXP_DNAJA2 (10294),1.42915428342129e-06
CRISPR_EGLN1 (54583),1.4284049278350635e-06
CRISPR_MIOS (54468),1.4264817795435248e-06
CRISPR_MRPS23 (51649),1.396937712374423e-06
CRISPR_DTHD1 (401124),1.3921091374310093e-06
EXP_RAB11FIP5 (26056),1.3794269285780252e-06
EXP_RCOR2 (283248),1.3686201637676076e-06
CRISPR_PGAP6 (58986),1.367021004308802e-06
CRISPR_BDP1 (55814),1.3501379349285187e-06
EXP_NCKIPSD (51517),1.3474269809093253e-06
CRISPR_KLHDC8A (55220),1.3413132980391924e-06
CRISPR_MEF2D (4209),1.3364385379197117e-06
EXP_JRK (8629),1.3280803881732617e-06
EXP_RMDN1 (51115),1.3255057964960864e-06
CRISPR_SPACA7 (122258),1.319068290299849e-06
EXP_RNH1 (6050),1.315030273052853e-06
EXP_SNRPN (6638),1.2904866907439967e-06
EXP_HLTF (6596),1.2831862230980798e-06
CRISPR_C16orf90 (646174),1.2661043745968487e-06
CRISPR_SRSF9 (8683),1.2584157022262955e-06
EXP_ZC3H10 (84872),1.2481211152185972e-06
CRISPR_TSNARE1 (203062),1.215845991634098e-06
CRISPR_MACF1 (23499),1.2156427804571496e-06
EXP_NANOS1 (340719),1.211663575555333e-06
EXP_CSNK2B (1460),1.1940107196361778e-06
EXP_KLHDC7B (113730),1.1549312015400637e-06
CRISPR_DPF1 (8193),1.1388663257440582e-06
EXP_IVD (3712),1.1382559414003907e-06
EXP_CDKL2 (8999),1.115021075637857e-06
EXP_TMED9 (54732),1.113584420848488e-06
CRISPR_COG7 (91949),1.0990296185239513e-06
EXP_OARD1 (221443),1.0871177205680434e-06
CRISPR_NUP98 (4928),1.0765802734879461e-06
EXP_BLOC1S5 (63915),1.051084851482777e-06
EXP_ZNF79 (7633),1.0501586546031076e-06
EXP_SBF1 (6305),1.0349411153591504e-06
EXP_ZNF724 (440519),1.0226365264959673e-06
EXP_MED20 (9477),1.0166473752652293e-06
EXP_BTF3L4 (91408),1.0141018625278374e-06
CRISPR_SLC16A5 (9121),1.001147078203185e-06
CRISPR_LIG1 (3978),9.84812409722202e-07
EXP_KDM1A (23028),9.717613379601635e-07
EXP_TMEM250 (90120),9.672459240733047e-07
EXP_PRDX3 (10935),9.599237369671209e-07
CRISPR_COA8 (84334),9.552079381854176e-07
CRISPR_NUBP2 (10101),9.435720528368776e-07
CRISPR_MFAP2 (4237),9.361276927992155e-07
CRISPR_ETV3 (2117),9.331397300577079e-07
CRISPR_MRPL57 (78988),9.123138046464853e-07
CRISPR_VEGFB (7423),8.792783803729767e-07
EXP_BRD7 (29117),8.664090685439243e-07
CRISPR_GNL3 (26354),8.618876726124111e-07
EXP_DNAL1 (83544),8.57584115276434e-07
CRISPR_KREMEN2 (79412),8.573013089492639e-07
CRISPR_S100A9 (6280),8.554988829182372e-07
CRISPR_ABTB3 (121551),8.417256205393112e-07
CRISPR_KLHDC3 (116138),8.408192236263906e-07
EXP_TSPAN11 (441631),8.281205445208942e-07
CRISPR_RAB4B (53916),8.256978109095117e-07
EXP_ZNF22 (7570),8.228191607349718e-07
EXP_C6orf15 (29113),8.219221229005509e-07
CRISPR_CDK13 (8621),8.131487903698493e-07
CRISPR_CHRM1 (1128),8.069805207128259e-07
CRISPR_RRP36 (88745),7.932278095170065e-07
EXP_PTEN (5728),7.92793719185197e-07
EXP_FBXO41 (150726),7.925944965257565e-07
CRISPR_NTPCR (84284),7.851069445271148e-07
EXP_ECT2L (345930),7.79791736759309e-07
EXP_CDC5L (988),7.759328984735081e-07
CRISPR_GAL3ST2 (64090),7.757723885735963e-07
CRISPR_DPEP3 (64180),7.235057940218508e-07
CRISPR_DEFB125 (245938),7.139351524964594e-07
EXP_PDE4B (5142),6.885021752375258e-07
EXP_ROM1 (6094),6.567542309656845e-07
EXP_CPAMD8 (27151),6.468766342775362e-07
CRISPR_HIPK4 (147746),6.427018780168817e-07
CRISPR_XKR7 (343702),6.306987503094522e-07
EXP_CCNB1IP1 (57820),6.269719058946405e-07
EXP_GPM6A (2823),6.087951933577543e-07
CRISPR_ZNF69 (7620),5.913504402298051e-07
CRISPR_ACTN1 (87),5.893502475036078e-07
EXP_CCDC163 (126661),5.831354637434356e-07
EXP_SWT1 (54823),5.777405555406694e-07
EXP_SGK2 (10110),5.472291817514492e-07
CRISPR_OSTC (58505),4.842846189997344e-07
CRISPR_LRRCC1 (85444),4.18519460764868e-07
CRISPR_DND1 (373863),4.1621284647940783e-07
EXP_AUH (549),4.157521223468444e-07
CRISPR_PLA2G7 (7941),3.6032698150560646e-07
CRISPR_USP38 (84640),3.2314032261047266e-07
EXP_SCAMP4 (113178),3.187938661783352e-07
CRISPR_FCHSD2 (9873),3.142427706066353e-07
CRISPR_BTF3 (689),2.6418634486975663e-07
EXP_MAP7D2 (256714),2.553739654565486e-07
CRISPR_AIMP2 (7965),2.5453653124947594e-07
CRISPR_IL18BP (10068),1.902668968482921e-07
CRISPR_ATG2A (23130),1.8767200698769326e-07
CRISPR_SLC22A11 (55867),1.382347489592477e-07
CRISPR_HRH4 (59340),6.555941162270659e-08
MUT_PPP4R4 (57718),0.0
MUT_CKLF (51192),0.0
MUT_TRADD (8717),0.0
MUT_GNAO1 (2775),0.0
MUT_N4BP1 (9683),0.0
MUT_KIF26A (26153),0.0
MUT_IGHD (3495),0.0
MUT_ZYG11A (440590),0.0
MUT_MRNIP (51149),0.0
MUT_HLA-C (3107),0.0
MUT_EHMT2 (10919),0.0
MUT_NOTCH4 (4855),0.0
MUT_SLC39A7 (7922),0.0
MUT_EPHB2 (2048),0.0
MUT_KHSRP (8570),0.0
MUT_SPTBN5 (51332),0.0
MUT_MAP1A (4130),0.0
MUT_MORF4L1 (10933),0.0
MUT_NGRN (51335),0.0
MUT_FES (2242),0.0
MUT_PTX4 (390667),0.0
MUT_EME2 (197342),0.0
MUT_BICDL2 (146439),0.0
MUT_USP7 (7874),0.0
MUT_MSH4 (4438),0.0
MUT_SPARC (6678),0.0
MUT_NSG2 (51617),0.0
MUT_GRK6 (2870),0.0
MUT_C8B (732),0.0
MUT_LRRC7 (57554),0.0
MUT_LRRC40 (55631),0.0
MUT_GRM1 (2911),0.0
MUT_SMAP2 (64744),0.0
MUT_RNF220 (55182),0.0
MUT_TAL1 (6886),0.0
MUT_PCDHGB7 (56099),0.0
MUT_ENTREP3 (10712),0.0
MUT_ISG20L2 (81875),0.0
MUT_PRRC2C (23215),0.0
MUT_PHGDH (26227),0.0
MUT_PRSS48 (345062),0.0
MUT_FBXW7 (55294),0.0
MUT_DCHS2 (54798),0.0
MUT_FSTL5 (56884),0.0
MUT_FBXO8 (26269),0.0
MUT_ACSL1 (2180),0.0
MUT_MAP7D1 (55700),0.0
MUT_NIPBL (25836),0.0
MUT_SELENOP (6414),0.0
MUT_LINC02063 (105374627),0.0
MUT_KCTD15 (79047),0.0
MUT_LSR (51599),0.0
MUT_LRFN1 (57622),0.0
MUT_LRCH1 (23143),0.0
MUT_KPNA3 (3839),0.0
MUT_PCDH8 (5100),0.0
MUT_PCDH17 (27253),0.0
MUT_FAM149A (25854),0.0
MUT_MYOM3 (127294),0.0
MUT_MTFR1L (56181),0.0
MUT_ZSCAN20 (7579),0.0
MUT_MAP2K7 (5609),0.0
MUT_EPHA10 (284656),0.0
MUT_MAST4 (375449),0.0
MUT_CEACAM19 (56971),0.0
MUT_CLASRP (11129),0.0
MUT_FUZ (80199),0.0
MUT_ZNF813 (126017),0.0
MUT_CFAP141 (388701),0.0
MUT_KLF2 (10365),0.0
MUT_EPS15L1 (58513),0.0
MUT_IQGAP2 (10788),0.0
MUT_ARSB (411),0.0
MUT_FAM151B (167555),0.0
MUT_EFNA5 (1946),0.0
MUT_APC (324),0.0
MUT_KCNN2 (3781),0.0
MUT_LOX (4015),0.0
MUT_LINC02900 (340073),0.0
MUT_CCDST (112268240),0.0
MUT_PODNL1 (79883),0.0
MUT_LRRC37A16P (651250),0.0
MUT_MAP2K6 (5608),0.0
MUT_MTFR1 (9650),0.0
MUT_DDX3X (1654),0.0
MUT_SHROOM4 (57477),0.0
MUT_AMER1 (139285),0.0
MUT_XPO7 (23039),0.0
MUT_TEX15 (56154),0.0
MUT_CEBPD (1052),0.0
MUT_OR2K2 (26248),0.0
MUT_PTPRS (5802),0.0
MUT_SARDH (1757),0.0
MUT_GLT6D1 (360203),0.0
MUT_CCDC187 (399693),0.0
MUT_GPSM1 (26086),0.0
MUT_SEC16A (9919),0.0
MUT_ASB11 (140456),0.0
MUT_NHS (4810),0.0
MUT_ACOT9 (23597),0.0
MUT_ARHGEF6 (9459),0.0
MUT_ELMO3 (79767),0.0
MUT_DUS2 (54920),0.0
MUT_UGCG (7357),0.0
MUT_FANCG (2189),0.0
MUT_TMEM130 (222865),0.0
MUT_MYL10 (93408),0.0
MUT_LRWD1 (222229),0.0
MUT_KMT2E (55904),0.0
MUT_CFTR (1080),0.0
MUT_CADPS2 (93664),0.0
MUT_KCP (375616),0.0
MUT_STRIP2 (57464),0.0
MUT_ZC3HC1 (51530),0.0
MUT_GNA13 (10672),0.0
MUT_KMT2C (58508),0.0
MUT_FBXO25 (26260),0.0
MUT_SLC28A3 (64078),0.0
MUT_VPS13A (23230),0.0
MUT_WNK4 (65266),0.0
MUT_DBF4B (80174),0.0
MUT_TTLL6 (284076),0.0
MUT_SPOP (8405),0.0
MUT_RNF43 (54894),0.0
MUT_HEATR6 (63897),0.0
MUT_FTSJ3 (117246),0.0
MUT_MEST (4232),0.0
MUT_GRIA3 (2892),0.0
MUT_AHR (196),0.0
MUT_TNFAIP1 (7126),0.0
MUT_CCL2 (6347),0.0
MUT_ACSM3 (6296),0.0
MUT_KATNIP (23247),0.0
MUT_SUMO2 (6613),0.0
MUT_HNRNPA2B1 (3181),0.0
MUT_GRB10 (2887),0.0
MUT_GTF2I (2969),0.0
MUT_ZNF469 (84627),0.0
MUT_FBN3 (84467),0.0
MUT_RAB3D (9545),0.0
MUT_KCNG2 (26251),0.0
MUT_TLE5 (166),0.0
MUT_PIAS4 (51588),0.0
MUT_PLIN5 (440503),0.0
MUT_RASA3 (22821),0.0
MUT_LONP1 (9361),0.0
MUT_SREBF1 (6720),0.0
MUT_PNPLA6 (10908),0.0
MUT_EVI5L (115704),0.0
MUT_PCDHB1 (29930),0.0
MUT_LINC02138 (400558),0.0
MUT_FANCA (2175),0.0
MUT_USP6 (9098),0.0
MUT_CTDNEP1 (23399),0.0
MUT_TP53 (7157),0.0
MUT_MYH1 (4619),0.0
MUT_DNAH9 (1770),0.0
MUT_MAP2K4 (6416),0.0
MUT_SLITRK4 (139065),0.0
MUT_MCF2L2P1 (127525790),0.0
MUT_FAM133A (286499),0.0
MUT_TP73 (7161),0.0
MUT_CHD5 (26038),0.0
MUT_EPHA2 (1969),0.0
MUT_BICRAL (23506),0.0
MUT_PTK7 (5754),0.0
MUT_COL21A1 (81578),0.0
MUT_DDO (8528),0.0
MUT_GPRC6A (222545),0.0
MUT_IL22RA2 (116379),0.0
MUT_HIVEP2 (3097),0.0
MUT_UTRN (7402),0.0
MUT_PRKCZ (5590),0.0
MUT_MST1 (4485),0.0
MUT_MST1R (4486),0.0
MUT_IQCF5 (389124),0.0
MUT_MUC19 (283463),0.0
MUT_OR5BS1P (390313),0.0
MUT_IGKV1OR22-1 (3530),0.0
MUT_BID (637),0.0
MUT_ZNRF3 (84133),0.0
MUT_C22orf31 (25770),0.0
MUT_CASTOR1 (652968),0.0
MUT_ELAPOR2 (222223),0.0
MUT_FBXO7 (25793),0.0
MUT_PARVB (29780),0.0
MUT_TTLL8 (164714),0.0
MUT_SLC15A5 (729025),0.0
MUT_B3GNT6 (192134),0.0
MUT_DLG2 (1740),0.0
MUT_MRE11 (4361),0.0
MUT_ANGPTL5 (253935),0.0
MUT_OVCH1 (341350),0.0
MUT_RESF1 (55196),0.0
MUT_OSBP2 (23762),0.0
MUT_CFAP36 (112942),0.0
MUT_SPCS1 (28972),0.0
MUT_SELENOK (58515),0.0
MUT_LINC00877 (285286),0.0
MUT_GBE1 (2632),0.0
MUT_EPHA3 (2042),0.0
MUT_NNMT (4837),0.0
MUT_SIAE (54414),0.0
MUT_OR4A8 (81315),0.0
MUT_OR8J2 (81169),0.0
MUT_SCN10A (6336),0.0
MUT_SAXO4 (220004),0.0
MUT_VPS51 (738),0.0
MUT_LINC02042 (101929694),0.0
MUT_SIDT1 (54847),0.0
MUT_SLC2A10 (81031),0.0
MUT_TAF4 (6874),0.0
MUT_OPRL1 (4987),0.0
MUT_DONSON (29980),0.0
MUT_TGFBR2 (7048),0.0
MUT_NBPF21P (205655),0.0
MUT_TRANK1 (9881),0.0
MUT_CTNND1 (1500),0.0
MUT_ZMYM2 (7750),0.0
MUT_CCDC146 (57639),0.0
MUT_MTUS2 (23281),0.0
MUT_BRCA2 (675),0.0
MUT_WBP4 (11193),0.0
MUT_CCDC150 (284992),0.0
MUT_ZACN (353174),0.0
MUT_PIEZO2 (63895),0.0
MUT_MAGI2 (9863),0.0
MUT_JPH1 (56704),0.0
MUT_HTR2B (3357),0.0
MUT_UBR5 (51366),0.0
MUT_NDRG1 (10397),0.0
MUT_DENND3 (22898),0.0
MUT_FREM1 (158326),0.0
MUT_CCDC171 (203238),0.0
MUT_TLN1 (7094),0.0
MUT_TRMT9B (57604),0.0
MUT_CDKN2A (1029),0.0
MUT_STAT3 (6774),0.0
MUT_GJB2 (2706),0.0
MUT_XIST (7503),0.0
MUT_GRHL2 (79977),0.0
MUT_PGAP1 (80055),0.0
MUT_OR6C75 (390323),0.0
MUT_STAT2 (6773),0.0
MUT_STAB2 (55576),0.0
MUT_TRPV4 (59341),0.0
MUT_KSR2 (283455),0.0
MUT_CIT (11113),0.0
MUT_TRIAP1 (51499),0.0
MUT_NCOR2 (9612),0.0
MUT_NCOA6 (23054),0.0
MUT_ABCC9 (10060),0.0
MUT_SOX12 (6666),0.0
MUT_ESF1 (51575),0.0
MUT_CST11 (140880),0.0
MUT_DEFB124 (245937),0.0
MUT_CBFA2T2 (9139),0.0
MUT_JAM3 (83700),0.0
MUT_PRMT8 (56341),0.0
MUT_ATN1 (1822),0.0
MUT_PRB1 (5542),0.0
MUT_MYH7B (57644),0.0
MUT_EPPIN (57119),0.0
MUT_BOK (666),0.0
MUT_SMPD4 (55627),0.0
MUT_ZNF628 (89887),0.0
MUT_NLRP9 (338321),0.0
MUT_ZFP28 (140612),0.0
MUT_ZNF773 (374928),0.0
MUT_ZNF132 (7691),0.0
MUT_TPO (7173),0.0
MUT_FAM228B (375190),0.0
MUT_PLB1 (151056),0.0
MUT_ZNF536 (9745),0.0
MUT_ANKAR (150709),0.0
MUT_CAMK2N2 (94032),0.0
MUT_FAM193A (8603),0.0
MUT_EVC2 (132884),0.0
MUT_UNC93B7 (100887746),0.0
MUT_TAPT1 (202018),0.0
MUT_ARL9 (132946),0.0
MUT_ADAMTS3 (9508),0.0
MUT_COQ2 (27235),0.0
MUT_ARHGAP24 (83478),0.0
MUT_HERC3 (8916),0.0
MUT_SLITRK3 (22865),0.0
MUT_TRDV1 (28518),0.0
MUT_TTC6 (319089),0.0
MUT_HIF1A (3091),0.0
MUT_SIPA1L1 (26037),0.0
MUT_NRXN3 (9369),0.0
MUT_FASTKD3 (79072),0.0
MUT_ZNF622 (90441),0.0
MUT_SUB1 (10923),0.0
MUT_RPF1 (80135),0.0
MUT_LRRC8B (23507),0.0
MUT_LINC00642 (400238),0.0
MUT_GSTM5 (2949),0.0
MUT_LRIF1 (55791),0.0
MUT_MAGI3 (260425),0.0
MUT_OBSCN (84033),0.0
MUT_PCNX2 (80003),0.0
MUT_ERO1B (56605),0.0
MUT_SDCCAG8 (10806),0.0
MUT_NLRP3 (114548),0.0
MUT_PCDH15 (65217),0.0
MUT_ZDHHC11 (79844),0.0
MUT_TRIM59 (286827),0.0
MUT_PALMD (54873),0.0
MUT_HSPE1 (3336),0.0
MUT_EP400 (57634),0.0
MUT_P2RX2 (22953),0.0
MUT_ZNF26 (7574),0.0
MUT_KNL1 (57082),0.0
MUT_EML5 (161436),0.0
MUT_CRYBG3 (131544),0.0
MUT_GRID1 (2894),0.0
MUT_LIPN (643418),0.0
MUT_CHUK (1147),0.0
MUT_LEF1 (51176),0.0
MUT_GBF1 (8729),0.0
MUT_PBRM1 (55193),0.0
MUT_RAPH1 (65059),0.0
MUT_COL4A4 (1286),0.0
MUT_LRP1B (53353),0.0
MUT_KIF5C (3800),0.0
MUT_NEB (4703),0.0
MUT_LRP2 (4036),0.0
MUT_TTN (7273),0.0
MUT_ITGA4 (3676),0.0
MUT_COL5A2 (1290),0.0
MUT_KCNIP2 (30819),0.0
MUT_BLTP1 (84162),0.0
MUT_AXDND1 (126859),0.0
MUT_RGSL1 (353299),0.0
MUT_PPFIA4 (8497),0.0
MUT_ATP2B4 (493),0.0
MUT_CR1 (1378),0.0
MUT_ITPKB (3707),0.0
MUT_PRSS38 (339501),0.0
MUT_JAKMIP3 (282973),0.0
MUT_OR52I1 (390037),0.0
MUT_MYO7B (4648),0.0
MUT_TUB (7275),0.0
MUT_C11orf16 (56673),0.0
MUT_NAV2 (89797),0.0
MUT_ANO3 (63982),0.0
MUT_ATG13 (9776),0.0
MUT_F2 (2147),0.0
MUT_PC (5091),0.0
MUT_EFEMP1 (2202),0.0
MUT_VRK2 (7444),0.0
MUT_NAT8B (51471),0.0
MUT_ANKRD36C (400986),0.0
MUT_NCAM1 (4684),0.0
